19885bd2-6397-405f-90af-aed42a0640d9,Linda Burgess,43409280,82,10,820,2024-06-03 09:04:03.998182,pending,27257,NC,JCB 15 digit
26467fe6-b9a4-45e6-ba95-2315e88d8426,Dustin Morales,16443280,33,8,264,2024-03-21 21:49:52.356392,shipped,27888,NC,VISA 16 digit
024cbe83-ab7d-4e3b-8867-ba8d55b0728d,Maria Escobar,39478894,61,8,488,2024-04-20 00:18:34.523468,delivered,27237,NC,VISA 16 digit
3a92a656-9199-4f68-a2ee-98fa8a1241cc,Jake Palmer,71580661,65,2,130,2024-01-19 03:53:53.140432,delivered,27200,NC,VISA 13 digit
cadabe6d-8d72-43b8-b8a9-ff4b433330d6,Brooke Alexander,45454479,15,5,75,2024-02-25 14:47:09.158897,shipped,27612,NC,VISA 19 digit
ea65ba5d-b838-403f-869f-6bb8f5039944,Roberto Mitchell,59156048,22,3,66,2024-06-09 07:06:24.601838,delivered,28137,NC,VISA 13 digit
53ee77fb-e01e-4479-ab94-279787902bb5,Karen Nelson,89351796,37,5,185,2024-03-19 15:22:07.567585,shipped,27669,NC,JCB 16 digit
e32d9b3e-b6a2-44f9-b8e4-078786179149,Jacqueline Sandoval,43008452,32,7,224,2024-05-22 23:58:22.733637,shipped,27290,NC,JCB 16 digit
ddd9f9c2-cd79-496e-922b-26ba74d47fbe,Kenneth Nichols,26177786,4,8,32,2024-02-01 10:58:42.631463,delivered,28646,NC,VISA 13 digit
de1043d7-2eff-4bb5-9074-7b4328005c2e,George Smith,31961219,23,6,138,2024-02-29 20:12:18.632779,pending,28807,NC,VISA 13 digit
05f0a14e-5c49-4ce9-b043-390b00a54cf1,Rebecca Mills,68097943,22,2,44,2024-08-10 01:40:12.915054,pending,28592,NC,VISA 16 digit
a373662b-e8fe-46b4-915f-cc97246a0ab3,Nancy Ellis,16567214,30,3,90,2024-03-13 07:51:54.901957,shipped,28310,NC,VISA 16 digit
55515b1c-fcd4-4be3-8566-30f632fbdbb0,Charles Ward,39867230,12,9,108,2024-04-04 14:25:28.250969,pending,28744,NC,Discover
392555e4-0a88-4493-8dca-adf94966be22,Gerald Scott,14958038,65,8,520,2024-09-02 03:54:37.148085,shipped,27989,NC,Diners Club / Carte Blanche
86e93825-b840-488b-8408-d256d021c644,Katrina Johnson,62276696,54,6,324,2024-05-07 07:49:06.485331,shipped,28282,NC,Mastercard
ec778689-2f6c-4bbd-8742-6e5ad4ad0b07,Sonya Forbes,68613556,82,8,656,2024-02-05 06:22:27.949814,shipped,27716,NC,American Express
a7ec950c-1fd3-499f-9e7b-29c328d156f4,Aaron Gordon,82630683,65,1,65,2024-06-23 05:31:50.484530,shipped,28119,NC,Maestro
ecd61282-9b51-4174-af01-28ba6e190e92,Meagan Webb,22963901,6,6,36,2024-03-06 16:36:04.160304,shipped,27298,NC,Mastercard
4bb401de-c432-46bc-8ba8-59d9ea9cdc4c,Vincent Walker,38454936,82,7,574,2024-07-20 00:11:11.178229,delivered,28849,NC,VISA 16 digit
780709dd-083b-4acf-ab26-ef5ac6cbb690,Michael Welch,38735677,25,10,250,2024-03-29 12:01:33.148998,delivered,27035,NC,VISA 16 digit
81a328df-34bf-4403-83cc-ec6dcd9af089,Jesse Pineda,62489164,52,6,312,2024-08-27 14:58:47.856256,pending,27617,NC,Diners Club / Carte Blanche
2e160e26-d6fd-428f-88e5-e40d5e00c870,Ricardo Shepherd,02381695,43,7,301,2024-01-18 07:02:31.704105,shipped,28631,NC,VISA 16 digit
ef63db59-7c9a-4177-aa0f-9d517a34c208,Gerald Scott,71977041,71,7,497,2024-06-09 18:41:21.426621,shipped,27989,NC,Diners Club / Carte Blanche
c7e729e8-44d6-49ed-bb29-cde96c8e3e19,Nichole Vang,57683386,10,9,90,2024-01-29 16:45:20.327450,pending,27318,NC,JCB 16 digit
0576bff9-e3e0-4fd3-9b27-9afe14e03a16,Destiny Stafford,52805509,57,1,57,2024-09-05 23:49:26.275670,delivered,28235,NC,VISA 13 digit
b7519c6b-aa02-4c49-8d42-d515c5cd0d9a,Christopher Bowen,18078312,30,3,90,2024-02-01 22:40:08.931702,pending,28762,NC,JCB 16 digit
ddeefdae-ed6c-4b04-bc1a-59daa8f38525,Linda Burgess,70512649,37,4,148,2024-04-10 04:47:00.012803,shipped,27257,NC,JCB 15 digit
40e17f77-feb3-4272-9086-48d813deb289,John Prince,46623232,21,8,168,2024-08-13 06:18:34.153436,pending,27977,NC,VISA 13 digit
cb868bd8-6468-4c3d-8eaa-46cbcdddc838,Ashley Wilson,04593560,29,3,87,2024-04-11 18:10:04.218531,delivered,28181,NC,VISA 16 digit
e710cd29-f201-4b27-808a-86acfd72c41e,Dominic Pearson,31961219,23,4,92,2024-08-11 03:30:27.223489,delivered,27202,NC,VISA 16 digit
06c8fe66-a3b6-490c-9da6-640cc702fd8d,Katrina Johnson,16446342,16,6,96,2024-07-28 13:17:03.903055,shipped,28282,NC,Mastercard
bde63078-6dda-42c3-8f24-db9b2eb83c7f,Valerie Stewart,96094815,60,8,480,2024-08-09 10:56:02.053915,delivered,28881,NC,JCB 16 digit
e224f863-c375-4103-a9bf-c2df34e00380,Nancy Ellis,27523414,52,10,520,2024-02-28 15:49:57.204960,delivered,28310,NC,VISA 16 digit
67390339-09b0-4ce2-bbc2-467d70c084ae,Alexander Perry,74981168,60,5,300,2024-05-28 04:03:15.550437,shipped,28265,NC,VISA 16 digit
82ca534b-681c-4428-b1ea-bb45af30a4ce,Susan Roberts,46201379,54,6,324,2024-08-04 11:57:08.167202,pending,27798,NC,VISA 16 digit
4deadb59-3bdc-49c1-88f0-df4c73223491,Emily Schultz,43428038,79,3,237,2024-03-25 18:40:31.658106,pending,27325,NC,VISA 16 digit
bcfadc1d-75d2-48a3-b94d-cc7c6ab03655,Timothy Moore,20460075,90,10,900,2024-02-11 04:59:33.229324,pending,28544,NC,VISA 19 digit
74dfdee9-e56f-491e-939d-9b236a133b38,Brittany Walters,30211889,59,6,354,2024-01-07 09:42:24.989171,pending,28413,NC,JCB 16 digit
91b0604f-42b9-4e9a-8412-0aafe379ffe6,Jacqueline Sandoval,17503594,48,4,192,2024-07-18 23:02:21.628857,shipped,27290,NC,JCB 16 digit
0d71cf39-52e6-45d6-971c-e7f7053ae544,Nancy Ellis,27653852,16,9,144,2024-06-08 19:36:11.158806,pending,28310,NC,VISA 16 digit
b5636d83-e714-415e-b59a-3d3b7cecd08d,Cody Miles,37038250,65,3,195,2024-04-03 23:48:18.911484,delivered,28414,NC,JCB 15 digit
fa4c467d-9b2a-4362-abed-c45b722cee7c,Teresa Cummings,81138647,11,2,22,2024-09-02 10:56:25.318230,pending,28743,NC,VISA 16 digit
df9e684f-7c07-48de-8763-448f20c405fe,Jaime Logan,18078312,30,6,180,2024-06-12 21:33:47.238616,pending,28390,NC,Discover
25c79aa5-34a3-43e0-a050-ac5c6db0e146,Kara Peterson,37016272,14,7,98,2024-09-04 15:46:49.804444,delivered,28897,NC,Maestro
81c20dbc-ff55-4550-807b-ac2b70d5dd33,Matthew Maxwell,22657527,32,1,32,2024-04-13 00:43:02.445387,delivered,27416,NC,VISA 19 digit
a1710bdc-6294-4489-91ee-685d306f7dcc,Dominic Pearson,02287669,75,4,300,2024-07-01 05:26:37.730429,shipped,27202,NC,VISA 16 digit
2c4ffb37-7098-49c4-b208-f56aa8f27b31,Tyler Hall,13762469,46,8,368,2024-07-04 19:12:16.110572,shipped,28248,NC,VISA 19 digit
e6aa2b97-d855-4099-b87a-b92f10e65bae,Gerald Scott,61892651,83,9,747,2024-02-28 14:25:04.169199,shipped,27989,NC,Diners Club / Carte Blanche
8d59d6c5-245b-44c5-b2cc-b521925a3a9a,Cory Allen,40120263,33,6,198,2024-05-28 05:42:47.073392,shipped,27125,NC,JCB 16 digit
0536e480-09e8-459b-b606-2a7996a78357,Jeremy Clark,68433376,19,7,133,2024-01-25 19:51:42.286891,delivered,27141,NC,VISA 16 digit
bab0509a-fff3-4ee3-ac19-8ab2d72ed304,Daisy Palmer,04577096,37,1,37,2024-02-16 20:05:05.055235,delivered,28478,NC,Diners Club / Carte Blanche
ad01d3f3-0cb7-4303-9334-c8f353eadb78,Vanessa Harris,12835126,26,4,104,2024-05-09 16:19:48.756845,delivered,28006,NC,VISA 16 digit
ca76a406-efda-4235-88e5-16e647f9f30c,Charles Ward,39930453,33,9,297,2024-05-03 07:35:57.338618,shipped,28744,NC,Discover
73a747db-84d3-430d-ace1-73506a8ad81b,Courtney Gross,71076454,6,6,36,2024-08-13 22:02:23.948490,delivered,28755,NC,Maestro
3099666e-7f1b-4fd4-82af-c632f8493396,Charles Montoya,48003827,34,3,102,2024-01-04 07:00:56.994344,shipped,28586,NC,JCB 16 digit
e7c3590e-c6d7-4d57-9d93-37c7625634cd,Dylan Marsh,00476058,83,8,664,2024-04-10 17:22:47.834314,delivered,28140,NC,VISA 19 digit
9072e1e4-6f31-428c-8090-bb72d2e1ba31,Valerie Wood,17503594,48,10,480,2024-08-07 00:55:10.649167,delivered,27919,NC,VISA 19 digit
2e430cfb-1913-466d-9a77-88e9b1388614,Karen Nelson,67213733,37,8,296,2024-01-30 14:37:22.247149,shipped,27669,NC,JCB 16 digit
a3d90131-0606-4026-8fc9-27031c878bf4,Jeremy Clark,85353657,33,8,264,2024-02-20 02:33:53.197998,pending,27141,NC,VISA 16 digit
134947dc-bd39-4309-8bdd-2868f5d83c2e,Nina Stephens,04703549,58,9,522,2024-08-30 12:58:17.565764,delivered,27072,NC,VISA 19 digit
7a97107e-c433-4f8e-b10c-c57126d90ff1,Aaron Gordon,05903856,78,6,468,2024-07-05 12:36:20.491321,delivered,28119,NC,Maestro
7b023d42-85af-417f-803a-9630a59fcc5e,Andrea Jones,84981592,54,10,540,2024-04-24 04:41:18.557753,shipped,27359,NC,VISA 16 digit
242170ac-3535-4eeb-8764-d0fd27947fae,Rachel Blankenship MD,04373315,80,3,240,2024-04-01 00:22:24.490478,shipped,28127,NC,Diners Club / Carte Blanche
7bd0415b-1d6a-4a98-a6a2-5954e43dd3b2,Sonya Forbes,39042675,63,6,378,2024-03-02 10:21:23.628250,pending,27716,NC,American Express
a07dc8b4-bdfe-44f2-b345-1c2b6cf35f3a,Nancy Cooper,82270858,49,5,245,2024-07-26 09:04:53.922514,delivered,28051,NC,VISA 16 digit
8e30a6eb-a27b-492d-a59d-5e7a213c2d91,Ricardo Shepherd,75055035,87,7,609,2024-01-04 07:39:13.565718,shipped,28631,NC,VISA 16 digit
57b28936-0ca3-4f4b-acd5-9c1ff91bd331,Lisa Reeves,71710990,71,9,639,2024-06-27 17:40:48.590488,shipped,28668,NC,JCB 16 digit
b32b7405-3845-4555-99ad-dd2402f80be1,Stephanie Sanders,41094822,57,9,513,2024-09-02 19:06:21.088662,shipped,28471,NC,JCB 16 digit
d59eeac0-5b85-4afe-9874-5da3d8af19e8,Marcia Salas,27523414,52,1,52,2024-07-10 11:42:37.863509,pending,27590,NC,VISA 19 digit
e5e1570f-ce59-4d05-a6fb-5c20ccb16552,Susan Roberts,50034284,94,1,94,2024-06-15 08:28:29.408342,shipped,27798,NC,VISA 16 digit
b7c6d1ad-ea7c-4be0-a8db-a811377f7659,Alexander Perry,40283647,25,6,150,2024-05-05 01:40:12.666232,delivered,28265,NC,VISA 16 digit
5a3f21fc-3ca3-4abe-8097-2056337efe9a,Christopher Bowen,98352470,97,2,194,2024-02-18 01:58:09.373228,delivered,28762,NC,JCB 16 digit
cbd3ef1b-4ddd-4385-a630-260d9aee7ec9,John Prince,28582687,6,1,6,2024-04-18 10:24:12.128909,shipped,27977,NC,VISA 13 digit
64b33b5f-6af1-43a9-94dc-ecb0eda926fe,Tony Jenkins,13159122,73,8,584,2024-08-13 04:21:33.839419,pending,27753,NC,VISA 13 digit
d492e0d5-a71a-4209-8510-830012e46f98,Spencer Patterson,22963901,6,9,54,2024-03-27 00:22:13.439582,shipped,27098,NC,VISA 16 digit
7e3cd68c-6ea8-451a-8c83-fee57ac9658e,Gerald Scott,10886991,4,2,8,2024-02-21 09:56:06.171725,shipped,27989,NC,Diners Club / Carte Blanche
bdfb899b-5080-479b-a8c6-b867709725c7,Phillip Carson,65767740,62,2,124,2024-02-22 20:12:42.711711,pending,27860,NC,VISA 13 digit
2755d6d1-1839-4601-b108-dda7509c6777,Samuel Brown,57877402,87,1,87,2024-02-05 15:02:41.522409,delivered,28038,NC,JCB 16 digit
00abcf39-3885-4ad4-94a8-7d8d64ecd065,Mr. Vincent Gould,73132257,58,4,232,2024-06-25 09:30:29.141173,delivered,27441,NC,American Express
c487a9b3-d5cb-458a-9281-a6c554ae7eec,Donald Michael,21411557,37,5,185,2024-06-12 05:47:17.319298,delivered,27721,NC,JCB 15 digit
552c5fad-e2eb-4f95-b09e-45c78c974591,Ashley Wilson,24904193,28,1,28,2024-04-03 14:14:18.354686,shipped,28181,NC,VISA 16 digit
4ba378a4-2490-443a-942e-868fcce7fdc1,George Smith,02287669,75,5,375,2024-04-25 08:15:49.086706,pending,28807,NC,VISA 13 digit
4bb13464-a0d2-465e-94c3-401c1b32e4c3,Hector Kelley,74350261,25,9,225,2024-09-04 12:32:54.763467,delivered,27206,NC,Mastercard
6d2b4618-d7bf-4f37-9aa3-7585eab3c0d1,Meagan Webb,74655717,80,2,160,2024-05-25 14:04:16.760850,delivered,27298,NC,Mastercard
1dc3a91c-4ab1-4e06-b1df-87d130c2342f,Jaime Logan,45208539,63,9,567,2024-02-10 13:47:20.902924,pending,28390,NC,Discover
10564cec-aae3-4c4d-a88f-1620b5ad3d6b,David Johnston,72853054,83,8,664,2024-01-17 11:27:49.545988,delivered,28123,NC,JCB 16 digit
b1e3fbae-a395-435a-97b6-0a590f7badd2,Roberto Mitchell,14856815,48,5,240,2024-04-24 21:08:26.410464,pending,28137,NC,VISA 13 digit
acf1b8ff-6f4e-4784-9b60-de53c114366e,Misty Jones,60301352,54,8,432,2024-05-26 00:13:06.805126,shipped,27777,NC,VISA 16 digit
7e9479bc-a76f-4f8b-9bc7-8d7de4e7fd08,Linda Burgess,11609391,76,7,532,2024-06-21 02:00:14.109858,pending,27257,NC,JCB 15 digit
d92b0ed8-88ff-4068-a9fd-bfb871301d43,Samuel Brown,99937300,13,2,26,2024-01-29 03:16:28.639339,delivered,28038,NC,JCB 16 digit
35330147-9b56-4596-afbe-08103b52d634,Tiffany Barnes,76571466,16,9,144,2024-03-06 04:54:13.464202,delivered,28435,NC,VISA 13 digit
74829f72-afca-4944-ba9e-d234e120bcc4,Tyler Hall,07838804,97,9,873,2024-04-12 17:45:45.291334,shipped,28248,NC,VISA 19 digit
3c13f607-a837-43b6-be91-8e228430a5ef,John Prince,83040504,72,6,432,2024-08-17 14:42:35.363330,delivered,27977,NC,VISA 13 digit
217ae3f0-dac7-4d2c-83be-db89de54e7e6,Karen Nelson,85153592,23,1,23,2024-08-30 11:15:21.717157,shipped,27669,NC,JCB 16 digit
e990f294-b408-4bcc-8de6-3568af80036d,Alexander Perry,46131904,40,4,160,2024-08-05 09:15:05.417369,delivered,28265,NC,VISA 16 digit
cc1a7f47-4d66-4bf8-8e4a-19de55b1823b,Timothy Johnson,07164019,63,4,252,2024-06-23 19:06:55.308318,delivered,27069,NC,Diners Club / Carte Blanche
c7932f50-f0ce-43d6-86e8-eac24f8abada,Frank Bell,76422768,1,10,10,2024-03-19 09:24:18.279641,pending,27180,NC,JCB 15 digit
d0b2e1c3-d9fc-4adc-9628-ae870f20f92d,Eddie Potts,06606350,53,5,265,2024-01-22 02:45:01.690549,shipped,28238,NC,VISA 16 digit
7cff8e46-1597-4870-9c3b-e3c926a33142,Valerie Wood,43409280,82,5,410,2024-07-19 14:19:05.101326,pending,27919,NC,VISA 19 digit
75f429d1-099a-4109-b2dc-496e22ad7706,Marcus Long,27523414,52,7,364,2024-08-24 10:55:11.465348,delivered,28621,NC,JCB 16 digit
950d5b7c-e458-4835-ab83-cb74ce8f3556,Gerald Scott,78177321,20,10,200,2024-07-23 12:10:23.043721,pending,27989,NC,Diners Club / Carte Blanche
2a97d4ef-9acc-495d-ba5d-979d332a08ab,Emily Schultz,11549819,86,10,860,2024-06-12 08:39:20.467058,shipped,27325,NC,VISA 16 digit
70c9631b-e9ec-4c5e-8113-dc95bed56bd7,Phillip Holmes,48129633,39,1,39,2024-02-10 11:13:09.505821,shipped,27073,NC,VISA 16 digit
30931c3b-2af2-44ed-9724-599bab7ab67c,Matthew Hernandez,72492697,86,1,86,2024-08-17 04:13:36.292947,pending,27115,NC,JCB 16 digit
98f484ec-f53d-403a-a8f9-3ea32c18e847,Kristen Villanueva,98649273,32,6,192,2024-05-08 03:16:51.094069,pending,27159,NC,VISA 16 digit
2a7f8259-d9f8-4f60-bb64-703685607500,Randy Freeman,84717207,38,6,228,2024-08-19 05:23:15.421994,pending,28174,NC,VISA 16 digit
39e0754a-2a8c-40fd-b878-f6e04d659430,Dakota Lang,31053280,22,6,132,2024-07-28 17:28:55.016516,delivered,27100,NC,Diners Club / Carte Blanche
58658a1e-46be-44dd-90a2-ead834e88c9d,Phillip Carson,01869279,87,10,870,2024-06-29 21:40:00.477888,pending,27860,NC,VISA 13 digit
d4fd62cc-f190-4461-bc1e-705407da8eb5,Samuel Brown,33006932,55,4,220,2024-03-17 09:59:53.011989,pending,28038,NC,JCB 16 digit
fbe49b2d-8b68-4f07-9c22-088db0206c49,Kara Peterson,99315894,15,8,120,2024-06-01 19:45:02.129037,delivered,28897,NC,Maestro
501438e8-423e-498d-a5a3-2987603b38e1,Rodney Mclaughlin,64666624,92,9,828,2024-01-08 00:18:55.117172,delivered,27447,NC,VISA 13 digit
9ccb2e81-b235-4907-8fcd-c1f28065425d,Lisa Reeves,38198151,46,4,184,2024-04-17 16:55:54.500133,shipped,28668,NC,JCB 16 digit
89d43f91-313d-4a22-a81b-45e8bc21d021,David Johnston,15909879,28,9,252,2024-04-06 00:45:53.938992,pending,28123,NC,JCB 16 digit
87146fd5-6eb8-4a4c-8c35-1695d6cda1d1,Michael Perkins,45134432,99,10,990,2024-01-12 07:52:06.835983,pending,27040,NC,Discover
061033b8-3f16-44c2-af0c-dd60fc86c6ed,Eddie Potts,37038250,65,7,455,2024-07-18 15:14:52.234100,shipped,28238,NC,VISA 16 digit
b3a62a1d-d1dc-4439-be55-33fc93d00e2a,Charles Montoya,58264171,25,8,200,2024-03-26 15:24:38.539229,pending,28586,NC,JCB 16 digit
f304828f-2a1a-461a-996d-15e2006e3165,Christopher Bowen,56130959,27,10,270,2024-02-21 06:45:29.353146,delivered,28762,NC,JCB 16 digit
93e4f432-106d-474f-80d0-68cea615ce92,Dustin Morales,18078619,70,4,280,2024-02-25 23:03:35.918075,shipped,27888,NC,VISA 16 digit
798fa392-7365-40cf-960a-5d559e040097,Dale Murray,97212294,99,3,297,2024-06-25 11:44:22.990520,shipped,27405,NC,Discover
7a1a9dd6-6b2a-40af-a2e3-96fa29a119b3,Susan Roberts,62566704,85,8,680,2024-04-06 01:59:34.090489,delivered,27798,NC,VISA 16 digit
f19b9d92-69b8-453c-832d-32c88ea0db29,Charles Ward,90812620,78,10,780,2024-07-24 11:31:04.537192,delivered,28744,NC,Discover
ca24d8a4-537f-4282-9204-fc58186f0e64,Donna Hernandez,36975310,29,2,58,2024-01-20 02:41:32.271375,delivered,27720,NC,American Express
0fd5dc5b-596a-472b-9863-b3ac34c64601,Matthew Santiago,07505393,84,1,84,2024-02-06 22:31:27.030767,delivered,27838,NC,JCB 16 digit
8af4862f-cd93-4236-b685-13ab9f642c47,Ashley Wilson,24746403,31,10,310,2024-05-14 06:40:19.969054,shipped,28181,NC,VISA 16 digit
76b28421-7b84-43be-a915-032de5a1d13d,Phillip Carson,35124047,77,9,693,2024-05-14 07:59:53.264152,delivered,27860,NC,VISA 13 digit
45874785-46f6-4556-9455-1394db6755bf,Linda Burgess,19947983,50,2,100,2024-08-31 13:00:17.520846,delivered,27257,NC,JCB 15 digit
3638afd3-9d29-4590-b115-5686396c8fd7,Gerald Scott,29609239,59,7,413,2024-01-31 21:50:02.441691,shipped,27989,NC,Diners Club / Carte Blanche
3c227771-06ec-4357-9f45-323b0a8d7978,Phillip Holmes,61103443,27,7,189,2024-07-11 13:42:23.733958,pending,27073,NC,VISA 16 digit
0081eeb7-e1ba-41e4-a0cd-ddbd0c34573b,Hector Kelley,66097181,68,2,136,2024-03-10 16:46:50.625049,shipped,27206,NC,Mastercard
43db2e15-09bd-4957-b2c6-a737994bd955,Nancy Ellis,90812620,78,6,468,2024-07-03 09:30:52.862602,delivered,28310,NC,VISA 16 digit
32b44b1a-fd6f-49a5-aa79-35cec4238889,Cody Perez,23199484,38,6,228,2024-05-11 10:39:09.621624,pending,28884,NC,VISA 13 digit
4e12ebad-101b-49b1-8936-ac24d669b6a3,Rachel Blankenship MD,99788155,2,8,16,2024-07-20 21:09:09.006179,delivered,28127,NC,Diners Club / Carte Blanche
9c339905-b4df-40cb-bdfd-0ba0dc93cdec,Kara Peterson,88588179,48,6,288,2024-06-16 14:58:21.948212,shipped,28897,NC,Maestro
c02b853a-0aa0-4508-a28d-06e6adb74a36,Rebecca Mills,71977041,71,6,426,2024-05-31 15:37:28.364516,delivered,28592,NC,VISA 16 digit
8676830b-8062-47f9-b893-9b43996e2939,Daisy Palmer,12859658,24,5,120,2024-04-14 11:02:26.129546,shipped,28478,NC,Diners Club / Carte Blanche
72a1a0b6-8292-43f7-a1e2-42eda9aa4464,Tony Jenkins,19644202,34,2,68,2024-04-29 18:34:08.346907,shipped,27753,NC,VISA 13 digit
5d6d2841-47be-4a68-8ba1-da5c4c78a412,Lisa Reeves,65931882,13,10,130,2024-08-04 10:15:20.443682,shipped,28668,NC,JCB 16 digit
2b4fc72d-2e7d-4ad0-a33f-05af2bc2e185,Nancy Ellis,27385432,91,2,182,2024-03-23 07:44:50.147042,pending,28310,NC,VISA 16 digit
f286543b-ba5c-49f2-9e53-a6d009a96e35,Hector Kelley,64573724,20,1,20,2024-04-26 18:43:57.120923,shipped,27206,NC,Mastercard
41d1b641-f0b7-464a-adb1-707534b933f4,Eddie Potts,88956565,33,6,198,2024-06-11 16:22:50.871881,pending,28238,NC,VISA 16 digit
7354b217-019a-41df-919f-fda3e927225e,Marcia Salas,13322663,86,5,430,2024-04-27 07:26:00.876013,shipped,27590,NC,VISA 19 digit
79fda5cf-f00d-495c-9eef-c1f2e7a4d924,Matthew Santiago,22521194,85,7,595,2024-04-20 02:24:16.598049,pending,27838,NC,JCB 16 digit
9178b05d-cd75-4954-8358-6c87c008c492,Ricardo Shepherd,42841654,90,8,720,2024-07-20 04:46:47.948008,shipped,28631,NC,VISA 16 digit
045c888a-393b-43ab-a381-925f424080ba,Donald Michael,16250130,86,7,602,2024-06-12 07:23:16.185261,shipped,27721,NC,JCB 15 digit
342db551-c170-44ff-b6c1-68daf203637c,Phillip Holmes,05241804,50,10,500,2024-04-25 17:55:42.754157,shipped,27073,NC,VISA 16 digit
15888037-ea31-4194-a9d7-4e26de53abae,Jacqueline Sandoval,85630918,58,3,174,2024-05-13 13:35:20.535689,delivered,27290,NC,JCB 16 digit
44496d12-fecc-4d9a-bd13-ded99eeed728,Michael Welch,23199484,38,6,228,2024-06-14 13:38:06.648331,shipped,27035,NC,VISA 16 digit
f9d3c417-1e5b-4850-8c52-ec38770697c4,Timothy Johnson,00532075,7,3,21,2024-05-21 07:20:49.827815,pending,27069,NC,Diners Club / Carte Blanche
adf16a35-309e-4771-888f-d24644641925,Brooke Alexander,61103443,27,7,189,2024-06-14 08:21:01.898375,delivered,27612,NC,VISA 19 digit
624635b7-e7be-4e0e-8188-9138d34ebe1c,Brittany Walters,84556066,23,2,46,2024-07-17 04:41:33.210629,shipped,28413,NC,JCB 16 digit
da3cbeab-5bc1-4e24-b093-9a4ec6b60514,Charles Ward,48260886,23,5,115,2024-05-09 16:45:53.671320,pending,28744,NC,Discover
c3c0d742-337f-4a92-b95b-cae85545d93c,Jake Palmer,86165112,80,3,240,2024-06-18 13:46:08.174950,shipped,27200,NC,VISA 13 digit
560b2994-8153-4c98-b46a-59aac316c337,Vincent Walker,55096133,62,2,124,2024-06-07 20:44:37.828483,delivered,28849,NC,VISA 16 digit
d8507719-e33d-4aba-8a6a-a52cf7988283,Christopher Bowen,71580661,65,2,130,2024-07-02 09:27:02.335107,pending,28762,NC,JCB 16 digit
15cea199-d959-42f9-aff4-119878edf070,George Smith,14048357,35,7,245,2024-04-25 02:33:40.552233,pending,28807,NC,VISA 13 digit
95e2befb-e72a-49bc-8fd1-03db166ee832,Brooke Alexander,92972964,36,6,216,2024-04-02 02:03:13.085446,shipped,27612,NC,VISA 19 digit
f8877547-e725-4214-8aad-805994748a52,Vanessa Harris,17900133,75,7,525,2024-05-20 15:27:55.428946,delivered,28006,NC,VISA 16 digit
2b30751e-6d4a-4bf5-8d25-8b0a17ea7c4e,Marcia Salas,20938611,81,3,243,2024-03-09 04:13:47.573035,shipped,27590,NC,VISA 19 digit
76e55666-a99b-4d6a-8e16-1885cde54c4e,Katrina Johnson,30211889,59,4,236,2024-08-19 15:52:38.246192,pending,28282,NC,Mastercard
95cb4ecf-6e39-4319-828c-c021cd9610c8,Roberto Mitchell,61435254,25,3,75,2024-03-19 09:34:41.757404,shipped,28137,NC,VISA 13 digit
5a9a4424-e845-4086-b7a1-3a2431ffa977,Dominic Pearson,48607711,22,4,88,2024-05-04 02:11:48.372953,pending,27202,NC,VISA 16 digit
738bcac3-f1ee-4a70-9685-56e2e4b5fdaa,Cory Allen,73151104,51,9,459,2024-06-20 13:34:17.378713,shipped,27125,NC,JCB 16 digit
784b8e8d-57eb-4fdd-90ce-67cc9e8ba606,Cody Perez,97162063,42,4,168,2024-05-19 01:11:38.160703,pending,28884,NC,VISA 13 digit
30ac97e9-b8cf-49a1-95ee-981d8ee6ac33,Nina Stephens,54609228,20,3,60,2024-08-27 03:49:35.049685,shipped,27072,NC,VISA 19 digit
987df057-9958-4c58-b75a-a660c58a141a,Rebecca Mills,63482904,5,7,35,2024-02-16 11:48:14.997929,pending,28592,NC,VISA 16 digit
9c0ff870-0271-4079-bd99-661cc27641ae,Tonya Thornton,46165756,81,6,486,2024-06-04 00:37:00.956151,delivered,28180,NC,VISA 16 digit
b77b2ee9-dd55-4cab-85c4-5f068fdb3c8a,Michael Gonzales,85599208,1,7,7,2024-07-25 01:08:49.729676,delivered,28822,NC,VISA 16 digit
30563f81-752f-496a-bea7-e985ef4acb46,Timothy Moore,39073396,24,3,72,2024-01-22 08:24:32.436496,pending,28544,NC,VISA 19 digit
e24fa5c6-f53b-443b-8911-114058a8837b,Samuel Parker,73839620,49,7,343,2024-02-20 23:30:13.413735,shipped,28483,NC,American Express
0afb458e-4f4a-40f0-bfcd-ab2748e40311,Misty Jones,17900133,75,10,750,2024-03-18 15:07:37.307079,delivered,27777,NC,VISA 16 digit
81581eb0-c6b7-4354-baa2-e815d49281e6,Brittany Walters,41678800,46,10,460,2024-06-06 04:06:10.884196,pending,28413,NC,JCB 16 digit
7cd2196c-e3bb-440b-9b11-c2b9f31be2f6,Tiffany Barnes,86165112,80,7,560,2024-08-04 13:59:21.522073,delivered,28435,NC,VISA 13 digit
c142d5c3-59af-479c-93eb-235ff0781e79,David Johnston,49687545,40,9,360,2024-08-21 08:34:16.442704,shipped,28123,NC,JCB 16 digit
4350a4a2-2630-484a-adaf-1141edbb67c7,Charles Ward,31745550,77,4,308,2024-03-24 01:07:01.898509,pending,28744,NC,Discover
466305b5-4105-4334-9161-674cf6ea5f09,Gerald Scott,92972964,36,3,108,2024-01-29 19:53:12.987019,pending,27989,NC,Diners Club / Carte Blanche
37b01599-7084-4355-a9bb-b989ccc89742,Dustin Morales,69863455,7,4,28,2024-07-09 16:16:18.355820,shipped,27888,NC,VISA 16 digit
77afe995-dad0-4af1-b641-a499980c1e2d,Kenneth Castillo,67038640,80,9,720,2024-04-17 12:40:38.842647,delivered,27401,NC,Diners Club / Carte Blanche
8e940334-5011-433e-b1b6-4fd142a9cd96,Michael Perkins,19061542,69,10,690,2024-01-09 06:20:56.289913,delivered,27040,NC,Discover
10ff9514-56c4-4df7-b9cf-97cf4cf43faa,Andrea Jones,61789067,5,2,10,2024-05-17 05:20:58.443360,pending,27359,NC,VISA 16 digit
32893768-50c8-49a4-afb9-0a6e36451b20,Jesse Pineda,38131752,26,1,26,2024-04-29 06:23:40.004979,shipped,27617,NC,Diners Club / Carte Blanche
604c4978-1970-4362-8f44-6db594493bd0,George Smith,27523414,52,1,52,2024-01-19 02:59:29.727188,delivered,28807,NC,VISA 13 digit
1a1b412c-6e54-4657-837a-ddf958c0d162,Alexander Perry,98075218,6,1,6,2024-07-07 18:07:53.241336,pending,28265,NC,VISA 16 digit
f165820e-d59b-40b4-a515-858025889f62,Kara Peterson,98823017,89,10,890,2024-05-21 19:22:55.726627,delivered,28897,NC,Maestro
01143dd7-7d08-49ce-9355-beec264f93a7,Courtney Gross,01869279,87,3,261,2024-05-09 07:38:50.413656,delivered,28755,NC,Maestro
a25b7e68-90b0-4734-a52d-373e89a9045c,Gerald Scott,03714348,60,4,240,2024-04-28 00:00:43.770192,pending,27989,NC,Diners Club / Carte Blanche
8c92664e-6e71-4744-b6db-bc410d8b98ec,Timothy Johnson,10450475,91,8,728,2024-02-04 00:18:25.084855,shipped,27069,NC,Diners Club / Carte Blanche
ac14cb9e-6efc-4b98-ad19-01b4565bef36,Tonya Thornton,26036328,74,4,296,2024-01-06 09:20:04.727771,shipped,28180,NC,VISA 16 digit
50933de9-3633-4afc-8a09-ee516710ade4,Michael Welch,06184490,28,7,196,2024-05-09 01:05:38.082660,shipped,27035,NC,VISA 16 digit
ef014b4f-adec-4300-92aa-ade262d4ceeb,Destiny Stafford,44085315,49,6,294,2024-08-07 19:30:05.104415,pending,28235,NC,VISA 13 digit
d1fa99b5-ad14-46a5-bd19-44158ad55619,Phillip Carson,39867230,12,8,96,2024-01-29 14:28:18.080959,shipped,27860,NC,VISA 13 digit
ca30ba39-e40b-418a-9caf-c1ff72b41287,Susan Roberts,84527486,47,8,376,2024-08-14 22:50:37.511986,pending,27798,NC,VISA 16 digit
b6a3894a-81bb-488a-a44e-1a28f2b0ae87,Eddie Potts,13322663,86,3,258,2024-01-09 08:48:17.972125,pending,28238,NC,VISA 16 digit
2deaef1d-e657-4ec5-a02d-72f71cdd4182,Tyler Hall,63175912,19,4,76,2024-08-07 14:11:42.203363,delivered,28248,NC,VISA 19 digit
63a1da71-0e51-4aa4-ab82-a74c815c49a6,Cody Perez,88126630,86,7,602,2024-08-04 21:26:26.893583,pending,28884,NC,VISA 13 digit
