926fc99a-2f3e-44b3-bddf-39ac5e52889b,Tracy Mendez,15116055,38,5,190,2024-05-13 13:46:27.650601,delivered,83778,ID,VISA 19 digit
12feba59-1730-4715-87f5-8a20e94b93df,Lisa Taylor,24746403,31,3,93,2024-05-01 14:51:41.224116,shipped,83353,ID,Diners Club / Carte Blanche
242e5a61-615c-4b2a-8a5e-8f940e7e6da5,Scott Mendoza,02247915,29,1,29,2024-05-18 14:33:44.621050,pending,83376,ID,JCB 16 digit
31f62bb6-295a-479e-9e39-fdae3aaf1465,Colleen Santiago,67148738,90,1,90,2024-01-31 13:56:52.176414,shipped,83641,ID,Mastercard
0154f592-03d5-4b82-aad9-f17d6d7a094a,Shawn Boyd,47829510,17,6,102,2024-03-19 02:51:45.682385,pending,83311,ID,VISA 16 digit
2d2cc977-b414-4d0e-a760-bec292dd58ec,Eric Peterson,01869279,87,7,609,2024-05-06 00:46:24.929437,shipped,83769,ID,VISA 19 digit
c6359b57-d2ac-4607-aceb-acb23bc153d1,Stephen Stanley,63175912,19,3,57,2024-04-15 04:31:08.253315,shipped,83627,ID,VISA 16 digit
78b1f832-7539-4d42-9b97-7509615d950d,Terri Martinez,38346316,46,6,276,2024-01-21 00:38:40.203968,shipped,83452,ID,VISA 13 digit
80d29a20-974b-4222-9b04-1eda45fb99ea,Kevin Thomas,08869234,22,5,110,2024-04-02 01:31:35.159477,pending,83418,ID,JCB 15 digit
d52ab8fb-06aa-4b7d-a3f7-999c359c7c3c,Jennifer Nguyen,27884720,88,3,264,2024-02-28 03:14:10.106416,delivered,83395,ID,JCB 16 digit
7050a8ab-5e1a-4b3c-a0d4-bb032855b5b5,Eric Smith,06713485,65,1,65,2024-08-17 02:30:26.279588,pending,83563,ID,VISA 19 digit
26225157-e64e-4b1f-b84d-71cda6d15736,Mr. Richard Murphy,02381695,43,10,430,2024-08-27 18:25:43.066418,delivered,83231,ID,Mastercard
e7f1c8b4-5a0c-4c6a-9ad2-e21994bb9df5,Kevin Wilson,38131752,26,8,208,2024-08-30 21:44:17.321336,shipped,83566,ID,Maestro
315db845-4cd9-416e-bdce-d78545617f15,Jenna Tate,84391049,58,2,116,2024-01-25 14:44:01.470049,pending,83399,ID,Diners Club / Carte Blanche
8676d6f6-84de-437a-b14b-bfee0a860aef,Joshua Cunningham,94730791,92,3,276,2024-07-17 19:30:58.059187,pending,83363,ID,Discover
ef89e24a-7b3f-4c25-8782-486a2fe65376,Edward Walker,41509401,75,8,600,2024-06-19 07:12:10.685401,shipped,83307,ID,JCB 16 digit
e1b850c2-bbf8-4c82-b690-286b0731e7e3,Ronald Miles,80323884,92,3,276,2024-05-14 19:56:25.269351,shipped,83324,ID,VISA 16 digit
dfded50e-4d3e-45f2-a36e-07078c5e7dcf,Dwayne Lewis,21888816,74,8,592,2024-03-04 16:02:54.563842,delivered,83254,ID,JCB 16 digit
3ab3f63a-a035-47db-b05d-3975e0cbfe95,Shannon Davis,52412943,47,4,188,2024-03-24 05:11:41.489733,pending,83799,ID,Discover
d23ad13d-4f9d-42dc-bc64-f6d2dbdcc300,Anna Wright,25037012,82,2,164,2024-05-02 21:20:00.484063,pending,83743,ID,VISA 16 digit
597005d8-0b11-424b-b93c-3019c0718583,Nicole Clark,93414500,61,8,488,2024-06-05 04:43:55.250077,delivered,83427,ID,Diners Club / Carte Blanche
606678d0-d985-4a44-9996-f749df96b50a,Christopher Ware,46165756,81,5,405,2024-07-17 02:54:51.188401,pending,83229,ID,JCB 15 digit
56944d1c-57dc-4be1-afdd-cd5058f769bd,Daniel Donovan,90087110,16,6,96,2024-06-28 07:10:11.811300,delivered,83349,ID,JCB 15 digit
63f42527-1448-48bd-9549-c73499d0c5bf,Eric Peterson,50678587,99,2,198,2024-07-29 10:38:58.928009,pending,83769,ID,VISA 19 digit
3e5660ed-b8a3-4f3a-a56d-d6ec4cdc55eb,Antonio Clark,42322214,27,8,216,2024-05-01 15:47:25.008056,pending,83351,ID,Diners Club / Carte Blanche
8554c28b-ed0c-4c68-b1ce-1fb380fa37be,Dwayne Bryant,74563951,34,6,204,2024-03-24 08:28:51.312153,pending,83469,ID,VISA 16 digit
65c1a057-689e-4cf6-bb61-f5c8741fda2e,Christine Morgan,82438999,37,9,333,2024-07-23 15:07:24.286839,shipped,83800,ID,Diners Club / Carte Blanche
0b0c82fb-4b2e-495f-8dcf-452386dda64f,Michelle Briggs,73472674,53,10,530,2024-04-08 23:58:10.964206,shipped,83571,ID,JCB 16 digit
fef970ae-55cc-4b5e-964e-fe1487fcd465,Karen Wolfe,47829510,17,7,119,2024-08-05 02:59:54.072209,shipped,83547,ID,VISA 16 digit
8ce13869-23fc-4715-b00e-8711705237bd,Antonio Clark,92778177,55,9,495,2024-08-22 20:26:34.508972,shipped,83351,ID,Diners Club / Carte Blanche
916aa052-6b94-488d-a212-90583401f36b,Shawn Boyd,96351406,48,8,384,2024-05-22 00:28:14.483281,pending,83311,ID,VISA 16 digit
d5ced7bd-8ff2-4a90-8d7f-2f481b98edf4,Shannon Davis,32433036,36,7,252,2024-01-29 07:14:41.602483,shipped,83799,ID,Discover
e95ab6f1-7836-478c-81c8-ac2d8d679be8,Maria Skinner,24059947,87,7,609,2024-03-12 10:36:54.857291,pending,83676,ID,JCB 16 digit
f31c8036-4130-4cb5-9236-1cefa61901ec,Cassandra Mcneil,03714348,60,5,300,2024-04-12 22:53:03.597089,shipped,83481,ID,VISA 19 digit
75a53856-c74a-4149-8b72-11489392b2f7,Kevin Thomas,15896049,65,4,260,2024-04-08 14:19:13.223508,delivered,83418,ID,JCB 15 digit
f5de88fd-99a5-440f-9f60-b8b9e33e52bf,Edward Kennedy,87775990,54,6,324,2024-08-07 06:52:24.449385,pending,83772,ID,VISA 19 digit
e4a58ee5-d979-41e5-ac52-236386fb1f20,Ashley Davis,12428557,14,7,98,2024-04-04 02:15:37.611482,pending,83725,ID,Diners Club / Carte Blanche
ecbbbb00-189f-4b8e-b3ba-f4ddefadf1f4,Tiffany Bradshaw,37038250,65,5,325,2024-07-04 01:19:15.850065,pending,83766,ID,VISA 16 digit
12f0125b-869e-4da2-9832-5e42e9050ebe,Christopher Taylor,67287970,75,3,225,2024-07-01 15:10:24.458312,pending,83286,ID,JCB 16 digit
6269767d-3dc2-47b5-85a8-3782bcff43a3,Nicole Mack,66469377,6,5,30,2024-03-23 18:41:30.590521,shipped,83272,ID,American Express
3ba73f8c-d11f-4419-9ea7-3e45eb4e1f2d,Brandon Chavez,57877402,87,4,348,2024-01-17 00:54:03.392723,pending,83730,ID,VISA 16 digit
df9c64a9-1ce6-4406-a104-f36a556624f2,Eric Peterson,08189400,12,10,120,2024-06-27 20:55:50.653464,shipped,83769,ID,VISA 19 digit
853f1310-b36f-458a-a55b-f08a407a9951,Michael Bender,96351406,48,9,432,2024-06-16 19:13:39.013310,pending,83254,ID,VISA 13 digit
8c34c534-023c-4440-b595-2890c3f9b8c1,Teresa Savage,81695935,90,1,90,2024-01-06 23:06:04.165729,delivered,83757,ID,JCB 16 digit
ade1171b-dc55-4983-adfb-0dcb9c6ed116,Stephen Stanley,43075881,41,10,410,2024-02-09 07:56:22.199588,pending,83627,ID,VISA 16 digit
8f0faf2f-c4ed-4418-a516-a649ae751a7e,Eric Thompson,14178504,74,5,370,2024-08-21 01:18:46.622652,pending,83637,ID,Mastercard
e8aea52a-cfe3-4c12-8983-06484437c881,Timothy Phillips,10367605,8,4,32,2024-04-08 11:54:59.500984,pending,83425,ID,Maestro
e349e81c-bd11-45ab-8b2f-7ba0fedbe392,Shawn Boyd,17503594,48,1,48,2024-06-20 04:03:27.257343,delivered,83311,ID,VISA 16 digit
4886bcf9-93cf-4ba9-8142-9e20a1b6b0a2,Christopher Moore,04577096,37,3,111,2024-03-02 22:00:50.104185,delivered,83258,ID,VISA 19 digit
2e1927fb-5b67-44bf-a7b8-91d2e5a13857,Lisa Carpenter,39484147,45,1,45,2024-06-13 17:48:55.804085,shipped,83875,ID,VISA 16 digit
eef78079-6e1a-442a-b71a-a3020e105fc5,Sean Murray,11604495,28,2,56,2024-05-08 20:54:05.762958,delivered,83815,ID,American Express
3df250e9-4f03-4a28-8d76-039a0d56a9bf,Lisa Taylor,38231483,41,4,164,2024-02-05 13:20:18.092037,shipped,83353,ID,Diners Club / Carte Blanche
ea537c4c-4b79-4b55-8f9d-e99446ae1c5c,Derrick Keller,90178559,61,2,122,2024-04-10 18:39:51.507832,delivered,83311,ID,VISA 16 digit
63b3e31c-0877-437b-a759-cd766575e5eb,Thomas Andrews,46300195,41,9,369,2024-09-06 08:47:30.616669,pending,83795,ID,JCB 15 digit
05dc2816-2428-4608-bc70-db546a1ccee5,Scott Mitchell,90725067,10,6,60,2024-07-17 23:54:05.930579,delivered,83719,ID,VISA 16 digit
77e231aa-ed47-451d-b382-a394a1a3bde8,Joshua Cunningham,21119620,83,5,415,2024-04-10 22:22:57.004680,pending,83363,ID,Discover
cec1ac4d-f0ef-4ae4-a8a4-6631f48dede2,Kevin Thomas,14958038,65,1,65,2024-01-07 09:06:05.049010,shipped,83418,ID,JCB 15 digit
fab80354-41b3-4ea4-8216-59f8203b8863,Cassandra Edwards,13061043,18,6,108,2024-03-14 19:52:58.923697,pending,83723,ID,JCB 16 digit
6382042d-fac8-4c13-8c4d-19d1d4177769,Patrick Davis,69527593,67,10,670,2024-04-02 09:31:41.632191,delivered,83401,ID,Discover
d3cfdb11-2efe-42e6-902a-a52192614b39,Cassandra Edwards,79678032,19,10,190,2024-05-16 09:56:22.408019,pending,83723,ID,JCB 16 digit
abc098cd-9327-4d56-8278-1ccfe41ec6f7,Tracy Thompson,86657501,34,3,102,2024-02-26 14:43:26.377494,pending,83340,ID,Discover
466a8b6e-cb18-4ed0-b65d-f43eeef0a80c,Dwayne Bryant,52206405,69,5,345,2024-05-15 07:32:40.425313,pending,83469,ID,VISA 16 digit
87266a59-afd9-4384-9998-6d71245b9d08,Kelly Love,42600404,13,9,117,2024-01-03 20:41:24.550003,delivered,83634,ID,VISA 16 digit
92f55c61-a7a9-427c-aa30-7f0df1ce6e46,Jennifer Nguyen,03690390,46,2,92,2024-07-10 11:01:53.409221,shipped,83395,ID,JCB 16 digit
c19c3e34-c98d-45f7-a6a2-d9b85d19dedc,Scott Mendoza,31996723,69,2,138,2024-05-23 12:05:35.540317,shipped,83376,ID,JCB 16 digit
43a9628d-0577-499a-af28-02517d33f227,Molly Harris,20460075,90,6,540,2024-07-15 07:22:00.920554,pending,83272,ID,Diners Club / Carte Blanche
6c553fd5-8d4d-45b7-a2d7-3417b2eb46c5,Stephen Stanley,83480300,10,2,20,2024-04-20 15:46:06.659217,pending,83627,ID,VISA 16 digit
c80a2793-ac91-4d64-9128-940d3341b3d4,Jennifer Nguyen,54019225,67,10,670,2024-06-20 08:40:38.051870,pending,83395,ID,JCB 16 digit
889dbfcc-e1bf-487e-a1eb-7eece67eadec,Ashlee Alvarez,01047004,78,1,78,2024-04-19 00:54:06.478600,pending,83598,ID,JCB 16 digit
39268267-d3b3-47ce-88fd-95e571eb44da,Christy Williams,36308446,52,9,468,2024-07-22 08:24:25.420327,shipped,83231,ID,Maestro
070b7d22-8d31-439b-b99e-adac08ccb564,Tiffany Young,64653501,86,3,258,2024-06-08 07:12:51.216731,pending,83289,ID,VISA 13 digit
e195441e-70e0-40bf-bd89-aaca0e4c263a,Nicole Trevino,33761671,4,4,16,2024-03-24 01:25:04.027945,pending,83387,ID,Maestro
109ac259-eab6-4afb-b906-51aab52b10cc,Lisa Taylor,40837253,67,3,201,2024-05-01 03:26:58.197408,pending,83353,ID,Diners Club / Carte Blanche
996ac72d-bead-4c5e-a454-bbe6d7f5ed06,Christopher Taylor,52498817,33,5,165,2024-03-24 03:36:00.847714,shipped,83286,ID,JCB 16 digit
874fdcef-8351-4b50-bcab-2e053c848bcb,Briana Thompson,08928290,89,8,712,2024-03-15 22:17:37.936535,shipped,83453,ID,JCB 16 digit
309062e0-6756-44e1-95d2-723081d77fa3,Diana Shaw,33216805,28,1,28,2024-02-13 13:37:15.067906,pending,83791,ID,Maestro
b3791e45-6244-4535-9cb5-056a88b99309,Edward Kennedy,65210345,55,10,550,2024-02-13 15:11:12.232891,pending,83772,ID,VISA 19 digit
c035ab81-c940-45b0-addf-3dc522702cf1,John Rivera,77133250,35,7,245,2024-06-19 18:16:30.873107,pending,83725,ID,VISA 13 digit
1e94f86d-b870-410c-8e90-254594d87867,Patrick Davis,20211868,36,7,252,2024-04-06 23:51:52.763211,pending,83401,ID,Discover
cbbe7451-01fa-4e7b-ba31-8859d2d9167c,Joshua Cunningham,90465420,26,5,130,2024-03-16 05:55:21.655435,pending,83363,ID,Discover
05339fb7-8b2a-4aed-8c12-f95d1f33c004,Edward Walker,22406538,44,6,264,2024-03-08 14:41:55.623770,delivered,83307,ID,JCB 16 digit
5252df34-be55-46be-940f-181ef87706b5,Scott Mitchell,65767740,62,3,186,2024-04-07 17:06:35.856812,delivered,83719,ID,VISA 16 digit
895f5fb5-1d0a-498c-ab77-33e5a7476299,Christopher Moore,26747484,14,5,70,2024-08-21 01:21:51.545172,pending,83258,ID,VISA 19 digit
0e535cbd-74bd-4116-8d8f-efa03dd22a90,Richard Mcpherson,73969778,30,10,300,2024-04-15 17:54:05.361008,shipped,83243,ID,Diners Club / Carte Blanche
3eb0aee9-d182-4a6f-af1d-51d0e068ab56,Molly Harris,52204920,42,8,336,2024-07-30 13:07:59.733590,shipped,83272,ID,Diners Club / Carte Blanche
de234559-ddc0-4ff5-ada7-dd82d1531939,Diana Williams,52805509,57,3,171,2024-01-08 18:27:35.072160,delivered,83740,ID,VISA 16 digit
7b805aa4-fdae-4f1e-99f7-8665ac766ca8,Zachary Phillips,02008783,79,6,474,2024-07-15 16:35:37.567806,pending,83852,ID,VISA 16 digit
e78fab5f-78dc-4b20-92d4-6126d2b15fdb,Ronald Miles,99302955,10,5,50,2024-03-08 13:35:56.883121,pending,83324,ID,VISA 16 digit
bd29ce52-e444-4930-b727-c929373107ba,Nicole Clark,19018935,60,10,600,2024-01-16 11:13:07.955282,shipped,83427,ID,Diners Club / Carte Blanche
60e95da3-fe95-423e-82c4-a6761a025dc2,Maria Skinner,16443280,33,10,330,2024-04-14 16:36:36.121021,pending,83676,ID,JCB 16 digit
f6c36816-c82c-493a-811e-f698bec1c1a7,Mr. Richard Murphy,34543184,5,7,35,2024-06-19 15:23:31.791636,pending,83231,ID,Mastercard
8f6086f1-7c3f-4d28-9fb2-771da7b7cfbe,Gary Carter,25268904,24,10,240,2024-06-30 06:04:21.064868,pending,83842,ID,VISA 19 digit
7b569f4c-dca3-465b-a4e2-7ab84dc91f40,Diana Shaw,39710987,12,4,48,2024-06-03 23:55:26.741365,shipped,83791,ID,Maestro
b109040b-24b9-4d59-8513-c14a520ceae1,Derrick Keller,78953321,88,9,792,2024-06-29 10:17:19.978575,delivered,83311,ID,VISA 16 digit
9bbfd403-3ea4-4b2f-9b47-c3763752cacc,Zachary Phillips,71710990,71,1,71,2024-05-04 20:04:27.172921,delivered,83852,ID,VISA 16 digit
10d97417-7bc7-4198-8da6-6537f9294811,Joseph Griffin,18078312,30,3,90,2024-06-12 17:54:22.204723,shipped,83706,ID,VISA 19 digit
a5ba14e5-dfb5-4728-a082-5ae1eb203277,Brenda Lara,85353657,33,6,198,2024-04-05 16:01:44.593461,delivered,83205,ID,VISA 16 digit
fac4e356-bad0-4f12-827f-087fe6bc9263,Scott Mendoza,22332271,82,7,574,2024-07-19 08:41:34.839940,shipped,83376,ID,JCB 16 digit
238f5881-98f6-4ef1-b52c-3e5b9d16ff03,Christopher Moore,22681478,39,7,273,2024-01-11 12:51:38.451032,delivered,83258,ID,VISA 19 digit
5960374f-f058-48c2-9122-2ce8ca861d66,Mr. James Frazier,08944856,95,10,950,2024-03-18 14:12:48.423629,shipped,83806,ID,VISA 19 digit
f06bb647-64e5-4506-b761-f5188a71d96b,Antonio Clark,15468727,65,2,130,2024-07-02 02:16:27.768146,pending,83351,ID,Diners Club / Carte Blanche
9dcf9f1d-589b-4d28-8d3f-0323e1750348,Gary Barton,63482904,5,4,20,2024-01-07 21:47:19.351509,pending,83435,ID,VISA 16 digit
dae82502-f4e6-4dbe-a13f-dee8323bfca9,Karen Wolfe,13894016,63,3,189,2024-01-24 11:50:15.033647,delivered,83547,ID,VISA 16 digit
f782bf0d-0f43-42c8-ab1f-3ba733805322,Stephen Stanley,02287669,75,2,150,2024-07-12 15:47:19.822854,delivered,83627,ID,VISA 16 digit
3c8b3db6-c6c7-4567-b55c-37e78f151414,Cassandra Edwards,18279979,49,2,98,2024-01-23 15:01:16.793980,pending,83723,ID,JCB 16 digit
58e64115-6a75-492d-93b4-9681cfc78dc0,Devin Warren,57621654,74,10,740,2024-03-15 16:02:07.118570,pending,83432,ID,American Express
2bf3850b-ad39-4a35-a762-574d1f3f3847,Scott Mitchell,36881925,30,4,120,2024-03-15 12:49:55.561303,pending,83719,ID,VISA 16 digit
2f25ab2a-edce-48c1-b4d9-39a30b69e689,Christopher Garcia,54929814,6,8,48,2024-07-25 20:26:59.097708,delivered,83668,ID,Diners Club / Carte Blanche
7945dbb7-3455-496b-ae60-85cf7aa041cb,Kevin Thomas,76422768,1,3,3,2024-04-05 09:29:45.091822,delivered,83418,ID,JCB 15 digit
084fdec1-0296-4599-a823-15dec529f0c5,Jenna Tate,10450475,91,2,182,2024-01-19 00:34:19.132334,pending,83399,ID,Diners Club / Carte Blanche
fd893457-b6bc-4263-9ced-22d8665a4961,Shawn Boyd,17174275,43,8,344,2024-05-14 20:11:11.361556,pending,83311,ID,VISA 16 digit
dd4e02df-96a2-4437-9818-475e00ac4afc,Lisa Carpenter,89562956,76,2,152,2024-06-05 19:15:47.816979,delivered,83875,ID,VISA 16 digit
30251ea8-8109-4890-a84a-a84bc31787e4,Derrick Keller,18550597,91,2,182,2024-08-14 08:12:52.339488,pending,83311,ID,VISA 16 digit
4e8a5b3b-7270-4ddc-ac07-5f15879006c8,Brenda Lara,54223837,62,10,620,2024-07-25 05:41:48.256766,delivered,83205,ID,VISA 16 digit
047626bd-d22b-4f6c-b683-2a5609169fe9,Zachary Phillips,25037012,82,2,164,2024-01-05 09:40:13.768182,pending,83852,ID,VISA 16 digit
3a74bc5b-c626-487e-a496-edc41872bfb0,Dr. Lauren Ross,68613556,82,4,328,2024-08-25 02:04:32.203375,delivered,83471,ID,JCB 16 digit
f47fbcba-d639-4f0f-9e6f-640a5c4caa48,Kevin Thomas,48224901,68,1,68,2024-05-29 16:00:41.487052,pending,83418,ID,JCB 15 digit
40e0d745-c787-4b54-b9d9-345060e373c8,Nicole Trevino,48607711,22,8,176,2024-03-24 00:17:22.533802,delivered,83387,ID,Maestro
55271920-4a80-41e9-8577-5da372c934ba,Daniel Donovan,93888738,64,7,448,2024-07-27 14:57:27.278537,shipped,83349,ID,JCB 15 digit
32a0006e-5808-435d-840c-2661492675fd,Eric Thompson,16395183,34,10,340,2024-07-31 04:23:32.637727,shipped,83637,ID,Mastercard
39fb2f13-aec4-4735-a757-11f541a3d30c,Eric Peterson,96620571,19,1,19,2024-08-16 11:23:00.774887,delivered,83769,ID,VISA 19 digit
44bafb86-743c-446c-bd00-b40f1f25b0b0,Thomas Andrews,62566704,85,7,595,2024-01-31 18:19:58.528058,pending,83795,ID,JCB 15 digit
7db096e1-31c5-48bf-8fd7-f568f8b9e759,Mr. James Frazier,64817033,45,6,270,2024-03-05 15:34:51.897310,shipped,83806,ID,VISA 19 digit
31139382-e419-4c56-9131-95cb8f0e7a36,Tracy Thompson,57877402,87,9,783,2024-08-11 13:08:25.416740,delivered,83340,ID,Discover
99c1f525-88f0-42bc-913c-628b1741b619,Kevin Wilson,49808636,51,8,408,2024-01-08 15:05:03.083306,shipped,83566,ID,Maestro
eb240dcc-a585-4e47-8fdf-de19d879c24b,Heather Williams,74627462,7,1,7,2024-01-07 18:38:07.194677,shipped,83874,ID,VISA 16 digit
f1991e5c-195c-4942-a385-e0e30435f6fd,Cassandra Mcneil,24120920,87,5,435,2024-01-14 11:56:48.228813,shipped,83481,ID,VISA 19 digit
b871724b-0601-48ba-aafa-736d03981400,Nicole Clark,55096133,62,4,248,2024-06-19 09:42:31.654760,delivered,83427,ID,Diners Club / Carte Blanche
2880b1c2-bf1d-49cb-ae9e-77af9d8a2b81,Eric Smith,31745550,77,9,693,2024-09-03 20:27:32.523825,shipped,83563,ID,VISA 19 digit
6b05a95f-35f6-46de-83c4-bce3e97a0adf,Kevin Thomas,66807254,17,8,136,2024-05-08 10:01:52.773478,pending,83418,ID,JCB 15 digit
65fde31a-0309-4ffe-8668-779972a03e28,Kevin Thomas,35381600,97,1,97,2024-05-09 18:21:39.931767,delivered,83418,ID,JCB 15 digit
699bcd50-c12a-40a5-867f-d8307f73676d,Teresa Savage,82782665,62,10,620,2024-06-18 17:54:00.327256,shipped,83757,ID,JCB 16 digit
7997ad3c-2e45-489f-aa74-a61c11c2f826,Janet Richardson,74102143,35,10,350,2024-08-24 09:28:37.778252,pending,83854,ID,Diners Club / Carte Blanche
fff00b40-e25d-4720-bf00-845583b7e833,Dawn Velasquez,51103132,33,1,33,2024-06-18 09:45:09.001974,delivered,83235,ID,VISA 19 digit
373ab3af-430b-483e-bf60-502de2c07154,Tiffany Young,40837253,67,4,268,2024-08-20 17:21:40.344481,pending,83289,ID,VISA 13 digit
6e68ec35-68a2-4ede-8c3a-8e2789be55af,Amy Jackson,05827992,99,6,594,2024-06-14 04:04:08.567289,delivered,83274,ID,American Express
52b38c58-c4ca-493b-a096-0fb3c625104f,Shannon Davis,68927004,25,9,225,2024-01-10 19:51:43.029634,delivered,83799,ID,Discover
019d9d7e-c738-4aa7-a7df-67ebfb80f76a,Christine Morgan,38346316,46,9,414,2024-02-20 18:02:19.251813,pending,83800,ID,Diners Club / Carte Blanche
ef8e175b-2d9b-4f74-a16a-d796622c5c7d,Edward Walker,46165756,81,9,729,2024-03-02 19:43:31.568693,shipped,83307,ID,JCB 16 digit
8c0a4a1a-8fa0-481d-8c09-8f3405eed20b,Gary Carter,52609831,54,4,216,2024-01-07 03:32:48.632870,shipped,83842,ID,VISA 19 digit
104b0f09-d913-43bc-8321-68175e4c8c6e,Brandon Chavez,65828045,22,8,176,2024-02-27 10:36:37.396458,shipped,83730,ID,VISA 16 digit
281fa1db-f078-42cc-ad7f-fd2cabc4d164,Tiffany Bradshaw,31961219,23,3,69,2024-04-06 10:31:21.822828,delivered,83766,ID,VISA 16 digit
3286cf8b-b61d-446f-acf3-8d1d54242b2a,Mr. Richard Murphy,79205986,19,9,171,2024-06-04 00:09:52.085647,pending,83231,ID,Mastercard
ee75034d-7644-47f3-8934-2d659e00bd1b,Gary Barton,49808636,51,5,255,2024-03-14 23:32:54.681709,shipped,83435,ID,VISA 16 digit
fc6e1c21-5fe3-4351-9a2f-f86b3c608510,Michelle Briggs,15721303,50,6,300,2024-04-01 12:38:37.098927,pending,83571,ID,JCB 16 digit
aa14a19d-132a-46da-acf3-b3006b459d16,Timothy Joyce,52741173,92,1,92,2024-05-23 05:32:03.841614,pending,83704,ID,Diners Club / Carte Blanche
25b4fd95-465b-495b-b96a-90f666cec8a4,Briana Thompson,52568923,63,5,315,2024-08-07 18:44:19.857302,delivered,83453,ID,JCB 16 digit
2afc66cf-6194-4712-bba6-2fc5e4de1c48,Thomas Andrews,11567745,34,9,306,2024-04-12 20:21:11.077667,delivered,83795,ID,JCB 15 digit
d4c5731b-b4fc-43d1-986e-c48a56a1dac5,Nicole Trevino,99885779,50,9,450,2024-06-03 00:45:12.086702,delivered,83387,ID,Maestro
b23c8e70-7be7-42fc-bf9f-d7a503317c2e,Lisa Wells,09667280,91,5,455,2024-05-21 22:25:32.211905,pending,83366,ID,VISA 16 digit
9aea2927-b8a5-4fff-8a9e-5672cf4eabeb,Joshua Cunningham,02127798,81,5,405,2024-07-21 06:25:51.004871,shipped,83363,ID,Discover
bd999289-21e7-452d-892a-a030ad7d8c90,Diana Shaw,00963947,8,4,32,2024-04-07 17:48:39.470204,delivered,83791,ID,Maestro
5f70ce98-ba50-46e2-afb0-5fc0a5794ae3,Maria Skinner,22714022,68,5,340,2024-03-06 19:38:58.717430,delivered,83676,ID,JCB 16 digit
01f4ecf4-e2ad-4988-a1b8-3f5ff16158b9,Christopher Ware,62490795,97,1,97,2024-01-02 15:55:56.593330,pending,83229,ID,JCB 15 digit
