e600b544-88f7-4a03-92fe-95d2be9b96f2,Ashley Brown,86083300,70,5,350,2024-01-19 02:36:31.575625,delivered,39028,MS,Mastercard
2be64192-9078-41b6-96e6-51525a1c9560,Terry Richardson MD,26980201,27,5,135,2024-06-16 01:12:19.679848,pending,38908,MS,American Express
3bd2a4fd-8686-4754-a0c0-6362e1a0bbed,Richard Scott,02043258,84,9,756,2024-07-23 18:50:33.687230,shipped,39587,MS,VISA 16 digit
2f798a38-f91d-483b-a013-dc14b1ef4766,Katherine Andersen,78179325,83,9,747,2024-08-15 00:03:36.358271,shipped,38692,MS,Maestro
9cc073a3-6887-434b-94c5-d30ecdedc93b,Kyle Ferguson,33652887,47,8,376,2024-05-17 21:01:28.948299,delivered,39540,MS,Discover
5ffd75e2-2682-4573-b65d-5c13d2e1608b,Daniel Cox,81695935,90,10,900,2024-08-20 15:12:32.786454,pending,39015,MS,Maestro
1de2c1e4-00a0-4e0c-9dfc-087d429b07bc,Lauren Sandoval,11571834,9,7,63,2024-08-06 05:23:53.007279,shipped,39422,MS,VISA 16 digit
eb8645a4-d88b-43a0-97b3-d4c63ca6a7c0,Shannon Lamb,17613477,18,8,144,2024-07-27 01:56:09.987805,pending,38853,MS,Maestro
9a00c1c0-d150-461d-82d3-79cc44ce8e7f,Kristie Klein,00049108,72,8,576,2024-01-06 02:23:26.205450,shipped,38925,MS,JCB 16 digit
16fc77ea-d953-4073-bcd8-a6f8fa5216eb,Stacey Howard,15704122,15,7,105,2024-03-07 07:58:43.840124,pending,39143,MS,Mastercard
fc4b76f2-84ea-4a0d-8428-14a06f8c5b46,Jessica Barnes,49317428,73,9,657,2024-05-05 20:32:22.720371,delivered,39763,MS,VISA 16 digit
b4f776a5-fd7f-4ab5-bfa5-e89fa55d15ec,Elizabeth Jones,12580491,21,6,126,2024-02-01 16:41:10.994344,shipped,39762,MS,JCB 16 digit
496fce73-b0a7-4901-8110-cbc640ec7aac,John Ramirez,07827402,11,8,88,2024-07-15 12:11:35.011355,delivered,39397,MS,VISA 19 digit
aa971706-a686-4aee-89b6-0e3557f74f3d,Christopher Fletcher,29209644,71,8,568,2024-06-02 17:09:24.811352,pending,39143,MS,American Express
b92a00da-1caf-4f69-8d09-8563705ec96b,Jose Jones,71008745,2,5,10,2024-02-18 21:06:33.617939,delivered,39034,MS,Diners Club / Carte Blanche
dfcd235c-119f-4489-8f08-660feb9c3129,Dana Castro,18078619,70,8,560,2024-03-04 04:36:36.168833,delivered,38704,MS,JCB 16 digit
dbeae0ca-af5e-432b-9b48-bfa6ed719832,Krista Smith,79678032,19,9,171,2024-08-23 18:19:26.108652,shipped,39355,MS,Maestro
e38d1ae2-a598-460e-aa4d-8e5ac816085c,Stacy Little,45465970,79,1,79,2024-02-18 19:10:52.145446,delivered,38915,MS,Maestro
bf510d14-80f3-4500-a220-15cc6f7ae9cf,Jean Young,86066860,26,2,52,2024-02-10 01:05:42.424231,delivered,38846,MS,VISA 16 digit
e96902e3-60ab-4d4a-a485-2d4678f1ad4e,Katherine Williams,68248239,62,7,434,2024-08-15 22:42:28.577322,delivered,39014,MS,VISA 19 digit
cd1219f3-20cf-40e1-b4a4-700ab23804b5,Terry Richardson MD,51505653,9,6,54,2024-05-11 07:03:04.634623,delivered,38908,MS,American Express
488fafea-33be-44aa-86e0-7391f793a57b,Zachary Stanley,17912020,95,1,95,2024-06-18 20:02:50.846656,pending,39403,MS,JCB 16 digit
16296ccd-45b5-4b5c-a26a-8b79a9dea769,Elizabeth Jones,22332271,82,1,82,2024-07-27 19:31:54.927699,delivered,39762,MS,JCB 16 digit
d3f70310-76c8-424e-9c13-7a1e1ce2d2b8,Brandon Taylor,66003335,22,1,22,2024-01-30 03:39:50.882565,pending,39457,MS,JCB 15 digit
fc366c4d-d180-4d89-9d58-f9911eb1bd01,Jonathan Wood,99455262,40,1,40,2024-01-29 20:41:58.941545,pending,38678,MS,JCB 16 digit
b0e5e915-c2ca-456c-ad41-54a62d234f74,John Ramirez,24915106,94,9,846,2024-09-03 19:23:43.442286,pending,39397,MS,VISA 19 digit
ee244b3c-de0c-434d-b538-3434dd209813,Michelle James,01383133,23,2,46,2024-06-11 02:35:50.996427,shipped,39610,MS,JCB 15 digit
22b2314c-4ecd-4513-b1ef-9d3292fd7a6d,Brian Aguilar,58994344,7,6,42,2024-05-01 18:48:47.663145,delivered,38840,MS,VISA 19 digit
236c5b0c-7655-410d-80ea-05674eed5317,Melissa Harris,05281770,2,3,6,2024-04-06 19:40:41.315237,delivered,39546,MS,Diners Club / Carte Blanche
89191e43-6ebd-4a06-aa76-e2d238712707,Christina Schultz,88833811,96,10,960,2024-02-11 15:50:26.041143,pending,39554,MS,Discover
0e89ef00-42d4-48e3-ab5d-7c550f87aa72,Timothy Johnston,05818778,61,7,427,2024-02-05 09:28:38.302058,shipped,38687,MS,JCB 16 digit
5c6c5a03-838a-4269-8dd2-484b1d44c7ae,Vanessa Wade,47350458,72,7,504,2024-09-06 18:37:46.113498,shipped,39511,MS,Maestro
4bba35f4-c2ca-41e4-bdfa-a36ae7b74cfd,Jaime Robertson,59880158,64,5,320,2024-07-18 04:38:47.238232,pending,39412,MS,Maestro
4dde0fd4-e408-4519-9af8-6c6391bacbba,Rachel Wright,85678569,58,7,406,2024-08-05 10:16:18.717278,delivered,39121,MS,Maestro
b701c8a6-1837-4f6c-adc6-89321ad9bac3,Michelle Jackson,27580707,43,2,86,2024-01-08 15:23:20.355764,pending,39337,MS,JCB 16 digit
6de9ad68-5757-49b3-b53b-213f7e319a8a,Emily Palmer,10413562,14,9,126,2024-02-08 08:51:52.090664,shipped,39422,MS,VISA 19 digit
f6a0369f-b1b1-421f-8c36-d58d2b7b5c3c,Yvonne Collier,16378971,82,3,246,2024-07-11 11:46:52.842243,delivered,39264,MS,JCB 16 digit
2767e62a-2d10-4b2a-a35b-ff1c854ad76e,Michelle James,85575318,82,2,164,2024-06-04 12:21:16.841397,shipped,39610,MS,JCB 15 digit
3106c146-b09e-40f9-a33b-5dabade78235,Brandon Taylor,45465970,79,7,553,2024-06-20 02:05:00.136826,shipped,39457,MS,JCB 15 digit
1400b6bf-8927-493b-ad5c-77214afe6d68,Christina Schultz,06926359,51,1,51,2024-07-09 10:19:09.844594,shipped,39554,MS,Discover
703f97df-47e5-4979-9021-3a8f2fada706,Jose Jones,40299006,95,8,760,2024-05-02 03:06:14.491075,delivered,39034,MS,Diners Club / Carte Blanche
44e32684-73b5-4268-baaf-9350ba8c0721,Rebecca Neal,68097943,22,5,110,2024-04-10 16:51:22.153426,shipped,39423,MS,Diners Club / Carte Blanche
cae1ed11-1da1-4930-9030-3bb5521f8edf,Krista Smith,43454358,59,10,590,2024-03-23 01:40:32.804780,pending,39355,MS,Maestro
0d5abc4c-318b-4d74-9bac-38cf833cf5a6,Matthew Miller,20489977,11,9,99,2024-03-06 16:34:24.933911,pending,39561,MS,Diners Club / Carte Blanche
09b38cbd-b85c-4683-bda8-a8b2e4de707a,Rachel Holland,83672521,75,10,750,2024-04-14 04:49:51.897666,pending,38668,MS,JCB 16 digit
fc5f42c6-d8dd-4584-b5c5-d6d303a1f833,Christopher Williams,55963985,43,6,258,2024-05-25 04:04:54.990767,pending,38992,MS,American Express
44e331b3-453c-4f83-85a5-093afa1ad995,Jeffrey Gomez,31996723,69,8,552,2024-02-27 11:18:05.560547,pending,39625,MS,JCB 15 digit
ce2b5fde-4ca8-4f6a-be41-63b244893ff3,Casey Miller,03648445,23,4,92,2024-08-17 12:17:09.559886,delivered,38771,MS,VISA 13 digit
5d53a3d2-5579-41f4-a7fa-7cdda2843d36,Joseph Shelton,05827992,99,6,594,2024-02-19 10:26:33.877618,delivered,39025,MS,VISA 16 digit
a5e9f110-d51c-402b-adcd-40c95d4bd784,Michael Wood,93570381,19,1,19,2024-06-12 14:44:07.665331,shipped,39341,MS,Maestro
af929e3d-9d10-4d3c-8e26-aa342a6d220a,Courtney Aguirre,66920434,97,5,485,2024-04-22 03:51:01.752504,pending,39357,MS,Discover
094a493e-9ce5-47b2-9e38-3130d7f89028,Kelly Clark,92867284,97,3,291,2024-01-23 23:54:02.611017,shipped,39550,MS,Mastercard
1d9132ed-d584-4b8b-958c-ff4f9bd31883,Michele Reyes,85153660,91,9,819,2024-03-29 23:34:44.632404,shipped,39300,MS,VISA 13 digit
c8e2cbdb-8ff4-4e63-8dd5-a2699155ea3c,Joshua Daniel,77867261,57,7,399,2024-04-05 23:25:11.095263,pending,38604,MS,Mastercard
61dac328-8b75-4dc0-986c-e943807271ee,William Ray,84437860,7,5,35,2024-09-02 05:36:04.780746,pending,39656,MS,Mastercard
90847a6f-b544-4546-a990-4ecc6f82b8b1,Cheryl Cook,99937300,13,3,39,2024-05-13 04:33:35.520641,shipped,39492,MS,Mastercard
bb166da0-4163-46fd-9988-86d4322dba1d,Nancy Gonzales,82065393,29,9,261,2024-03-31 14:17:16.471145,pending,39421,MS,VISA 16 digit
49df83f6-3935-4027-b87c-b58b55a5ee40,John Ramirez,63105667,61,6,366,2024-05-15 02:00:43.847036,shipped,39397,MS,VISA 19 digit
7e4a683a-9c4c-48cd-b8d8-cf0f318b1ee4,Michelle Jackson,01047004,78,8,624,2024-03-16 17:39:28.543125,delivered,39337,MS,JCB 16 digit
a3628396-4da3-4897-abfb-de506d016168,Katherine Andersen,89562956,76,5,380,2024-03-07 05:20:10.283802,delivered,38692,MS,Maestro
da4f1866-2088-4fd2-a20a-1356e77109c9,Patricia Mills,22524683,84,6,504,2024-06-27 18:10:49.069587,pending,39075,MS,JCB 15 digit
6d99137c-8a2e-429a-ab6e-735cfd38946b,Andrew Taylor,38131752,26,9,234,2024-07-21 22:44:21.598751,delivered,38762,MS,Diners Club / Carte Blanche
27032445-93a2-47fa-a6a7-042e090a8110,Shawn Ford,88291727,69,5,345,2024-01-23 20:07:04.843750,delivered,39640,MS,Diners Club / Carte Blanche
d2c871c1-09c4-4f3c-aadd-f0b54f80f877,Samantha Carr,84507785,40,6,240,2024-03-30 00:36:34.144391,pending,38708,MS,American Express
3e4a9dde-ce1c-4e14-ad26-fccf53c80f11,Sara Moore,85678569,58,1,58,2024-09-01 07:27:45.054466,shipped,39099,MS,Mastercard
0e580a31-12ce-48a9-b1a9-99a6ee1b450a,Ashley Brown,54627123,82,6,492,2024-03-10 06:45:48.535859,shipped,39028,MS,Mastercard
72f57e33-7165-4515-abf8-9f99a9f43a29,Rachel Holland,53941794,85,2,170,2024-04-11 15:55:24.336285,pending,38668,MS,JCB 16 digit
0bf49edd-5cfa-48b7-93cd-38b6b36ace52,Stacey Howard,87069976,59,1,59,2024-08-05 07:40:22.900152,delivered,39143,MS,Mastercard
ab86099a-03f6-4dc1-b358-d3968c7eebf8,Gregory Oneal,06354794,85,5,425,2024-01-27 01:04:12.098023,pending,39003,MS,Diners Club / Carte Blanche
efc7232d-9c4f-451f-8cbb-5d3f7842b9d8,Jesse Reyes,30756618,18,10,180,2024-08-28 08:08:23.381490,pending,38615,MS,Diners Club / Carte Blanche
b60d7270-6d40-48ac-924d-dc44c98f1c7c,Dana Castro,15704122,15,7,105,2024-06-11 04:22:06.572124,delivered,38704,MS,JCB 16 digit
5c1af10b-dbe1-4f8a-a6ce-069d96c18591,Kelly Clark,71581866,26,5,130,2024-02-01 22:36:27.864982,shipped,39550,MS,Mastercard
319d0c62-e586-497c-935b-3432f97015a6,James Bright,00237512,92,9,828,2024-04-08 09:33:30.705398,delivered,38667,MS,VISA 16 digit
0e64621f-8243-47b1-9226-95928d56c2b0,Krista Smith,18078312,30,6,180,2024-06-26 14:12:55.078640,pending,39355,MS,Maestro
5fbc8ca4-7e36-496a-a716-3fd31e0b7f88,Brandon Taylor,45745249,26,3,78,2024-02-10 00:14:53.540877,shipped,39457,MS,JCB 15 digit
0a435632-15f1-4e1a-a51c-1312a431567b,Terry Richardson MD,45237584,67,7,469,2024-09-06 02:54:58.939967,shipped,38908,MS,American Express
a7d02ee3-0cf6-49fe-873c-9aada443d137,Alexandra Parker,73820048,88,10,880,2024-04-12 13:15:46.170841,pending,39306,MS,American Express
cec49b5b-2f2c-4d29-8dac-ea3642152ca8,Jonathan Williams,61139398,83,5,415,2024-04-01 05:25:37.661338,delivered,38668,MS,Maestro
f028d9e8-e051-4a62-81ed-eddd5746c2f1,Melissa Harris,13108496,81,3,243,2024-04-27 18:32:12.465374,delivered,39546,MS,Diners Club / Carte Blanche
031f405e-94ee-4d65-b9ce-cadaa46f7611,Joseph Shelton,68363130,85,7,595,2024-03-17 10:13:56.622306,delivered,39025,MS,VISA 16 digit
3394a028-e380-439e-9446-fe916df17366,Shawn Brooks,24586764,62,8,496,2024-08-26 12:14:50.070955,shipped,39226,MS,JCB 15 digit
266d2b5f-fa0e-4dce-9c8c-b50e7b2187ea,Rachel Holland,12837397,73,6,438,2024-03-09 13:07:18.241879,shipped,38668,MS,JCB 16 digit
b4135419-b7ac-4e50-a24f-d06ab38b5327,Stacy Little,49725650,55,10,550,2024-08-09 01:47:44.066488,delivered,38915,MS,Maestro
d258ef7d-81bc-4b10-a8c9-22d390c7cda9,Darin Michael,21411557,37,7,259,2024-02-08 05:05:43.340108,delivered,38940,MS,Mastercard
2c070134-b272-4a3a-b191-8ecad89f685a,Elizabeth Jones,01181135,26,5,130,2024-07-25 00:58:07.491125,delivered,39762,MS,JCB 16 digit
36d0471f-2eaa-4ec7-b489-c37e9d7875bd,Michael Patel,55687379,1,10,10,2024-06-27 05:55:43.992159,delivered,39774,MS,American Express
a71bb6c5-0acc-4d07-825d-4775a9550bbf,Kenneth Brady,36355082,100,2,200,2024-05-22 15:59:49.192158,pending,38929,MS,VISA 16 digit
7eb89c9e-e6a1-442b-8c03-8fb8b0ad99b1,Jonathan Wood,59102731,81,8,648,2024-04-29 11:45:22.993569,shipped,38678,MS,JCB 16 digit
cfbf17ec-6a4a-4c94-a6c4-c1f3bb9dcdd9,Shannon Martinez,38735677,25,5,125,2024-04-13 11:35:38.510273,shipped,39348,MS,JCB 15 digit
560fac8b-892c-4604-9c1c-21eb6aade68a,Andrew Taylor,95842332,72,10,720,2024-07-07 16:27:09.880054,pending,38762,MS,Diners Club / Carte Blanche
0bdbce30-de9a-4eb8-b75c-af9232e9f37d,Barbara Hernandez,92972964,36,6,216,2024-04-07 21:38:42.414736,delivered,38769,MS,VISA 13 digit
b4fd8b1d-f8d5-49c5-9b82-305104df95e2,Shawn Ford,01624274,91,4,364,2024-04-06 07:36:10.850021,delivered,39640,MS,Diners Club / Carte Blanche
b0e42b2f-e053-4959-a270-cdf64e75331b,John Ramirez,11540359,38,2,76,2024-06-27 00:41:04.764702,delivered,39397,MS,VISA 19 digit
ec89d89a-b83f-4ed2-8c8e-a822d88b1016,Dana Castro,51794682,74,1,74,2024-01-16 11:48:28.541327,shipped,38704,MS,JCB 16 digit
bac18d3e-01b6-47c0-b236-bb6563f739c7,Lauren Sandoval,65577660,82,7,574,2024-01-02 17:10:36.525121,shipped,39422,MS,VISA 16 digit
21d090a7-fb32-492a-bdc0-925f3081e044,Cynthia Cain,83903830,52,6,312,2024-06-20 00:59:17.323880,shipped,39357,MS,Mastercard
6dcf4db3-25ef-4b5c-8a61-d6b7efff42ca,Jessica Barnes,58477519,53,7,371,2024-08-17 14:44:56.226138,pending,39763,MS,VISA 16 digit
b65cc042-5232-437f-bf25-b7272e855173,John Walsh,97162063,42,6,252,2024-03-20 18:06:24.529445,pending,38806,MS,American Express
11691781-f7db-4110-8420-91060674e2c8,Gary Cruz,12598595,7,9,63,2024-06-07 20:12:59.324391,pending,38691,MS,JCB 15 digit
80fecbdc-2a88-4f06-aefb-3544437a4ee1,Sara Moore,35021506,98,1,98,2024-08-23 13:34:24.737963,delivered,39099,MS,Mastercard
dcaf2f35-0c71-4453-b12c-9163702fc693,Elizabeth Jones,75415037,68,2,136,2024-08-07 11:05:34.294400,shipped,39762,MS,JCB 16 digit
62e4608b-fb2b-41c1-b89a-44b479a68ce7,Richard Scott,30874664,47,5,235,2024-01-14 14:39:33.111715,shipped,39587,MS,VISA 16 digit
809d58a7-1405-4e74-b9a0-01210ce8eb09,Loretta Williams,46013538,55,5,275,2024-06-03 07:20:06.620992,pending,39197,MS,VISA 13 digit
9977fbed-737b-4bc7-990b-77604ed3f099,Melissa Harris,74028917,49,8,392,2024-08-14 16:41:12.655882,delivered,39546,MS,Diners Club / Carte Blanche
94f7d6b7-58fc-4d96-b9b7-befd13d228d8,Shannon Martinez,40660721,48,9,432,2024-07-25 02:27:22.678761,delivered,39348,MS,JCB 15 digit
a992c89d-6b1f-4713-8e41-12e3e77d2a82,Regina Braun,89321447,91,9,819,2024-07-30 23:42:20.721887,shipped,39564,MS,Maestro
07f7e709-34a6-4670-9686-0a15bc070147,Joshua Daniel,41196380,27,7,189,2024-04-29 14:35:54.794005,delivered,38604,MS,Mastercard
6a8c9811-7e42-41d1-95b4-78d3ae536841,Jean Young,84381484,82,8,656,2024-06-18 23:43:41.883369,delivered,38846,MS,VISA 16 digit
da71e7ee-2a9b-40f4-8424-767c99c220d4,Jay Thomas,99663650,70,10,700,2024-05-26 19:20:00.299482,shipped,38947,MS,VISA 16 digit
1cbe7683-4084-42d2-a171-c31d95b5f261,Douglas Woods,13894016,63,6,378,2024-07-07 11:28:26.511654,delivered,38764,MS,Diners Club / Carte Blanche
5d78cd9b-6700-4f15-bded-ae2d50826133,Rachel Holland,00476058,83,5,415,2024-02-06 18:41:49.296420,delivered,38668,MS,JCB 16 digit
ca1ec1b2-897b-4650-a118-92d78998a070,Cheryl Cook,36355082,100,2,200,2024-06-04 05:20:55.771504,delivered,39492,MS,Mastercard
2602096b-82c3-4f91-981d-2e2674404279,Michelle Jackson,11660361,53,3,159,2024-04-25 19:49:54.146616,pending,39337,MS,JCB 16 digit
ee98d03f-3530-4749-918e-88fbe3505a25,Charles Padilla,25501469,90,10,900,2024-03-05 09:31:47.051560,delivered,38613,MS,JCB 15 digit
467e8aba-bd41-4d75-8b9f-86c037e856bb,Hayden Moore,58783634,8,3,24,2024-03-06 18:31:37.903020,delivered,39193,MS,JCB 16 digit
a8f53764-0188-4197-850d-527c5577e34b,Jesse Reyes,01379884,2,4,8,2024-04-23 22:02:35.388725,pending,38615,MS,Diners Club / Carte Blanche
297b76a4-3369-4587-8649-e7c2535a484e,Shawn Ford,56801491,57,5,285,2024-01-03 13:04:58.986355,delivered,39640,MS,Diners Club / Carte Blanche
7364f22d-2368-44fa-ad14-209398246c98,Christina Schultz,08845559,71,5,355,2024-09-03 05:00:46.865933,shipped,39554,MS,Discover
3e1f0913-0823-4761-9170-cc679acc26f9,Katherine Andersen,97466741,91,8,728,2024-01-05 07:13:30.230648,delivered,38692,MS,Maestro
a23961e2-4e73-4ed5-8380-7d1d5079f8f9,Jeffrey Gomez,13702274,88,1,88,2024-07-22 23:38:37.620967,pending,39625,MS,JCB 15 digit
a48b24b5-646b-463e-97e8-c8972c2e67f5,Michelle Jackson,04061168,46,7,322,2024-02-22 01:17:41.956817,shipped,39337,MS,JCB 16 digit
f42ea7a7-6892-4042-b08d-8b08c1c895bb,Dana Castro,62550376,44,4,176,2024-08-15 01:25:01.872999,shipped,38704,MS,JCB 16 digit
5ffc36da-be36-4cd0-9167-039d8ba8b841,Tammy Rollins,89278611,89,8,712,2024-03-20 06:22:36.002656,pending,38975,MS,Mastercard
1e9c5a5f-2398-4bd2-a2c3-22d9257d467d,Hannah May,73472674,53,1,53,2024-08-31 13:23:39.518159,shipped,39006,MS,American Express
3ed2e335-abfc-4969-a6ad-b602cdc4c9d3,Christina Schultz,52568923,63,10,630,2024-08-29 09:58:51.469775,delivered,39554,MS,Discover
6f8111dc-8a40-491d-a1bb-0c48118d6b12,Christine Smith,86900478,9,3,27,2024-06-04 14:37:53.637220,delivered,39335,MS,VISA 16 digit
376d8868-3bd4-4e36-b619-65dab0876aea,Emily Palmer,40120263,33,8,264,2024-01-29 20:56:18.272328,delivered,39422,MS,VISA 19 digit
2928af19-d120-49cb-9ad0-4f46addb9df2,Joseph Shelton,14147876,98,6,588,2024-02-07 15:19:40.809628,delivered,39025,MS,VISA 16 digit
05854bdb-bfd0-46d0-a31e-ae744d0b95bc,Jeffrey Hernandez,65717424,31,8,248,2024-02-13 13:27:45.368622,pending,38688,MS,Diners Club / Carte Blanche
d81b3d44-86df-4688-932f-d911b48cea80,Michael Wood,32479645,67,1,67,2024-04-15 08:46:28.833740,shipped,39341,MS,Maestro
e49cf217-88d8-494f-865d-e927e36d2dc4,Stacy Little,02468594,59,3,177,2024-06-12 09:25:34.897492,delivered,38915,MS,Maestro
4c526631-75cb-42ca-bd2b-851db86d5233,Joseph Patterson,39529879,23,5,115,2024-07-08 14:44:14.563468,shipped,38671,MS,JCB 16 digit
34900761-8414-433d-b451-c32018451ea3,Elizabeth Jones,61139398,83,8,664,2024-07-24 07:40:28.634487,delivered,39762,MS,JCB 16 digit
12420242-ab34-4e8d-956e-19818f260479,Shawn Brooks,32628913,49,2,98,2024-04-15 06:55:06.110283,pending,39226,MS,JCB 15 digit
ddbc0a71-220e-4723-bb26-d6bc6979ddc7,Kyle Ferguson,22626073,81,1,81,2024-05-19 09:20:25.748210,pending,39540,MS,Discover
daadee15-89fb-477f-93a6-86dbba2243d0,Kathy Murphy,46252746,15,8,120,2024-06-25 00:44:11.622641,pending,39500,MS,VISA 19 digit
52994928-8364-4394-a673-7ddae2f2eb07,Courtney Aguirre,13108496,81,8,648,2024-06-27 21:58:06.040293,shipped,39357,MS,Discover
4b9ba540-b57a-4d7e-ac89-18bc788f5066,Cynthia Cain,36055999,35,10,350,2024-07-28 11:50:50.938611,pending,39357,MS,Mastercard
39c0093f-f54f-44ae-baeb-ee8d1ca6cecd,Lisa Garcia,38316531,2,6,12,2024-04-05 02:50:14.838480,pending,39447,MS,VISA 19 digit
00bd6283-a4fd-4057-a01d-4494606faf82,Matthew Miller,04373315,80,2,160,2024-08-01 19:46:08.107990,delivered,39561,MS,Diners Club / Carte Blanche
35068428-56ee-4cfe-9400-d9d5b27c570d,Brian Aguilar,73132257,58,4,232,2024-04-21 18:45:35.436289,pending,38840,MS,VISA 19 digit
98079eec-2a22-4682-837a-52acb8bfe448,Scott Keith,97162063,42,2,84,2024-01-03 07:50:46.332536,pending,38986,MS,JCB 16 digit
3b9ee70f-1b3a-49b3-be1f-9b438fdb2ae1,Christine Smith,25590050,24,1,24,2024-07-15 08:03:22.264112,pending,39335,MS,VISA 16 digit
92005971-2a2f-44a3-a404-a1e9f2eff826,Brent Weber,42508571,41,1,41,2024-02-20 10:20:55.286504,pending,38885,MS,JCB 16 digit
5a2b54d4-a5cf-431f-838d-2f19d60fc931,Charles Padilla,85059108,91,1,91,2024-07-01 05:32:05.884010,delivered,38613,MS,JCB 15 digit
70af547b-f00c-4bfa-a56e-5d7bcaed207f,Sara Moore,77484284,11,2,22,2024-04-20 22:03:47.644886,delivered,39099,MS,Mastercard
0e7bfc08-46a5-4f81-9b4d-1694e9cd550e,Holly Brooks,71236131,68,4,272,2024-03-14 05:23:15.158130,shipped,39265,MS,JCB 16 digit
6f5a53fd-d951-4f7e-9a2a-b301cb4ec94e,Kristie Klein,69421945,80,5,400,2024-04-01 10:35:14.026491,pending,38925,MS,JCB 16 digit
6352ded3-a8ae-47af-b448-9426044b8616,Gregory Oneal,62550376,44,4,176,2024-03-26 11:02:18.589763,shipped,39003,MS,Diners Club / Carte Blanche
aabcffc4-6446-4afb-9acd-6de4065527a8,Michael Hill,70930917,20,6,120,2024-03-27 06:54:05.520912,delivered,38650,MS,Maestro
8bf3c6bf-b031-40f4-b7e6-be829099a7c6,Rachel Holland,46250025,3,1,3,2024-01-15 19:10:50.123898,shipped,38668,MS,JCB 16 digit
199fc494-f823-4663-b7cc-06a258c0ace0,Stacey Howard,48224901,68,8,544,2024-05-12 13:19:49.206483,delivered,39143,MS,Mastercard
421fcf3d-e489-45ae-8e31-45d5f5aeb800,Dana Castro,14147876,98,8,784,2024-04-15 14:20:00.718028,delivered,38704,MS,JCB 16 digit
a0219ca5-77c5-4fe4-8d38-a0a9ee881f81,John Ramirez,62550376,44,10,440,2024-04-23 06:33:02.110506,shipped,39397,MS,VISA 19 digit
d2be510b-2cbc-4892-a73f-84c6772c16b5,Stacy Little,74350261,25,3,75,2024-04-26 00:07:01.042890,pending,38915,MS,Maestro
2ab64430-821d-4812-a14f-a745d97d2d1b,Megan Ryan,24670074,16,6,96,2024-01-09 07:22:41.656979,pending,39678,MS,VISA 16 digit
94fa9d08-08ee-4269-91b7-fe8512531c47,Brian Aguilar,98075218,6,10,60,2024-03-11 20:05:46.808993,delivered,38840,MS,VISA 19 digit
10d91f02-4cea-45c6-ad3f-d39feab52c52,Jaime Robertson,13159122,73,8,584,2024-06-14 00:47:00.164417,pending,39412,MS,Maestro
30c716e8-a360-49ce-98c9-77632c77c6c2,Christina Schultz,27693919,11,2,22,2024-02-07 16:08:15.576260,pending,39554,MS,Discover
4b7857c4-15f1-4d49-9615-8a038396516b,William Ray,56543667,46,4,184,2024-02-29 16:06:04.401526,shipped,39656,MS,Mastercard
e1bcbeeb-f589-4cac-9f58-02fae9fde1b2,Hannah May,82065393,29,6,174,2024-07-11 07:50:55.683503,pending,39006,MS,American Express
52ab5015-a55f-4325-972e-97afeafe0238,Reginald Gibbs,83903830,52,8,416,2024-04-26 10:08:33.709241,delivered,38767,MS,Discover
828a8ca4-b7a6-459b-bf29-eb685ff6d036,Joshua Daniel,12428557,14,6,84,2024-09-03 02:07:14.780262,pending,38604,MS,Mastercard
80df9ff3-e5e7-4316-a50c-4401bfee7eb3,Holly Brooks,88920542,90,7,630,2024-04-29 14:46:52.956105,delivered,39265,MS,JCB 16 digit
d1d68b47-21a2-44d3-9d69-458ff2809581,James Bright,74768998,21,4,84,2024-02-07 03:22:18.323502,delivered,38667,MS,VISA 16 digit
e2fe50d6-d0f2-4b2a-b543-7def9f0141b9,Charles Padilla,38346316,46,5,230,2024-07-17 12:00:15.138409,pending,38613,MS,JCB 15 digit
d1120c15-d47f-47d1-9666-f5e9de85d5a6,Casey Miller,34059036,71,4,284,2024-06-24 15:33:33.378980,pending,38771,MS,VISA 13 digit
0fb89885-673b-488c-ad90-cd6a7fc6b0b6,Stacey Howard,20211868,36,8,288,2024-06-01 13:56:24.147698,shipped,39143,MS,Mastercard
ed46dd98-2a9e-47ce-b54a-735128af7857,Mikayla Joseph,99937300,13,4,52,2024-04-29 07:06:10.622118,pending,38881,MS,Diners Club / Carte Blanche
8cee0071-fcc4-45fe-9aa7-9a164dbc1951,Kelly Clark,65931882,13,5,65,2024-03-21 12:10:55.202780,pending,39550,MS,Mastercard
b14247de-332c-40fb-9486-73169be845d8,Kenneth Brady,94147346,83,10,830,2024-07-24 18:46:16.000607,delivered,38929,MS,VISA 16 digit
8d070523-6c2f-4110-a3f7-24932881260f,John Ramirez,19104171,94,4,376,2024-08-28 19:30:57.184918,pending,39397,MS,VISA 19 digit
23c2d638-ef27-4813-bace-ea9c8449d31b,Darin Michael,37895129,80,8,640,2024-06-29 10:35:26.483711,delivered,38940,MS,Mastercard
6c4cde9e-abbe-4633-a4e2-aa6188d648c6,Andrew Taylor,22332271,82,2,164,2024-01-11 16:22:55.291733,pending,38762,MS,Diners Club / Carte Blanche
d9b07c2c-1607-4ec3-b4c4-ed8d11633a03,Sara Moore,19585079,64,7,448,2024-03-18 22:51:25.986876,shipped,39099,MS,Mastercard
4c48dd0c-9d4f-4948-b1f6-d0f57b248230,Terry Richardson MD,64666624,92,6,552,2024-07-25 23:54:59.581006,pending,38908,MS,American Express
2441ef42-2cb8-47a3-bf30-513ae3ce5efd,Vicki Mitchell,43428038,79,5,395,2024-08-09 15:50:30.939844,shipped,39061,MS,JCB 16 digit
baa983b0-de90-4801-a574-e6869ad090d9,Jay Thomas,54548565,9,4,36,2024-05-13 14:21:49.721224,pending,38947,MS,VISA 16 digit
dd8bf96e-9389-4a8a-99b7-e5056ee5a7ff,Courtney Aguirre,72034040,84,1,84,2024-01-02 20:30:37.379914,shipped,39357,MS,Discover
7ed9351d-100b-46a2-b11b-9f576aa793d4,Erica Wells,85153660,91,3,273,2024-04-19 07:59:15.939562,pending,39083,MS,Discover
0e14b88a-b2c4-48f1-8cbf-2e3ec6638e7c,Daniel Cox,90515088,85,1,85,2024-04-14 08:21:39.538583,shipped,39015,MS,Maestro
ebd57486-2db5-4e9a-8139-1cd645c1a227,Meredith Lopez,69536960,28,7,196,2024-01-21 21:29:37.606079,shipped,39213,MS,JCB 16 digit
90903f5f-1dc0-413a-bbee-35fadb13a345,Casey Miller,00049108,72,7,504,2024-04-10 05:32:00.460690,pending,38771,MS,VISA 13 digit
655d9ca4-eb6a-4e14-aea0-02e5401d0188,Jessica Barnes,63137255,57,9,513,2024-07-26 08:49:02.408319,shipped,39763,MS,VISA 16 digit
a7868b87-14a7-4c89-b598-2e9dea948a06,Elizabeth Jones,47198074,14,1,14,2024-05-26 16:43:15.965375,delivered,39762,MS,JCB 16 digit
da7b6eec-a816-45a4-8538-1d805f484e34,Michelle Jackson,67213733,37,10,370,2024-09-02 18:33:44.715405,shipped,39337,MS,JCB 16 digit
cad0f380-5f00-414b-a834-78c088e74e94,Cheryl Cook,06932480,82,7,574,2024-03-30 19:53:08.933075,delivered,39492,MS,Mastercard
4afffe83-1a9d-4800-9238-70e9dc491296,Tony Smith,41196380,27,5,135,2024-03-30 09:30:20.063119,delivered,38998,MS,JCB 15 digit
97522e05-344e-4060-bfba-650d24149b13,Shannon Lamb,53941794,85,8,680,2024-08-16 09:40:16.109110,pending,38853,MS,Maestro
425b4bbd-9afc-401f-af1f-928ac8b76dae,Andrew Taylor,13627560,18,10,180,2024-09-01 16:58:32.195972,shipped,38762,MS,Diners Club / Carte Blanche
3181b581-f10e-49b8-bc6d-c1a1b8cb64ae,Erin Padilla,32413458,85,9,765,2024-05-19 20:45:27.742953,pending,39580,MS,Mastercard
87b0f0ad-3d2d-4748-95f2-ef2b054d9ef7,James Bright,77484284,11,4,44,2024-01-11 08:27:41.657620,shipped,38667,MS,VISA 16 digit
15fcc9aa-47f6-4299-8ba7-5a69017c30dd,Holly Brooks,16567214,30,4,120,2024-05-04 17:04:09.734782,delivered,39265,MS,JCB 16 digit
7e5bdd0a-96f1-4d9c-a307-7634723e5e14,Reginald Gibbs,99663650,70,9,630,2024-06-05 20:26:03.238912,shipped,38767,MS,Discover
7184baff-0572-47f2-8340-8d4bddc0ba79,Jessica Sanders,00323802,55,1,55,2024-04-22 00:27:21.102356,pending,38724,MS,JCB 15 digit
b8111d79-dfd0-4d0f-817b-9309e0aaaf37,Yvonne Collier,32081305,60,9,540,2024-03-18 20:46:08.287010,pending,39264,MS,JCB 16 digit
df9440f4-685c-47dc-b70d-6689df1be9b9,Alexandra Parker,18986211,24,8,192,2024-05-21 00:30:27.078956,pending,39306,MS,American Express
39a19507-f88c-48d4-99ff-bd4cd2c5d671,Nancy Gonzales,62489164,52,9,468,2024-01-29 05:23:47.720889,pending,39421,MS,VISA 16 digit
d566ca57-eaa1-4655-bdf8-9ccc79e22840,Brian Aguilar,71807263,34,5,170,2024-06-15 15:45:39.608765,delivered,38840,MS,VISA 19 digit
d85c7194-a023-48ad-a9ce-bf4f62d76e7d,Kathy Murphy,74102143,35,4,140,2024-01-23 11:58:03.734007,delivered,39500,MS,VISA 19 digit
