c0414106-c59f-4670-aa3a-3409f41e5716,Colleen Davis,22626073,81,2,162,2024-07-23 22:21:19.180371,pending,81027,CO,VISA 19 digit
82f5c2bb-28ff-487a-a820-69ff420a3563,Timothy Bell,90725067,10,6,60,2024-01-09 03:32:23.672696,delivered,80478,CO,Diners Club / Carte Blanche
aabe3d0b-e9aa-4cf7-9e71-d5b00c7c7a7e,Kendra Hanson,41196380,27,8,216,2024-01-11 18:17:42.409137,pending,80257,CO,Maestro
66331c3e-985d-4e2f-84af-10a2fc91e092,Christopher Gutierrez,19615943,6,2,12,2024-07-30 10:11:49.696215,shipped,80125,CO,Maestro
1cd73a05-237f-439b-9af4-393c06f3cbfb,Melissa Koch,63465686,72,8,576,2024-07-02 07:15:58.889602,delivered,80721,CO,JCB 16 digit
e8976808-6403-4d7e-8a67-244d8f9c19c0,Nicholas Carter,71008745,2,10,20,2024-03-22 21:20:02.388315,pending,80420,CO,VISA 16 digit
5e7d7698-c0a2-4b63-b66f-d507c53d73dc,Stephen Sherman,92262560,88,5,440,2024-07-21 00:11:30.565758,pending,80407,CO,VISA 16 digit
3c6a6ac3-1435-4ec4-988a-79e2ac30b192,Meredith Hoffman,96620571,19,7,133,2024-03-21 08:05:30.562567,pending,81062,CO,JCB 16 digit
1a2cabdf-ce18-4597-90d5-6c59f6659044,Alexander Williams,51322502,71,10,710,2024-04-13 14:19:08.205650,delivered,80994,CO,VISA 13 digit
d3dd543c-f0d6-4002-87a6-8bac9dcfb610,Mark Rogers,12745470,92,2,184,2024-01-16 12:33:11.177361,delivered,80138,CO,Diners Club / Carte Blanche
11d79262-a3e2-44c0-b39d-e9f828ba751e,Joyce Logan,09667280,91,1,91,2024-06-23 03:04:24.852565,pending,81324,CO,VISA 16 digit
3699e1cd-2467-45f4-aff0-d2cd517d8286,Kristina Martinez,33103723,21,4,84,2024-03-11 07:52:18.687671,pending,80843,CO,JCB 15 digit
c7cd0df1-4c0e-46a2-a357-4788c9d8657f,Bill Kane,54327139,22,1,22,2024-02-08 00:09:10.365945,pending,80232,CO,Discover
94ce2e21-ddc6-4833-a8dc-28767e23b294,Jenna Jones,87243000,9,2,18,2024-08-02 04:04:26.853679,delivered,80196,CO,JCB 15 digit
ea722f9e-bbd6-4454-a575-ca60562b01d8,Carrie Decker,02468594,59,7,413,2024-03-29 22:33:15.420623,pending,81402,CO,VISA 13 digit
0b2f384c-0ec4-4daa-9b1e-9defb2935151,Derrick Scott,68248239,62,4,248,2024-07-31 22:33:46.954285,pending,81016,CO,VISA 19 digit
2be5fb22-df62-48e4-802e-462ef4ad4c1c,Austin Mack MD,38131752,26,6,156,2024-08-27 10:59:02.581223,pending,80498,CO,VISA 16 digit
65e20709-f944-4a14-b4c3-c5aa5c64cb71,David Wagner,06713485,65,10,650,2024-04-29 20:59:20.999120,delivered,80926,CO,JCB 16 digit
f18cdc66-3928-4019-ac8b-eb33e3b11a24,Stephen Sherman,73458609,67,1,67,2024-04-18 10:36:33.976815,pending,80407,CO,VISA 16 digit
280753db-5a7c-4043-9b8c-eddfdb06ba1e,Joyce Logan,78353077,73,2,146,2024-08-28 10:20:38.851086,shipped,81324,CO,VISA 16 digit
feeb0b6e-c81f-4b71-b1db-a7c6d6c94c1f,Terry Turner,30277441,78,8,624,2024-03-08 12:01:07.025509,shipped,81479,CO,VISA 13 digit
5bb9531f-e5dc-4c69-9c19-8d275ad9e640,Heather Oliver,90178559,61,6,366,2024-03-18 10:27:48.539625,shipped,81395,CO,VISA 16 digit
f899f945-acf5-46a0-aabb-ed7378b9d351,Angela Moore,20211868,36,1,36,2024-08-27 06:45:54.915127,pending,80890,CO,Maestro
d6c88ca6-1757-488f-99ff-79f23058284a,Carla Sullivan,11660361,53,1,53,2024-07-29 18:54:36.657355,pending,81213,CO,VISA 13 digit
f7c082d3-6eed-41b3-816e-9783048e271c,Elizabeth Mcpherson,17613477,18,3,54,2024-07-28 03:29:08.641190,pending,80763,CO,VISA 16 digit
014a3b95-fca4-406b-9afe-72205cdbbbdb,Christopher Gutierrez,23955486,93,3,279,2024-06-13 20:13:54.782791,delivered,80125,CO,Maestro
750d2594-3930-49a8-a024-c59b8c9c0e74,Susan Rocha,66224938,79,9,711,2024-07-22 20:21:23.263660,shipped,80894,CO,JCB 15 digit
2e116434-bc1d-4b22-926b-7e8c7ee04aae,Ashley Case,89112533,66,8,528,2024-03-10 09:14:19.499791,shipped,81437,CO,JCB 15 digit
8b9a29a6-386a-4509-b3d9-27f1e294c0d2,Tammy Martinez,68699697,10,9,90,2024-06-27 15:33:14.373375,pending,80718,CO,Mastercard
4fe0fe9e-90f4-4797-bfc8-cc949eb56550,Colleen Davis,43053414,72,4,288,2024-02-05 23:52:36.857531,pending,81027,CO,VISA 19 digit
09a2e489-d61a-412b-9a52-c07b6bd79a61,Samuel Blake,11636779,61,9,549,2024-02-22 16:37:23.540408,pending,80281,CO,American Express
528c903f-7824-4228-a241-d9ae11428718,Tammy Martinez,28423782,72,8,576,2024-03-10 05:28:35.865593,delivered,80718,CO,Mastercard
b76076f7-77de-4892-9891-f26c2e0d849a,James Burns DVM,54001336,18,2,36,2024-09-04 20:23:02.521850,delivered,81298,CO,VISA 19 digit
300e2dd5-2e87-4d01-b7e4-9f6e84be81c2,Madeline Cook,09810693,97,8,776,2024-07-18 00:07:06.902455,pending,81598,CO,JCB 16 digit
15e1e5cf-f6a8-46c6-9b2b-a2c3f03f2cae,Daniel Brown,12859658,24,5,120,2024-01-01 09:56:15.800803,shipped,81098,CO,VISA 16 digit
27549a7f-93c0-4251-a784-f5e8739db69c,Stephen Sherman,22524683,84,7,588,2024-04-20 03:55:21.037128,delivered,80407,CO,VISA 16 digit
6af37a61-d7a2-49c0-b8b9-8c3a66ab49e0,Carol Roach,32742022,24,2,48,2024-02-06 23:03:37.802568,delivered,80744,CO,JCB 16 digit
12c15119-9428-4dbe-b631-fe3066b92b6c,Jason Allen,84381484,82,6,492,2024-01-10 14:03:44.558972,pending,81287,CO,VISA 13 digit
2857e575-1940-4536-bf8a-bdacfa23958a,Alexander Williams,27646076,2,4,8,2024-01-02 21:15:35.503059,shipped,80994,CO,VISA 13 digit
b77c1401-5bea-40b7-8841-cb8b46656a12,Jennifer Meadows,67747283,5,1,5,2024-07-13 11:41:23.035918,pending,80860,CO,JCB 15 digit
5d89f090-b364-4345-9291-bad94a1221ed,Kristina Martinez,29554256,38,4,152,2024-09-01 00:54:01.623327,shipped,80843,CO,JCB 15 digit
3a58b095-261c-4838-83b7-179988c2ab64,Carrie Decker,39571243,73,2,146,2024-02-03 23:40:34.517869,pending,81402,CO,VISA 13 digit
4a7ec1d6-c1d0-4aa6-b294-9a81048b14cd,Emily Day,59830078,42,1,42,2024-07-20 02:57:20.751178,shipped,80584,CO,Discover
85189a44-a7fc-4d16-82d3-662c1270b87a,Pamela Webb,42903833,51,7,357,2024-06-11 11:39:33.569925,pending,81056,CO,VISA 16 digit
bcc80f17-b52c-4aa9-abf6-2c14b00b695c,Sheila Jackson,87069976,59,10,590,2024-07-26 14:13:05.401622,delivered,81592,CO,VISA 16 digit
cf32434b-def1-4462-be96-707b965fd19c,Duane Ross,15986115,6,5,30,2024-03-23 01:59:37.878081,pending,81248,CO,Diners Club / Carte Blanche
f21a6bdb-db0c-43ed-9974-461acb313e54,Heather Oliver,90465420,26,2,52,2024-08-25 22:40:18.493812,shipped,81395,CO,VISA 16 digit
e735a945-bb88-4888-9821-e4e10a52ee1e,Carlos Fisher,30047976,44,10,440,2024-04-01 19:29:31.452601,pending,80589,CO,VISA 19 digit
69ae8523-f984-4451-8471-f73de36de9c4,Mr. Johnny Davila II,05827992,99,4,396,2024-01-11 04:08:40.138458,delivered,80257,CO,JCB 16 digit
05a5d48c-de90-4edd-9e3e-223d6361b72e,Mark Rogers,19562841,38,1,38,2024-05-17 14:47:43.010541,pending,80138,CO,Diners Club / Carte Blanche
b23a410b-6ea5-46ca-9fd0-25e4077537e2,Pamela Webb,81853779,72,7,504,2024-02-07 21:56:14.730453,pending,81056,CO,VISA 16 digit
54b03d4b-1deb-4fe7-902a-872b4147dbd5,Madeline Cook,88833811,96,8,768,2024-06-01 03:40:37.332831,pending,81598,CO,JCB 16 digit
f7d85e20-0cf4-47db-9c3b-264d1713fa9a,Meghan Jensen,45303715,53,10,530,2024-02-20 20:07:43.746854,delivered,80291,CO,VISA 19 digit
cd777579-8b2d-4785-8d41-a991209d69e6,Kyle Bullock,43409280,82,3,246,2024-04-05 23:50:57.165334,pending,80634,CO,JCB 16 digit
1080f3f6-7403-44ff-bd69-4fac71953a17,Susan Rocha,33652887,47,1,47,2024-04-08 13:03:12.496426,shipped,80894,CO,JCB 15 digit
4a4869d7-b3a5-45b1-ab44-015aea3b72c0,Steve Sandoval,37251017,58,7,406,2024-04-27 14:45:26.645876,delivered,81476,CO,American Express
9b2f8799-0674-4337-9680-2260ade7c789,Carrie Decker,70257670,38,8,304,2024-04-25 07:32:24.210065,pending,81402,CO,VISA 13 digit
4f6dfca8-dc85-4507-a77a-84b27d852a57,Timothy Bell,63482904,5,4,20,2024-04-15 02:49:47.369041,pending,80478,CO,Diners Club / Carte Blanche
f5778686-8e7d-4dc3-860d-c41e1d0e7a33,Tammy Martinez,93888738,64,1,64,2024-06-27 16:51:11.578334,pending,80718,CO,Mastercard
21fe6885-3b36-43ab-b51f-1a284996d53c,Kristina Martinez,93784672,46,10,460,2024-05-12 15:41:37.337054,pending,80843,CO,JCB 15 digit
e868aa43-8f4f-4965-9bee-5919fb5bfd99,Jennifer Meadows,29609239,59,3,177,2024-01-02 16:28:08.175811,shipped,80860,CO,JCB 15 digit
9773856d-0d28-46b9-89c5-b0b9704eeed9,Angela Moore,03714348,60,5,300,2024-03-25 03:58:25.114156,pending,80890,CO,Maestro
e60a548b-f1b3-4031-bf97-6d5256a34967,Joanna Santos,65536360,16,8,128,2024-08-14 18:00:21.999612,pending,81213,CO,Maestro
3e8125d8-81c2-4a3d-b8eb-3c31b5daaa3d,Monica Morgan,91224873,22,6,132,2024-07-06 09:50:10.398846,delivered,80931,CO,JCB 15 digit
1dc9e7f9-bcf5-4ddd-95fd-845914ffea84,Jason Allen,25590050,24,4,96,2024-02-27 18:17:44.907635,delivered,81287,CO,VISA 13 digit
e754aed3-6b9d-485c-a0e6-20db6efdf329,Robert Meadows,29993581,71,4,284,2024-03-02 01:22:28.469020,delivered,80191,CO,Maestro
e737522f-49da-4e21-b10a-8508ed879c38,Bill Kane,30471887,7,5,35,2024-03-15 04:52:01.985670,pending,80232,CO,Discover
e017dfff-e94e-4e0e-a3b6-8906da80d15f,Mr. Johnny Davila II,41094822,57,6,342,2024-05-06 03:15:37.801743,shipped,80257,CO,JCB 16 digit
ad89f227-6a15-46e4-96e4-c64b1c057702,Kelsey Fox,00947725,92,9,828,2024-05-14 14:47:44.176046,delivered,80376,CO,JCB 15 digit
16ca02fc-7aab-4dfc-be82-7137e439f738,Carol Roach,33216805,28,6,168,2024-05-14 06:40:23.697352,shipped,80744,CO,JCB 16 digit
afb0f726-fc12-45fd-9eb6-5de6fc310d70,Melissa Koch,70888416,93,7,651,2024-07-06 15:02:00.032025,shipped,80721,CO,JCB 16 digit
4e5b845d-681f-4c70-ae00-e11329aca0f8,Carla Sullivan,34866016,87,5,435,2024-03-08 11:41:29.617607,shipped,81213,CO,VISA 13 digit
0b7a3905-a6c4-42ba-9af3-7e4cab4f70b2,Rebecca Lucas,46623232,21,4,84,2024-05-08 07:27:30.747141,pending,80284,CO,VISA 16 digit
652c0c08-0413-4cc0-aa00-823ec6db8370,Austin Mack MD,27580707,43,9,387,2024-01-02 08:30:19.261755,pending,80498,CO,VISA 16 digit
054590fc-efce-4da5-a282-99a07c33400a,Teresa Daniel,28899518,9,6,54,2024-05-11 13:00:39.535968,shipped,80414,CO,VISA 13 digit
085a339d-366f-41d1-a060-94d7bf0398c1,Rebecca Black,66330752,82,2,164,2024-02-24 09:56:55.187982,pending,80338,CO,Mastercard
4aa15081-f871-40c8-8c7a-cd10e6dc7c23,Monica Morgan,47986534,96,6,576,2024-07-07 13:56:12.959483,shipped,80931,CO,JCB 15 digit
e4c84094-74dd-4470-9258-fbea65c5dce7,Amy Lowe,13151560,35,5,175,2024-01-22 20:24:46.284939,delivered,81581,CO,JCB 16 digit
c502dff8-a4c1-4063-b151-fb2a3e616249,Kelly Washington,92894587,55,6,330,2024-03-04 09:13:32.723682,delivered,80959,CO,Discover
5ef76335-b553-480f-8f46-4ad69d657aa1,Mr. Peter Dominguez,66807254,17,8,136,2024-04-10 02:06:31.487808,pending,81521,CO,VISA 13 digit
d57513ef-fc11-4178-b7b2-127ccb91356d,Jason Allen,09042827,77,2,154,2024-02-16 21:46:10.761839,pending,81287,CO,VISA 13 digit
5b8f8d78-555e-4145-a46d-119609a976c0,Timothy Bell,18699517,51,5,255,2024-04-29 09:29:56.113568,shipped,80478,CO,Diners Club / Carte Blanche
23fa7289-0739-462e-8aa4-213f6c817ff0,Rachel Howard,99791445,86,5,430,2024-03-22 16:25:10.430634,shipped,80441,CO,JCB 16 digit
e2a40a8b-f585-433b-8d82-cc7483f004c5,Scott Miranda,15116055,38,2,76,2024-08-02 12:14:36.672634,pending,80609,CO,American Express
45a80e39-1fd3-431d-af56-01d5d7207154,Jenna Jones,96790861,73,6,438,2024-05-26 12:11:45.143558,shipped,80196,CO,JCB 15 digit
c1baac38-4420-4420-9d0e-df2435ccc893,Derrick Scott,52568923,63,8,504,2024-04-26 08:16:31.143929,shipped,81016,CO,VISA 19 digit
aac2ab67-3fbc-4559-9bf6-dda19614b94e,Peter Wade,96110577,78,5,390,2024-06-06 03:35:45.719579,shipped,81042,CO,Maestro
f85be2b6-aaab-4278-a872-48d445dce4f6,Christopher Brown,89278611,89,6,534,2024-08-28 12:18:30.320207,delivered,81303,CO,Maestro
db888ba9-7d80-4f9d-a644-781eb8f88aac,Jason Allen,86995122,89,5,445,2024-05-22 05:08:16.776957,shipped,81287,CO,VISA 13 digit
b685d093-5a2b-46cf-9703-6f37ab173cd2,Sara Williams,58084281,7,7,49,2024-02-02 18:07:03.994287,delivered,80617,CO,American Express
c64ebabb-5797-4c59-a960-732f60bc8680,Kelsey Fox,44048341,77,1,77,2024-02-23 21:47:42.980961,shipped,80376,CO,JCB 15 digit
d66df445-0f54-447c-9a17-851dad279dff,Melissa Koch,63059748,27,10,270,2024-08-12 09:45:38.086201,pending,80721,CO,JCB 16 digit
4489d568-0c69-4502-a815-6cd28166c1a2,Derrick Scott,60640383,8,10,80,2024-08-12 21:24:51.179218,pending,81016,CO,VISA 19 digit
fa8b6df1-5937-4c27-899e-7356336bab6c,Cynthia Gonzalez,72834107,65,5,325,2024-01-22 03:52:02.488343,shipped,81658,CO,JCB 16 digit
13d2d3dd-67c6-4b5d-b210-29b12f7cfe4b,Monica Morgan,38045592,35,9,315,2024-05-23 02:07:08.197609,pending,80931,CO,JCB 15 digit
5387d6b6-440a-4f1f-aaa1-04dc70b2f955,Luke West,22086945,62,6,372,2024-04-07 17:23:13.553593,delivered,80718,CO,Discover
c58c8e6c-928a-4d92-b857-1578a05c4dd2,Douglas Cummings,88710105,1,3,3,2024-09-02 17:10:52.709902,shipped,81277,CO,Discover
72c11f78-6d60-4a31-ba83-bd78e6c783cb,Rebecca Lucas,12428557,14,10,140,2024-08-26 02:19:08.452473,pending,80284,CO,VISA 16 digit
e88d574e-c19b-4ec6-82f7-12767503536b,Dean Rodriguez,71073415,96,4,384,2024-03-07 06:55:04.563308,shipped,81264,CO,Discover
e907bdb4-9621-4448-bbf2-e8b67b9beb5b,Mr. Juan Sanchez,79340304,91,7,637,2024-07-13 13:34:54.427014,delivered,80296,CO,Diners Club / Carte Blanche
a7653b89-995d-43c8-b8cb-35dc6d23e2f4,Timothy Bell,91990150,65,4,260,2024-03-12 10:41:45.390314,shipped,80478,CO,Diners Club / Carte Blanche
441d8b81-ae9d-4cec-bd5e-dfa52691081c,Mark Parrish,48693707,48,9,432,2024-01-21 15:58:21.856071,shipped,80463,CO,Diners Club / Carte Blanche
56665810-0205-4f3a-95ed-91c66728a790,Pamela Webb,93374897,60,4,240,2024-03-03 17:31:52.227598,shipped,81056,CO,VISA 16 digit
4f467e16-96ca-4afb-b234-008f69fb65aa,Carlos Fisher,71807263,34,2,68,2024-07-02 00:15:29.459515,delivered,80589,CO,VISA 19 digit
72ac7c20-e6c8-474f-b6b6-9c3b15ae5621,Scott Miranda,24586764,62,4,248,2024-01-04 06:57:51.521010,delivered,80609,CO,American Express
edcdf310-a38c-4d5f-ae2f-22fb22e34d5e,Mr. Juan Sanchez,66003335,22,6,132,2024-07-25 14:24:38.071393,delivered,80296,CO,Diners Club / Carte Blanche
7504fc1c-a598-4b78-9afc-7231ab686bcb,Rachel Cruz,09608115,65,5,325,2024-05-18 22:38:42.184540,pending,80186,CO,VISA 16 digit
ccbc4c99-56fc-4ea1-953d-b6dbc9d0c071,Sheila Jackson,47198074,14,6,84,2024-08-25 16:31:54.421101,pending,81592,CO,VISA 16 digit
13c4706d-1fd0-493d-a547-4f8f8a65200f,Pamela Webb,52498817,33,8,264,2024-09-03 15:18:02.846272,shipped,81056,CO,VISA 16 digit
371b0622-fb3f-4cc8-8ca2-292a008363de,Kristina Martinez,07859274,51,6,306,2024-01-16 16:34:16.835116,shipped,80843,CO,JCB 15 digit
8c0979c3-2f92-4731-88cf-dc2628a51a65,Cody Mendoza,55096133,62,2,124,2024-09-07 14:02:15.418409,delivered,80794,CO,JCB 16 digit
1fb42647-8766-4699-94f5-970c49448735,Robert Meadows,63918083,50,9,450,2024-08-20 01:11:10.836303,shipped,80191,CO,Maestro
38b4730f-53c2-4557-8c38-f0892a3f7902,Melissa Koch,93570381,19,10,190,2024-06-12 15:17:46.931260,delivered,80721,CO,JCB 16 digit
f605b1f9-2bb8-47ce-b06c-70c813b500f5,Kelly Washington,86083300,70,4,280,2024-08-25 23:14:31.547162,delivered,80959,CO,Discover
c3dcebe7-6e71-4fb7-b33d-f94797bea1ba,Elizabeth Mcpherson,68632649,97,8,776,2024-03-14 16:30:51.940958,pending,80763,CO,VISA 16 digit
11dd2c52-b4f6-4b8c-9a2a-0cfb76e95a63,Nicholas Carter,86165112,80,7,560,2024-01-19 16:38:28.415904,pending,80420,CO,VISA 16 digit
d03222a7-a80d-4541-aae9-c7dcafb52f27,Tony Bell,60784728,4,6,24,2024-01-23 21:31:08.273971,pending,80941,CO,VISA 19 digit
b7654b85-1778-42be-b353-0a333a691393,Dennis Leon,91316455,99,1,99,2024-01-25 09:48:26.038175,delivered,81592,CO,Discover
8cf39f9f-4eb4-4290-b07d-64b7f673cd9c,Terry Turner,84250360,88,6,528,2024-04-23 05:18:12.892873,shipped,81479,CO,VISA 13 digit
89baa93d-5895-41dd-8102-186b66810b8d,Colleen Davis,81567065,54,3,162,2024-05-01 19:39:18.788687,delivered,81027,CO,VISA 19 digit
8991331f-d3ca-4ee6-8dd2-4a3bcbb61147,Robert Webb,99937300,13,7,91,2024-08-14 05:23:43.708422,pending,80372,CO,VISA 16 digit
728b8029-d141-4a96-9d61-bd81d7e360ff,Terry Turner,31918824,7,7,49,2024-05-30 16:07:06.348510,pending,81479,CO,VISA 13 digit
30a4a2fb-b48b-4f0a-bf00-a4330cee618c,Amy Lowe,73169963,6,2,12,2024-04-29 01:57:57.393414,delivered,81581,CO,JCB 16 digit
d6fd96f1-9f62-4863-b50d-14e41d969d4d,Julia James,08986047,70,6,420,2024-04-25 19:01:58.064718,delivered,80627,CO,VISA 16 digit
f368deb5-9c50-484a-a384-e798caad50fd,Patrick Mcclure,48003827,34,1,34,2024-03-13 21:18:18.017676,pending,81280,CO,JCB 16 digit
9762c9d5-32bb-4dda-b7c5-2c18cb439e6e,Sydney Wade,34866016,87,2,174,2024-03-06 11:45:45.274950,pending,80336,CO,VISA 13 digit
5d0a986b-c0b7-4e11-8f56-bc61807bb337,Samuel Blake,32433036,36,3,108,2024-09-06 02:13:24.634092,pending,80281,CO,American Express
f6dbcd63-671f-420f-bc5a-1818ae2a15fc,Robert Meadows,96351406,48,6,288,2024-08-08 12:32:20.337378,shipped,80191,CO,Maestro
574a2a52-98b4-447c-9924-9a1ee7a9a649,Steven Powell,03399552,36,6,216,2024-04-28 00:48:46.998166,pending,80360,CO,JCB 16 digit
696b767a-b61c-467c-a386-ba0993554a09,Benjamin Curtis,78125391,34,2,68,2024-08-14 23:41:41.083255,delivered,80299,CO,JCB 15 digit
c5ca44e9-4ab0-440d-8176-ec93c6453207,Caleb Randall IV,83232503,76,3,228,2024-08-03 12:47:57.077688,pending,81434,CO,VISA 16 digit
74b075f8-b317-4b29-bf73-7a96346078f0,Pamela Webb,48607711,22,1,22,2024-04-27 04:26:26.185981,delivered,81056,CO,VISA 16 digit
c3967f2d-9494-4288-a7e7-a7915d83c1d6,Luke West,64795881,47,5,235,2024-05-31 07:25:33.735033,delivered,80718,CO,Discover
0eea510b-b4d6-4be9-aa58-5749a9d4e33f,Jay Farmer,88710105,1,1,1,2024-08-13 00:40:04.087347,shipped,80200,CO,Mastercard
e5a871c6-9abf-44af-984a-ea021cc97a87,Meghan Jensen,18699517,51,1,51,2024-03-06 20:53:45.291953,delivered,80291,CO,VISA 19 digit
dc907e58-d3c2-44e9-8702-204b72f19379,Steve Sandoval,72727256,49,5,245,2024-06-13 08:00:18.974772,delivered,81476,CO,American Express
2a3a514e-c5c5-4080-b9e1-12c381becfd3,Sheila Jackson,38140051,74,6,444,2024-05-13 19:58:26.599062,delivered,81592,CO,VISA 16 digit
19e00012-039e-407a-b2db-4e7a847a90ef,Joanna Santos,29209644,71,2,142,2024-04-01 03:27:34.037551,shipped,81213,CO,Maestro
0d5bdcbd-05b9-4ae1-b0ea-5d3bcbe78fb3,Meredith Hoffman,72727256,49,2,98,2024-06-05 20:22:22.578137,pending,81062,CO,JCB 16 digit
4ea7ea83-33dd-464c-b952-5085a5f04230,Stephen Sherman,74102143,35,7,245,2024-03-02 09:45:41.928210,pending,80407,CO,VISA 16 digit
91693a56-761e-4bed-92db-12617dc8d6f8,Jenna Jones,30874664,47,8,376,2024-04-07 18:26:31.442954,shipped,80196,CO,JCB 15 digit
46554480-f930-4a4b-b2ed-b8e3df92de1c,Melissa Koch,37028183,63,5,315,2024-09-01 22:46:56.451296,pending,80721,CO,JCB 16 digit
9fffbfac-9bb9-4c31-be15-56d699b1ed8e,Rachel Moody,25421965,84,1,84,2024-02-24 12:50:39.128306,pending,81298,CO,Maestro
d787ba99-9fb3-48a9-8f29-5376aef62676,Mr. Juan Sanchez,39867230,12,9,108,2024-07-03 04:43:30.640143,shipped,80296,CO,Diners Club / Carte Blanche
3b09c245-3a46-43d1-8fcb-dc888070f870,Joyce Logan,68433376,19,9,171,2024-04-20 22:41:32.537324,shipped,81324,CO,VISA 16 digit
779ffdda-44cd-43aa-8e17-5887cd5396cb,Julia James,58919057,77,1,77,2024-05-08 02:18:11.073452,delivered,80627,CO,VISA 16 digit
5257db4c-90e4-4226-a548-af4c93984cef,Cynthia Gonzalez,06599447,66,3,198,2024-01-08 19:04:43.109609,delivered,81658,CO,JCB 16 digit
166f2adf-500d-4757-a111-a698e456efb5,Rebecca Lucas,36975259,87,5,435,2024-08-17 04:03:09.153356,shipped,80284,CO,VISA 16 digit
e094113f-88ce-4e0f-8caa-07594a838a2b,Monica Morgan,19525204,80,9,720,2024-04-18 07:52:58.666432,pending,80931,CO,JCB 15 digit
87e02f0d-975f-4dfb-8085-9a5e86d68e4a,Gabriel Green,39867230,12,3,36,2024-02-28 13:54:35.009930,shipped,81454,CO,JCB 15 digit
26c49348-4458-4b2b-9bee-ecaf337f460c,Timothy Bell,12049646,71,8,568,2024-03-21 21:29:17.050526,shipped,80478,CO,Diners Club / Carte Blanche
a1d76c26-65df-440d-bcb7-c5419e2dc015,Christopher Brown,20489977,11,9,99,2024-04-02 06:05:29.253000,shipped,81303,CO,Maestro
6af98e65-98a5-4ca4-9354-1872be7b14f2,Angela Moore,52741173,92,7,644,2024-02-08 21:58:34.619747,pending,80890,CO,Maestro
22b4c51b-b90b-41fb-adf7-7f0bf72c8121,Susan Rocha,93821285,15,1,15,2024-02-08 14:12:19.132787,shipped,80894,CO,JCB 15 digit
1b6c36b4-d591-424c-8bc3-c2a90dce009c,Nicholas Carter,56149531,70,8,560,2024-03-21 17:11:51.941842,delivered,80420,CO,VISA 16 digit
981c2389-6ab4-4df6-bfb2-fc2aa6032a68,Bradley Williamson,28706434,68,7,476,2024-02-01 03:39:23.650950,shipped,80091,CO,American Express
8333122b-04aa-4104-8895-465b22d007a9,Kendra Hanson,45454479,15,2,30,2024-09-03 08:46:32.066453,shipped,80257,CO,Maestro
6c8130aa-908e-4e4a-9c47-37a0ebce6d3d,Peter Wade,11609391,76,5,380,2024-01-14 16:52:06.136784,pending,81042,CO,Maestro
b6ba3f13-d7de-4acb-b625-b57632eb1fe6,Austin Mack MD,57225654,4,9,36,2024-05-22 05:06:49.511117,pending,80498,CO,VISA 16 digit
d33535e5-492a-49df-99de-c67731b9654b,Teresa Daniel,12321377,32,3,96,2024-06-18 07:06:44.996162,pending,80414,CO,VISA 13 digit
8345d824-5eb7-42c4-a809-ba9d3570fe3d,Jennifer Shepherd,41174647,46,5,230,2024-07-13 01:36:43.972158,shipped,80412,CO,Discover
edbdd094-3201-4da9-b959-c6265d9fd5ba,Jay Farmer,03399552,36,10,360,2024-02-15 04:36:29.174020,pending,80200,CO,Mastercard
ec27c520-1e2d-43a4-8d8d-90875bbb976e,Terry Turner,64653501,86,5,430,2024-08-13 19:56:21.551643,delivered,81479,CO,VISA 13 digit
83a73963-9ee9-42fc-957f-e72c1e2a5292,Bradley Williamson,89112533,66,3,198,2024-07-11 11:10:58.814476,shipped,80091,CO,American Express
39a4c283-1a4c-4153-91dc-85ff3df8f4b5,Meghan Jensen,69421945,80,2,160,2024-05-12 05:22:30.957669,delivered,80291,CO,VISA 19 digit
87c55678-8f68-4ccc-b82b-2b30c5c332f9,Cody Mendoza,12598595,7,5,35,2024-08-26 19:27:54.084605,shipped,80794,CO,JCB 16 digit
4c1b8ac3-3040-46ea-80e2-efe4e9eef470,Joanna Santos,55687379,1,2,2,2024-04-13 06:37:43.648072,pending,81213,CO,Maestro
dde9ff68-94ba-4c2e-847f-2e54342ff7aa,Carla Sullivan,08845559,71,10,710,2024-06-09 06:26:56.356190,shipped,81213,CO,VISA 13 digit
054b2e87-0e73-42dd-b20b-e3323e9cd76b,Sydney Wade,06599447,66,6,396,2024-06-25 20:47:57.809296,delivered,80336,CO,VISA 13 digit
dbad6841-723f-4748-92d9-d161ab8b7cba,Jenna Jones,11609391,76,4,304,2024-01-16 01:44:42.396062,delivered,80196,CO,JCB 15 digit
82037853-cc76-4e14-a8af-3966e4ddb943,Jessica Newman,43008452,32,2,64,2024-02-12 20:20:22.518025,shipped,81292,CO,VISA 16 digit
f4cfbeb4-a0a3-48d0-839d-1580c5b2d87f,Ashlee Bryant,15986115,6,1,6,2024-07-10 13:36:10.376271,delivered,81329,CO,VISA 16 digit
b02ec79b-5b2e-4662-b2d4-75d2d7e0ea6c,Pamela Webb,31745550,77,1,77,2024-02-07 09:23:47.913285,pending,81056,CO,VISA 16 digit
c39bafc6-f362-4d10-bbd3-b9b90dc7f186,Jessica Alvarez,73472674,53,7,371,2024-08-05 06:47:53.503948,shipped,80712,CO,American Express
c517eb5e-3bff-4dfa-b822-82d497772f5c,Jason Allen,99519056,78,2,156,2024-09-05 07:00:58.745098,shipped,81287,CO,VISA 13 digit
003a6388-0d29-4955-a275-31682924c836,Duane Ross,96816684,73,5,365,2024-06-28 21:06:45.805015,pending,81248,CO,Diners Club / Carte Blanche
39279b49-1fd9-49b6-91f7-19a50808a58d,Melissa Koch,53267887,63,7,441,2024-02-22 10:38:29.158666,shipped,80721,CO,JCB 16 digit
