524c4c3d-2a76-40b0-8ce3-d1af11f3681b,Andrea Reed,36975310,29,9,261,2024-01-02 08:37:06.797093,delivered,96940,PW,VISA 19 digit
278bb1b4-e015-41b1-a60f-3999b3358224,Barry Lopez,47350458,72,1,72,2024-06-24 03:14:34.346718,delivered,96940,PW,JCB 16 digit
f8e5c1d8-ea67-4a78-8f53-3e65f021a4f5,Jerry Stafford,84295569,81,9,729,2024-07-06 01:09:36.889284,pending,96940,PW,VISA 16 digit
2a59818b-f10f-4736-b8a3-a692bd8a1882,Richard Jones,93570381,19,8,152,2024-02-18 05:09:42.648918,shipped,96940,PW,JCB 15 digit
e6886189-eb6f-43f9-bd51-d1e5c0e46eec,Donna White,30531376,20,4,80,2024-05-13 08:21:38.753125,pending,96940,PW,Discover
1f023bf4-2857-4ece-bef8-e4259a1e0f29,Tyler Davidson,57642840,15,5,75,2024-08-06 15:24:35.999145,pending,96940,PW,JCB 16 digit
0db4eac0-09d9-48ef-91a5-0f595bcd6baf,Jessica Jackson,92641471,45,8,360,2024-04-28 23:51:02.615608,pending,96940,PW,VISA 16 digit
090ff20e-2544-489e-a0b8-3345f0c8059a,Laurie Lin,54001336,18,9,162,2024-03-26 10:19:10.660063,delivered,96940,PW,JCB 16 digit
c94b9d79-093e-4ad0-9c1c-6cd4d9ec24fc,Kevin Burton,73693680,14,9,126,2024-03-16 15:53:00.416273,shipped,96940,PW,Diners Club / Carte Blanche
4bd88f1e-ecee-4901-9f46-fa8bf5775764,Bonnie Martin,91348210,35,9,315,2024-02-11 19:08:53.900916,shipped,96940,PW,VISA 19 digit
3236350e-8f58-4802-b2d6-014d46e85ec2,Sandra Sanders,40283647,25,4,100,2024-05-29 00:58:48.767383,pending,96940,PW,JCB 16 digit
1deefcc9-e836-43dd-8628-31449775890d,Ryan Rogers,78953321,88,2,176,2024-07-04 14:38:26.681323,pending,96940,PW,American Express
2aa9a177-6b76-40af-aede-29551135bbc7,Amanda Hamilton,26177786,4,4,16,2024-08-07 07:17:36.354321,shipped,96940,PW,VISA 16 digit
62ef3351-f7d5-47c4-a734-0bcb7d57c12d,Sabrina Higgins,31749145,15,8,120,2024-04-09 20:47:41.278272,shipped,96940,PW,JCB 16 digit
a3e63f30-d03c-4392-a606-ba4657c55019,Dustin Johnson,54929814,6,6,36,2024-05-25 03:15:47.177942,shipped,96940,PW,VISA 13 digit
1fbbac96-6085-459a-9354-20febf5396d2,Hailey Hodges,87069976,59,2,118,2024-08-15 23:15:32.312576,pending,96940,PW,JCB 16 digit
24adaa12-1017-4f38-937c-294eeba6cdb4,Jeffrey Ramos,95496092,80,6,480,2024-07-19 04:29:56.251573,shipped,96940,PW,VISA 16 digit
d7ab9c4b-727d-4bdb-ac4f-2edae1a42901,Jeffrey Ramos,71076454,6,8,48,2024-02-28 16:16:14.948583,shipped,96940,PW,VISA 16 digit
2a5aeb7c-4f26-4887-a9b9-88cac5343cf2,Alexander Werner,16443280,33,4,132,2024-03-29 08:23:58.737393,shipped,96940,PW,VISA 16 digit
f592f59e-1866-46ac-a88b-3bbe0a59403b,Elizabeth Jacobson,46264275,94,5,470,2024-03-24 10:21:51.256762,delivered,96940,PW,VISA 16 digit
68ec0c5c-6abb-43f5-9560-65d9a7e6cca0,Justin Russell,65577660,82,7,574,2024-05-07 07:41:26.734825,delivered,96940,PW,Diners Club / Carte Blanche
d6d59dc5-3ed0-427e-b849-44abaac476bd,Donna White,33186610,95,6,570,2024-03-27 17:19:08.308429,pending,96940,PW,Discover
369bc1bb-d3bd-45bd-a8be-3c05d5bcd3e4,Benjamin Ruiz,41174647,46,8,368,2024-07-07 04:48:33.731416,pending,96940,PW,JCB 15 digit
317a9efa-0911-4e9d-b8fd-c3161b50a8ea,Sandra Sanders,13322663,86,2,172,2024-05-30 16:23:56.750793,delivered,96940,PW,JCB 16 digit
4cfbdc61-9add-4377-9a4f-81c030bd2543,Melissa Hayes,99663650,70,8,560,2024-01-23 09:33:01.314060,shipped,96940,PW,American Express
d6cefc7e-095d-4d9f-93c4-c622be289e38,Gregory Smith,58994344,7,2,14,2024-02-07 05:15:10.988409,shipped,96940,PW,JCB 16 digit
997cd1cd-6baa-427e-b5f0-afaffad424c8,Dennis Fisher,72834107,65,9,585,2024-01-24 11:36:38.844028,delivered,96940,PW,Mastercard
5bb7fec0-cdbc-4c86-9857-a47a184750f5,Patricia Robertson,01060171,27,8,216,2024-06-14 19:45:28.087663,shipped,96940,PW,Mastercard
6c86be37-e351-4dc4-8f1e-cdeeff8f6ac6,Andrea Reed,23665231,18,2,36,2024-01-07 12:54:49.326826,pending,96940,PW,VISA 19 digit
d5f941a3-7c4d-42c8-bef1-f1d1c55bac8e,Sarah Maldonado,78459496,55,3,165,2024-01-02 08:21:09.941482,pending,96940,PW,VISA 19 digit
b7136956-96f2-4ba8-95a3-1e00e0478cb7,Shawn Smith,85059108,91,6,546,2024-03-26 03:42:27.298511,shipped,96940,PW,JCB 16 digit
73572f93-4e75-4f9d-934d-22e3b1d35c13,Samantha Wright,98823017,89,1,89,2024-06-20 16:01:53.257976,pending,96940,PW,Mastercard
2da639cc-81d1-4a82-aea6-dfa49c39f6a8,Taylor Torres,13322663,86,10,860,2024-02-01 13:04:37.844600,shipped,96940,PW,VISA 16 digit
4bcf46e4-8c00-41ba-8fd1-ab3b2613971d,Tiffany Lucas,96560686,21,8,168,2024-07-03 21:51:26.549794,pending,96940,PW,JCB 15 digit
836a4001-d10a-4a6f-bfc0-d16fda2f7ecd,Natalie Butler,46250025,3,6,18,2024-03-05 06:15:42.246575,shipped,96940,PW,JCB 16 digit
27daa2f2-6824-4490-998a-861c6f957369,Dennis Fisher,47060104,45,1,45,2024-01-14 04:02:12.372073,pending,96940,PW,Mastercard
83dc7c45-d968-4a4e-a52b-87babdbb8860,Todd Rivera,64020846,33,1,33,2024-03-09 14:11:20.727076,delivered,96940,PW,Maestro
4d477193-6ed5-4122-a5e6-02ce2f75f00a,Tyrone Hardy,27939017,89,4,356,2024-01-13 14:49:13.469066,shipped,96940,PW,American Express
623ff912-c368-4648-b1dd-87dce8eb41df,Stacy Hernandez,22681478,39,4,156,2024-07-06 14:37:08.949980,pending,96940,PW,JCB 16 digit
9f198107-7257-43bf-a01e-6476e17ba3ae,Jessica Myers,80211990,39,9,351,2024-06-01 00:15:03.613183,pending,96940,PW,JCB 16 digit
0b4da25f-3666-4438-9377-1e6f92eb73b7,Jeff Richards,95211046,96,6,576,2024-02-25 04:27:20.484831,shipped,96940,PW,Mastercard
5d1d37a6-c55a-455a-ad01-6e7e49e5f61d,Ann Hensley,05931316,61,8,488,2024-07-19 02:34:02.298742,shipped,96940,PW,Mastercard
7d708d1f-28ad-434e-b14e-5169502c873f,Joshua Klein,19398990,22,5,110,2024-05-17 16:24:57.881729,delivered,96940,PW,JCB 16 digit
d22a0663-cc85-4f23-9e48-ce24a3344575,Debbie Horn,95264523,67,5,335,2024-02-04 08:50:33.963013,delivered,96940,PW,JCB 16 digit
501c45ac-8617-4c3d-8658-ccd4aef94a67,Gabrielle Brooks,35792888,29,3,87,2024-06-15 07:29:06.418211,shipped,96940,PW,JCB 16 digit
7bca4019-7a38-4271-ad00-aec9b19849a7,Tyler Davidson,88283210,31,9,279,2024-04-13 11:17:50.335169,delivered,96940,PW,JCB 16 digit
cff8f7a6-15f0-40ae-b18e-40c2a1002693,Melissa Hayes,89993088,12,7,84,2024-07-19 16:11:26.324681,pending,96940,PW,American Express
9231fabd-f729-4427-a630-7a6112c4c522,Victor Miller,93212564,62,4,248,2024-04-16 19:25:51.619803,pending,96940,PW,Mastercard
4b1fc9b0-5172-431b-bfac-d88ad96e3b04,Lawrence Simpson,84507785,40,2,80,2024-05-07 18:40:31.405545,pending,96940,PW,Mastercard
b158fba6-cfb7-4069-9612-d8c04c81fe7c,Christine West,06606350,53,7,371,2024-05-04 19:30:37.441046,pending,96940,PW,VISA 16 digit
6b52d4cb-bba6-4e31-b9b2-71e287bb9b81,Angela Zhang,07759826,67,3,201,2024-07-11 08:18:15.985788,pending,96940,PW,American Express
9f0b64ed-1ae0-49b6-bede-0af825e06e0a,Virginia Williamson,87243000,9,1,9,2024-07-22 23:24:09.015995,delivered,96940,PW,Mastercard
aa844d1c-f2ed-4de7-b558-1f293715dd82,Sabrina Higgins,72944042,94,7,658,2024-03-23 23:24:50.413857,shipped,96940,PW,JCB 16 digit
bf9e1cb3-5c00-4984-b2e0-a4aac99155ee,Gregory Smith,52805509,57,4,228,2024-07-07 07:56:12.774352,pending,96940,PW,JCB 16 digit
9a684849-c55e-4047-ac07-a90886c0df5e,Jamie Harmon,74232345,72,2,144,2024-08-29 13:23:54.577556,shipped,96940,PW,Diners Club / Carte Blanche
93c0caa3-6cf4-46ec-9dee-7a3dd5198617,James West,74812677,88,2,176,2024-01-15 02:37:49.244215,pending,96940,PW,Mastercard
1b7537d4-e2b1-4a42-ad1c-d4fab51b8e6c,Lawrence Simpson,03837573,1,5,5,2024-02-08 10:24:01.894372,delivered,96940,PW,Mastercard
86301826-5b0c-45c8-afc9-dad06b0b6720,Alexander Werner,40283647,25,4,100,2024-08-02 02:47:43.678131,pending,96940,PW,VISA 16 digit
013defec-4166-47c6-be4d-c21edba69ab1,Jamie Allen,84981592,54,5,270,2024-07-07 22:34:19.832258,delivered,96940,PW,JCB 16 digit
5bc5ae69-2cc5-4938-a2de-9024ce96476b,Victor Miller,28363781,9,1,9,2024-08-12 13:31:25.782663,delivered,96940,PW,Mastercard
20d4dcd7-72a2-43fc-a595-d4bb790bbfef,Frank Freeman,58994344,7,1,7,2024-01-17 20:54:25.317188,delivered,96940,PW,JCB 15 digit
09e9698a-12b0-4333-bb4c-45967af7d37c,Kristin Barton,44085315,49,7,343,2024-05-24 06:29:59.994603,delivered,96940,PW,VISA 19 digit
65fd31db-babc-4973-b53b-140151232460,Christopher Mcpherson,50034284,94,8,752,2024-02-19 08:30:57.252961,shipped,96940,PW,VISA 16 digit
f621ce2b-447a-42b0-9a15-a863ff8e6f7f,James West,25494013,43,5,215,2024-08-27 12:02:42.277134,delivered,96940,PW,Mastercard
7654d82b-4d1b-4985-8cd1-d0e31372bfa4,Heidi Mosley,06918538,61,4,244,2024-07-05 07:33:47.275711,delivered,96940,PW,Maestro
dec1307e-880d-4f61-9998-48e716b4cab4,William Long,19562841,38,9,342,2024-01-15 23:12:56.253453,delivered,96940,PW,Mastercard
ee1769fa-d0ee-4050-84d0-b15572767dbd,Tyrone Hardy,65717424,31,4,124,2024-06-15 07:11:01.611482,delivered,96940,PW,American Express
98efd0f8-5556-43c7-8b81-627b4db617b3,Amanda Graham,73969778,30,3,90,2024-07-15 13:56:00.352515,delivered,96940,PW,VISA 19 digit
fc402f22-c1b4-471f-889a-bc0264391988,Dustin Johnson,10050880,95,5,475,2024-01-27 23:28:21.517292,delivered,96940,PW,VISA 13 digit
8e47223c-44d8-49ac-8546-713a899b5250,Elizabeth Lane,69527593,67,10,670,2024-08-11 10:10:53.954626,pending,96940,PW,American Express
ac43b354-1eb9-43c5-8798-404d4c501a82,Joshua Roberts,79340304,91,10,910,2024-04-27 01:01:04.854758,pending,96940,PW,American Express
ddbdd4ac-6f80-47cd-a7ae-a514caa26223,Debbie Horn,96094815,60,7,420,2024-08-22 04:35:41.117389,delivered,96940,PW,JCB 16 digit
a780ad0d-5027-463a-9e08-ab3ef25cd36f,Heather Gould,95549491,90,3,270,2024-01-04 21:21:27.677161,pending,96940,PW,VISA 16 digit
8d2312cf-f88d-43bb-9623-f2c19c7801a7,Susan Dunn,78179325,83,6,498,2024-03-19 14:01:39.703093,shipped,96940,PW,JCB 15 digit
3c0de551-43c5-4edb-9749-e50493fecb24,Jessica Jackson,22559784,4,8,32,2024-07-18 04:34:19.925230,shipped,96940,PW,VISA 16 digit
3ff45a11-3d21-484c-8a88-83144dac6f1d,Richard Jones,14564741,95,10,950,2024-08-09 20:36:21.037248,pending,96940,PW,JCB 15 digit
24462aa3-7c56-4730-aacf-25f2d4718c73,Dennis Fisher,12859658,24,4,96,2024-08-26 11:41:03.962326,pending,96940,PW,Mastercard
b3f318be-ea0d-468b-8904-3c5c6e39d5c2,Joshua Ward,57518336,61,4,244,2024-08-19 10:05:05.699286,shipped,96940,PW,JCB 16 digit
9d9c1bf1-12bd-4dcc-830e-272b037388c1,Bonnie Martin,89993088,12,9,108,2024-08-06 07:15:51.202534,shipped,96940,PW,VISA 19 digit
f510cd02-08c0-4023-beb8-d3309cb03963,Kelly Rogers,02287669,75,4,300,2024-04-11 07:40:48.000980,delivered,96940,PW,Diners Club / Carte Blanche
2ba37ac4-f918-405e-8183-0217d2523756,Christopher Mcpherson,41311363,77,5,385,2024-02-09 17:05:10.118135,delivered,96940,PW,VISA 16 digit
ce326070-e9a5-44ec-a5e8-b1f03df6b487,Tyrone Hardy,84381484,82,10,820,2024-07-21 05:34:38.868960,pending,96940,PW,American Express
1109679b-d620-4f34-add7-c3f83d9aec35,Susan Dunn,58994344,7,1,7,2024-01-11 00:29:44.547138,delivered,96940,PW,JCB 15 digit
05826215-288e-4694-b86e-09eabced2c4a,Courtney Hill,69421945,80,6,480,2024-03-05 20:15:52.787709,shipped,96940,PW,JCB 16 digit
389470f5-2c43-48ea-8a5d-0d4f96bf0a67,Virginia Williamson,64168432,77,5,385,2024-03-27 03:44:11.428058,delivered,96940,PW,Mastercard
5c1c9941-f25d-4593-b296-87b533764d7f,Heidi Mosley,34866016,87,3,261,2024-07-20 03:19:23.890512,pending,96940,PW,Maestro
96de9325-66c7-405e-8840-475a5cbfe5a4,Samantha Wright,64020846,33,3,99,2024-01-17 18:55:27.021202,delivered,96940,PW,Mastercard
dde3f64a-dbf4-4d40-a65a-406f2109d050,Donna White,52741173,92,8,736,2024-05-13 16:20:42.478936,delivered,96940,PW,Discover
be81758c-4cec-44ee-87bd-2298fcbaa619,Gabriel Brown,01959147,39,4,156,2024-06-07 06:48:50.116115,pending,96940,PW,American Express
af6d75bb-c3d3-4081-8881-1c32ed4ae06a,William Long,49419498,23,9,207,2024-08-11 13:55:59.561343,shipped,96940,PW,Mastercard
92161f97-2f92-41ee-a0bf-25576d6b2be8,Jerry Stafford,15116055,38,10,380,2024-01-31 14:38:57.938069,delivered,96940,PW,VISA 16 digit
18f49d12-9271-42ef-a31b-48f7f4530669,Allen Lee,30701335,13,4,52,2024-08-01 22:15:06.467032,pending,96940,PW,JCB 16 digit
0715e6c8-6930-4726-8f97-957c5dd5436d,Michelle Jones,17503594,48,7,336,2024-06-21 05:17:53.887372,pending,96940,PW,JCB 15 digit
4f31f5fb-d17b-4442-b6e2-5ec7f043f326,Sandra Sanders,58766415,54,8,432,2024-05-22 22:55:44.008612,shipped,96940,PW,JCB 16 digit
cee4c97a-d02c-4e5e-abd9-6f37c15cdc8e,Jamie Harmon,88920542,90,6,540,2024-03-03 00:06:44.066188,delivered,96940,PW,Diners Club / Carte Blanche
8a598f16-60f2-4bcc-a74a-5982a8e9e1f0,Tammy Coleman,68363130,85,4,340,2024-05-21 14:34:58.134484,pending,96940,PW,Discover
e407d15b-15eb-4824-bf1f-b944cdaf74ed,Heather Gould,42295808,50,8,400,2024-08-29 10:17:14.072924,shipped,96940,PW,VISA 16 digit
4a520c84-8803-48fe-92f2-cb1acd548d62,Stacy Hernandez,93784672,46,9,414,2024-03-13 00:18:07.037953,delivered,96940,PW,JCB 16 digit
59b69434-99a8-416a-a3e2-247243b862d5,James West,75846817,61,1,61,2024-05-22 07:04:03.137938,pending,96940,PW,Mastercard
395f821b-7d3a-4a2e-b8a8-3a35ce168119,Joshua Ward,81186051,29,2,58,2024-05-20 22:47:44.907141,shipped,96940,PW,JCB 16 digit
5c11eb48-3777-45fc-b999-d16f746fc855,Antonio Miller,07302893,6,6,36,2024-04-30 07:00:47.468687,pending,96940,PW,Diners Club / Carte Blanche
d1984a6d-983c-4774-a5c2-45665b394ad2,Ryan Rogers,54001336,18,7,126,2024-02-01 17:47:54.924291,shipped,96940,PW,American Express
70540a3f-7282-4f72-8d31-64d911838719,Hailey Hodges,54627123,82,6,492,2024-04-10 10:16:13.497786,delivered,96940,PW,JCB 16 digit
7f2fecf9-3872-44cd-b3fa-6eea7fff5938,Barry Lopez,86376501,14,6,84,2024-02-02 16:59:59.038278,shipped,96940,PW,JCB 16 digit
1f9d4923-2f15-49b9-b2eb-4fd9d3fa4278,Heather Gould,27693919,11,9,99,2024-08-17 04:32:28.842961,delivered,96940,PW,VISA 16 digit
27c09b71-d595-4912-b5fd-0ecaff229738,Frank Freeman,84527486,47,8,376,2024-09-04 11:35:54.843183,pending,96940,PW,JCB 15 digit
9b97a8e2-3be4-4cdd-9957-5d4516074e23,Kristin Barton,56877168,51,4,204,2024-02-23 08:21:22.141349,pending,96940,PW,VISA 19 digit
6c1ac6b7-05ef-441a-aab4-8c8093c4cf0b,Courtney Hill,07827402,11,2,22,2024-02-26 03:57:46.139684,delivered,96940,PW,JCB 16 digit
99499b5e-7048-457d-bb20-3f22b2dbfe94,Stephanie Hunter,41509401,75,5,375,2024-06-25 15:07:54.054786,delivered,96940,PW,Maestro
4f0acfe4-66fe-4084-9f34-6b9107a828ad,Jeff Richards,47893047,51,5,255,2024-08-03 14:17:52.105527,shipped,96940,PW,Mastercard
e04addd4-e876-4fb2-8fbb-02529cef6a5c,Edward Jones,02247915,29,2,58,2024-03-31 14:23:05.046685,delivered,96940,PW,JCB 15 digit
72539246-8ff8-4fd4-b43b-e7e3bdf29c47,Brittany Johnson,80362616,21,4,84,2024-02-12 02:20:28.758246,delivered,96940,PW,Discover
cac06f16-2082-46b6-a8c8-d0713d681c1b,Gregory Smith,55846998,46,6,276,2024-03-27 06:51:26.389042,pending,96940,PW,JCB 16 digit
5ee87801-6e0f-4f63-a48b-204a6bc9208d,Laurie Lin,40155463,95,6,570,2024-02-04 17:45:01.381277,shipped,96940,PW,JCB 16 digit
ae942a73-b9ea-4358-b919-2e5e1e3ec890,Nicole Owens,92499980,45,8,360,2024-04-18 19:50:52.985046,shipped,96940,PW,Discover
170db5d0-7d33-4910-a2ff-831bf590faa1,Michael Mcdaniel,54001336,18,1,18,2024-07-05 20:05:17.401063,pending,96940,PW,VISA 16 digit
8910aaff-9424-4d26-a263-22c50649f043,Joshua Roberts,26177786,4,2,8,2024-05-07 02:12:17.705090,pending,96940,PW,American Express
e6bff12b-bbb7-4e79-93bc-e58767a08a29,Antonio Miller,48607711,22,2,44,2024-07-14 02:57:26.624894,pending,96940,PW,Diners Club / Carte Blanche
4a740dfa-d33d-4b2f-9b20-38472425bff8,Sarah Maldonado,79186070,79,2,158,2024-01-15 21:50:19.523828,delivered,96940,PW,VISA 19 digit
09e36dd2-2d72-43a4-9368-a8729bf90c31,Joshua Klein,31194587,21,1,21,2024-03-11 08:02:20.891588,delivered,96940,PW,JCB 16 digit
42019e72-1eb9-4223-a9de-8bd04192fd62,Tyler Davidson,88956565,33,7,231,2024-05-30 00:39:29.111168,pending,96940,PW,JCB 16 digit
87cbb85c-0165-45ea-a3b3-10a3320ff92e,Thomas Anderson,28899518,9,3,27,2024-02-29 22:44:04.432771,delivered,96940,PW,JCB 16 digit
b4acc37e-df8c-4aa4-b973-3322efaefb0d,Bonnie Martin,39938688,12,9,108,2024-02-13 07:02:20.039778,shipped,96940,PW,VISA 19 digit
da442042-fa53-43f5-ab5b-6b3b40f3e1d8,Joshua Flores,89351796,37,10,370,2024-02-23 05:54:35.513030,shipped,96940,PW,Discover
1f6a27bf-ced9-4145-b189-85801a883509,Edward Jones,28591924,78,4,312,2024-08-26 14:26:58.436306,pending,96940,PW,JCB 15 digit
87763657-dc05-4c44-b165-1007300b71b7,Bonnie Martin,39529879,23,3,69,2024-03-27 03:41:13.488406,shipped,96940,PW,VISA 19 digit
2d71332c-d9fd-44bd-8a22-bf4aeb55a127,Joshua Klein,49317428,73,4,292,2024-04-18 21:38:19.059107,pending,96940,PW,JCB 16 digit
aeee1c30-7201-4193-afd5-fed6c3dc72b2,Joshua Roberts,04206149,12,1,12,2024-05-05 13:51:48.219071,pending,96940,PW,American Express
e4c47b8e-a0f3-4015-8ebd-fd33bf81a2ad,Steven Fritz,75507817,60,6,360,2024-03-29 11:18:19.966389,delivered,96940,PW,VISA 16 digit
fdb3246d-e3a3-4cff-a8d5-109070041d22,Victor Miller,86376501,14,9,126,2024-05-08 20:05:50.966895,pending,96940,PW,Mastercard
8fc3e4fa-793c-43f6-8112-b48c9b0555e4,Susan Garrett,23505155,19,1,19,2024-04-22 19:23:48.460742,pending,96940,PW,Mastercard
b9b7957f-cb92-4a38-a597-bbfb6e3fbde4,Cynthia Davies,01437416,59,5,295,2024-06-19 10:00:03.003586,shipped,96940,PW,Maestro
70ecbaa6-da88-43f4-8d1f-efe3752dca92,Gabriel Brown,01633719,41,10,410,2024-05-05 23:23:33.676457,shipped,96940,PW,American Express
51455851-4cde-47fc-863c-31d1cc2e9dfd,Jessica Jackson,11660361,53,10,530,2024-04-25 21:07:41.006897,pending,96940,PW,VISA 16 digit
3e3ddf88-e763-47f9-ae70-a6bcbd85c1c7,Christopher Davis,57225654,4,5,20,2024-06-20 06:26:04.074523,pending,96940,PW,JCB 16 digit
31862d1d-aeae-4f2e-9c1d-bf3bfb7df9ac,Edward Jones,42670520,37,6,222,2024-04-20 10:08:38.780309,shipped,96940,PW,JCB 15 digit
606ebbb6-693d-4f16-b4f7-a8de4f354421,Sheila Dougherty,40576183,50,6,300,2024-04-22 08:30:36.811544,delivered,96940,PW,Discover
9052a5cc-8076-4fa1-9346-5662af90e8e9,Heidi Mosley,27353332,12,9,108,2024-02-17 21:46:24.313291,delivered,96940,PW,Maestro
61c5ae66-5de8-40b9-961b-70dbc3dde486,Virginia Williamson,34339800,12,3,36,2024-01-31 07:34:40.145329,delivered,96940,PW,Mastercard
c8d59d19-e63f-4ddf-af76-30000ad3a012,Sarah Maldonado,17503594,48,6,288,2024-07-22 15:59:42.093480,pending,96940,PW,VISA 19 digit
196d3865-b4f6-4232-a851-9425adaa60e0,Justin Russell,54890657,6,3,18,2024-06-02 10:09:36.123403,shipped,96940,PW,Diners Club / Carte Blanche
e0a27970-97a3-4d42-aff1-47cbb3ed6b5a,Barry Lopez,56877168,51,2,102,2024-04-18 06:38:09.263214,shipped,96940,PW,JCB 16 digit
28282946-04ab-4a5a-a33e-dcf0ca64a014,Melissa Hayes,41914731,72,1,72,2024-02-08 09:59:05.234120,pending,96940,PW,American Express
09b43668-72a7-4a91-a687-d96244f441e8,Brittany Johnson,79699181,23,3,69,2024-05-14 13:57:19.304828,pending,96940,PW,Discover
0643d0bf-7f42-4ca3-8b93-982b16c93a86,Alec Villa,34543184,5,10,50,2024-07-06 21:00:55.981537,delivered,96940,PW,VISA 19 digit
e9725276-f58a-4f28-93fa-27e3becefb74,Todd Rivera,41311363,77,3,231,2024-05-08 07:13:47.948636,pending,96940,PW,Maestro
5032d853-4885-418f-8d37-c876453d81d7,Christopher Davis,01448955,31,3,93,2024-08-14 02:40:19.395300,delivered,96940,PW,JCB 16 digit
18015df2-8ac3-47f5-baf5-95fd28fa8cea,Susan Dunn,66224938,79,1,79,2024-04-20 01:49:18.487268,delivered,96940,PW,JCB 15 digit
d6b86b8e-632a-4e76-bf5d-d93d8acfc115,Jamie Harmon,02492339,75,5,375,2024-04-10 02:12:32.718085,delivered,96940,PW,Diners Club / Carte Blanche
3e90040e-54e1-41d3-8a75-d011a02679fb,John Perkins,04590750,51,1,51,2024-07-25 23:27:46.479496,pending,96940,PW,VISA 16 digit
e0f43187-3911-49d9-ad24-aa13cfe86879,Christine West,16395183,34,7,238,2024-08-10 04:31:13.346244,delivered,96940,PW,VISA 16 digit
17fbdc7c-0da1-49f8-8f51-479a2c0f2424,Joshua Patel,50034284,94,5,470,2024-03-13 08:33:19.572129,delivered,96940,PW,JCB 15 digit
272ff551-7f04-455e-bc61-b0827abc0f7b,Tina Fitzgerald,83040504,72,7,504,2024-08-29 14:57:44.662237,delivered,96940,PW,JCB 16 digit
9e8983df-5969-4010-89ac-c5e0190a7f16,Stacy Hernandez,09608115,65,4,260,2024-07-05 19:57:56.818408,delivered,96940,PW,JCB 16 digit
5e94456b-e5f7-4e78-b9cc-416cfa9caef2,Gabriel Bass,45247545,66,9,594,2024-06-26 15:04:17.754668,delivered,96940,PW,VISA 19 digit
429c9acf-8b67-48a2-abaf-65e233a24b77,Tammy Coleman,08310330,28,2,56,2024-07-23 20:57:10.575230,delivered,96940,PW,Discover
e711076e-311b-4d2a-9464-dcfc00a749a4,Richard Warren,39478894,61,1,61,2024-07-01 19:46:58.053365,pending,96940,PW,Discover
5903de83-c0a3-413a-acce-9f5f8cf67042,Stacie Lee,90286865,87,5,435,2024-01-03 00:36:30.836154,shipped,96940,PW,VISA 13 digit
1f305a84-a96b-413a-98ae-d989466454a2,Jeffrey Ramos,85630918,58,8,464,2024-02-26 15:19:04.065714,pending,96940,PW,VISA 16 digit
022fc0c7-a736-4c73-ab3c-0d59f32b4ebe,Kelly Rogers,32565164,13,8,104,2024-01-04 06:52:58.652080,shipped,96940,PW,Diners Club / Carte Blanche
fdbe4ff9-2896-44ef-9f0d-0e50d6f5695c,Cynthia Davies,42527558,67,8,536,2024-07-12 20:17:49.579831,delivered,96940,PW,Maestro
cdcc3482-c002-40b6-be00-c2ccc6a8f148,Donna White,74065479,24,10,240,2024-04-12 23:21:57.101139,delivered,96940,PW,Discover
580f6a5b-8da7-4328-b1d4-cb819abcc2f8,Cynthia Davies,24005821,77,10,770,2024-08-02 04:56:26.850390,pending,96940,PW,Maestro
5c222725-276f-429c-8890-9a561b409e73,Tina Fitzgerald,27974162,95,3,285,2024-07-26 20:45:11.320764,pending,96940,PW,JCB 16 digit
05c14649-e4ad-4617-a808-6646cd608762,Alexander Werner,40120263,33,7,231,2024-07-23 08:47:31.047801,pending,96940,PW,VISA 16 digit
0ee97b18-67b8-43f6-b1ed-19ec5122a54c,Sarah Maldonado,90659966,53,6,318,2024-09-07 00:02:53.406756,pending,96940,PW,VISA 19 digit
289d3136-ba23-4497-b49b-b51e620c1139,Elizabeth Jacobson,17912020,95,1,95,2024-02-12 13:43:14.163315,delivered,96940,PW,VISA 16 digit
0dd197c0-8c39-4b8a-9b41-14133d161dcc,Benjamin Ruiz,36975259,87,4,348,2024-02-02 22:52:10.187869,delivered,96940,PW,JCB 15 digit
d06753ff-3540-4e9f-b90c-9683c725ee6f,Nicole Owens,45990113,56,7,392,2024-03-25 18:30:14.928448,shipped,96940,PW,Discover
0b2eb9ee-f5eb-4d9c-9f49-50275ce6595a,Joshua Roberts,60419347,91,10,910,2024-01-26 05:20:32.644863,shipped,96940,PW,American Express
8597fb4a-f559-4fb4-8c03-025f77d48468,Shawn Smith,87491890,42,10,420,2024-07-27 02:24:00.248660,delivered,96940,PW,JCB 16 digit
047b78c7-74b2-4bb4-9e1d-b72473abd494,Justin Russell,00312028,35,3,105,2024-08-01 05:22:27.865231,pending,96940,PW,Diners Club / Carte Blanche
6026e423-5514-4fab-962b-ee39e5e0f919,Samantha Wright,38346316,46,2,92,2024-05-19 03:41:16.503292,shipped,96940,PW,Mastercard
b56ccb24-375b-42f9-9b56-d30f936da907,Sheila Dougherty,99315894,15,5,75,2024-01-17 14:07:56.570247,shipped,96940,PW,Discover
4a0c1c8e-66aa-495f-be32-40364240a700,Sandra Sanders,66541691,27,8,216,2024-06-05 11:39:19.536736,delivered,96940,PW,JCB 16 digit
41eff2e8-16cb-4f17-88d9-27102b99c557,Dustin Johnson,33594989,8,3,24,2024-03-04 22:28:40.121304,delivered,96940,PW,VISA 13 digit
6ccc1d70-cae6-4afe-a6c2-f04bebeb78c5,John Perkins,31961219,23,3,69,2024-01-10 02:50:03.777207,pending,96940,PW,VISA 16 digit
2205f1f2-c836-4cd0-a527-57b3a03a41c4,Gabriel Brown,37888732,42,8,336,2024-03-21 03:13:09.779945,pending,96940,PW,American Express
2cf1d88b-9642-41f6-9307-ede8e3e74abd,Stacy Hernandez,68206659,42,6,252,2024-07-01 19:04:55.930161,delivered,96940,PW,JCB 16 digit
