0983e258-c2df-42f1-9909-8bebb0e635b0,Paula Francis,47163959,74,10,740,2024-01-08 09:40:40.828430,delivered,00765,PR,JCB 16 digit
bdc45c86-5c03-4d07-ba64-60aff27cc8e9,Melissa Peterson,42322214,27,1,27,2024-06-11 02:49:07.033326,shipped,00737,PR,Discover
3597854a-8819-48ad-be07-434fb841e2d5,Brett Guzman,91224873,22,2,44,2024-06-30 06:54:42.450062,pending,00697,PR,VISA 13 digit
2659fdc2-6fac-47be-a12d-55a0f666d5f5,Connor Blackwell,95842332,72,6,432,2024-05-23 05:47:22.079198,pending,00708,PR,VISA 19 digit
fa74c5ad-c300-4daf-a21c-fe7506e18676,Austin Garcia PhD,55730501,78,7,546,2024-08-24 15:20:44.080389,delivered,00707,PR,Maestro
21be5820-f679-4c32-8f36-c9db6d59a6b8,Susan Wang,77875242,85,1,85,2024-03-17 03:08:18.029139,delivered,00691,PR,JCB 16 digit
6b51b9ff-736f-43e1-bcb7-7bc3101fc032,Stacey Robinson DDS,61508521,50,9,450,2024-02-15 20:48:04.584285,shipped,00673,PR,Maestro
f49ea075-c41e-488f-bcef-e8739428b004,Amber Bowen,80526988,11,8,88,2024-03-27 06:27:58.232762,pending,00711,PR,JCB 16 digit
8a64716d-b195-48db-840d-5e60dbe2bf8b,Bryan Ayers,41311363,77,1,77,2024-08-21 23:36:26.320156,shipped,00728,PR,Discover
e9acb669-49ed-490e-a0fc-35e77cb735ef,Shawn Holmes,75507817,60,1,60,2024-01-03 04:20:14.879461,shipped,00697,PR,Discover
28949754-6577-4777-821d-772e2b6780cf,John Miller,16378971,82,5,410,2024-08-11 18:14:57.818522,delivered,00660,PR,JCB 15 digit
52560dfd-e8e2-4ff2-b380-b08a242800e4,Kari Kelly,89112533,66,7,462,2024-07-27 10:33:30.358099,shipped,00689,PR,VISA 16 digit
6ee6936f-9181-4110-afc8-6a793c5bb444,Brian Gonzalez,64945460,71,10,710,2024-02-15 15:32:37.208896,pending,00660,PR,Discover
46d91fcf-77d8-4a13-b411-9d03ecf172a6,David Lloyd,89321447,91,7,637,2024-04-02 19:58:33.622057,delivered,00609,PR,VISA 13 digit
55eabb6c-fad8-4130-9e63-12b7ecdcf44e,Andrew Holder,37631833,94,10,940,2024-05-19 08:54:48.935471,pending,00772,PR,Maestro
5d14cee7-05d6-45f1-8cf9-b128477bf631,Jennifer Kaiser,99937300,13,4,52,2024-06-30 22:19:50.565672,pending,00612,PR,VISA 16 digit
9275228a-8414-4374-aa9a-4102ba8f289e,Mark Mejia,74350261,25,2,50,2024-03-20 13:02:45.580329,shipped,00716,PR,Maestro
bd7debbd-5718-4519-99f2-bda76c615bd6,Jonathan Carroll,75846817,61,1,61,2024-02-19 06:55:41.287333,delivered,00678,PR,VISA 16 digit
e76b69e6-bf44-46c2-ae2d-bd4578ca2178,Desiree Phillips,78376038,10,10,100,2024-03-02 09:55:22.477375,delivered,00689,PR,VISA 16 digit
2955485d-7fff-4b49-8caa-8b9e6d059553,Joy Anderson,32565164,13,5,65,2024-02-19 04:35:02.048211,pending,00652,PR,VISA 13 digit
ed23d2ab-9983-43da-89ec-552867c5d048,Stacy Pruitt,29993581,71,3,213,2024-04-22 17:11:02.686932,pending,00752,PR,Discover
816fbd70-6678-45b9-b917-c43de2e61e60,Jennifer Bond,86687287,99,10,990,2024-05-06 21:29:17.752870,pending,00663,PR,JCB 15 digit
f9608410-1c4b-4597-bf5e-b9681c6ef8e8,Amber Bowen,36538829,5,10,50,2024-01-26 13:38:26.444973,pending,00711,PR,JCB 16 digit
35f7f310-d881-4bc4-bde7-c301cfeff1b9,Jade Johnston,36725847,49,2,98,2024-07-09 16:10:19.580083,pending,00755,PR,Diners Club / Carte Blanche
76185fea-fa22-4d05-9212-765e6880bd78,Alexander Gordon,39046031,57,8,456,2024-03-20 19:38:59.839688,delivered,00735,PR,Mastercard
b0543d4b-e2c7-4879-bfa6-c6f49ca4c190,Donald Williams,34656150,90,5,450,2024-02-12 14:31:02.099819,shipped,00702,PR,JCB 16 digit
19f948c8-52ed-485e-b061-a7ff64e5125a,Teresa Sutton,24670074,16,7,112,2024-01-18 03:27:23.417184,shipped,00650,PR,Diners Club / Carte Blanche
1d605eb6-669f-4acb-9952-176b17b2c174,Kathleen Clark,19562841,38,6,228,2024-07-21 13:30:00.915751,shipped,00663,PR,JCB 16 digit
11b3b11c-8b44-456e-a0aa-3f4e81791ea0,Luke Mcconnell,11549819,86,3,258,2024-01-08 13:07:54.088748,pending,00647,PR,JCB 16 digit
231b39ba-7f9a-4a1a-bdef-38dde57c4a05,Kimberly Lewis,22524683,84,8,672,2024-07-31 19:35:45.528770,shipped,00756,PR,JCB 16 digit
d8ed14e3-5380-4c0d-bc28-6aecd440a686,Jerry Lopez,04590750,51,9,459,2024-05-28 00:42:11.880439,shipped,00799,PR,JCB 15 digit
a3de9311-0e48-40d8-b17c-893d33a1b014,Michele Turner,07302893,6,2,12,2024-03-08 08:26:29.006993,delivered,00674,PR,VISA 16 digit
cab8d45f-112f-4154-9bed-a5d4154740cc,Kyle White,81853779,72,8,576,2024-05-25 00:49:10.109251,pending,00719,PR,American Express
c046a8f3-7390-40d3-907f-2d6ff01c71bf,Kathryn Burnett,63197655,89,3,267,2024-07-20 11:50:05.711847,shipped,00772,PR,VISA 13 digit
f1660d53-f728-453e-a9bc-be292669f5da,Daisy Li,52498817,33,4,132,2024-02-28 22:02:10.092898,pending,00657,PR,JCB 15 digit
82183520-e0ec-4b27-a3cf-0637c48e6e60,David Bryant,91822451,10,5,50,2024-05-16 13:51:51.454798,delivered,00711,PR,JCB 16 digit
9d08e649-89e8-405c-9d9a-e114ea681326,Stephanie Dickson,08845559,71,5,355,2024-02-03 04:33:41.798510,delivered,00653,PR,JCB 16 digit
cdd8e13e-74d8-49d7-a561-8980d9287ae3,Anthony Schultz,41678800,46,10,460,2024-03-24 01:21:04.207611,shipped,00685,PR,VISA 16 digit
e9b111d2-8a49-4fcf-9403-c36bd8d9f786,Jonathan Martin,52598463,61,3,183,2024-04-21 07:06:08.916826,shipped,00679,PR,VISA 16 digit
e7955e1e-9e75-4e45-915c-eadd07f04d16,Melissa Peterson,56801491,57,4,228,2024-08-15 05:40:36.889601,delivered,00737,PR,Discover
aeaa3d68-7e69-4bdd-a111-f5840bb5cc66,Briana Simmons,64817033,45,3,135,2024-05-21 06:43:56.862698,pending,00639,PR,Discover
93e1a6ab-2728-431d-acff-4d622a42218e,Jerry Walker,80515784,70,1,70,2024-06-04 01:22:47.775417,delivered,00747,PR,Discover
9947da29-965a-4e45-a7bc-bca643a445bc,Kathryn Burnett,16250130,86,3,258,2024-01-05 00:46:43.985702,pending,00772,PR,VISA 13 digit
2010f892-1283-42ce-834d-6b13d93b9f3b,Sarah Wilkinson,41914731,72,3,216,2024-05-05 02:29:49.898898,shipped,00798,PR,Mastercard
d3632a5b-800d-451e-8643-506db840b58e,Carrie Rice,53089717,82,4,328,2024-04-19 06:05:45.140652,delivered,00674,PR,VISA 19 digit
c9fd1325-5a1f-44bc-bf08-1fd18e37d1fb,Hailey Daniels,46252746,15,8,120,2024-05-03 04:51:07.451600,shipped,00646,PR,VISA 19 digit
5a10b5b7-ee10-46db-9f98-1794b61435dd,Donald Williams,07302893,6,5,30,2024-07-30 05:08:43.599921,pending,00702,PR,JCB 16 digit
5a3d273e-d581-4512-aa02-ed3d4c515bfc,Brian Gonzalez,18078619,70,3,210,2024-01-15 04:25:18.101394,pending,00660,PR,Discover
008d86ae-6483-4f26-bd6a-c78b7be2ec2c,Tiffany Kaiser,14178504,74,10,740,2024-04-09 12:47:24.125329,delivered,00777,PR,JCB 15 digit
38b07a21-1404-4413-bdfc-eac9b3bf68dd,Teresa Sutton,74981168,60,10,600,2024-05-19 19:42:12.115424,delivered,00650,PR,Diners Club / Carte Blanche
d052bc0f-9d94-47db-8a45-ea9f38ab0008,Margaret Aguirre,02381695,43,4,172,2024-02-04 03:19:51.291399,delivered,00667,PR,JCB 16 digit
505e50a3-e17d-4896-88c1-ecc3d4be1c1e,Frederick Ramirez,61084681,100,5,500,2024-01-02 16:01:25.642608,pending,00751,PR,VISA 16 digit
7ded4aad-1e6b-46a3-ae26-cf4fd854a91c,Stephen Mitchell,81138647,11,5,55,2024-07-16 03:53:18.646599,pending,00702,PR,American Express
b769cf59-2446-4d9a-85c5-e929ca384a2f,Joy Anderson,38231483,41,8,328,2024-01-25 13:25:02.731037,delivered,00652,PR,VISA 13 digit
31278408-2842-488c-a5dc-de4f7f29d139,Daisy Li,37034559,9,10,90,2024-02-28 20:11:27.058349,shipped,00657,PR,JCB 15 digit
4fa35f27-ca03-4a99-b1cc-0f9c9b6494cc,Frederick Ramirez,69421945,80,9,720,2024-06-09 05:05:41.803932,pending,00751,PR,VISA 16 digit
a6480b54-8bcd-4b00-abc9-4066e9b667f1,Bryan Ayers,47350458,72,2,144,2024-03-26 14:34:50.485467,shipped,00728,PR,Discover
18af1471-0c05-49e3-95ea-32af5b43f419,Luke Mcconnell,99788155,2,5,10,2024-05-19 07:18:16.349465,delivered,00647,PR,JCB 16 digit
bb44dcaa-eff5-4506-af9c-dcdf871c2b97,Jay Jordan,86657501,34,10,340,2024-08-06 01:15:10.947349,shipped,00712,PR,Diners Club / Carte Blanche
38647a00-14e0-4974-a726-9c15c95f5bcf,Michael Johns,71807263,34,7,238,2024-08-30 06:59:46.058533,pending,00772,PR,VISA 16 digit
7bd63422-53c5-493b-9673-5a4b998029d3,Jade Johnston,73693680,14,9,126,2024-03-10 14:13:33.886508,delivered,00755,PR,Diners Club / Carte Blanche
feae0b0a-3ece-497a-a42f-0eb524a73375,Anthony Schultz,29209644,71,7,497,2024-04-22 11:04:11.046061,delivered,00685,PR,VISA 16 digit
9e55941d-8729-4a7e-a069-b2d8e5e8f415,Stacy Pruitt,80713432,71,4,284,2024-04-13 00:39:11.585945,shipped,00752,PR,Discover
822241e5-aa54-46d2-98b2-66182a9fff14,Jeanette White,97466741,91,7,637,2024-06-10 13:24:15.109004,delivered,00673,PR,JCB 16 digit
e125afa5-5c54-47ac-bf1c-0cf6f5dd768e,Stacey Robinson DDS,09534995,42,7,294,2024-08-20 16:50:39.613706,delivered,00673,PR,Maestro
4f06e8f2-b4de-4725-bc00-769b39df0477,Brenda Ho,13702274,88,1,88,2024-01-28 15:12:21.669922,pending,00774,PR,VISA 13 digit
e3097f2d-b36e-4a44-8686-6680b692e19a,Mark Mendez,13151560,35,3,105,2024-03-26 23:52:44.273750,shipped,00632,PR,Maestro
1b29cba7-f401-40a1-872b-cb75a8112289,David Bryant,45237584,67,6,402,2024-06-16 22:00:04.419063,pending,00711,PR,JCB 16 digit
bf0452e7-e650-4d97-9089-e0277d197978,Jonathan Carroll,38140051,74,8,592,2024-03-17 10:34:28.645091,pending,00678,PR,VISA 16 digit
586c9f5a-d0e8-4c5f-ad59-24d83df0b79d,Ronald Thomas,86124379,21,9,189,2024-08-07 19:42:26.117482,shipped,00645,PR,JCB 16 digit
cf8dabbc-e6b7-4a21-9ba9-7858e51f56fc,Jonathan Carroll,88956565,33,6,198,2024-06-30 14:36:57.201396,pending,00678,PR,VISA 16 digit
a87fea6c-c5a6-4c7e-88b2-2b0a7a2091b5,John Barnett,52598463,61,1,61,2024-06-03 04:38:53.751287,delivered,00744,PR,Discover
c756359b-a654-40b8-9fde-4a5ad5505ec1,Kari Kelly,87775990,54,7,378,2024-07-27 03:07:00.609657,delivered,00689,PR,VISA 16 digit
b52de754-87f7-495b-adca-8ba24193357f,Ronald Johnson,05281770,2,7,14,2024-07-31 14:35:40.837399,pending,00647,PR,Discover
9fb4c12a-78ca-49b0-a59b-9985ed673a01,Crystal Park,41743492,8,2,16,2024-05-10 23:21:38.634875,delivered,00797,PR,Discover
8d1f33cc-ee51-43ae-bef5-beb96db497b7,Jennifer Bond,68433376,19,4,76,2024-07-06 10:30:55.739620,shipped,00663,PR,JCB 15 digit
d98e30bd-26a9-4ce3-9be6-c5375b6f37bf,James Jimenez,38735677,25,4,100,2024-08-12 16:56:15.600679,shipped,00638,PR,JCB 16 digit
29deb36d-cc43-4462-a1f8-8f9b4cf70368,John Miller,39867230,12,9,108,2024-08-06 03:54:55.549456,pending,00660,PR,JCB 15 digit
58ee45ff-dcee-4926-b10c-e182c52ffda9,Jennifer Joseph,23546233,87,6,522,2024-02-17 17:51:21.414436,shipped,00601,PR,Discover
d88a1548-08bb-4c29-b4a9-ba9a5eda2ed4,Lauren Avery DVM,11540359,38,1,38,2024-08-09 17:54:13.045480,pending,00638,PR,Mastercard
4a5446e2-f1bc-4342-a329-e38abe0b4e6c,Karen Hall,20211868,36,3,108,2024-04-20 21:00:03.629390,delivered,00641,PR,Diners Club / Carte Blanche
c70d990c-9e16-49e2-8910-38fddda497de,Grant Lopez,66003335,22,4,88,2024-04-26 19:16:48.235058,shipped,00733,PR,VISA 19 digit
2ecac590-2434-4d8f-957b-e81b7a44fa41,Brett Guzman,01047004,78,7,546,2024-03-21 07:26:13.416965,shipped,00697,PR,VISA 13 digit
6abcb2e3-7870-4b0a-9a37-0635a79cf80d,Mark Mejia,54203228,92,5,460,2024-05-21 02:12:20.328173,shipped,00716,PR,Maestro
f3096eb5-29ed-4676-92f9-05b3f80df89d,Alexander Gordon,72036570,55,3,165,2024-08-27 23:42:41.866354,pending,00735,PR,Mastercard
423430b3-879c-4fbd-aa68-8ebddc1afd98,Stephanie Dickson,13179731,93,5,465,2024-08-18 12:05:52.021443,pending,00653,PR,JCB 16 digit
da8fac12-1540-4f5b-87b0-5ee58e21a0c8,John Miller,17503594,48,4,192,2024-08-30 02:49:32.352705,delivered,00660,PR,JCB 15 digit
9bbb31c8-dc6e-4cb3-8d3e-cf09eef907c1,Austin Garcia PhD,73839620,49,5,245,2024-02-24 18:34:32.063975,delivered,00707,PR,Maestro
6ade56aa-f705-41ed-8034-3cf8c7dfbc4e,Alexander Gordon,91990150,65,2,130,2024-07-17 10:05:28.969132,shipped,00735,PR,Mastercard
a6b2451b-de79-4a83-9b58-1ef854e2f21d,Kathleen Clark,12837397,73,9,657,2024-06-08 13:20:31.589683,delivered,00663,PR,JCB 16 digit
b31de80d-e6c9-4fca-8c5d-333c2252d276,Connor Blackwell,17779852,80,7,560,2024-04-17 15:04:56.009677,delivered,00708,PR,VISA 19 digit
e8950431-67ef-4780-a8dd-2089026753a7,Kari Kelly,31961219,23,5,115,2024-02-27 17:41:04.380949,shipped,00689,PR,VISA 16 digit
ad297079-c5f4-4466-837d-817ab5d5f7e1,Jay Jordan,00316217,51,8,408,2024-07-09 04:43:37.961304,pending,00712,PR,Diners Club / Carte Blanche
f974af31-abfa-480d-a29a-85d0eafe1c51,Mark Mejia,41174647,46,6,276,2024-06-28 21:05:46.154377,pending,00716,PR,Maestro
299d1d0f-ed3a-49bb-a59f-34c764cae712,David Lloyd,37034559,9,7,63,2024-03-12 23:25:32.676080,shipped,00609,PR,VISA 13 digit
e31acc05-8b38-4c94-9248-174bb022b4bb,Jacob Shelton,33761671,4,4,16,2024-06-12 22:13:30.691375,shipped,00749,PR,Discover
e0c3a451-8d8d-430a-895d-3c72c601f48d,Brianna Gallagher,15704122,15,7,105,2024-04-03 01:46:36.538570,delivered,00731,PR,American Express
64a2b2b5-3996-4dfa-980e-23c817815c78,Jane Garcia,78438347,63,5,315,2024-01-20 03:03:42.702064,pending,00728,PR,JCB 15 digit
6e54b45d-dce9-4786-84c9-cd53187686cd,Raymond Reed,89244463,51,5,255,2024-04-21 16:32:01.386591,delivered,00791,PR,Mastercard
dbfd9b2e-022c-4309-9f20-78aa599059e7,Anthony Schultz,65717424,31,6,186,2024-08-09 08:40:57.034132,pending,00685,PR,VISA 16 digit
3a8cfeca-42e5-46fe-83af-782524e81f0f,Lisa Beard,69421945,80,2,160,2024-06-04 11:26:39.882044,shipped,00743,PR,VISA 16 digit
fd8c31f3-6e58-4fe0-a99a-b5f9b05a398f,Jennifer Williams,34542743,72,9,648,2024-01-09 21:22:05.867255,pending,00673,PR,VISA 16 digit
3666141b-6b8b-4461-ad6a-501520b96b42,Kimberly Lewis,28363781,9,7,63,2024-04-29 15:11:06.518764,pending,00756,PR,JCB 16 digit
176d6081-e3f1-49aa-bb99-0475184a063a,Jacob Shelton,13179731,93,3,279,2024-03-08 21:47:53.739286,delivered,00749,PR,Discover
46625257-33a5-4796-930f-63c36d8eafb9,John Barnett,17174275,43,3,129,2024-08-30 06:12:05.402579,delivered,00744,PR,Discover
e45cabf8-7864-4e22-bc81-1aac1e570b32,Michele Turner,68433376,19,5,95,2024-04-05 12:38:33.488855,shipped,00674,PR,VISA 16 digit
00e88812-67d6-4b31-8c35-cf27799cb861,David Bryant,38198151,46,2,92,2024-03-22 03:42:15.439147,shipped,00711,PR,JCB 16 digit
8ecff088-9439-4cff-8821-707161a3a6f1,Austin Garcia PhD,71581866,26,3,78,2024-04-10 09:40:20.651216,delivered,00707,PR,Maestro
449cb4c4-a18b-4431-b49b-c266eae05663,Stephanie Dickson,70328592,6,9,54,2024-04-28 10:31:52.765724,delivered,00653,PR,JCB 16 digit
78c8ba54-78e8-4cf7-8613-ed0a9039e11e,Danielle Knight,63175912,19,9,171,2024-04-27 14:02:46.980388,delivered,00627,PR,Diners Club / Carte Blanche
9d45e727-1873-499e-873e-7cdb2ba0cfa0,Crystal Park,17174275,43,2,86,2024-07-15 01:55:19.379559,delivered,00797,PR,Discover
ba0551a5-ce03-4d63-b53f-fc606f8ddd2f,Brian Gonzalez,34543184,5,9,45,2024-03-30 20:12:46.917840,pending,00660,PR,Discover
5a1e8969-6b9d-439f-97c7-72d135c5f6ed,Daisy Li,00237512,92,5,460,2024-01-12 09:24:37.854537,shipped,00657,PR,JCB 15 digit
7580c21a-e662-4251-b52f-875fbdc74b45,Phyllis Kemp DDS,57065519,51,1,51,2024-07-16 05:18:20.705166,pending,00696,PR,Maestro
f79777b2-db2f-4e16-9c84-c70a4ed535ac,Paul Vaughan,17503594,48,3,144,2024-02-19 17:02:27.540378,delivered,00712,PR,VISA 13 digit
d7377746-b255-488f-900e-7e7dc8c3388f,Teresa Sutton,17139823,40,10,400,2024-02-07 09:14:56.119597,pending,00650,PR,Diners Club / Carte Blanche
75728bc3-8b02-4067-aaf8-de41e559506e,Kelly Whitehead,18078619,70,7,490,2024-08-11 09:08:42.991753,shipped,00658,PR,VISA 16 digit
b378719a-588a-49b5-b549-0ea487948924,Jay Jordan,71413358,58,3,174,2024-07-09 19:34:46.454536,pending,00712,PR,Diners Club / Carte Blanche
931c8170-53c4-4bbb-a4ea-d2d1161486a3,Jane Garcia,37038250,65,5,325,2024-05-29 13:05:33.090257,delivered,00728,PR,JCB 15 digit
2f90a017-f267-418a-b86e-d653d74c928b,Kyle White,30756618,18,4,72,2024-03-08 02:39:44.403378,pending,00719,PR,American Express
5fdc78de-ffe4-4749-9092-739f2869f7b2,Carrie Campbell,32628913,49,5,245,2024-01-29 18:24:00.995191,shipped,00726,PR,VISA 16 digit
fadcd890-ef47-4b25-938d-b7fa0391cb70,Daisy Li,33216805,28,3,84,2024-09-02 19:31:56.345735,shipped,00657,PR,JCB 15 digit
eb610cdc-ad0c-4745-ac64-fe659f2e15cb,April Carter,39737175,8,4,32,2024-07-26 08:47:46.879258,shipped,00622,PR,VISA 19 digit
f40f919d-457d-438c-acdb-c6d1b50c99f9,Phyllis Kemp DDS,83232503,76,6,456,2024-03-05 00:37:12.435900,delivered,00696,PR,Maestro
c012ba3e-1f1a-4935-ace9-3d127bfc6296,John Miller,78225206,31,1,31,2024-06-16 19:29:59.628061,delivered,00660,PR,JCB 15 digit
2af7dd36-b697-4f85-bb3e-70073e7ddd05,Ronald Thomas,04314660,42,4,168,2024-09-04 16:41:54.381538,delivered,00645,PR,JCB 16 digit
8ed5d0cb-26bf-4f43-a089-9e5122d43d23,Hannah Johnson,66325383,29,6,174,2024-09-03 15:30:12.549120,shipped,00659,PR,JCB 16 digit
82133dc6-b6c0-41ae-8a41-f14ac20c07f7,Danielle Knight,60286819,67,7,469,2024-07-13 03:34:21.123127,shipped,00627,PR,Diners Club / Carte Blanche
98284e15-605e-4576-9dde-247332b61550,Justin Davis,29743599,50,1,50,2024-08-01 21:50:46.551245,shipped,00781,PR,VISA 16 digit
6adb4f06-79a2-4138-97d4-be65bffb49fe,Alexander Gordon,33510491,9,10,90,2024-05-07 11:40:44.576156,shipped,00735,PR,Mastercard
b2fbc62d-bd6a-424a-807a-d293a9bc4ded,Brittney Roberts,14178504,74,3,222,2024-04-07 16:19:27.888547,pending,00698,PR,JCB 15 digit
ecb6df7b-5951-45bc-a588-eae4d61a6428,Juan Ruiz,99791445,86,1,86,2024-03-20 03:56:50.452802,pending,00708,PR,VISA 19 digit
e5115862-0cf0-4870-adee-e89169120206,Kathleen Clark,68927004,25,9,225,2024-08-15 02:16:33.579779,pending,00663,PR,JCB 16 digit
7d51d064-60ea-4e5e-9f00-d75a9d2c8ec1,Andrew Holder,74892365,85,8,680,2024-01-01 21:47:37.960458,shipped,00772,PR,Maestro
b9236604-04cf-4347-8f13-166bd0c21767,Joy Anderson,93821285,15,7,105,2024-03-23 01:05:40.610792,pending,00652,PR,VISA 13 digit
820608f9-997d-463f-b054-17d4ad3dd1bf,Brianna Gallagher,78459496,55,5,275,2024-05-03 17:26:22.449777,delivered,00731,PR,American Express
a40cb6a1-c350-412a-a69a-673eaab23fdd,Stephen Mitchell,28899518,9,6,54,2024-06-16 08:28:42.440401,delivered,00702,PR,American Express
9b5c456b-2e63-4970-91a3-d76beed2f243,Jane Garcia,90056994,39,2,78,2024-04-19 08:51:52.230555,pending,00728,PR,JCB 15 digit
dad99d35-b2c1-4ec9-8350-891b573d3d99,Brian Gonzalez,11567745,34,6,204,2024-02-25 13:56:11.893537,shipped,00660,PR,Discover
02ee4cad-7695-49c3-99d5-bafc57ba0c42,Jeanette White,33103723,21,1,21,2024-07-24 19:19:23.017818,delivered,00673,PR,JCB 16 digit
ed44fd54-6d97-475c-9881-54ccc5af10f8,Teresa Sutton,81021239,8,6,48,2024-03-14 10:39:00.357809,shipped,00650,PR,Diners Club / Carte Blanche
e71cf761-793d-418a-b36a-3d2dffc55321,Donald Williams,01437416,59,7,413,2024-05-03 22:16:34.444719,pending,00702,PR,JCB 16 digit
c79d914a-1126-4e55-b0f6-ce26344987af,Jennifer Joseph,93821285,15,8,120,2024-06-12 02:39:39.327048,delivered,00601,PR,Discover
a1319655-5cdc-4025-bd1c-c990397e06ce,Grant Lopez,88149424,17,5,85,2024-01-01 07:45:17.408402,shipped,00733,PR,VISA 19 digit
e04cb401-1121-4968-9290-9d574af9405d,Shawn Holmes,70257670,38,7,266,2024-08-15 19:44:10.628773,pending,00697,PR,Discover
5555b049-0a78-44db-b602-33e5f5371ed2,Jennifer Williams,60301352,54,1,54,2024-02-21 11:43:04.544434,pending,00673,PR,VISA 16 digit
4a93bcce-b3a7-4461-90b5-fc6cedb94dee,Raymond Reed,75055035,87,3,261,2024-05-30 07:13:53.124638,delivered,00791,PR,Mastercard
891ac091-ffb4-4179-8767-4c35206a4014,April Carter,23505155,19,9,171,2024-02-05 08:05:57.120107,delivered,00622,PR,VISA 19 digit
dcf53ce0-7f86-401a-9967-83fba7a5a050,John Miller,42841654,90,5,450,2024-06-04 14:35:05.336089,pending,00660,PR,JCB 15 digit
bad0d90c-f697-4006-9268-fa29bfde74e3,David Lloyd,47000438,43,10,430,2024-02-03 08:56:25.449956,delivered,00609,PR,VISA 13 digit
d071d269-9a21-4a00-9c11-e9d5f8cf7dbc,Hailey Daniels,17912020,95,1,95,2024-07-09 17:04:07.799141,delivered,00646,PR,VISA 19 digit
60e8d7b5-c94b-44c4-8220-d02d809c3670,Frederick Ramirez,54345232,26,5,130,2024-02-14 06:00:50.304476,shipped,00751,PR,VISA 16 digit
967b1dd1-68c4-4c53-98df-d86cca2bb4cc,Audrey Nelson,02247915,29,4,116,2024-05-30 23:19:15.012717,shipped,00627,PR,VISA 16 digit
8bd76eae-a0bb-4d83-9020-f5dbdc80d619,Joseph Murphy,27293959,94,6,564,2024-03-23 08:54:31.113242,shipped,00740,PR,Discover
14d57ec3-6db2-413c-af57-5e4ae4a27b75,Luis Jacobs,65252901,74,7,518,2024-02-18 13:02:14.777063,pending,00715,PR,American Express
b55a407a-e1f9-4ddf-92ea-36e3a475640e,Crystal Park,92641471,45,8,360,2024-08-31 12:49:01.289065,shipped,00797,PR,Discover
c65b1bcf-d026-4221-9eed-b8fc1e2be55d,Teresa Sutton,05931316,61,6,366,2024-06-22 01:30:28.557329,pending,00650,PR,Diners Club / Carte Blanche
cb39656b-ad0b-4082-af20-875fc3b41c02,Stephanie Dickson,23713581,24,5,120,2024-01-03 01:59:29.312526,delivered,00653,PR,JCB 16 digit
b768a941-6ca8-415b-896f-326e2a6383a6,John Morton,63137255,57,6,342,2024-08-25 21:53:24.573864,delivered,00738,PR,Diners Club / Carte Blanche
87da4145-9d29-4a5e-9a90-4070644c8116,Angela Reed,66097181,68,1,68,2024-06-23 06:45:39.190247,pending,00774,PR,Maestro
d7a69997-e3cb-4aa0-b0f9-9f81d73b0359,Jonathan Martin,96949542,80,3,240,2024-02-20 02:21:37.323377,delivered,00679,PR,VISA 16 digit
f45120ea-fda3-4c02-9b4c-6cc4cb294937,Carrie Rice,39484147,45,3,135,2024-08-05 22:45:55.976369,pending,00674,PR,VISA 19 digit
baea3874-2ef3-4735-9b95-a72ff3364301,April Carter,11571834,9,7,63,2024-08-29 22:01:35.425526,shipped,00622,PR,VISA 19 digit
0812d4e0-541c-4953-b137-a8959c312379,Courtney Underwood,02138701,1,10,10,2024-08-21 08:11:25.887810,pending,00615,PR,VISA 19 digit
91716c86-cf3d-4f1f-82f2-c46cba02464a,Mark Mejia,50066698,57,2,114,2024-04-01 00:07:04.132825,delivered,00716,PR,Maestro
817ad1c0-9767-43b6-9b62-36cadadff2e3,Amanda Dixon,29090228,62,8,496,2024-05-18 05:04:50.307961,shipped,00795,PR,Discover
5e21c12f-1c30-4c49-992d-a124292fbd10,Jerry Lopez,81021239,8,10,80,2024-08-13 05:52:18.413371,delivered,00799,PR,JCB 15 digit
bb7557ea-d862-4a81-b142-d5af44507878,Stacey Robinson DDS,56130959,27,9,243,2024-02-19 04:45:45.703887,delivered,00673,PR,Maestro
f2550b2f-0f67-4e25-80d3-ddc393ef9294,Amber Bowen,74065479,24,8,192,2024-05-08 09:40:25.964446,delivered,00711,PR,JCB 16 digit
782d23dc-07e7-47a8-9cf9-0d896972f12e,Sarah Wilkinson,20460075,90,10,900,2024-08-16 17:10:38.729256,shipped,00798,PR,Mastercard
0b0f2296-6111-4604-8ba2-b782df0fb423,Briana Simmons,63320763,42,2,84,2024-02-05 19:01:32.126832,pending,00639,PR,Discover
cbe37c2e-6c0e-48c7-8dfd-aeeec0298f5e,Alexander Gordon,84717207,38,6,228,2024-08-25 07:39:47.546024,delivered,00735,PR,Mastercard
cc1a3301-d532-46cf-a19a-e6ea3c95ebe0,Lisa Beard,07505393,84,5,420,2024-06-05 03:07:06.102731,shipped,00743,PR,VISA 16 digit
47c31e20-4e2d-466d-85b9-4c34c7fec6b2,Jane Garcia,52129674,86,3,258,2024-05-17 21:45:21.715136,delivered,00728,PR,JCB 15 digit
921e4514-e09b-468e-be98-4b7ef07e8715,Kimberly Lewis,42527558,67,8,536,2024-05-12 04:58:48.461631,delivered,00756,PR,JCB 16 digit
7bc5cf2b-871c-4f06-aca5-2e90428a23c2,Kyle White,30756618,18,1,18,2024-01-29 08:47:30.490428,pending,00719,PR,American Express
