e0730e85-b38b-4c22-8b53-258bc0e5a1ec,Terry Andrews,72727256,49,5,245,2024-04-15 19:02:27.244439,pending,59730,MT,VISA 19 digit
84bdfd82-7ae5-43cb-a5c3-2adc4ebc1dd6,Edward Johnson,86376501,14,1,14,2024-08-13 00:28:55.201877,delivered,59380,MT,JCB 16 digit
1bd13879-8913-4e45-b13e-4a7aacce01fa,Alexis Walker,25494013,43,10,430,2024-03-25 00:12:00.538495,delivered,59007,MT,JCB 16 digit
46465da1-6c97-48c1-b872-8b106a56fcb8,Teresa Smith,51505653,9,2,18,2024-01-06 05:46:43.952456,shipped,59638,MT,Diners Club / Carte Blanche
ce6b91d8-7e1f-4973-a233-620cc3984d52,Amanda Arnold,15704122,15,5,75,2024-03-18 14:49:09.963117,shipped,59927,MT,VISA 16 digit
d6ef57e5-aa24-47a0-b6e3-50321ab48ccd,Katelyn Taylor,31235044,92,8,736,2024-04-06 18:41:02.803604,shipped,59464,MT,American Express
fe9b30ae-ce19-40b4-8d40-fb123b456a2b,Joann Peterson,10886991,4,7,28,2024-04-10 09:11:30.385403,pending,59362,MT,JCB 15 digit
7b6e653e-b0a9-442f-ad29-c425540f7135,Alexis Ruiz,80515784,70,6,420,2024-05-08 03:28:49.184509,delivered,59181,MT,Mastercard
cf8ca162-8c56-41cd-88bd-8d5d5609b4b7,Brittney Smith,11149415,73,5,365,2024-07-04 19:29:44.473068,delivered,59226,MT,VISA 16 digit
7b356bab-003b-4c2a-9a68-4a1e086ec4be,Kevin Bradford,79678032,19,2,38,2024-07-24 11:16:30.446344,delivered,59114,MT,Mastercard
8d27267c-59e6-4d43-9c70-91c9c855ab62,Rebekah Cox,01959147,39,1,39,2024-04-15 06:55:45.223371,pending,59923,MT,VISA 16 digit
84f58224-d24a-4f2e-a37e-9daa4fff6c9c,Charles Evans,83227981,66,4,264,2024-05-15 07:33:46.240237,shipped,59108,MT,American Express
8fc8d525-c158-416b-825e-a86d24071ac8,Jonathan Clark,57065519,51,5,255,2024-04-21 19:11:55.163503,shipped,59495,MT,Mastercard
06dc8b0a-f277-4766-bc88-640dd65c3700,Matthew Johnson,63105667,61,2,122,2024-02-02 21:45:51.745636,shipped,59043,MT,JCB 16 digit
af7fbeb7-a7d0-4365-9ebb-966bcf71a0d3,Angela Mckee,62490795,97,3,291,2024-05-12 19:18:04.531573,pending,59465,MT,VISA 19 digit
ffcff5b0-3664-48ca-ac21-6f0b2cca7459,Sheila Lozano,62550376,44,9,396,2024-03-14 04:30:17.433056,delivered,59340,MT,Mastercard
3697aada-17f8-4c40-b85b-cc6da4b62411,Danielle West,76422768,1,5,5,2024-03-31 13:45:56.150675,shipped,59699,MT,American Express
d9bf8c89-3333-4f2b-b0d5-76ad125a478d,Christine Jackson,12835126,26,10,260,2024-07-11 10:17:27.642869,shipped,59097,MT,Maestro
abb9d24a-c43d-4864-bd3f-037001b354a7,Dan Bailey,84250360,88,2,176,2024-07-08 15:13:47.896401,delivered,59646,MT,Diners Club / Carte Blanche
4fa50462-67ec-4f0e-86ae-b7fba62bf7b5,Joshua Hoffman,40837253,67,1,67,2024-02-20 04:38:38.803591,shipped,59682,MT,VISA 16 digit
762e0341-ece6-4dd6-80ea-45668811ccdf,Gina Matthews,43409280,82,5,410,2024-07-30 09:55:34.292991,delivered,59572,MT,VISA 19 digit
56dc9515-8da3-40a2-915f-2a3044eceb88,Kelly Gray,23960619,100,8,800,2024-06-13 05:51:56.131943,delivered,59445,MT,VISA 16 digit
7b00079a-a31e-4a09-8d65-4fa1c5da9b0f,Stephanie Anderson,58264171,25,1,25,2024-04-22 21:05:44.687523,pending,59456,MT,American Express
98b5d2f6-9dbc-4a20-a9da-9c7a3b761cc0,Dalton Sullivan,53730589,24,9,216,2024-05-31 06:34:51.827930,shipped,59026,MT,VISA 13 digit
1afb56c6-7399-43f6-ac0d-d42b23a78bc8,Emily Delacruz,95842332,72,6,432,2024-03-18 07:17:11.297895,pending,59728,MT,Diners Club / Carte Blanche
ab858e03-3b3f-4615-8696-3bc3d402b975,Kevin Bradford,90286865,87,5,435,2024-01-29 10:53:32.985002,delivered,59114,MT,Mastercard
44f68623-29a2-4f8f-a7b5-aeceb67648f0,Dustin Johnston,75255718,43,3,129,2024-01-27 02:34:04.938281,delivered,59674,MT,Maestro
14545b9d-89b4-4f2b-9deb-5f678d2598f6,Devin Howell,14982026,67,7,469,2024-01-09 00:29:01.240197,pending,59302,MT,Discover
ace8a09b-9cf8-4268-a550-8f9c0cfbee61,Heather Nelson,41838853,22,8,176,2024-08-16 03:14:49.675352,shipped,59660,MT,VISA 16 digit
eda652e6-d380-4da0-9397-e98813e0aee4,Corey Walker,94204964,76,2,152,2024-03-26 08:35:19.222657,delivered,59697,MT,American Express
cf785151-132a-4bd7-a795-207611f57624,Elizabeth Valencia,90056994,39,1,39,2024-06-26 08:17:49.697948,shipped,59086,MT,JCB 16 digit
33b2dfdf-6218-4f2d-b211-a2c48ea989ad,Gina Matthews,12835126,26,1,26,2024-05-18 14:30:52.146501,delivered,59572,MT,VISA 19 digit
77748ab1-9049-4ff9-841c-5484e294e62d,Hector Keller,43808311,35,8,280,2024-05-06 10:54:43.022805,pending,59202,MT,VISA 16 digit
cd7cef98-e559-4018-ad5f-c892af24e2da,Terry Andrews,75257354,59,6,354,2024-02-16 09:15:47.436854,delivered,59730,MT,VISA 19 digit
db105127-1386-4e4a-9556-85270d2a6a8c,Gina Owen,75055035,87,8,696,2024-01-13 18:53:11.346842,pending,59769,MT,VISA 19 digit
12bb2c6a-f30a-4a9b-a394-380a4a08cd4b,Matthew Johnson,61238077,19,4,76,2024-04-12 12:47:53.545596,shipped,59043,MT,JCB 16 digit
91bb6790-4e0b-491a-b3e7-25069cf2af5d,Mrs. Cassandra Schmidt,07653193,96,10,960,2024-01-07 12:49:06.650288,pending,59429,MT,VISA 16 digit
dcbe223f-758c-447d-8ee7-4840d30c55f7,Charles Evans,19104171,94,9,846,2024-03-25 08:27:32.702609,delivered,59108,MT,American Express
8ade51c3-08f5-480f-a49e-0fc181d5712f,Rachael Sims,61435254,25,3,75,2024-08-29 22:04:45.755478,pending,59493,MT,Diners Club / Carte Blanche
152b3794-425b-4bf2-b297-32db52e57783,Matthew Johnson,80362616,21,8,168,2024-08-26 10:58:11.723926,delivered,59043,MT,JCB 16 digit
55a80628-4c59-4646-91ff-88a4c32c5ed4,Maxwell Barker,28582687,6,6,36,2024-05-06 06:12:53.156893,pending,59535,MT,VISA 13 digit
06adbc6c-8a10-438e-908c-547ae8e8c064,Jennifer Harmon,33103723,21,5,105,2024-07-04 10:17:00.706749,shipped,59077,MT,American Express
19e2a491-465f-415a-a29f-17efa8c0537c,Angela Mckee,78353077,73,10,730,2024-06-20 02:01:29.295205,shipped,59465,MT,VISA 19 digit
923d59ef-94e5-4d1d-a183-047334213095,Brandon Weaver,18561173,68,1,68,2024-04-14 10:53:35.144608,delivered,59606,MT,VISA 16 digit
b8dfb769-89f0-4dfc-bd1c-c06ace07e317,Bianca Washington,45454479,15,3,45,2024-04-18 10:22:30.736536,pending,59399,MT,VISA 16 digit
21d87768-cf44-4eab-b5b6-41203f4527d3,Shelly Costa,04482017,71,6,426,2024-05-26 12:06:38.009325,delivered,59168,MT,VISA 16 digit
82b8c99a-2a8c-48d3-92a1-9625e76e48d5,Misty Perkins DDS,11676263,85,8,680,2024-02-04 22:32:09.777221,shipped,59210,MT,JCB 16 digit
a1208ffa-b307-4a63-8813-4dcebb6f6255,Christopher Smith,57642840,15,8,120,2024-03-01 09:12:24.674848,pending,59756,MT,American Express
b65458d5-a975-47f0-a3be-aa38259c3384,Teresa Smith,18279979,49,7,343,2024-03-07 23:40:00.850976,pending,59638,MT,Diners Club / Carte Blanche
f9aa7606-50e6-4c80-8308-d343f6ab4d65,Kaitlin Lee,20938611,81,9,729,2024-01-27 20:14:02.129491,pending,59719,MT,Maestro
4a95b896-8a5e-4804-a77d-62f12edb74cc,Shawn Harvey,90178559,61,4,244,2024-07-26 10:56:47.712957,delivered,59585,MT,American Express
d6f0d0c1-7440-44cb-8f49-4066fc3ca66b,Heather Nelson,41838853,22,9,198,2024-08-29 09:30:07.504228,delivered,59660,MT,VISA 16 digit
84772a07-469e-4d2c-bc96-58b6aade2376,Katelyn Taylor,91224873,22,4,88,2024-06-03 23:59:46.993073,pending,59464,MT,American Express
bc654aee-548a-4ab3-96d5-39232484dfe6,Sarah Beasley,19562841,38,5,190,2024-06-30 19:38:21.755846,delivered,59796,MT,Maestro
cb5e04d1-38c7-42da-88c8-36daf5b0e7fd,Sandra Alvarez,47198074,14,4,56,2024-01-08 12:29:01.007441,delivered,59206,MT,VISA 13 digit
e85a04cd-97f8-4285-a7b4-6f3cfc01fcf9,Nancy Cook,39710987,12,7,84,2024-06-17 17:20:35.906209,pending,59559,MT,VISA 13 digit
625b0e1f-1136-40bc-b806-b334dba8b3c3,Chad Macias,02247915,29,5,145,2024-07-16 19:55:51.352156,delivered,59862,MT,VISA 13 digit
b5689623-cd43-490d-a712-b7e059d662f5,Lisa Joseph,01181135,26,6,156,2024-03-04 05:18:16.069122,pending,59292,MT,American Express
697bc601-27e3-4239-9fac-43324132dbeb,Anthony Haley,62490795,97,1,97,2024-08-24 20:56:09.347202,shipped,59281,MT,JCB 15 digit
565b8018-a9e5-4bd0-b02a-6a18c4315619,Adam Murphy,32413458,85,9,765,2024-08-01 03:24:06.745288,pending,59447,MT,VISA 16 digit
d40309b7-76e7-4e5a-9b58-2df13587658e,Sharon Griffin,32499124,30,8,240,2024-07-30 16:42:33.684136,delivered,59439,MT,JCB 16 digit
2647f9d4-1e4e-4acf-bbe2-d800d84bec79,Heather Nelson,37038250,65,1,65,2024-01-06 20:01:23.891683,pending,59660,MT,VISA 16 digit
372fc0c7-fa79-406b-bcc6-fbda1fb3ae7c,Lauren Kelley,11660361,53,8,424,2024-06-01 08:03:50.836483,delivered,59290,MT,VISA 19 digit
7557a7eb-fe62-4023-8d9d-acf2d74d1d6e,Martin Pearson,12419920,3,10,30,2024-08-17 01:09:06.308951,shipped,59327,MT,Diners Club / Carte Blanche
1167650a-a531-4ff0-9e60-0321b20204da,John Salinas,54303119,40,2,80,2024-07-26 03:31:54.388832,shipped,59822,MT,JCB 15 digit
f35c0486-05c5-4f63-af80-7fe5aea22104,Dalton Sullivan,57621654,74,4,296,2024-09-03 18:20:21.610476,delivered,59026,MT,VISA 13 digit
bc9a2162-87ed-47bd-a93e-3e5a5cedfa3c,Matthew Johnson,06325756,90,1,90,2024-05-10 08:49:45.740171,shipped,59043,MT,JCB 16 digit
2b756f3b-f783-4201-9a3f-f637ed3a271d,Teresa Smith,74981168,60,3,180,2024-03-28 09:47:46.967417,delivered,59638,MT,Diners Club / Carte Blanche
2a5aeb4a-eca1-48bc-86b2-839842a52766,Dan Bailey,68542153,87,4,348,2024-05-13 00:35:35.321268,pending,59646,MT,Diners Club / Carte Blanche
372c6398-6605-402a-b73c-27ffc528dad9,Scott Jones,28423782,72,2,144,2024-05-18 14:41:26.434301,shipped,59780,MT,Mastercard
b7ea65f3-8b7b-4098-a809-556e3c535cb1,Julie Little,68699697,10,9,90,2024-04-29 04:31:30.317562,pending,59515,MT,Maestro
0e570724-5f27-447f-a91a-09203d6c3964,Seth Quinn,84992994,12,2,24,2024-01-30 01:17:19.484172,delivered,59916,MT,VISA 13 digit
7a8b6dc1-7a5f-46b8-8d2e-42c2b825ea40,Anna Guzman,85678569,58,2,116,2024-03-10 22:21:46.424815,pending,59480,MT,JCB 16 digit
63501882-9735-4fcf-8d81-2891df9f9dcd,Emily Delacruz,28582687,6,1,6,2024-03-14 10:36:18.087570,delivered,59728,MT,Diners Club / Carte Blanche
f097ea57-f4d1-4b63-8860-aa281bb03afa,Christopher Rodriguez,58783634,8,6,48,2024-02-08 05:33:00.187201,pending,59128,MT,Discover
474a838a-b8e5-4956-8217-1e1b91910d96,Debra Spencer DDS,50528134,81,10,810,2024-08-18 20:31:11.166360,shipped,59597,MT,VISA 19 digit
d02e3bf1-4157-4167-ae03-7c8eae52e43e,Sarah Beasley,06325756,90,10,900,2024-04-07 07:48:33.381283,shipped,59796,MT,Maestro
d7e61b44-0d2c-4780-b769-df37296f75dd,Cory Cox,56543667,46,4,184,2024-09-02 03:00:33.767555,shipped,59294,MT,VISA 16 digit
799140f8-b238-4445-83cd-0f7a5f4c5a2b,Emily Gilmore,95842332,72,2,144,2024-02-14 09:23:29.984768,delivered,59274,MT,JCB 15 digit
808cf23b-6159-4a00-99cd-92480484aaf5,Danielle West,74102143,35,8,280,2024-06-10 06:49:06.940264,delivered,59699,MT,American Express
66bde4ad-857e-4c50-95cf-679b18221f48,Lisa Joseph,30179080,54,2,108,2024-07-13 11:38:27.914003,pending,59292,MT,American Express
89e6c87b-fce1-4c7b-be41-8ddb06cde15d,Heather Nelson,33026503,55,8,440,2024-08-28 04:52:43.104977,shipped,59660,MT,VISA 16 digit
b92dfc45-625f-4bbf-ace6-07389cccd0d0,Brittney Smith,49725650,55,6,330,2024-02-26 11:41:45.264180,shipped,59226,MT,VISA 16 digit
b8fb6bca-044f-4aa2-833b-fa216d8ed5b6,Felicia Mahoney,69441578,72,4,288,2024-01-26 00:42:47.305907,pending,59156,MT,Mastercard
9cb415d6-2bf9-4925-ab50-6fad39f7f07b,Teresa Smith,57383071,12,3,36,2024-06-18 06:55:41.692460,delivered,59638,MT,Diners Club / Carte Blanche
b79763b9-1d8c-444c-b0a7-389d912f7470,Brent Benjamin,81138647,11,4,44,2024-06-27 20:57:25.960653,shipped,59816,MT,VISA 19 digit
614755c8-6e2f-49bc-a2ac-06f189e4696a,Kelly Gray,65931882,13,8,104,2024-03-11 06:03:41.657301,pending,59445,MT,VISA 16 digit
6285f103-7bb4-4dda-8f9c-335ed003695f,Anthony Haley,04206149,12,5,60,2024-07-05 23:15:03.295184,shipped,59281,MT,JCB 15 digit
7bb0f681-949f-4e02-968f-62e5c71370cc,Tanner Peters,33594989,8,5,40,2024-01-27 19:34:50.208624,shipped,59056,MT,Maestro
c1a2abc7-55a8-4f93-b6a1-d7cc96495e14,Martin Pearson,34543184,5,7,35,2024-03-19 11:00:44.155748,pending,59327,MT,Diners Club / Carte Blanche
25c6f478-141e-4f0c-b889-300b5021396d,Jason Gilmore,81853779,72,2,144,2024-03-01 05:28:56.152830,pending,59288,MT,JCB 16 digit
78dd9a2c-8b2e-408c-a36c-ae7a9523885b,Maxwell Barker,13108496,81,4,324,2024-02-05 05:51:29.163277,pending,59535,MT,VISA 13 digit
e35a1db0-5c67-496f-ae50-4222698a61f7,Edward Johnson,29911714,25,3,75,2024-08-30 21:43:33.932022,delivered,59380,MT,JCB 16 digit
43ac6bc4-488e-4f37-90dd-0727f7667ba8,Misty Perkins DDS,23960619,100,5,500,2024-08-28 20:54:48.934973,shipped,59210,MT,JCB 16 digit
4ce48b90-4faa-4faf-98bd-49481e6966c9,Julie Little,29075430,44,3,132,2024-05-31 13:30:24.486840,delivered,59515,MT,Maestro
c8d89c64-176c-46e7-8326-7e28f86aeec4,Brittney Smith,27939017,89,10,890,2024-01-21 06:01:10.447094,delivered,59226,MT,VISA 16 digit
ec496ed6-d00b-4673-b727-1f8be7c9363d,Mark Fitzpatrick,42508571,41,10,410,2024-07-05 01:13:58.325543,delivered,59659,MT,Mastercard
7ee9bc7e-0d03-4df0-9165-8c157c0f45ed,Deborah Lee,31194587,21,6,126,2024-06-04 18:42:44.045382,pending,59576,MT,JCB 16 digit
884d3d65-14d4-4f4c-be24-807668115764,Mr. Scott Diaz,24220491,37,4,148,2024-08-21 15:14:23.282330,delivered,59028,MT,American Express
734c605f-8d5b-41fb-9e5a-5e1db21c2377,Harold Ellison,72834107,65,7,455,2024-08-28 11:38:15.013497,delivered,59671,MT,Discover
5e50b56a-6629-46bd-9dbf-04b844601045,Emily Delacruz,88283210,31,10,310,2024-08-09 18:03:17.907482,pending,59728,MT,Diners Club / Carte Blanche
2a417e0b-b18e-4c6a-86b5-890da506efa4,Jeremiah Leblanc,39478894,61,1,61,2024-07-07 08:12:10.406042,delivered,59423,MT,VISA 13 digit
d6bea627-438f-4fd9-9cd2-13606144a2a8,Emily Gilmore,79186070,79,7,553,2024-01-06 11:09:42.484304,delivered,59274,MT,JCB 15 digit
1ff9e554-a550-43a9-9f66-71f0474a04df,Tanner Peters,02127798,81,1,81,2024-07-17 23:01:58.248848,delivered,59056,MT,Maestro
ac6840f2-c6c3-4ca1-9ff8-e651273ddfdf,Kristin Cooper,93212564,62,10,620,2024-02-01 04:31:04.895449,shipped,59716,MT,VISA 19 digit
df17d80b-c68f-4403-aba6-6694153b122b,Jason Gilmore,34059036,71,2,142,2024-01-25 16:03:39.570942,pending,59288,MT,JCB 16 digit
3d340ef3-1ff2-426e-8585-f3e0533f9bf2,Kevin Bradford,76741333,80,5,400,2024-01-03 18:35:03.928792,shipped,59114,MT,Mastercard
fe8d0a59-b335-4abc-a2d4-d311a63c1529,Gina Matthews,35792888,29,1,29,2024-05-14 22:57:02.259759,pending,59572,MT,VISA 19 digit
e212c449-1c2c-43ac-b03b-d56c0de219d9,Dustin Johnston,86900478,9,4,36,2024-08-23 15:40:13.252144,shipped,59674,MT,Maestro
d7eb754d-2a83-46ad-afee-75565fbec83b,Thomas Sullivan,66920434,97,2,194,2024-05-16 05:56:53.717957,pending,59042,MT,VISA 16 digit
bb1905f3-be4e-46d6-962f-2882488c6f1b,Briana Hale,58084281,7,7,49,2024-04-07 14:27:39.658889,delivered,59690,MT,VISA 19 digit
eb6ff367-e19f-4f20-9643-8de3d8adcb5c,Cory Cox,60489968,25,3,75,2024-06-21 23:10:32.180383,shipped,59294,MT,VISA 16 digit
ed6977f7-594e-47cf-bced-6ce5138f7d42,Kristin Cooper,41029398,96,2,192,2024-01-09 14:02:01.642675,delivered,59716,MT,VISA 19 digit
8be1fb29-aa5c-4f64-86ea-256e69bafe27,Sheila Lozano,17613477,18,3,54,2024-01-15 14:20:17.279971,shipped,59340,MT,Mastercard
b36eb8d0-6c55-4f93-ad21-6a58ba1a55d7,Jon Ray,04590750,51,10,510,2024-06-20 08:50:24.850496,delivered,59224,MT,VISA 16 digit
98d9f796-279a-4e96-8163-116373ebbb6f,Matthew Johnson,73820048,88,8,704,2024-04-26 21:03:38.553458,pending,59043,MT,JCB 16 digit
24374ed5-d278-472d-aa83-2f8b67b8b000,Sharon Griffin,99519056,78,3,234,2024-05-19 18:36:14.857292,delivered,59439,MT,JCB 16 digit
9951b2b0-d373-4bfe-a26d-9b26718648b8,Adam Murphy,23722194,42,3,126,2024-04-11 11:35:01.747802,pending,59447,MT,VISA 16 digit
bd1e8330-8b86-43ba-9775-bc0a4f20b342,Brandon Weaver,09534995,42,8,336,2024-05-22 19:17:28.831914,shipped,59606,MT,VISA 16 digit
108c8567-0178-401b-9b4a-f1d3fb7960eb,Rachael Sims,54929814,6,7,42,2024-02-23 00:39:34.363838,delivered,59493,MT,Diners Club / Carte Blanche
64fe45f4-098b-42e6-8466-824d679d4463,Brittney Smith,13702274,88,5,440,2024-02-11 14:41:02.149062,pending,59226,MT,VISA 16 digit
5eb46552-a4c1-4370-a28a-8bc0988264de,Rhonda Roberson,90087110,16,8,128,2024-03-18 22:28:54.118297,shipped,59528,MT,Mastercard
031f28b3-d238-408c-92f7-cd5914540927,Dalton Sullivan,90286865,87,4,348,2024-04-19 19:18:42.745678,shipped,59026,MT,VISA 13 digit
2e06e230-1d40-493f-bf9d-ed9b4690ddaa,Christopher Hunter,35124047,77,4,308,2024-08-17 21:19:44.928957,shipped,59003,MT,Mastercard
e3582522-52b1-400f-8e47-978137843f08,Emily Delacruz,09534995,42,1,42,2024-02-06 00:57:28.045710,delivered,59728,MT,Diners Club / Carte Blanche
1d9f11c0-98d1-4491-809a-0c2fa1219e57,Christopher Smith,30701335,13,2,26,2024-08-20 05:56:02.520383,delivered,59756,MT,American Express
f591d97a-b582-4b8b-aff9-66cf99575781,David Rogers,23955486,93,7,651,2024-05-09 07:36:19.457475,pending,59736,MT,Mastercard
e10fce5b-a98d-44bd-8213-e85eb28ab99e,Jose Mcdowell,70512649,37,5,185,2024-03-20 22:22:53.984354,pending,59310,MT,VISA 16 digit
667dc9e7-1a16-40ce-8e18-1df3c4bc1eb6,Rhonda Roberson,72494578,19,10,190,2024-07-21 10:17:34.421149,shipped,59528,MT,Mastercard
84def030-8d8a-4ff7-9456-c0bf19a21d81,Brittney Smith,18078312,30,1,30,2024-05-28 10:35:02.498129,shipped,59226,MT,VISA 16 digit
90a00e9b-a382-4213-9e91-4e26f52b6f66,Teresa Smith,57518336,61,4,244,2024-05-25 03:00:29.092805,delivered,59638,MT,Diners Club / Carte Blanche
70e85d8b-f117-41a2-9a32-c779ec24e729,Brian George,75270933,85,2,170,2024-04-17 04:17:17.494497,delivered,59372,MT,American Express
643b2d43-152c-45ff-afb4-43aa254cf034,Amanda Arnold,27653852,16,1,16,2024-07-26 19:17:40.786227,shipped,59927,MT,VISA 16 digit
0daeec19-2086-4b3e-9ed6-7023bc2f7165,Alexis Ruiz,66413905,100,4,400,2024-03-25 05:23:29.973836,pending,59181,MT,Mastercard
2ff2e2ed-107f-47ca-8989-1e9c65e2981b,Bianca Washington,89318805,80,4,320,2024-01-11 11:39:37.093045,pending,59399,MT,VISA 16 digit
002cd8a4-9a91-41b1-b2be-25ec41834521,Anthony Haley,81567065,54,3,162,2024-08-13 11:16:48.989777,shipped,59281,MT,JCB 15 digit
bed4be5a-7d7c-40cd-91da-a94ec831330c,Corey Walker,95126470,77,2,154,2024-06-23 14:06:17.393010,pending,59697,MT,American Express
6b6adb09-bd27-4c13-bb12-96ebcc2ee435,Terry Andrews,63175912,19,8,152,2024-07-20 12:46:01.681921,shipped,59730,MT,VISA 19 digit
b6bd3918-1b1f-41a9-ae42-8699d33b7f8d,Charles Evans,65536360,16,3,48,2024-06-13 16:15:28.537193,pending,59108,MT,American Express
405a34f5-e3d5-4667-8231-14a1344d154f,Devin Howell,78483156,54,4,216,2024-06-19 17:56:56.582865,shipped,59302,MT,Discover
8a380724-eb60-4ab0-8537-f7bb335d43ad,Jeremiah Leblanc,46264275,94,4,376,2024-01-14 20:43:27.400969,delivered,59423,MT,VISA 13 digit
6e552355-6399-4249-b18e-c5f7e5db6831,Debra Spencer DDS,07961809,18,8,144,2024-06-10 13:23:02.376923,shipped,59597,MT,VISA 19 digit
1285e186-25ef-47b4-84e9-98b72574362c,Kevin Dunn,31534475,86,5,430,2024-07-20 22:44:57.088715,pending,59790,MT,Diners Club / Carte Blanche
2c8f23e4-7dd7-408e-ab07-1672f9c70e96,Mrs. Cassandra Schmidt,32413458,85,8,680,2024-08-19 09:52:35.752636,delivered,59429,MT,VISA 16 digit
5257f045-2374-4deb-85fc-7fb1df9bdd17,Jennifer Harmon,45134432,99,1,99,2024-05-22 03:20:45.035834,pending,59077,MT,American Express
375130d5-aa46-4cb0-9d78-55e48eb39966,Brittney Smith,37798376,81,9,729,2024-03-08 17:36:29.775834,pending,59226,MT,VISA 16 digit
e4eae883-3b3d-4c7b-9271-dc2b2ebf29ec,Abigail George,07444456,61,3,183,2024-02-19 10:16:27.684679,delivered,59450,MT,VISA 16 digit
a9906857-cb35-4ee2-b1db-030dfc9af044,Brittney Smith,24059947,87,6,522,2024-09-01 15:40:11.659113,pending,59226,MT,VISA 16 digit
4cfc6b14-f621-4e43-97d4-b986e42fa2ae,Christopher Hunter,93462778,39,5,195,2024-04-01 20:09:52.587490,shipped,59003,MT,Mastercard
36abff90-4999-47c5-9f77-623ec1c2fd8f,Brian George,80526988,11,10,110,2024-03-03 18:51:35.433800,pending,59372,MT,American Express
1ccf3f13-48c1-4149-b0ca-265133821cf1,Anna Guzman,16981652,89,9,801,2024-04-23 21:08:09.449301,shipped,59480,MT,JCB 16 digit
154ca76d-abf4-4863-98e5-d80f922d78ae,David Rogers,09534995,42,5,210,2024-02-05 20:13:17.658034,shipped,59736,MT,Mastercard
c2371d7e-2904-46ed-97dd-34e09f7715dc,Shawn Harvey,04577096,37,2,74,2024-05-16 12:18:50.186319,delivered,59585,MT,American Express
b72ea688-aa1f-4c8b-a4cd-ffef3d9f1f14,Joshua Mccoy,13061043,18,7,126,2024-06-22 23:35:16.927254,shipped,59903,MT,Mastercard
25072efd-596a-4d0c-9a0c-b68acd8d44ad,Thomas Sullivan,64653501,86,3,258,2024-07-28 07:18:29.191247,pending,59042,MT,VISA 16 digit
91815357-92f9-4f50-a8b9-687095c3db20,John Salinas,74812677,88,3,264,2024-02-06 08:43:14.944876,pending,59822,MT,JCB 15 digit
803c24e8-553c-4cfb-9e7d-1eea73e97b72,Scott Jones,62635417,6,8,48,2024-06-16 01:34:27.528444,shipped,59780,MT,Mastercard
9a04c73f-8e41-4a8d-bf3f-7b2b6580e8ce,Shawn Harvey,54609228,20,2,40,2024-01-05 06:32:39.660143,pending,59585,MT,American Express
c4871c9e-1387-4b8d-a18a-47b8f29a235a,Brent Benjamin,12837397,73,2,146,2024-07-03 04:38:40.168938,pending,59816,MT,VISA 19 digit
a4d503a0-a6a1-4412-a7a5-87f91b2e3c6e,Briana Hale,57225654,4,10,40,2024-05-07 17:22:50.085799,shipped,59690,MT,VISA 19 digit
c12698ad-44a5-49d8-b6ec-d79a242f2c26,Debra Spencer DDS,29251353,26,6,156,2024-07-02 12:35:16.481660,shipped,59597,MT,VISA 19 digit
0ebeaaa4-2480-4c61-bf34-e1c12231b911,Sandra Alvarez,54345232,26,6,156,2024-03-14 10:22:56.627616,pending,59206,MT,VISA 13 digit
6c34726f-7a46-480c-8bf9-be719b6fb3d7,Natasha Edwards,53089717,82,10,820,2024-06-07 15:35:56.319654,shipped,59782,MT,Discover
6bfda1ec-dbd1-4042-bace-543376b5e84b,Brittney Smith,26288567,77,7,539,2024-01-24 18:19:06.796150,pending,59226,MT,VISA 16 digit
8afcfebd-d3ff-47a7-9df9-c2d8568e51c6,Danielle West,72727256,49,4,196,2024-07-06 03:19:59.868541,pending,59699,MT,American Express
ac44d837-6bb0-4e7f-ad5a-2d4ef88188a4,Elizabeth Valencia,84381484,82,1,82,2024-08-29 14:51:39.485007,shipped,59086,MT,JCB 16 digit
10b43d8c-7332-4a06-ad28-806b6fa5fd19,Jon Ray,01959147,39,4,156,2024-01-01 13:53:19.633310,delivered,59224,MT,VISA 16 digit
39df7327-b96f-439a-8ff6-338806129c6c,Shelly Costa,00546454,94,7,658,2024-03-03 20:04:59.727332,shipped,59168,MT,VISA 16 digit
3c75c53d-359b-47eb-9411-d20105a40bdb,Mark Fitzpatrick,64666624,92,7,644,2024-06-13 05:33:50.849555,pending,59659,MT,Mastercard
5f25ab24-64c7-43dd-ad6c-c763519d8b35,Heather Nelson,42508571,41,2,82,2024-02-25 18:35:09.667881,delivered,59660,MT,VISA 16 digit
787925dd-fb07-471a-8456-0d7ba5bf92b5,Morgan Brown,11604495,28,1,28,2024-02-10 07:26:26.682037,shipped,59351,MT,VISA 13 digit
8ec2eb35-2a43-4edd-b521-16bdedc36ec6,Adam Murphy,04787235,93,1,93,2024-08-13 12:25:44.271731,shipped,59447,MT,VISA 16 digit
947581b6-aef0-44b1-a59e-5fdeb272c81e,Matthew Johnson,78353077,73,5,365,2024-03-23 15:15:15.607206,pending,59043,MT,JCB 16 digit
f9a458dc-cca9-4fea-a2cc-0d963120bc45,Matthew Johnson,68927004,25,9,225,2024-03-04 05:18:01.495180,pending,59043,MT,JCB 16 digit
8aca2c8d-d2be-413a-86cb-599c215c2450,Bruce Dixon,31421065,43,10,430,2024-02-03 12:41:11.295913,shipped,59430,MT,American Express
24844823-2a8a-4c1a-9719-04ffa26fc35f,Jonathan Clark,78125391,34,7,238,2024-06-13 21:36:14.331331,delivered,59495,MT,Mastercard
