068e9f74-f22e-4429-8f07-ed2809682822,Anthony Griffin,01181135,26,7,182,2024-06-17 06:26:21.106267,delivered,98515,WA,VISA 16 digit
b9d0a300-16d2-46b4-8712-83c2a380d348,Maria Gutierrez,55543330,86,4,344,2024-05-02 09:45:53.242454,shipped,99037,WA,VISA 16 digit
1a3602db-57dd-49bd-9752-da2fe2f5aa67,Christopher Dunlap,76741333,80,2,160,2024-09-07 06:40:46.461169,pending,98187,WA,Discover
b1ccff39-95ee-4540-a98c-4a1485d295ee,Anne Carey,36725847,49,4,196,2024-07-04 12:22:54.695724,delivered,98508,WA,VISA 16 digit
2217e9f9-8759-4257-b931-b0354d49100a,Jeffery Richards,71710990,71,6,426,2024-03-13 10:49:43.217144,pending,99121,WA,JCB 15 digit
457a10b1-0074-409a-8552-d607e780652f,Brian Anderson,68542153,87,4,348,2024-09-04 08:06:54.040188,shipped,98228,WA,Mastercard
7d0b67f2-d73d-4a67-8645-a9838c5483bf,Ashley Wilkinson,07653193,96,4,384,2024-03-27 15:18:36.286984,delivered,98948,WA,Discover
d357fff2-a731-4431-a7b2-28989dd46105,Annette Rodriguez,05818778,61,4,244,2024-07-11 01:48:28.945281,shipped,99169,WA,VISA 16 digit
72d9ea7e-130e-454c-b8c9-921d020336f6,Kevin Lopez,54223837,62,10,620,2024-04-01 19:07:26.891557,delivered,98158,WA,VISA 16 digit
e1c362f0-9360-42fe-9704-43570c3b16eb,Jennifer Cohen,23955486,93,5,465,2024-04-01 16:36:31.928358,pending,99231,WA,Maestro
5a8129b9-2da5-4919-ab9c-71ea5c2f3a70,Dillon Green,97154129,38,6,228,2024-06-04 08:53:47.511440,shipped,99120,WA,Discover
3018dce8-db79-4788-9671-2f51403338cb,William Vazquez,68613556,82,7,574,2024-01-19 04:43:32.356663,delivered,99109,WA,Discover
f6898245-e499-4bec-a59d-9821eac86167,Jacob Barnes,15721303,50,6,300,2024-01-11 03:57:01.681742,pending,98595,WA,VISA 19 digit
ec0e6d51-e782-47f8-994b-0a7966ce7318,Joshua Chapman,51460853,28,10,280,2024-07-04 15:49:05.346697,delivered,98144,WA,JCB 15 digit
953e464e-6d0d-4cce-99cf-2ac508c0b8d7,David Alvarado,13159122,73,2,146,2024-08-13 06:06:13.676272,shipped,98486,WA,JCB 16 digit
41ceb310-2933-4e91-b157-a90bae4c3310,Jonathan Vincent,11604495,28,10,280,2024-05-01 07:51:45.517021,pending,99084,WA,JCB 16 digit
f40f3dbd-3eaa-4dae-80fb-3fa9073a0a1c,Kyle Lee,41909515,98,6,588,2024-06-28 01:48:44.668420,shipped,98351,WA,American Express
233dcc10-a4af-4f97-879a-49ee22d7f244,Taylor Sanders,09529434,34,10,340,2024-03-14 00:04:03.784658,pending,98970,WA,JCB 16 digit
d4c31044-0314-432a-9b9d-7ce695ae8928,Seth Cummings,13702274,88,8,704,2024-04-01 05:45:40.657643,delivered,98592,WA,VISA 16 digit
8fb48b66-590d-4198-9602-7a35fbb4c74b,Jodi Smith,67986309,42,8,336,2024-08-03 14:21:58.710156,shipped,98673,WA,Mastercard
7582794a-d106-42d0-9eca-4741c2a1f1fb,Tyler Lopez,46013538,55,6,330,2024-03-12 23:46:52.928434,shipped,98901,WA,Maestro
1fede86b-0f7e-4541-9472-9d71b330847f,Paula Avila,08869234,22,9,198,2024-05-06 21:36:49.970829,shipped,98417,WA,American Express
23ca3b40-6f45-4409-b7d5-d056e5b7e32e,Patricia Doyle,04482017,71,10,710,2024-02-26 01:32:21.045853,pending,99397,WA,JCB 16 digit
a58c241a-027a-4e57-a79e-ded1bca8b314,Rachael Jones,07164019,63,7,441,2024-07-25 12:10:12.427268,pending,98148,WA,VISA 16 digit
a0643a9c-abb9-431b-8ba2-7b5a47f656ed,Tara Murillo,84717207,38,5,190,2024-04-01 11:24:16.675490,delivered,99219,WA,JCB 16 digit
6d5e296c-88af-4dd1-97c8-46a6153d65be,Sara Carson,38454936,82,2,164,2024-05-22 06:34:11.265113,pending,98702,WA,VISA 16 digit
d67a4ef5-5dfa-4b36-9632-74f4e259e81f,Dillon Green,89442487,59,5,295,2024-02-17 11:26:34.018610,shipped,99120,WA,Discover
c001ea91-e78e-44ea-92df-4d102fc560a7,Michael Khan,13151560,35,8,280,2024-02-02 18:54:39.721957,delivered,98446,WA,JCB 16 digit
95892a93-b384-40a4-86b3-e15ffc621baf,Amanda Bates,18289022,89,9,801,2024-05-01 17:15:21.225203,delivered,98142,WA,American Express
bb17f3be-811c-46e1-befb-ab138691de95,Taylor Sanders,03399552,36,9,324,2024-04-03 23:20:23.361443,pending,98970,WA,JCB 16 digit
43d86b6c-d071-43eb-bb9c-9030e6697acb,Jeremy Brock,98457434,38,9,342,2024-03-12 13:24:03.187315,pending,98806,WA,JCB 16 digit
1c7318c2-97b6-4c31-94b5-e5286a0b9659,Tiffany Mathews,38346316,46,5,230,2024-04-26 06:52:04.234679,pending,98361,WA,VISA 13 digit
ca7b310f-8774-496e-b5b7-db4275df43f6,Kristina Jenkins,81853779,72,8,576,2024-02-27 00:52:31.300077,delivered,98595,WA,JCB 16 digit
1de34653-71f3-411f-a760-260e4adce282,Maria Gutierrez,58084281,7,7,49,2024-03-15 21:11:30.250295,delivered,99037,WA,VISA 16 digit
25101738-a850-4227-9e11-4d802486c6f5,Joshua Richards,45990113,56,1,56,2024-06-27 06:23:28.794338,pending,98950,WA,VISA 19 digit
96b75382-a0f4-4054-a4bc-002526505b5e,Sara Byrd,84437860,7,9,63,2024-05-27 17:01:12.940765,shipped,99096,WA,VISA 16 digit
d612c951-a14c-4158-a78c-bb15a621fe2b,Carolyn Baker,10886991,4,1,4,2024-02-12 10:58:08.389700,delivered,99076,WA,American Express
90bbae9c-a6db-465e-9d04-64a7cffc32f7,Debra Smith,26747484,14,7,98,2024-04-24 18:39:57.805089,pending,98745,WA,JCB 15 digit
46c8c17f-70d8-4fca-b240-491dba41c7b9,Alyssa Hardy,46201379,54,1,54,2024-06-22 00:35:31.260508,delivered,98299,WA,Diners Club / Carte Blanche
e1d52bac-357a-412e-941b-a7af5c36f46f,Rachael Jones,92641471,45,2,90,2024-08-10 14:29:31.950672,pending,98148,WA,VISA 16 digit
5de5d984-e2a0-40ae-9fe9-dd215636d009,Charlene Brown,48224901,68,10,680,2024-04-29 15:26:29.736486,delivered,98485,WA,American Express
d12cce11-aaba-4faf-9063-28c3e6490dfc,Anthony Griffin,68097943,22,10,220,2024-02-04 01:45:32.926240,pending,98515,WA,VISA 16 digit
ca7f6c20-8e02-44da-986c-2569310eb903,Patricia Doyle,06932480,82,5,410,2024-06-16 19:09:13.760932,shipped,99397,WA,JCB 16 digit
651342bd-ddcd-425a-9f41-94bd4a76d359,William Vazquez,07250989,60,9,540,2024-07-30 03:57:07.284871,shipped,99109,WA,Discover
201726f2-e8e7-42f4-81f1-4e562055478a,Maria Vazquez,27693919,11,4,44,2024-08-11 11:50:49.038861,pending,98335,WA,VISA 16 digit
bc3274d4-fbf5-407a-9f13-e7f36a3b9c62,Christopher Gallagher,88126630,86,4,344,2024-08-06 15:42:17.439903,shipped,99199,WA,Discover
09693f6f-6d07-449e-bbb1-0248a12dfb49,Kathleen Bass,67986309,42,9,378,2024-02-15 08:19:53.370280,pending,98604,WA,VISA 16 digit
b7a09630-9437-463f-af42-17a50abaf2d5,Kenneth Ryan,57225654,4,8,32,2024-02-05 09:09:59.459389,delivered,99209,WA,American Express
4a843aaf-38e9-4c11-90d0-8b3b6d2cf71c,Emily Jackson,15116055,38,8,304,2024-05-17 13:49:08.405764,pending,98857,WA,American Express
4dee47e8-c09d-4306-a9cc-f1105928ab98,James James,84250360,88,7,616,2024-04-09 23:32:08.380559,pending,99394,WA,Diners Club / Carte Blanche
549b8437-a22a-4e1d-8efa-f47fe898edfb,Sara Carson,51312442,11,7,77,2024-09-05 22:42:11.709144,delivered,98702,WA,VISA 16 digit
bb154bed-03e5-4a65-bd96-5c1d6bd501d2,Jesse Little,02492339,75,4,300,2024-03-14 06:08:24.361743,pending,98251,WA,Maestro
59189537-fcca-48e3-9f7d-19b47128c63c,Seth Cummings,78125391,34,1,34,2024-08-08 00:50:32.195519,pending,98592,WA,VISA 16 digit
63e260b6-d676-4f9f-b489-33ed538d12c1,Zachary Peterson,76571466,16,8,128,2024-08-20 20:33:45.467996,pending,98984,WA,Mastercard
d52c1ada-f6d0-4f69-9912-9cbd7753e9a0,Heidi Dean,30277441,78,5,390,2024-05-23 21:00:02.421929,delivered,98742,WA,JCB 15 digit
79f1af0d-8805-4c93-8382-91c8dcc92ac8,Kathryn Lawrence,95450575,34,6,204,2024-08-12 13:33:31.888558,delivered,99332,WA,Mastercard
3884e8fe-4bbe-405e-baaa-709c8a5c8406,Maria Vazquez,01959147,39,1,39,2024-09-01 15:35:54.191432,pending,98335,WA,VISA 16 digit
a43d1b12-edcf-4249-b880-8524949da6ed,Christopher Dunlap,34656150,90,6,540,2024-05-03 07:51:30.925591,shipped,98187,WA,Discover
19508ab5-afe8-4403-b77c-3b78fdafec47,Renee Martinez,47986534,96,1,96,2024-02-20 06:18:59.475425,pending,98847,WA,Maestro
34ad573a-f5a6-4ad2-8058-063cdf01e35a,Anne Carey,51460853,28,4,112,2024-03-29 19:05:29.627316,pending,98508,WA,VISA 16 digit
0a507f68-ffa0-4958-bb55-9ca33e4dac7d,Bryan Jackson,84381484,82,1,82,2024-05-22 07:06:58.109766,pending,98044,WA,American Express
33cbfa67-c285-4d07-8caa-57d9a81b3edd,William Vazquez,42670520,37,2,74,2024-06-18 11:50:22.962471,delivered,99109,WA,Discover
6e1c67b2-2020-4675-9df1-51ad4d59f1a1,Patricia Doyle,99332211,93,8,744,2024-08-15 21:03:10.688341,shipped,99397,WA,JCB 16 digit
f6e11be4-2933-4308-b81c-0609af4ff464,Brian Anderson,06184490,28,7,196,2024-02-17 09:50:57.832817,pending,98228,WA,Mastercard
77a85f14-971d-4624-a899-f2d6e074b8ff,Veronica Colon,15116055,38,6,228,2024-03-05 09:40:58.314698,shipped,98705,WA,Diners Club / Carte Blanche
49c01445-a3f1-415e-95c2-ceac0ee70efc,Jonathan Vincent,79486026,41,9,369,2024-02-05 02:39:16.082337,delivered,99084,WA,JCB 16 digit
703d5482-9b01-49ac-ba90-cde014fcb0dd,Shannon Ibarra,27580707,43,8,344,2024-02-23 23:19:46.678824,shipped,98728,WA,Discover
ef0ea2c3-7eca-4d42-bf26-e1ef03a8acd1,Joseph Mcdonald,11149415,73,4,292,2024-08-15 07:26:40.538617,shipped,98667,WA,Diners Club / Carte Blanche
a62cbe3f-ea14-4ea8-b823-c84e4044c685,Kelly Banks,84295569,81,1,81,2024-02-09 19:06:56.648399,pending,98587,WA,JCB 15 digit
451951a4-37ec-40f9-a741-c469993dfa7c,Katrina Leonard,78177321,20,1,20,2024-04-09 13:08:46.436800,delivered,99230,WA,VISA 19 digit
ff562a1d-3529-4dd8-9118-74ef4d425fe7,Karen Bowman,49165883,49,3,147,2024-06-17 09:35:37.131593,pending,98924,WA,JCB 16 digit
3e3161ff-e552-447f-b4f7-e1ea8127afcf,Christine Humphrey,88881706,56,6,336,2024-09-04 02:07:02.244929,delivered,98291,WA,Maestro
8ef4710e-9551-4cd8-8ae6-298223f655ff,Brian Fischer,39710987,12,4,48,2024-07-20 10:14:50.068122,delivered,98290,WA,VISA 16 digit
09fe061c-6236-4818-a434-c2260ce4c2e9,Jessica Moses DDS,72727256,49,3,147,2024-02-19 05:10:19.612965,pending,98046,WA,American Express
05dabed5-2022-445a-9a59-44602e27b734,Maria Vazquez,33103723,21,7,147,2024-02-06 17:40:04.356053,pending,98335,WA,VISA 16 digit
5d9f9f2d-f1bc-4739-912f-1b1238395389,Stephen Johnson,85678569,58,9,522,2024-03-04 16:27:10.056859,delivered,98149,WA,JCB 16 digit
0f9cade0-06fd-4359-8ba9-721070978731,Katrina Leonard,87081923,9,2,18,2024-01-16 11:30:07.369185,shipped,99230,WA,VISA 19 digit
e5b83d87-bb21-4b1d-b15b-0d611bbea052,Paula Avila,07838804,97,1,97,2024-06-05 00:57:50.929611,delivered,98417,WA,American Express
13e21412-7b80-4b13-b158-531fa961a0e3,Patrick Singleton,95126470,77,7,539,2024-01-22 09:11:05.576961,pending,99223,WA,JCB 16 digit
bdba0be8-7c0d-4911-b253-cc28cf4232eb,Joseph Mcdonald,37888732,42,3,126,2024-05-01 01:43:13.023710,shipped,98667,WA,Diners Club / Carte Blanche
5d6fefb6-0d10-4608-8653-45c96b7b7681,Seth Cummings,91990150,65,1,65,2024-03-22 12:31:53.582433,delivered,98592,WA,VISA 16 digit
83d7e42a-de1b-4c38-9225-6908797d9540,Rhonda Reed,68206659,42,3,126,2024-02-09 15:22:54.969676,shipped,98980,WA,American Express
31d1ba11-666d-4d6b-b42b-2c08b01adc67,Cindy Johnson,89351796,37,10,370,2024-04-08 23:25:48.415357,shipped,98413,WA,VISA 13 digit
94d20025-3ee8-4312-85da-da004d51936d,Allen Palmer,58994344,7,2,14,2024-08-26 16:02:15.972566,shipped,99021,WA,JCB 16 digit
bbf64449-e91f-4a42-b9d0-87dd2a7ef109,Karen Bowman,51098711,77,5,385,2024-04-08 13:47:15.937537,delivered,98924,WA,JCB 16 digit
279ef3c2-d774-40f9-b037-13d169d31bac,Gregory Stone MD,54345232,26,9,234,2024-01-20 19:58:45.433232,shipped,98347,WA,VISA 19 digit
ba7c3787-9af8-4a31-bac2-06c7a00152c1,Shannon Ibarra,81567065,54,1,54,2024-02-09 04:48:23.267719,pending,98728,WA,Discover
75054d18-f524-4246-93d3-e6a404dd010d,Alyssa Hardy,57621654,74,2,148,2024-06-05 10:13:04.792698,pending,98299,WA,Diners Club / Carte Blanche
19eab8b5-007b-4be4-96a6-7523c765a073,Joshua Richards,73386353,29,4,116,2024-07-24 12:25:11.923391,pending,98950,WA,VISA 19 digit
7542e382-f71e-472a-832a-bf5c084319f8,Robert Burns,87081923,9,2,18,2024-03-02 10:30:35.161623,delivered,99120,WA,JCB 16 digit
61a4a4cd-5929-4ac3-a3f9-daff2b2fc1ee,Deborah Booker MD,39042675,63,5,315,2024-08-09 18:53:07.635132,delivered,99171,WA,JCB 16 digit
c77ebeff-8cc2-4a2d-b04c-9770a81160a6,Joseph Mcdonald,66541691,27,1,27,2024-01-10 22:20:12.305914,shipped,98667,WA,Diners Club / Carte Blanche
8dca28a0-b89e-4464-ba98-6a9bcc610261,Jodi Smith,39484147,45,4,180,2024-05-08 02:49:25.617760,pending,98673,WA,Mastercard
aecdab43-880d-4186-babe-4b2c2679c399,Luke Rodriguez,28899518,9,10,90,2024-01-09 03:00:32.124712,shipped,98824,WA,Mastercard
f0a1e1bb-aedf-43bf-9b23-17930f43c377,Nathan Saunders,21888816,74,10,740,2024-03-25 02:16:50.248473,pending,98363,WA,JCB 15 digit
76dc3051-6e27-4b7c-af44-17598ecd5bbf,Joshua Richards,02468594,59,5,295,2024-05-27 04:06:38.982281,shipped,98950,WA,VISA 19 digit
764d9a1b-70c5-4026-a90d-57dc48d59111,Thomas King,83856198,10,9,90,2024-04-10 01:15:46.741604,shipped,98132,WA,Maestro
888318e7-a502-4591-b51a-5f812e008c2a,David Alvarado,57313627,47,7,329,2024-08-05 22:13:35.188743,shipped,98486,WA,JCB 16 digit
6772ce71-ab04-4d13-bdd0-697a805de1c9,Jonathan Perez,86376501,14,9,126,2024-06-04 06:20:40.849171,pending,98492,WA,VISA 19 digit
a6e3f845-b7e1-495f-bdc6-d5519c8a89a9,Mary Johnson,15468727,65,1,65,2024-06-20 06:53:29.968046,shipped,98160,WA,Diners Club / Carte Blanche
050e33da-8945-4196-9c66-c12b9fc47f78,Bryan Jackson,59030669,27,3,81,2024-01-20 08:40:43.863286,delivered,98044,WA,American Express
cf518265-c018-4fd7-889e-e7d1031f55f5,Anne Carey,42903833,51,9,459,2024-03-18 13:36:40.691904,delivered,98508,WA,VISA 16 digit
476df60b-4d3b-486e-af5d-bd26fe651ce4,Charlene Brown,56557497,70,10,700,2024-04-15 15:51:40.779426,shipped,98485,WA,American Express
f212091f-28d0-4979-b4f0-f767a0adcc3b,Joshua Marshall,74981168,60,4,240,2024-06-20 09:30:03.246088,delivered,98500,WA,VISA 16 digit
006353de-b342-4118-8b29-f221e008c272,Jennifer Logan,12580491,21,2,42,2024-08-07 00:26:29.322358,pending,98780,WA,JCB 15 digit
31aa9a9d-e75b-4006-ab18-db63a9fd2bd4,Jeffrey Wilson,33510491,9,6,54,2024-04-17 04:52:08.635822,pending,98359,WA,VISA 16 digit
4d1798b6-ea25-42ea-b4be-34d34bdea7e9,Jeremy Brock,23199484,38,4,152,2024-03-07 02:21:40.501134,shipped,98806,WA,JCB 16 digit
4f09bb39-82f4-48f3-a20d-709d2b57e21b,Karen Bowman,24915106,94,8,752,2024-03-02 20:24:26.166936,delivered,98924,WA,JCB 16 digit
31289a0a-fa4f-4c5f-a36c-2f727b17e1f6,Mr. Justin Johnson,02492339,75,10,750,2024-06-24 22:13:38.435472,shipped,98734,WA,Maestro
c835030e-cbb6-4503-aa58-1c7d26225056,Lindsay Garcia,35381600,97,8,776,2024-01-06 04:50:23.950840,delivered,98257,WA,VISA 16 digit
41983849-690b-4973-afa6-4e5029dd8c98,Janice Mcdaniel,21702433,12,5,60,2024-03-04 18:18:56.747758,delivered,99162,WA,VISA 19 digit
5a54ee50-f7ea-465b-999b-29f6bfa74874,Renee Martinez,30756618,18,10,180,2024-02-03 19:32:05.034129,shipped,98847,WA,Maestro
47e8f64c-49f0-4630-a431-c540fab2fa1b,Kathryn Lawrence,03690390,46,1,46,2024-05-15 11:59:51.262755,delivered,99332,WA,Mastercard
f0dc0dfb-d836-4275-9755-eabcdca48c5e,Elizabeth Thomas,62635417,6,3,18,2024-07-25 10:18:25.173619,pending,98719,WA,VISA 13 digit
093a70ef-cb73-4390-bcf4-80f1907d0f4c,Scott Brooks,46165756,81,7,567,2024-08-16 07:54:32.720549,delivered,99278,WA,VISA 13 digit
bbb45650-4d71-4f4e-98fb-f9b9a997046a,Anne Carey,40383439,41,1,41,2024-08-30 12:42:16.320167,delivered,98508,WA,VISA 16 digit
237bf901-273a-4829-a60d-7e16ead4121c,Shannon Ibarra,41196380,27,6,162,2024-04-02 02:50:48.901704,delivered,98728,WA,Discover
10b69837-a511-4886-b93d-0ffdabc17c39,Janice Mcdaniel,70930917,20,1,20,2024-08-15 22:25:07.976419,shipped,99162,WA,VISA 19 digit
334cf392-26d8-41da-a2ef-91d6829693a4,David Snyder,38454936,82,5,410,2024-06-27 06:59:40.577412,pending,98959,WA,Mastercard
34739811-d76f-40d0-83fc-de395377013b,Tyler Lopez,59337430,16,4,64,2024-09-01 23:58:49.697355,shipped,98901,WA,Maestro
8fe00059-0942-42f2-85e6-86b9595fd0b2,Patricia Doyle,25883008,44,3,132,2024-01-10 22:59:14.230694,shipped,99397,WA,JCB 16 digit
b0697306-58e6-45a6-808f-4c2e04a2d340,Jonathan Vincent,23546233,87,8,696,2024-05-01 00:58:47.210158,delivered,99084,WA,JCB 16 digit
d7b81111-87ce-457a-ac74-824b19c72919,Jacob Barnes,04787235,93,3,279,2024-02-29 04:08:19.143795,pending,98595,WA,VISA 19 digit
e554feb8-d58c-44e9-821e-4288a7326ce1,Mr. Justin Johnson,06345297,93,10,930,2024-03-08 19:07:47.602294,pending,98734,WA,Maestro
02e03c34-6622-4e17-9d3b-d0ae60257e22,Jennifer Cohen,88291727,69,2,138,2024-05-09 00:52:21.015339,shipped,99231,WA,Maestro
f47885ca-4d38-4dfe-a5db-926a648fd488,Nicholas Boyd,62635417,6,8,48,2024-05-04 08:28:12.797737,delivered,98427,WA,Maestro
cacf6440-2094-4326-969c-d0c38ce8d679,Paula Avila,70888416,93,6,558,2024-07-13 14:55:15.783646,pending,98417,WA,American Express
d0ef282c-1dbf-4cc7-ab3a-e08bc5756c2d,Kathleen Bass,36725847,49,10,490,2024-08-30 07:28:56.086120,shipped,98604,WA,VISA 16 digit
6600beeb-c6ae-48f3-8135-0256b8cc22a7,Kelly Garcia,00476058,83,7,581,2024-07-23 10:33:14.670161,delivered,98604,WA,Discover
9f4b3e38-875a-4b42-a830-ee3edb4304a4,Annette Rodriguez,97611325,12,8,96,2024-01-18 14:08:02.421192,shipped,99169,WA,VISA 16 digit
6f3422ca-c5ed-4927-b8a9-9baa5229e395,Jeffery Richards,72853054,83,4,332,2024-05-02 01:00:12.451051,shipped,99121,WA,JCB 15 digit
82b19f3b-66c2-4e8a-9f72-956247d43ddd,Jason Curry,58264171,25,3,75,2024-06-05 19:57:19.608064,delivered,98559,WA,VISA 16 digit
4a575f07-408c-4a17-8083-79689b288b1a,Amanda Bates,00312028,35,4,140,2024-04-12 15:23:00.549639,shipped,98142,WA,American Express
3d348ef6-d4d7-4892-a2f7-48886f2ecc7c,Shannon Ibarra,54001336,18,3,54,2024-02-01 00:40:10.555182,delivered,98728,WA,Discover
30d69759-aaea-455b-acdf-4187d49f52a1,Carolyn Baker,36975259,87,10,870,2024-01-07 03:28:47.948631,delivered,99076,WA,American Express
3d844529-2e83-4a77-8dae-2aaaf013cc4a,Brian Fischer,36538829,5,1,5,2024-08-01 01:51:08.230611,delivered,98290,WA,VISA 16 digit
d9e3eefe-82ea-4926-92d8-98f7c9650e34,Megan Mitchell,31034425,53,3,159,2024-01-27 10:19:16.549676,shipped,98801,WA,Maestro
e547dc63-e180-4a29-adcc-e52ef3d8bd4e,Stephen Johnson,81695935,90,8,720,2024-05-21 05:00:36.446315,shipped,98149,WA,JCB 16 digit
a1a5c042-0944-4b51-b009-69325700230d,Joshua Richards,58766415,54,9,486,2024-04-09 10:04:21.616889,pending,98950,WA,VISA 19 digit
957452e9-183f-4610-a8b6-c2147482c825,Jonathan Vincent,83903830,52,4,208,2024-02-08 13:56:57.579374,pending,99084,WA,JCB 16 digit
e4e05da9-a13b-47e4-96ff-91c9996ff593,Maria Gutierrez,67287970,75,8,600,2024-04-26 10:47:05.401742,delivered,99037,WA,VISA 16 digit
1f13f7d9-58e5-4daa-ad5a-2c3f6d3d0433,Kathleen Bass,33006932,55,10,550,2024-03-28 15:53:41.740920,shipped,98604,WA,VISA 16 digit
6ab2b9b1-60d6-45a2-8b51-8ed14bea7159,Jacob Barnes,37079307,81,2,162,2024-07-14 20:48:17.495739,pending,98595,WA,VISA 19 digit
85a0fae9-f03a-456b-89fd-77d13b312173,Seth Cummings,33652887,47,4,188,2024-02-22 23:38:42.272799,pending,98592,WA,VISA 16 digit
5ff6b6cc-d499-4ed5-93c9-ad024d45a78c,Jessica Moses DDS,39484147,45,7,315,2024-01-04 18:07:26.948490,delivered,98046,WA,American Express
160c918f-db77-482e-b99c-ececa31916f2,David Alvarado,25883008,44,9,396,2024-01-28 22:55:14.423524,pending,98486,WA,JCB 16 digit
8bdb6849-b85f-44f0-8ef5-171bd4cd2ea9,Renee Martinez,84527486,47,3,141,2024-02-23 22:50:57.428296,shipped,98847,WA,Maestro
ab723c0d-a77c-49e8-82a3-0586712a1eb5,Karen Bowman,01563894,33,10,330,2024-06-22 13:30:12.672489,delivered,98924,WA,JCB 16 digit
fbc2ccbb-9d73-4467-8b09-8cec3a20dec0,Brian Clark,64020846,33,2,66,2024-05-05 17:44:56.673880,pending,99288,WA,JCB 15 digit
b3234a96-00a9-4af8-8f97-26e72c4b840e,Kristina Jenkins,64666624,92,7,644,2024-08-22 23:42:46.174319,pending,98595,WA,JCB 16 digit
0eb2b073-afcf-4173-a59e-d30c1f03b0a2,Anne Carey,01060171,27,4,108,2024-03-08 02:48:31.224946,shipped,98508,WA,VISA 16 digit
26d8a5e1-2676-456a-a5fb-251ace5c8c9f,Christine Humphrey,49316414,25,3,75,2024-07-05 02:25:22.988238,delivered,98291,WA,Maestro
f0659729-51bf-44b9-8a4c-c414d42a5375,Anthony Griffin,14958038,65,4,260,2024-04-24 11:32:41.919991,delivered,98515,WA,VISA 16 digit
c6688de4-c3f1-4db1-8c87-5caf1afb0ec2,Ashley Wilkinson,10886991,4,6,24,2024-04-05 12:46:19.950995,shipped,98948,WA,Discover
b2e84061-377f-4249-8a6a-7cbc0bd082eb,Vanessa Mcguire,72853054,83,2,166,2024-01-30 05:14:39.293150,shipped,98846,WA,Diners Club / Carte Blanche
cdc3a995-0a47-435c-b601-21722e411dd1,Kathryn Lawrence,00546454,94,4,376,2024-05-05 03:27:54.110970,delivered,99332,WA,Mastercard
8603e5ba-4915-475f-9847-3f0be931a03d,Kelly Garcia,51103132,33,8,264,2024-05-11 10:07:59.027545,shipped,98604,WA,Discover
a810c3fd-4ea6-47a7-a71e-0eca315fa25e,Jennifer Logan,23955486,93,8,744,2024-02-07 06:11:03.241551,pending,98780,WA,JCB 15 digit
5e71778e-8b1d-4a83-b870-f6765597495b,David Alvarado,74028917,49,10,490,2024-04-02 11:03:39.080616,shipped,98486,WA,JCB 16 digit
3927965b-dd97-4a1b-bef6-4ea0124c58c4,Janice Mcdaniel,39042675,63,3,189,2024-05-23 12:46:14.264620,delivered,99162,WA,VISA 19 digit
6feef223-dd60-4051-be68-337ed117e0c6,Katrina Leonard,65828045,22,8,176,2024-01-29 18:03:41.962178,shipped,99230,WA,VISA 19 digit
24c063fe-0ca3-42f2-b67b-791920fa5ce3,Paula Avila,61139398,83,4,332,2024-05-13 09:41:02.314161,delivered,98417,WA,American Express
26170c97-9400-4db9-945d-e1349c5f5425,Dillon Green,22657527,32,8,256,2024-02-09 21:20:59.262524,delivered,99120,WA,Discover
0f895374-af56-4042-869d-374580cefc0d,Michael Wade,88710105,1,9,9,2024-01-05 16:24:50.279514,delivered,98594,WA,JCB 15 digit
0f17c292-ac1c-49e3-b87e-5b5ce096cf14,Justin Lopez,04373315,80,6,480,2024-06-20 16:28:36.366674,pending,99040,WA,Maestro
edd9e605-7ac1-4e4d-a0b6-52142d636179,Jodi Smith,62635417,6,1,6,2024-04-11 01:23:18.044786,delivered,98673,WA,Mastercard
d6e7b417-cbf4-45e1-8b76-75d42058831f,Scott Brooks,32499124,30,7,210,2024-07-11 23:06:36.532199,pending,99278,WA,VISA 13 digit
3b46f0bf-8dba-4c39-9fff-a02fc2a29bcf,Joshua Marshall,80328117,59,8,472,2024-04-09 04:30:24.006410,delivered,98500,WA,VISA 16 digit
fde215cc-81bb-4fcb-b5ab-9d4488fd5e4b,Brian Anderson,01633719,41,4,164,2024-02-20 19:29:07.583113,shipped,98228,WA,Mastercard
dd61e270-d7ec-4843-80f0-bc38d379c8bc,Lindsay Garcia,38131752,26,5,130,2024-02-06 01:32:10.691053,shipped,98257,WA,VISA 16 digit
e378a996-b2b5-4a38-9f8e-d073a14d7de5,Kelly Banks,69479175,64,1,64,2024-08-08 06:21:36.738995,shipped,98587,WA,JCB 15 digit
40306f18-d139-405f-889a-8f94a9c6338f,Jeremy Brock,81138647,11,4,44,2024-08-20 21:33:05.032154,shipped,98806,WA,JCB 16 digit
bcb36e2f-3b90-49fd-bb7d-4cf3bdd293ac,Alyssa Hardy,99937300,13,6,78,2024-03-17 06:32:33.921427,pending,98299,WA,Diners Club / Carte Blanche
7aa093d2-59fd-4151-926b-f0719ad9ff47,Sara Byrd,92894587,55,5,275,2024-08-27 14:48:42.867271,pending,99096,WA,VISA 16 digit
af584fb7-face-4a95-9c0a-640e4334eb9b,Brian Fischer,79678032,19,4,76,2024-07-22 22:38:49.555466,pending,98290,WA,VISA 16 digit
