43f01530-458f-49bd-b2a2-14b4006bf9d2,Jeffrey Thomas,84992994,12,2,24,2024-04-17 08:27:51.639876,shipped,54629,WI,Discover
a22a60c1-6ba4-48d1-a414-ce8d6cf6e5b9,Brandon Jackson,99315894,15,6,90,2024-06-20 05:22:36.675058,shipped,54808,WI,VISA 16 digit
b4158f5f-e82f-494c-a928-d2cbc365e440,Jesse Hale,37895129,80,6,480,2024-01-24 11:19:33.314192,delivered,54312,WI,JCB 16 digit
215a4cd4-7077-4b1b-987f-b5a70ee442b1,Lisa Jenkins,00380829,47,3,141,2024-04-19 12:19:11.317728,shipped,53467,WI,JCB 15 digit
1b02a79e-bc1c-474a-b276-30fbc25c77dc,Brandi Lee,40120263,33,1,33,2024-06-17 03:58:56.578335,delivered,53913,WI,Mastercard
df98d39f-7364-496b-839c-4a6672215a6f,Denise Washington,78438347,63,8,504,2024-05-22 04:45:39.331843,pending,53216,WI,VISA 19 digit
e156af2d-3bf0-4075-9469-704dbd9ee8d2,Grace Poole,00133319,53,5,265,2024-02-04 00:41:52.947709,delivered,54384,WI,JCB 15 digit
84d75237-8fea-45b1-ae2c-1f2e524c839f,Mark Maxwell,21411557,37,3,111,2024-07-09 01:17:05.986795,pending,53110,WI,VISA 13 digit
432f39ef-2977-4b9d-ad3c-0e3be314089c,Cheryl Evans PhD,96816684,73,1,73,2024-07-05 17:24:43.082496,pending,54858,WI,VISA 13 digit
b7b1006f-5fff-4203-9ad5-a8dfe0a4bb24,Jacqueline Landry,22521194,85,9,765,2024-04-06 20:20:26.272107,delivered,54734,WI,JCB 15 digit
5b998319-d95d-4530-94f4-7064f1d8fa3a,Antonio Keller,19644202,34,1,34,2024-04-01 21:39:59.716551,pending,53909,WI,JCB 16 digit
0863b764-5ca7-4d92-9016-b2eb5799a986,Christopher Watson,74981168,60,6,360,2024-06-15 12:55:35.137219,pending,54287,WI,JCB 16 digit
bccc0d5d-7efa-4524-973c-5143f3c4331c,Logan Brown,69441578,72,9,648,2024-02-09 13:18:37.795099,pending,54360,WI,American Express
5406ecdf-1a0b-4d14-9427-bffe796cc68a,Desiree Fletcher,42600404,13,4,52,2024-03-02 06:12:44.061543,shipped,54912,WI,VISA 16 digit
d5f58744-8391-438f-8c8c-c7434461b6bf,Kelly Wilson,95126470,77,10,770,2024-08-03 16:51:28.788624,pending,54021,WI,JCB 15 digit
d70f3315-eb6c-425e-ba90-14a955ac1ae9,Francisco Hartman,72176108,17,4,68,2024-02-29 19:25:05.962082,pending,53699,WI,VISA 16 digit
b6550f66-deb2-40ad-8136-b08bbcb56571,Brittany Flores,46599193,49,6,294,2024-05-04 03:39:19.302736,shipped,53925,WI,Diners Club / Carte Blanche
c37cedcb-4dc9-402e-830b-1d65eec9cb1a,Monica Chandler,04061168,46,1,46,2024-02-05 10:20:29.606456,delivered,53691,WI,JCB 15 digit
056a6a04-236b-48b1-94e6-12e0881164e4,Michelle Perez,19463940,65,2,130,2024-07-08 08:26:38.770178,pending,53561,WI,JCB 16 digit
2dea3642-8582-492a-9337-4aa9bd1a7521,Denise Martinez,55543330,86,4,344,2024-02-08 15:59:48.463182,delivered,53125,WI,Maestro
4fd95b22-658d-4e8a-b685-559e06852a4c,John Lee,03690390,46,8,368,2024-04-15 15:02:39.174203,delivered,53252,WI,JCB 16 digit
009dae33-b771-4e3f-a129-59721bd6bf19,Catherine Walker,47986534,96,6,576,2024-07-17 05:15:12.743500,shipped,54928,WI,American Express
774170c1-e55b-45eb-8413-0e897723fe7b,Jacqueline Landry,66413905,100,6,600,2024-05-25 13:19:13.551701,pending,54734,WI,JCB 15 digit
9e57f7ff-cb81-4d33-aeab-0341daf8de17,Lisa Stewart,59830078,42,1,42,2024-08-24 20:28:54.556274,shipped,53588,WI,Discover
59bcdb64-8b1a-4afa-811a-f28b97b36fcf,Katherine Harper,57452043,14,9,126,2024-04-27 07:55:40.652569,pending,53013,WI,VISA 16 digit
ed502d23-67c6-409a-a96a-591cb88fa1b0,Dennis Kirk,21702433,12,3,36,2024-02-02 10:27:14.354311,pending,54172,WI,Mastercard
35a5bc8b-d285-48cc-a069-6ba672ed128e,Kiara Sanders,75038083,73,7,511,2024-05-08 05:54:56.350789,delivered,54478,WI,American Express
fa777c09-44b6-4e45-8ca1-d0ace7c88c2b,Heather Martin,84535498,93,1,93,2024-03-26 07:43:08.367678,pending,53139,WI,VISA 16 digit
2bb92037-dfc1-439d-a9e3-8025ccdb6dd0,David Johnson,72853054,83,6,498,2024-05-14 09:34:57.136435,delivered,54762,WI,Mastercard
2e68b19d-9199-4621-9f68-ed7c4ad683dd,Dustin Parker,57225654,4,9,36,2024-04-16 14:46:04.263665,delivered,54355,WI,American Express
9efcd74a-0c8c-455a-9067-ae6153550779,Renee Duncan,41196380,27,1,27,2024-01-08 04:56:46.753040,delivered,53668,WI,VISA 13 digit
73070fdf-ae0e-4058-b41a-b180dc999c91,William Rose,35792888,29,5,145,2024-06-04 16:38:17.379742,pending,53322,WI,American Express
e22db1d3-82eb-4e54-8fad-d5660ca5f288,Joseph Case,50528134,81,6,486,2024-01-24 15:54:06.426101,delivered,53575,WI,Maestro
98d3acff-b8c8-4f31-8167-cdd184c2fd4f,Kristin Davis,24586764,62,1,62,2024-07-26 12:29:16.480257,shipped,54877,WI,Mastercard
469796ad-c86b-45d5-a595-c3135cb4777a,Heather Martin,02138701,1,9,9,2024-07-03 17:02:26.639099,shipped,53139,WI,VISA 16 digit
4dda8905-e665-4d98-8c39-a285ae43f2ee,Tara Glover DDS,33103723,21,1,21,2024-03-15 01:04:24.188912,pending,54826,WI,Mastercard
e8710464-908c-4f16-8f36-a604afbefec3,Jennifer Miller,09534995,42,4,168,2024-02-11 04:44:53.798979,delivered,54285,WI,VISA 13 digit
6db5ea32-04e3-48bc-9339-39a3ee49a41b,Todd Brooks,42646518,100,5,500,2024-01-02 14:47:58.476846,delivered,53553,WI,Discover
f3fe2b06-7866-413f-ad54-c44ba5f7ab2c,Scott Mccarthy,90056994,39,7,273,2024-03-29 04:09:14.355969,shipped,53252,WI,Diners Club / Carte Blanche
0c927cf4-a861-4ee2-be44-4d0da128e90b,Tracy Young,44048341,77,7,539,2024-01-01 23:32:15.403778,pending,53740,WI,JCB 16 digit
4dcfc229-0f12-4965-a972-0eb6dd08e88b,Catherine Walker,03714348,60,8,480,2024-03-17 12:11:44.151406,shipped,54928,WI,American Express
3bd8acce-e0e0-40af-9446-b514706c2c6e,Andrew Berry,17139823,40,9,360,2024-04-04 17:12:57.246542,shipped,53755,WI,VISA 19 digit
280ffbab-c081-4051-8291-3e8a70d7e941,Jennifer Trujillo,90812620,78,10,780,2024-03-03 01:26:50.793344,delivered,54684,WI,VISA 16 digit
a4881b8b-9a16-4969-ab4c-93d88068e9df,Mark Maxwell,30848986,74,8,592,2024-01-17 18:05:15.597282,pending,53110,WI,VISA 13 digit
dae00553-19ee-40f2-80ea-a9035482af6d,John Lee,12859658,24,3,72,2024-01-31 02:48:22.522738,pending,53252,WI,JCB 16 digit
204135ff-ad1b-405c-8909-c2cd4684bb1a,Blake Humphrey,46700087,70,10,700,2024-07-30 08:07:04.715139,pending,54094,WI,Diners Club / Carte Blanche
8ecc3a5a-8da5-4127-975e-ee39da2961d0,Brett Hamilton,20679590,76,6,456,2024-02-22 13:07:27.476798,delivered,54212,WI,Discover
dde2a679-5d46-4507-94c6-f22eff5d4bd3,Gabriel Krause,10050880,95,7,665,2024-06-16 17:02:36.136915,delivered,54156,WI,Diners Club / Carte Blanche
d7f47f83-3cb3-4129-85ce-7fa1651d7066,David Clark,75257354,59,10,590,2024-03-21 15:23:07.726458,pending,54500,WI,American Express
86ffa07c-8d23-4b62-9092-cd3bbca0ee10,Lindsay Butler DVM,51020781,69,7,483,2024-01-06 10:06:12.274191,pending,54390,WI,VISA 16 digit
5d6f32fc-bb28-4f4c-8691-532dbe1d88ef,Tonya Lane,28582687,6,7,42,2024-04-19 06:30:51.626202,delivered,53679,WI,VISA 16 digit
09c6a348-6cf0-4eda-89e4-cca9ea5f366c,Paul Cohen,02287669,75,1,75,2024-07-05 15:30:50.984114,shipped,54908,WI,Discover
63bbfba3-ce7a-431d-8812-2c548cf42f28,Gabriel Krause,03837573,1,1,1,2024-02-11 23:56:43.924994,pending,54156,WI,Diners Club / Carte Blanche
604a60c2-1ef1-4c60-bd3b-c2ee629798fd,Jennifer Graves,13061043,18,4,72,2024-07-19 17:15:43.450474,shipped,54170,WI,Discover
b4640f11-f20a-4805-a67a-ccde05545033,Catherine Davidson,67287970,75,2,150,2024-05-05 07:26:26.193136,pending,54691,WI,VISA 16 digit
6ec0a3b7-131b-43b1-a19b-02c9a8d1b228,Jeffrey Thomas,33510491,9,2,18,2024-06-18 10:08:48.520871,delivered,54629,WI,Discover
756a9088-e7ea-413e-bc1e-59347f422563,Casey Pierce,23960619,100,6,600,2024-03-24 23:56:45.621139,shipped,53041,WI,JCB 16 digit
255d6956-6cd6-4ed1-b874-e31dbebca9ee,Robert Reeves,24904193,28,8,224,2024-07-13 00:57:49.678174,pending,53400,WI,Maestro
a9fb02eb-6bbf-4812-96b1-e27a823daeae,Katherine Harper,18561173,68,9,612,2024-03-17 07:34:54.439584,pending,53013,WI,VISA 16 digit
9617b67b-3b77-4ec2-ac60-7ad7e008960a,Joseph Case,67747283,5,7,35,2024-03-29 05:25:57.314036,shipped,53575,WI,Maestro
c059e7f6-799b-4afc-9c3d-9ab5a46b3ab3,Desiree Fletcher,32396980,24,8,192,2024-01-28 19:56:22.512495,shipped,54912,WI,VISA 16 digit
1c48b4b8-d555-44f6-bca9-57c0c0befdc7,Dustin Parker,00476058,83,7,581,2024-02-28 18:09:06.176290,shipped,54355,WI,American Express
a364fd80-3064-4535-84e2-cacd36e3155d,Diane Day,11501145,15,5,75,2024-01-10 02:46:38.838748,delivered,53655,WI,VISA 16 digit
e28e0b54-2a64-4ee1-b157-cb2aa5ade287,Joanne Montes,17613477,18,5,90,2024-01-22 00:09:04.255028,pending,54927,WI,VISA 16 digit
d0601bc0-00e5-46b3-b543-dc44d4fa187d,Scott Mccarthy,78459496,55,4,220,2024-01-05 00:46:21.139802,pending,53252,WI,Diners Club / Carte Blanche
66bd86f1-fbf5-465b-84a6-4f365c7d3f57,Francisco Hartman,22571120,55,2,110,2024-06-28 06:24:54.687857,delivered,53699,WI,VISA 16 digit
58a4415a-54c3-4647-9d63-fc7c78644fa3,Mark Maxwell,42508571,41,6,246,2024-01-31 10:00:30.380078,delivered,53110,WI,VISA 13 digit
f102a56b-f7a3-423a-a7b4-8b6120def592,Jacqueline Landry,46250025,3,4,12,2024-03-27 13:59:11.886393,delivered,54734,WI,JCB 15 digit
3fea7563-62c3-43fb-badd-a98f64fceca6,Thomas Brennan,57621654,74,9,666,2024-01-21 18:58:52.154884,delivered,54850,WI,VISA 19 digit
c6446aab-103d-4c38-a763-99824e22bb04,Jennifer Roberts,75415037,68,7,476,2024-01-20 02:45:02.202510,pending,54781,WI,Mastercard
ce876d0d-368e-4906-b3dc-729cf538df1f,Shelley Gray,41838853,22,10,220,2024-05-20 16:20:17.580701,pending,53522,WI,Diners Club / Carte Blanche
5e58963a-455a-4ff1-819a-85e4f4a21340,Tamara Romero DDS,38346316,46,1,46,2024-01-14 08:04:43.776952,pending,54561,WI,JCB 15 digit
158c3347-91c3-4b62-b307-e878163f2d74,Scott Mccarthy,30848986,74,7,518,2024-08-17 16:55:33.575850,pending,53252,WI,Diners Club / Carte Blanche
ca7f8dd4-7fab-4fa5-96f0-1c94029ca88c,Michelle Perez,61084681,100,2,200,2024-04-07 03:48:07.614686,pending,53561,WI,JCB 16 digit
af1b14cf-e16b-4d54-872d-87b2ad98efe3,Denise Washington,90812620,78,7,546,2024-06-05 12:58:32.514025,delivered,53216,WI,VISA 19 digit
c82826a0-900d-4c72-9c4d-85a8e3a5221b,Alexis Sheppard,38140051,74,1,74,2024-01-23 20:00:44.016120,pending,54923,WI,Mastercard
0bee6008-a6e9-41c1-b941-3ecf94a4ae4b,Denise Martinez,95211046,96,9,864,2024-07-07 06:47:08.559621,delivered,53125,WI,Maestro
2db27e82-4f43-43ca-a007-79e4cefffd65,Robert Reeves,32413458,85,2,170,2024-04-13 19:55:36.232468,shipped,53400,WI,Maestro
f56efc55-cb6c-4e44-bab3-3b267a559dd4,John Mayer,57065519,51,1,51,2024-01-19 12:15:26.991002,pending,53075,WI,VISA 19 digit
a9d958b7-a49b-48ca-bc4f-78b52d3ec28b,Kenneth Hardy,70512649,37,8,296,2024-05-02 03:02:11.182998,pending,54372,WI,VISA 13 digit
2115a76f-f4fd-4a7f-9e94-2d1619012536,Kelly Wilson,59156048,22,6,132,2024-05-18 15:46:48.166084,pending,54021,WI,JCB 15 digit
a2abe61d-9008-414f-abb8-c3dbc936512b,Patricia Stone,85153660,91,8,728,2024-07-20 12:44:52.849538,shipped,54490,WI,JCB 16 digit
d802bd21-a981-4cbd-98ee-8b23cf6eb35d,Brandon Jackson,69863455,7,4,28,2024-05-28 13:47:35.911258,pending,54808,WI,VISA 16 digit
76128644-8c47-4e37-b88b-41e9f7e7af95,Lisa Jenkins,04061168,46,10,460,2024-06-30 16:00:34.224565,shipped,53467,WI,JCB 15 digit
2f2330e9-81c7-4bb3-9c06-3c5b5de0c696,Julie Brown,86124379,21,4,84,2024-05-01 13:02:56.773813,delivered,53066,WI,Mastercard
e4b86eb2-7f50-4996-af26-7b50126ac353,Brett Hamilton,24904193,28,6,168,2024-08-16 15:30:38.717503,shipped,54212,WI,Discover
ee7f802c-fa52-4762-b808-f38e8dea5bbd,Brandi Lee,82782665,62,9,558,2024-02-24 21:58:11.057194,delivered,53913,WI,Mastercard
a70287da-ae5a-4f54-9c87-e44d331fb194,Scott Mccarthy,31534475,86,7,602,2024-06-02 11:20:34.095964,shipped,53252,WI,Diners Club / Carte Blanche
519cd0ae-f73d-4532-a54d-832b12d9a6c9,Luis Juarez,24478960,99,3,297,2024-06-03 09:56:22.546096,delivered,53091,WI,Mastercard
147d4d44-ec63-451c-9c65-2c0651b488dc,Marisa Diaz,97190424,81,8,648,2024-03-20 00:41:24.741588,delivered,53332,WI,JCB 16 digit
56690ec4-bb3b-4998-be93-fc8a1aedd089,David Clark,98075218,6,6,36,2024-03-20 16:22:04.150149,shipped,54500,WI,American Express
4c1f4369-bd3c-4768-a68b-d0688a8e7d83,Jessica Howard,78179325,83,4,332,2024-03-28 06:49:56.149618,shipped,53446,WI,JCB 16 digit
19e1328b-95a6-4e2a-a008-cf066a0748b0,Alexis Sheppard,55181822,82,5,410,2024-06-15 23:42:11.310722,delivered,54923,WI,Mastercard
dacbc88b-1c16-44aa-b593-4c9af2b04696,Jennifer Miller,31053280,22,10,220,2024-03-10 04:49:37.515468,pending,54285,WI,VISA 13 digit
686b0159-cc34-436b-a394-6c5201424817,Benjamin Martin,66642893,48,6,288,2024-01-01 03:33:28.499479,delivered,54604,WI,Discover
25b637fb-2a57-4f81-a8d2-67f79c96da6b,Kelly Wilson,08986047,70,6,420,2024-07-07 21:44:05.223996,delivered,54021,WI,JCB 15 digit
c9996a8d-a4c9-434f-8af6-cc9a3f8a2c3a,Diane Day,37016272,14,4,56,2024-08-04 04:14:22.727601,delivered,53655,WI,VISA 16 digit
3a934547-daa4-450c-88ae-d70eeff47d76,Joanne Montes,16548947,13,5,65,2024-01-18 15:35:26.042415,pending,54927,WI,VISA 16 digit
294acfc1-afd3-4ef7-a01d-d5424b6aeb64,Lisa Jenkins,84717207,38,8,304,2024-08-19 20:02:45.833167,delivered,53467,WI,JCB 15 digit
f5c887bb-6bc3-4667-aeb5-d8a31e179e60,Keith Patterson,45303715,53,2,106,2024-01-22 02:57:21.347297,shipped,54066,WI,Discover
3ff9cb23-6d62-4c9e-acd2-e0fe118459f4,Benjamin Hughes,61238077,19,6,114,2024-02-12 06:00:42.905576,shipped,54504,WI,VISA 16 digit
fc270516-a40c-438d-9f06-dd5039cd6622,Paul Cohen,99519056,78,5,390,2024-07-24 18:17:58.222747,pending,54908,WI,Discover
38e7ac9f-826c-47d9-b609-ab062a4d919b,Jeffrey Thomas,27443316,63,8,504,2024-02-12 09:13:45.816338,pending,54629,WI,Discover
ec128fdc-1cac-4df4-8a6c-9f7d12ce0df7,Andrew Blair,61886865,39,2,78,2024-06-06 23:13:33.783333,shipped,53762,WI,Diners Club / Carte Blanche
3829c23d-34bc-4c5e-b553-7c390feb1396,Tracy Young,41678800,46,8,368,2024-02-03 16:38:06.528317,pending,53740,WI,JCB 16 digit
6e027a8a-c800-4b53-8bbf-7e3f19ae5b89,Gabriel Krause,50288472,86,10,860,2024-05-05 13:44:58.375769,pending,54156,WI,Diners Club / Carte Blanche
a1f144f4-0fa0-4aa0-94d7-b523e7c314db,Christopher Watson,72034040,84,2,168,2024-05-06 23:34:34.530387,delivered,54287,WI,JCB 16 digit
387cd649-9b48-43dc-a33f-400c120aae2b,Jennifer Smith,68233839,56,1,56,2024-02-15 21:06:53.583611,shipped,53759,WI,VISA 16 digit
693756d4-4466-408a-98cc-e9381a991df8,Logan Brown,31235044,92,8,736,2024-06-07 07:22:36.603120,shipped,54360,WI,American Express
e97293f1-0a44-423c-9979-29f72a7020db,Scott Mccarthy,58783634,8,1,8,2024-02-16 08:01:04.933087,shipped,53252,WI,Diners Club / Carte Blanche
81fa8179-7917-4a4b-802c-4554b0a435c0,Lisa Jenkins,79486026,41,3,123,2024-07-01 07:04:11.461802,delivered,53467,WI,JCB 15 digit
2f07dd97-e663-4ad1-bde3-903bc1337d18,Lisa Stewart,46013538,55,5,275,2024-01-01 20:59:57.794398,pending,53588,WI,Discover
ef3ee995-c971-4f7b-a38d-dcdc4e0bceb2,Jesse Hale,40456362,67,10,670,2024-08-22 07:29:39.289560,pending,54312,WI,JCB 16 digit
5a451449-973e-49f9-b8b5-cfd9b0bded5c,Christopher Lewis,96475249,95,7,665,2024-03-10 14:51:32.565076,delivered,53666,WI,VISA 19 digit
5ec4a840-7823-4a3d-b170-7aaf8ec4a130,William Perkins,16378971,82,3,246,2024-07-04 18:34:35.168315,shipped,54344,WI,Mastercard
9c1326bb-d069-433b-845d-11a267598edd,Brandi Lee,69527593,67,10,670,2024-07-19 12:19:34.382608,delivered,53913,WI,Mastercard
b798ec7e-b86e-4f0b-97c9-4b8ac14eab2a,Diane Day,21897122,20,1,20,2024-09-07 05:17:00.289111,shipped,53655,WI,VISA 16 digit
fab44e2a-73f0-4912-a6a9-1ad67441de48,Eric Hawkins,72492697,86,9,774,2024-04-29 12:32:49.947569,pending,53974,WI,JCB 16 digit
5e151934-1e92-4589-ae19-3230ddb52dae,Brittany Flores,96560686,21,7,147,2024-02-22 12:38:42.016023,delivered,53925,WI,Diners Club / Carte Blanche
2c94115d-3b85-4579-9b1f-22e9419a675e,Dennis Kirk,42646518,100,8,800,2024-04-24 23:06:10.959445,delivered,54172,WI,Mastercard
f9673651-adfb-4fcb-940f-3118d803bce6,David Johnson,50678587,99,5,495,2024-01-24 11:29:04.938712,pending,54762,WI,Mastercard
e17b3332-6e87-4090-b863-76b034323662,Andrew Berry,66224938,79,7,553,2024-01-19 12:36:03.651371,delivered,53755,WI,VISA 19 digit
b68ea5d3-1740-4003-bf32-2b5764822bab,Michelle Perez,24586764,62,7,434,2024-02-08 03:53:21.939097,pending,53561,WI,JCB 16 digit
f161f594-a123-44a9-8029-af00adc9ee35,Blake Humphrey,01047004,78,5,390,2024-01-16 17:22:24.527383,pending,54094,WI,Diners Club / Carte Blanche
09af4522-8131-4b13-9164-77a87ad51518,Tonya Lane,18561173,68,8,544,2024-03-06 17:12:53.547705,delivered,53679,WI,VISA 16 digit
02dec833-7164-4c17-9158-9fe835115cea,Lisa Stafford,04590750,51,9,459,2024-07-26 04:39:06.894834,pending,54779,WI,VISA 16 digit
89da31fc-35fa-471b-9431-bb98c201bf6a,Zachary Hendricks,32565164,13,10,130,2024-05-22 12:54:15.480674,shipped,54157,WI,VISA 16 digit
b7bd0798-58aa-44f7-bd0f-e19d0a5a86cd,Luis Juarez,33367361,26,6,156,2024-04-04 14:17:53.940665,shipped,53091,WI,Mastercard
ba5a3a78-7d52-41ef-959e-ee152da6136e,David Clark,71710990,71,3,213,2024-01-17 20:46:44.099317,delivered,54500,WI,American Express
5c1aac9e-0938-4f51-b7c8-d215c7c334e4,Marilyn Osborne,61084681,100,8,800,2024-04-06 08:25:53.548289,shipped,54722,WI,VISA 16 digit
e47c78f9-13d7-4c43-aad7-64d7c9fe03a1,Catherine Davidson,62566704,85,4,340,2024-09-01 04:13:21.540860,delivered,54691,WI,VISA 16 digit
3c0a828d-2ea7-49c3-8538-a24ffe500f22,Amy Montgomery,41678800,46,3,138,2024-05-04 01:59:07.123637,delivered,53663,WI,Mastercard
2a3b926a-1b98-4312-83cc-888544f0e4e3,William Rose,58766415,54,7,378,2024-07-05 15:30:13.235528,delivered,53322,WI,American Express
b5bda0d7-e400-46ec-acaa-6f5eb0849900,Joanne Montes,59880158,64,10,640,2024-05-19 15:14:10.185616,shipped,54927,WI,VISA 16 digit
0b3a180e-64c3-4e90-99d6-59a2c9204650,David Johnson,18561173,68,4,272,2024-07-24 10:04:58.342806,delivered,54762,WI,Mastercard
041deba5-4b94-4108-bf48-2552607e5b7d,Kiara Sanders,83480300,10,9,90,2024-06-25 06:52:31.914999,delivered,54478,WI,American Express
2faa3eba-1f1d-437e-87ec-52b8ffdff2d0,Denise Martinez,99663650,70,7,490,2024-08-05 20:24:52.901431,shipped,53125,WI,Maestro
83cb1a30-86d0-4a35-a10d-295ce80ab685,Jessica Ross,16446342,16,1,16,2024-02-14 05:37:51.172951,pending,54988,WI,American Express
5d4ae248-a207-459a-95cf-654aedef03ef,Thomas Brennan,43409280,82,1,82,2024-04-08 14:36:36.485742,pending,54850,WI,VISA 19 digit
a9d0e0ab-6948-4b0b-af67-aec7d797a0b6,Andrew Berry,07827402,11,1,11,2024-06-18 03:25:44.827975,delivered,53755,WI,VISA 19 digit
fa335065-476a-4191-b6e6-3167d94648c9,Jennifer Roberts,66541691,27,6,162,2024-04-19 16:20:54.385407,pending,54781,WI,Mastercard
029c54ac-f1d7-42f4-94f5-820873687e65,Grace Poole,93712323,42,7,294,2024-08-08 05:24:05.188454,shipped,54384,WI,JCB 15 digit
e933e6e1-ca1a-4e24-ae57-d778f167b2bb,Lisa Stewart,32499124,30,5,150,2024-04-07 14:43:06.525824,delivered,53588,WI,Discover
8c6e58db-9280-47f3-b0aa-ddd031dea4ac,David Johnson,30179080,54,5,270,2024-07-22 20:55:11.906346,shipped,54762,WI,Mastercard
e8b2dd2f-9d4a-40c5-a7b0-3a73df9a80f1,Brett Hamilton,33435015,36,2,72,2024-02-24 17:45:07.005830,delivered,54212,WI,Discover
5e24aef0-14d8-4ede-8b22-1d216a50dc53,Brandi Lee,72492697,86,9,774,2024-04-02 08:27:00.036606,delivered,53913,WI,Mastercard
2aa69c65-e565-4c1a-acdd-3dcf99178aff,Monica Chandler,38316531,2,9,18,2024-07-30 05:13:22.846239,delivered,53691,WI,JCB 15 digit
9867e30d-ac79-4efe-8f7f-3f99b8fc3499,Jacqueline Landry,88956947,64,9,576,2024-06-09 03:11:21.112883,delivered,54734,WI,JCB 15 digit
90547082-5356-4415-a550-a1e8b7b91986,Amy Montgomery,02328003,85,5,425,2024-05-18 08:57:54.724733,pending,53663,WI,Mastercard
d33a5edb-0b85-4e48-b158-04ba3e283815,Michelle Perez,21128110,38,2,76,2024-09-05 19:34:59.512095,delivered,53561,WI,JCB 16 digit
86861685-b118-460c-b365-39a878f548ef,Brandy White,05887194,47,6,282,2024-05-10 04:09:38.287771,pending,53525,WI,American Express
4e8f7458-9b01-49a5-907f-d1604363c45e,Zachary Hendricks,31714778,24,2,48,2024-07-13 12:02:26.609550,shipped,54157,WI,VISA 16 digit
64ec02b5-fe02-4a65-9c13-d20f707fa5bb,Denise Martinez,36055999,35,10,350,2024-08-12 11:27:07.650468,delivered,53125,WI,Maestro
38d2671f-2799-4988-af50-4b9520116585,Scott Mccarthy,02008783,79,6,474,2024-02-05 19:08:39.944049,delivered,53252,WI,Diners Club / Carte Blanche
ef5c7c61-52fe-4fc5-9667-1c56c32ea3fc,Antonio Keller,45745249,26,1,26,2024-03-20 23:33:29.749598,delivered,53909,WI,JCB 16 digit
9b6e9a96-4ad7-40b1-b44f-1a5417c9b840,Johnny Blackburn,42295808,50,9,450,2024-06-09 15:05:30.167144,delivered,53945,WI,Maestro
71f6a98f-6d1e-4c44-8050-b85b778bf564,Kiara Sanders,53941794,85,3,255,2024-01-07 06:52:42.983234,pending,54478,WI,American Express
5138804d-ff8d-4e19-ba8b-bd66b9f2eddf,Patricia Stone,67038640,80,5,400,2024-06-09 21:19:13.093849,shipped,54490,WI,JCB 16 digit
db91652e-7878-49e7-a026-9af7875023a0,Brandon Jackson,33594989,8,7,56,2024-03-27 00:29:46.671103,delivered,54808,WI,VISA 16 digit
58372a1a-1079-4912-bfcc-fb5dc2695fb0,Jennifer Graves,49725650,55,4,220,2024-08-01 08:50:51.308340,shipped,54170,WI,Discover
abf3e398-4364-478e-adc2-7038747b038c,David Johnson,33435015,36,7,252,2024-03-02 07:35:01.293533,pending,54762,WI,Mastercard
64f0a853-5d06-4be1-8406-e6215d0a12bd,Dustin Parker,54557642,60,7,420,2024-02-20 05:22:28.774508,shipped,54355,WI,American Express
3bc4ca8d-f009-4ab0-b16a-5a6b9d1ad559,Joseph Case,01379884,2,2,4,2024-05-13 03:17:31.732942,pending,53575,WI,Maestro
563101cd-b573-47d7-9500-bbd650a98a8c,Michelle Boyd,86687287,99,6,594,2024-04-09 17:59:09.488431,pending,54320,WI,Diners Club / Carte Blanche
37ab2f39-aa3e-430b-bb14-e4b3510fc849,Kerri Nunez,00323802,55,4,220,2024-05-18 07:13:36.690141,delivered,53384,WI,VISA 16 digit
62819823-9bb9-4631-a727-cf25e5fd3b99,Joanne Montes,13179731,93,7,651,2024-03-15 09:24:49.270974,pending,54927,WI,VISA 16 digit
b95b6422-0a76-4d45-9fe2-7f8e8f56d365,Kiara Sanders,86165112,80,4,320,2024-05-13 18:01:35.002636,pending,54478,WI,American Express
a99d2321-8615-419c-864e-da6f49ee39cb,Lisa Stafford,19197111,9,5,45,2024-01-13 06:44:04.090655,shipped,54779,WI,VISA 16 digit
226a9677-6e83-451e-9e4a-09f1ef8816b2,Brandon Jackson,76422768,1,2,2,2024-06-13 01:34:34.905499,shipped,54808,WI,VISA 16 digit
a83c2516-2c03-41ad-8bab-c61b3c37e2dc,Antonio Keller,67213733,37,4,148,2024-04-12 02:20:52.550966,shipped,53909,WI,JCB 16 digit
0b07f261-46b5-4dca-9088-557da4f3900c,Mark Maxwell,63217124,13,8,104,2024-07-08 22:19:10.125441,shipped,53110,WI,VISA 13 digit
1de6ad91-b8e9-4c8a-ad3e-cca372f56dc2,Julie Brown,57473758,22,10,220,2024-04-04 11:56:48.350033,shipped,53066,WI,Mastercard
b1f42d45-1ee3-4020-8dbf-7a6f844cd7a7,Lisa Jenkins,66920434,97,1,97,2024-03-19 17:44:21.365038,shipped,53467,WI,JCB 15 digit
b7ba5c30-ff42-48ba-bc1a-86d9c977d448,Christopher Lewis,14915338,32,8,256,2024-03-27 14:29:15.940122,delivered,53666,WI,VISA 19 digit
d8dc4f6c-1149-4eb9-bc37-ab8798fbf63b,Johnny Blackburn,19018935,60,4,240,2024-05-08 23:41:17.114893,pending,53945,WI,Maestro
4b527e7f-d50f-4490-bd98-6f8cbc008467,Desiree Fletcher,85599208,1,8,8,2024-06-08 21:24:23.420815,delivered,54912,WI,VISA 16 digit
e6be09c9-8146-4a42-bc5a-819f0f96c1d9,William Rose,19104171,94,4,376,2024-07-08 11:03:24.935175,delivered,53322,WI,American Express
3c1fb2d1-2958-4c6c-8a93-fd8aa85e15b4,Lisa Jenkins,30531376,20,8,160,2024-06-04 17:22:50.002868,delivered,53467,WI,JCB 15 digit
9e9c15d7-0085-46ae-ab08-f932ae7a8e3c,Brett Hamilton,54345232,26,3,78,2024-03-20 07:35:59.239503,shipped,54212,WI,Discover
6e1db91b-b478-473b-b1b3-9fdc319c19e7,Casey Pierce,40345093,70,10,700,2024-04-26 12:57:16.117923,pending,53041,WI,JCB 16 digit
a9cb82fc-cac1-43c6-bfd8-400926eae381,Jacqueline Landry,25590050,24,2,48,2024-08-22 12:33:31.071385,delivered,54734,WI,JCB 15 digit
