faab11d0-8136-47b9-8a9e-1e4cee79d5f5,Sharon Cook,38454936,82,6,492,2024-01-15 16:03:24.915553,pending,04117,ME,Discover
be1ccd4a-4e8c-4370-8477-1a83fcc63e9e,Erin Espinoza,17912020,95,4,380,2024-06-25 23:25:53.715434,delivered,04698,ME,Discover
c935e011-751a-4ff8-b24a-e0a60d31203e,Lindsay Hill,04314660,42,6,252,2024-01-28 10:12:20.545317,delivered,03962,ME,VISA 16 digit
f1ab53e5-f074-457b-a861-d0667abb5c7f,Mary Spencer,46623232,21,8,168,2024-09-06 00:19:42.885679,pending,04138,ME,VISA 16 digit
904de34c-cfa9-436f-907f-6d9a785a9590,Ryan Vasquez,10367605,8,4,32,2024-06-14 01:13:14.243738,delivered,04238,ME,Diners Club / Carte Blanche
bff2b708-4df7-4625-96e2-908e0dbb136a,Melissa Schaefer,43428038,79,9,711,2024-04-05 00:24:05.468684,delivered,03957,ME,Diners Club / Carte Blanche
18876f2f-c442-4bea-89dd-00534b6ba381,Joseph Morgan,40383439,41,2,82,2024-01-13 23:39:05.822474,shipped,04373,ME,VISA 13 digit
fa617a0d-aa52-4338-bbf4-22da706a5e2b,Timothy Harvey,84381484,82,5,410,2024-07-12 07:45:02.719786,shipped,04978,ME,Maestro
7cf65074-6359-483b-9a53-036a14f3053a,Ethan Cole,36379712,22,1,22,2024-04-11 22:07:31.137320,shipped,04078,ME,Diners Club / Carte Blanche
f62743c8-176a-492e-80a7-3e459b0b3c18,Susan Stephenson,52805509,57,2,114,2024-07-27 02:49:26.043239,pending,04542,ME,Discover
9a229482-35b5-4d4b-b854-633cbcb0ee3a,Gary Johnson,54308336,24,5,120,2024-08-29 10:40:13.226595,shipped,04502,ME,VISA 19 digit
99447751-7cba-4bdb-b0a5-26f05de4a919,Leslie Martinez,26036328,74,2,148,2024-02-19 08:54:44.701161,delivered,04364,ME,Discover
2d0d94ed-ff65-4d22-a46d-35b8c12ef49b,Matthew Campos,24746403,31,8,248,2024-04-27 01:29:23.936247,pending,04244,ME,Discover
0a96fe38-dc77-4ba5-a04e-21e89bdd517e,Jeffrey Mitchell,00532075,7,2,14,2024-07-17 17:51:46.001779,pending,04131,ME,JCB 16 digit
1bd010de-7191-4013-91b7-7273558a6092,Bianca Williams,70328592,6,6,36,2024-08-08 13:45:55.949228,shipped,04837,ME,JCB 16 digit
758451da-e8de-458a-85dd-ccd258262a7c,Melissa Schaefer,87865653,44,7,308,2024-03-24 08:21:41.599100,pending,03957,ME,Diners Club / Carte Blanche
ebd53bee-5d37-46cc-b4dd-4eb18e312f51,Derek Rush,05513697,34,5,170,2024-08-27 01:49:24.150917,pending,04023,ME,American Express
f122b055-8b67-4865-9622-8504b1cca3e7,Anna Moore DDS,12859658,24,9,216,2024-05-07 12:21:35.614819,pending,04607,ME,American Express
9deb5b46-227a-4660-9d58-f0541406f27f,Jordan Parks,59156048,22,4,88,2024-08-04 23:17:54.537326,shipped,04614,ME,Diners Club / Carte Blanche
e6e77f1e-4f76-4eb6-9ec8-92577d357f72,Michael Cisneros,92894587,55,10,550,2024-08-11 04:34:48.206486,pending,04342,ME,VISA 16 digit
ad563fbd-dd78-42fb-8080-6a33afdcbb14,Sarah Franklin,63137255,57,3,171,2024-04-24 00:54:43.301354,shipped,04113,ME,JCB 16 digit
2bf52c92-86c6-4c18-ab87-b38058664ac5,Melinda Douglas,68927004,25,9,225,2024-09-07 15:16:19.828697,shipped,04252,ME,VISA 16 digit
d482edca-b879-437d-a362-87ab6258be24,Sarah Franklin,73151104,51,5,255,2024-04-30 21:45:21.547669,delivered,04113,ME,JCB 16 digit
3f8acca6-88fd-4f58-960e-192357f1c44b,Dawn Brown,35491767,50,1,50,2024-01-13 20:47:14.419342,shipped,04721,ME,JCB 16 digit
4a0c3cd9-9e41-41bf-9308-b89aad065401,Omar Newton,61103443,27,4,108,2024-09-06 07:55:06.937895,shipped,04916,ME,Discover
ef6c24dd-5a65-49c3-8d17-68510427220f,Ryan Vasquez,64544106,7,7,49,2024-08-08 06:44:58.658546,delivered,04238,ME,Diners Club / Carte Blanche
e19c28dc-b258-4bf1-8b89-5e96f1e2d6cd,Nathaniel Bruce,94231854,20,1,20,2024-04-01 16:19:54.579789,delivered,04990,ME,VISA 16 digit
087b23d8-0d13-4ae6-8658-233eb3ab8f7d,Theodore Hernandez,96094815,60,8,480,2024-07-07 15:08:15.756752,shipped,04094,ME,American Express
86a31d7c-fa63-41cd-93f8-be131b7fe153,Eric Stone,40759296,97,6,582,2024-02-07 05:26:53.491948,pending,04178,ME,JCB 16 digit
08afd798-15ef-4074-827e-84c3fa92b2a3,Daniel Phillips,17900133,75,10,750,2024-06-30 10:49:30.304691,delivered,04282,ME,VISA 19 digit
8cc4135f-b168-4e2a-9e70-816886f1dce9,Curtis Bell,24672085,59,9,531,2024-01-29 10:18:09.220816,pending,04177,ME,American Express
27ed7a5b-71a5-4779-8cc6-ac5457218db6,Gary Johnson,50411498,15,2,30,2024-04-02 23:16:37.379934,shipped,04502,ME,VISA 19 digit
4c4fb19a-834b-41c5-968d-73ca0088f80a,Donna Sanchez,88833811,96,5,480,2024-08-06 03:21:19.077307,shipped,04213,ME,Diners Club / Carte Blanche
876013fd-50cf-428f-a5d1-9d53d087df44,Brian Austin,86900478,9,1,9,2024-04-03 14:12:52.995816,pending,04414,ME,VISA 19 digit
41178dc7-c687-4c50-852e-ccfe4f3fa523,Michael Cisneros,74812677,88,8,704,2024-09-02 22:40:29.110255,shipped,04342,ME,VISA 16 digit
a416fc8a-b186-4679-8457-22d65ebcf787,Rebecca Lane,22524683,84,2,168,2024-08-24 17:54:42.631639,pending,04095,ME,Discover
d9c139c2-11a4-4ffb-a57c-32b4759068ce,Brenda Wilson,06599447,66,4,264,2024-09-02 22:36:26.558894,delivered,04072,ME,Discover
e812a1c0-10dc-4477-8231-e371e54219bb,Rachel Sandoval,01624274,91,3,273,2024-07-05 00:06:39.754921,delivered,04003,ME,VISA 19 digit
84fc8c46-9a8f-482d-9a03-11cd78f136be,Joshua Carter,72727256,49,2,98,2024-09-02 19:22:04.457340,delivered,04266,ME,VISA 16 digit
7518315f-27ca-4026-abbd-d5ffe3dd2f36,Cheyenne Martin,24478960,99,5,495,2024-05-18 18:16:08.087759,shipped,04052,ME,JCB 16 digit
68de4634-f9be-4371-b48f-e5693ecb4b64,Samantha Walton,36139743,87,1,87,2024-06-03 16:57:55.324908,pending,04557,ME,American Express
466001ab-4ec6-46e5-a9ea-8e0736259500,Mckenzie Myers,52412943,47,2,94,2024-08-04 12:24:56.814972,pending,04060,ME,Discover
9ad21470-af59-4785-86d1-3ae66c376d45,Curtis Bell,22532916,47,7,329,2024-07-01 19:27:23.265677,shipped,04177,ME,American Express
63bc267d-ebeb-464d-809f-2d36d2393b7d,Ralph Graham,68699697,10,1,10,2024-09-05 05:51:50.431217,pending,04215,ME,American Express
056c51ae-0324-41f8-b3e4-db7010e0213a,Theodore Hernandez,22532916,47,1,47,2024-07-06 17:45:49.750941,pending,04094,ME,American Express
4c079b47-cd56-4aeb-9ad1-a061a3da4e2d,Joseph Morgan,62566704,85,5,425,2024-02-06 13:47:42.157462,shipped,04373,ME,VISA 13 digit
079d0785-4731-485b-9458-44eeb7246028,Kelly Pennington,54203228,92,5,460,2024-01-14 17:46:11.652039,shipped,04282,ME,VISA 13 digit
c0b2b910-d25f-4705-be59-e105ef88823c,Brenda Wilson,12321377,32,2,64,2024-09-05 17:50:52.758345,delivered,04072,ME,Discover
b360deeb-135b-4cc4-acde-a78c0662e2e5,Erin Espinoza,46700087,70,4,280,2024-03-29 18:47:02.608434,delivered,04698,ME,Discover
92edfb13-85c7-4d64-874f-0169f713b707,Susan Rice,13061838,38,5,190,2024-06-22 04:38:50.252682,shipped,04220,ME,VISA 16 digit
cdf0462d-4a22-435f-a3d8-6284298d54ec,Ralph Graham,86066860,26,9,234,2024-03-10 00:07:48.878869,pending,04215,ME,American Express
4db0582b-f708-4a12-a36b-b52e6c2c3701,Gary Johnson,47000438,43,10,430,2024-02-19 04:38:52.791829,shipped,04502,ME,VISA 19 digit
9241f3ad-97c1-4c42-a847-75f28e2d5842,Cheyenne Martin,55730501,78,8,624,2024-07-15 14:29:34.342921,pending,04052,ME,JCB 16 digit
ec08eee3-52f1-42de-934c-baacc0c9887f,Dr. Patricia Morgan DDS,72585160,44,9,396,2024-09-01 22:36:49.605860,shipped,04406,ME,American Express
c8eb18e5-4de6-457f-9522-d3ac92785be1,Jordan Parks,95212791,1,7,7,2024-02-12 11:37:07.119736,shipped,04614,ME,Diners Club / Carte Blanche
8e0eab4b-3d54-44b7-89c5-f181082c24d5,Frederick Glenn,19463940,65,7,455,2024-08-06 07:52:04.423813,delivered,04435,ME,VISA 16 digit
cd7126c4-74a5-4db2-acf4-cbaeba3f6d00,Ethan Cole,58477519,53,10,530,2024-03-26 11:13:07.361913,pending,04078,ME,Diners Club / Carte Blanche
48ec8a34-2271-4d67-be72-bdaf061bd889,Joseph Morgan,93570381,19,6,114,2024-09-07 12:49:40.135004,pending,04373,ME,VISA 13 digit
4fed71f5-15e0-4c60-938a-7f38f1af870f,Brian Reid,09667280,91,10,910,2024-06-09 22:10:19.007758,pending,04958,ME,VISA 16 digit
a92659bd-1bc9-4d2b-b794-3ed920f5f842,Eric Stone,64544106,7,3,21,2024-06-03 10:54:13.635241,shipped,04178,ME,JCB 16 digit
84464d95-ab58-47fc-a747-770b6e1b3dfb,Matthew Campos,61508521,50,8,400,2024-01-04 17:27:12.341466,shipped,04244,ME,Discover
e32fb61e-8599-4b8e-a2ad-54fd6478248b,Steven Callahan,49317428,73,2,146,2024-04-12 06:25:06.149128,delivered,04671,ME,Mastercard
def3a7cb-7ded-4e76-bb33-f9375325ff77,Carrie Waters,74655717,80,6,480,2024-08-09 01:25:00.029629,shipped,04093,ME,JCB 15 digit
3b9bd859-d4e7-4965-96e5-02ca4cfa7eb5,Amy Khan,40383439,41,1,41,2024-01-23 07:34:32.014840,shipped,04454,ME,Mastercard
1052408e-8ce0-4ed7-87df-4fb7273797a5,Erin Espinoza,58477519,53,9,477,2024-08-07 08:10:36.290185,shipped,04698,ME,Discover
090ce9a5-59b8-43d5-b93b-3ebda3d006e9,Dr. Patricia Morgan DDS,45237584,67,6,402,2024-02-11 17:45:16.310315,delivered,04406,ME,American Express
f33699ee-a807-437f-957f-22a9bf7b3645,Dawn Ray,00312028,35,5,175,2024-06-03 23:35:38.216741,delivered,04634,ME,Discover
ca6bb7d9-4f28-4319-89ee-f86eb678f1d3,Anna Moore DDS,78376038,10,6,60,2024-07-05 23:50:04.534653,pending,04607,ME,American Express
2445dc8b-14cb-41cd-a2e8-b62ccb520400,Cynthia Watson,84250360,88,2,176,2024-01-15 13:54:41.394898,pending,04060,ME,Discover
9c412c24-8a0c-4ee6-9874-b67a6fe81b87,Joshua Mcintosh,57642840,15,6,90,2024-08-04 20:01:13.381055,delivered,04482,ME,Diners Club / Carte Blanche
53fbfe1a-d87c-4116-bd9b-4669ee515473,Julie Hester,49317428,73,4,292,2024-06-02 02:40:08.960847,shipped,04037,ME,Mastercard
75292f4d-8276-4fef-a4c2-2dcb47587038,Bianca Williams,74065479,24,8,192,2024-02-17 14:52:03.142471,delivered,04837,ME,JCB 16 digit
2539bf42-76b0-4a0c-bc58-189cf973e65f,Ethan Cole,66541691,27,9,243,2024-03-15 20:26:46.270064,pending,04078,ME,Diners Club / Carte Blanche
adfd59c9-b54a-4433-bde3-301f7090a254,Andrew Lutz,95264523,67,4,268,2024-09-03 05:10:43.375990,shipped,04819,ME,VISA 16 digit
8fa05dc5-eb7e-4360-89ab-4cee8574938d,Timothy French,61139398,83,4,332,2024-01-28 08:00:08.135759,delivered,04733,ME,Discover
316957c1-965a-4840-945e-64704c8663b5,Lori Olson,88283210,31,6,186,2024-01-12 11:33:56.610125,pending,04044,ME,JCB 16 digit
87331eaa-beef-435d-8ef7-5bafd242e0ce,Leslie Martinez,33186610,95,6,570,2024-05-04 20:49:54.826856,shipped,04364,ME,Discover
08a7767f-53bd-48bb-b336-4d50fa20a597,Omar Newton,51322502,71,8,568,2024-07-21 07:52:28.670877,pending,04916,ME,Discover
3aa43c6d-bcf5-434c-af52-f563f85a6e3d,Kelly Pennington,06345297,93,4,372,2024-07-05 11:23:47.506903,delivered,04282,ME,VISA 13 digit
235361b5-22d0-4f09-b3ef-c389a5eed7c6,Charles Morris,78953321,88,4,352,2024-05-06 18:58:13.238561,shipped,03966,ME,Maestro
1510f447-6722-4df0-90b7-7f92edc869c7,John Huff,33652887,47,6,282,2024-05-12 07:01:17.453159,pending,04646,ME,Diners Club / Carte Blanche
9020888c-4ca4-4040-b03e-7f2ae3bbf658,Victoria Garrison,32479645,67,8,536,2024-06-17 04:18:51.504136,delivered,03919,ME,VISA 16 digit
132717da-bb43-430e-9649-29a8cc12aadc,Joshua Mcintosh,85153660,91,1,91,2024-04-06 03:24:58.362415,delivered,04482,ME,Diners Club / Carte Blanche
148ed466-13a4-4e3a-bd0f-621b33e766bd,Donna Sanchez,57642840,15,8,120,2024-02-12 18:45:50.326289,pending,04213,ME,Diners Club / Carte Blanche
b11ff4d4-07bb-41fe-afc3-6a840f815c29,Ethan Cole,71413358,58,3,174,2024-04-25 07:43:51.843164,shipped,04078,ME,Diners Club / Carte Blanche
42ba81a2-98f9-45e8-bd3c-f38735fc38f7,Ebony Wagner,41174647,46,4,184,2024-07-06 18:28:43.199674,delivered,04783,ME,JCB 15 digit
2c63bba2-dfe7-43b3-b80b-26102279d231,Cynthia Watson,24915106,94,6,564,2024-06-15 00:38:37.854331,shipped,04060,ME,Discover
6f3a9958-bb29-4521-9450-5fea682979ca,Ryan Vasquez,96949542,80,2,160,2024-05-17 15:17:15.496174,pending,04238,ME,Diners Club / Carte Blanche
a6b8dca9-1753-4ea7-b3a9-b4e9a4b7413b,Melanie Martin,02043258,84,9,756,2024-07-15 06:09:05.169584,pending,03990,ME,Diners Club / Carte Blanche
9ec2660f-06e6-4a0d-b137-6dbccc386e56,Craig Richardson,31773683,11,8,88,2024-06-07 07:00:02.631344,delivered,04358,ME,Diners Club / Carte Blanche
441380eb-1222-4d99-b5e6-1251d064253a,Jordan Parks,63320763,42,9,378,2024-01-09 22:54:03.107131,pending,04614,ME,Diners Club / Carte Blanche
998b9d99-a750-43d5-bc66-bff848df589d,Matthew Campos,18986211,24,5,120,2024-02-02 12:44:10.204194,pending,04244,ME,Discover
59cdfe33-6ba0-454b-9b07-3163c12c9329,Bryan Hurst,98772322,97,1,97,2024-07-13 01:48:35.797533,pending,04470,ME,Discover
135817b2-0672-4a70-9d39-ad58934df9b0,April Smith,75438852,11,4,44,2024-04-27 10:30:09.955647,pending,04849,ME,JCB 15 digit
f1f208cf-9eb4-41d4-af2b-d47bb3bf59c5,Sheri Wilson,49316414,25,3,75,2024-05-28 19:22:56.127312,delivered,04100,ME,JCB 16 digit
d69ffbad-386d-4f6a-b93e-5848d56297e2,Susan Stephenson,31235044,92,3,276,2024-04-30 22:54:09.719441,delivered,04542,ME,Discover
35eec324-f0b5-48a8-a987-d9da03ddb737,Charles Morris,99788155,2,5,10,2024-08-11 18:32:12.298203,delivered,03966,ME,Maestro
07050bee-138b-4e22-ae88-98a789e5b0eb,Brenda Wilson,86165112,80,9,720,2024-03-27 18:23:37.774378,shipped,04072,ME,Discover
343a00c3-bc78-44b9-9c4d-25271211bcbe,Scott Price,96790861,73,10,730,2024-06-22 15:45:16.010126,pending,03978,ME,VISA 16 digit
9f9cb827-03b4-4faf-a0f3-46ca5bd3139f,Steven Callahan,89442487,59,9,531,2024-01-29 04:20:53.637257,delivered,04671,ME,Mastercard
c470e33a-a37f-4e0e-b61f-dc01a93f3651,Dawn Ray,47350458,72,9,648,2024-07-21 19:50:33.819760,delivered,04634,ME,Discover
24f56f19-307c-4228-b80b-42c1bc5e2c5c,Bianca Williams,36881925,30,6,180,2024-05-31 18:34:52.018934,shipped,04837,ME,JCB 16 digit
f75c0e3b-d294-457b-8cd2-13373e85e8c7,Christopher Fernandez,39710987,12,5,60,2024-02-05 09:25:51.508788,shipped,04294,ME,Diners Club / Carte Blanche
95162f10-1df7-4b1f-bb33-ca50aa771225,Jeffrey Mitchell,40660721,48,4,192,2024-04-12 15:49:53.323293,delivered,04131,ME,JCB 16 digit
097c6bf5-4e8f-4675-a278-35c210d618c8,Mary Spencer,01437416,59,3,177,2024-02-27 03:40:45.072503,delivered,04138,ME,VISA 16 digit
ea93a77f-538e-4843-80ff-e7c45725b647,Ryan Vasquez,83227981,66,8,528,2024-04-23 04:53:07.510474,shipped,04238,ME,Diners Club / Carte Blanche
3ae5b546-4404-40fb-8cde-b8707c46878e,Donna Sanchez,14282331,63,3,189,2024-06-22 16:12:28.448614,delivered,04213,ME,Diners Club / Carte Blanche
decf5ac9-529b-4e1b-b452-a380e8af7b69,Leslie Martinez,62413763,42,7,294,2024-05-10 15:21:31.513884,pending,04364,ME,Discover
30b5cb1c-896a-40ea-a11b-425ba084a8ad,Erin Espinoza,43053414,72,4,288,2024-04-20 06:58:29.023039,shipped,04698,ME,Discover
a2cf1e1d-3fcc-48c4-9c29-02ede3844734,Julie Hester,32081305,60,5,300,2024-03-01 01:41:28.408160,shipped,04037,ME,Mastercard
dfd9bc68-e353-4a97-a916-ec133a812bd4,Mckenzie Myers,83338090,66,5,330,2024-08-05 11:44:10.172183,pending,04060,ME,Discover
286e4c06-d68f-40a4-a607-1fb8d7bdb58a,Victoria Garrison,39938688,12,9,108,2024-08-25 20:00:06.602627,pending,03919,ME,VISA 16 digit
ae28ee1d-6066-41e4-9d3c-575566912aaf,Jeffrey Mitchell,63175912,19,10,190,2024-08-02 05:37:21.268755,delivered,04131,ME,JCB 16 digit
70fc4263-2d12-457c-9dd0-3d523497971a,Larry Hartman,56130959,27,6,162,2024-06-21 01:22:32.343232,shipped,04444,ME,JCB 16 digit
a75df5ae-313e-4f55-bd4c-418f51bc0d2b,Frederick Glenn,49643077,93,1,93,2024-02-23 21:37:38.899029,shipped,04435,ME,VISA 16 digit
b9124003-878b-49bf-a481-8fad8eb0091a,Bianca Williams,44048341,77,6,462,2024-09-06 03:03:19.019827,delivered,04837,ME,JCB 16 digit
8c9c36e0-4bc9-405b-a499-d2f9cee8837d,Matthew Perez,00963947,8,10,80,2024-03-20 10:32:41.951068,pending,04100,ME,Maestro
318f7295-fd30-4070-811c-2c60a628075b,Sarah Franklin,15909879,28,10,280,2024-01-26 09:39:54.304728,pending,04113,ME,JCB 16 digit
4076f22a-5c84-4061-9d21-b83a83e21b25,April Smith,82270858,49,6,294,2024-04-03 08:35:40.810255,delivered,04849,ME,JCB 15 digit
a9236e40-f57b-40c3-904e-18f85425ffde,Curtis Bell,02738536,2,5,10,2024-03-19 23:25:13.855735,delivered,04177,ME,American Express
6797114a-a7b7-45b3-80d3-28f624967dc7,Mary Spencer,86376501,14,1,14,2024-02-28 15:20:02.129769,shipped,04138,ME,VISA 16 digit
0fe07f67-2a57-4271-9ab4-78ae55900e4c,Kayla Lee,16443280,33,8,264,2024-05-11 20:21:51.814267,pending,04950,ME,VISA 19 digit
3f4bc6da-1942-40ba-bf18-9b01809a7c02,Julie Hester,30531376,20,5,100,2024-06-24 08:28:30.986875,delivered,04037,ME,Mastercard
cb388dd5-364c-4da2-a7a2-578afe5c30e4,Matthew Perez,70512649,37,4,148,2024-02-25 13:55:38.849868,delivered,04100,ME,Maestro
97d3d19b-120b-45fb-86f0-81c2c841c6c7,Ethan Cole,82270858,49,2,98,2024-07-08 06:04:03.884919,delivered,04078,ME,Diners Club / Carte Blanche
6bdc958b-ac0b-49f0-89a8-ee203a1f6113,Kenneth Norman,06713485,65,10,650,2024-05-08 12:06:32.154980,pending,04988,ME,JCB 16 digit
d0e0391e-fe35-46af-a4b1-2eab20d3e472,Derek Rush,88956947,64,1,64,2024-02-15 15:20:55.968020,delivered,04023,ME,American Express
832fc0fb-0e73-44b7-9833-1c332c08c941,Timothy Harvey,73851479,37,3,111,2024-01-07 09:59:57.776599,pending,04978,ME,Maestro
f6d6b110-9038-4a9c-8c23-5b142d50ac8f,Jeffrey Mitchell,41743492,8,9,72,2024-04-17 15:58:21.371674,pending,04131,ME,JCB 16 digit
734cfd85-cf84-4685-b4ce-4d67fb270fed,Kathryn Roberson,47350458,72,3,216,2024-04-19 03:01:07.909931,shipped,04268,ME,JCB 16 digit
208d7bdc-de70-49c2-8c10-6859fd30a5e1,Lindsay Hill,13179731,93,4,372,2024-02-16 16:27:45.355659,pending,03962,ME,VISA 16 digit
1044d12c-995c-4a3a-bb19-4fc22434f279,Rachel Sandoval,99788155,2,6,12,2024-04-22 11:40:32.368889,shipped,04003,ME,VISA 19 digit
