04015438-0ab2-430e-904b-a87977bfac77,Nicole Robbins,28582687,6,5,30,2024-02-08 14:35:54.982215,shipped,02493,MA,JCB 16 digit
b1b6ee90-9de6-4dbc-88db-b9a2d82684ec,Michael Nguyen,72036570,55,7,385,2024-06-30 14:21:33.175638,pending,02261,MA,American Express
546d2023-c131-4dbb-a058-2ceac5cdb13e,Maria Richmond,70888416,93,1,93,2024-03-11 23:47:00.471486,pending,01611,MA,VISA 16 digit
26c39712-fcd1-4a08-a7e8-f3c2eab38108,Tyler Stephens,88833811,96,6,576,2024-03-31 01:08:08.565233,pending,01123,MA,JCB 15 digit
06f74ab4-c0ed-406f-b292-3147532eca3f,Deborah Stein,54929814,6,2,12,2024-07-12 06:16:27.021426,shipped,01552,MA,Diners Club / Carte Blanche
0aca823d-378b-47ca-8f0d-9314e25381b0,Veronica Ellis,96790861,73,8,584,2024-02-05 10:29:03.132232,shipped,02542,MA,JCB 16 digit
352b4927-c8e2-4db7-977e-599daf224c14,Michael Morgan,67792474,92,7,644,2024-03-01 00:44:58.403548,delivered,01677,MA,VISA 13 digit
3436a1e9-ff16-4f56-a98c-977444a02aaf,Paul Brown,72727256,49,4,196,2024-07-04 23:30:28.511526,shipped,02669,MA,JCB 16 digit
15738aea-43d6-4761-90df-6e636511bbff,Corey Davidson,41343685,1,10,10,2024-02-05 23:06:30.305876,delivered,02516,MA,VISA 16 digit
a112b9cb-f68f-41d5-8cbb-71f4b4eacd43,Michael Ortiz,80713432,71,10,710,2024-05-02 02:40:41.373172,delivered,01845,MA,VISA 13 digit
bb6f5cda-bb08-491c-862f-987fa3e78436,Stephen Warner,74217670,28,9,252,2024-02-12 08:28:22.519251,pending,02402,MA,Mastercard
125237bd-8494-48c8-b4a8-ae3df803b8b9,Kathryn Jones,80323884,92,6,552,2024-03-27 11:55:35.435457,pending,01604,MA,Diners Club / Carte Blanche
44f39a07-1384-4e45-8d97-c21e9aa949f7,Charles Lyons,55579193,25,7,175,2024-05-15 09:00:48.998098,shipped,02018,MA,Discover
3e1e1d73-81d4-4fbf-bfd3-9b6f2fd98886,Christine Rose,43691128,46,9,414,2024-06-16 13:59:15.824451,delivered,01300,MA,JCB 16 digit
bc0d7ccb-f60d-4c74-b6a8-ebfa01af7230,Kevin Hall,42322214,27,4,108,2024-03-24 15:51:37.085420,pending,01157,MA,VISA 16 digit
cf2a8424-b285-422d-a660-4639ea4d8a8f,Kevin Conrad,63175912,19,9,171,2024-06-11 07:26:13.343136,delivered,02770,MA,JCB 16 digit
2feb6923-5c8b-4387-8401-ddde88a727c7,Amanda Barnett,80362616,21,8,168,2024-03-01 01:08:07.137036,delivered,01562,MA,JCB 16 digit
9ef4f57f-ef13-4f90-9ba5-256630231d91,Joseph Silva,78179325,83,8,664,2024-04-17 06:58:56.434552,shipped,01530,MA,JCB 16 digit
ffef05fc-93e1-455c-9b18-6786794ae8d5,Christina Wiley,88291727,69,2,138,2024-01-26 08:36:50.217972,pending,02321,MA,Mastercard
5a79e9cf-5cb9-4f84-bad9-08ee2cfe6af0,Natalie Hartman,18078312,30,4,120,2024-01-21 06:54:02.294998,pending,02499,MA,JCB 16 digit
abfad73b-fa0c-45db-b2c9-c7e0c6b425f3,Kathryn Jones,44048341,77,1,77,2024-08-06 10:41:17.357534,delivered,01604,MA,Diners Club / Carte Blanche
b778fdc9-9bbb-45e1-81f0-b23c80e8cc32,Nicole Mccullough,11567745,34,9,306,2024-01-13 15:52:09.901867,pending,01219,MA,JCB 16 digit
997ec876-3df3-41b9-8312-ee1eee58556e,Dr. Steven Chase,70257670,38,9,342,2024-03-05 15:23:29.417528,shipped,01098,MA,VISA 16 digit
18f747c1-b2d1-45ba-abab-802ab1c78f6b,James Thompson,31421065,43,3,129,2024-05-13 06:25:34.965866,shipped,01894,MA,American Express
840cbb91-17f6-46d2-b522-54d7b473cd63,Barbara Smith,67287970,75,5,375,2024-02-09 09:27:01.252240,shipped,02189,MA,Mastercard
53f9ad90-b6fc-40af-b6d6-dc6a5962f909,Ralph Daniels,43428038,79,5,395,2024-08-20 10:31:13.397138,shipped,01586,MA,American Express
50996f9a-0949-4867-b703-1fbcd36b8214,Gilbert Walton,32742022,24,2,48,2024-02-24 21:50:22.753046,pending,02362,MA,JCB 16 digit
9d2c325a-f464-473b-98dc-c29a5c1f4e4a,Raymond Bryant,31773683,11,8,88,2024-03-03 00:01:47.426439,pending,01353,MA,JCB 16 digit
ff8af07f-8aca-4b3f-8a7d-ba95e01209b3,Tyler Stephens,18550597,91,9,819,2024-06-23 19:34:49.295851,delivered,01123,MA,JCB 15 digit
225d9d6b-31dd-4c81-909d-47aa4eea557d,Kathryn Jones,56130959,27,8,216,2024-06-15 06:08:50.241679,pending,01604,MA,Diners Club / Carte Blanche
cac69cee-9df8-4300-a091-919fedfa2d5b,Joseph Rush,16443280,33,5,165,2024-02-01 05:54:37.114254,delivered,01059,MA,VISA 16 digit
70c9f41d-38b5-48f9-983a-3e004a4551b8,Kevin Hall,21702433,12,8,96,2024-06-06 01:56:54.887321,pending,01157,MA,VISA 16 digit
1fde8fcf-6409-4bfa-a7c5-6e8876107662,Gilbert Walton,11540359,38,6,228,2024-08-17 07:55:29.922640,shipped,02362,MA,JCB 16 digit
0e88eeaf-01dd-4213-a137-24a2ca413e8c,Michael Nguyen,25883008,44,3,132,2024-01-21 17:31:34.850226,delivered,02261,MA,American Express
d3e16243-ba14-40c6-8d15-a2d36c1b7c07,Amy Ortiz,16382374,2,8,16,2024-04-18 18:04:56.776474,shipped,02542,MA,JCB 16 digit
8b4a87c6-80c5-4c7c-9748-46646cd29335,Ralph Daniels,48878920,83,10,830,2024-01-24 11:30:42.500413,pending,01586,MA,American Express
54b42dab-e1fd-4027-bf6d-25ae0c62e72b,Kevin Stanley,01379884,2,7,14,2024-05-26 12:37:12.061295,delivered,01975,MA,JCB 16 digit
18a1e4f8-775a-4e2c-92b3-4bf55c8ac433,Michael Ortiz,68248239,62,7,434,2024-05-26 08:11:50.494279,shipped,01845,MA,VISA 13 digit
86d03a2c-6d04-4052-b29d-4f3983f107c9,Calvin Weiss,78353077,73,3,219,2024-06-17 18:01:13.046723,shipped,02438,MA,American Express
c27e6f48-18f6-441b-9051-74fc9e43a9ba,Kevin Hensley,03057827,79,6,474,2024-08-08 00:09:22.430486,pending,01959,MA,Diners Club / Carte Blanche
8ad31953-55c0-4257-b8ee-75f3a1120151,William Parker,05891566,75,1,75,2024-03-31 03:06:37.977337,pending,01304,MA,VISA 19 digit
da1653c9-5358-498f-8f32-1786252d2472,John Blackburn,81695935,90,8,720,2024-03-28 02:07:13.908194,delivered,01288,MA,Mastercard
9088f352-c8c2-4c1e-975d-c23b44169600,Natalie Hartman,99519056,78,3,234,2024-02-01 19:39:02.147691,shipped,02499,MA,JCB 16 digit
092ce56c-2493-4167-9219-6e75512f51b7,Charles Lyons,31749145,15,5,75,2024-06-18 16:49:06.354954,shipped,02018,MA,Discover
de0a7737-9549-42fa-807a-a76f166658f3,Veronica Ellis,45454479,15,8,120,2024-06-16 05:14:21.810005,shipped,02542,MA,JCB 16 digit
60a632f1-79ad-4ea2-a68a-0e42452d5fb8,Amanda Barnett,67754069,3,8,24,2024-01-12 06:43:42.834580,delivered,01562,MA,JCB 16 digit
0cc1dbe9-e35b-4004-926f-78d74d2b4b66,Dr. Cynthia Stewart,80713432,71,2,142,2024-07-26 02:24:25.569382,delivered,01567,MA,VISA 16 digit
90dd2d0c-0259-4c31-add0-9956fe465ef7,Luis Moore,46047755,51,4,204,2024-07-27 15:18:15.417106,pending,02246,MA,Maestro
0439fc01-ce04-4a98-83fc-28224e4ae8aa,Nathan Reeves,22657527,32,7,224,2024-01-19 10:54:33.854807,pending,02590,MA,American Express
07a27ba0-b1ab-4f95-bb93-5d57b2de5f33,Michael Morgan,55730501,78,4,312,2024-02-20 00:47:34.564707,pending,01677,MA,VISA 13 digit
17828818-5edd-4d42-90f4-d17ff17757e1,Deborah Stein,60784728,4,6,24,2024-06-25 15:26:41.811332,pending,01552,MA,Diners Club / Carte Blanche
7008525f-5bbf-46a8-9ca3-2cd37409c3f3,Judy Taylor,37016272,14,3,42,2024-05-04 01:20:45.274836,delivered,02766,MA,Mastercard
218f0cdc-ac3d-42ec-b301-fcec32b75547,Kevin Conrad,31918824,7,7,49,2024-08-12 03:53:55.593939,shipped,02770,MA,JCB 16 digit
53fb9ec6-e613-4461-be48-89e4bf4edb40,Joe Reeves,72034040,84,4,336,2024-07-23 16:51:53.816401,shipped,02102,MA,American Express
f8b8c704-3696-4fff-bccb-9aaf5b1a7d7b,Michael Ortiz,04482017,71,5,355,2024-06-01 10:50:37.239022,pending,01845,MA,VISA 13 digit
983c5585-8293-4a38-a542-9003dde8c880,Dr. Steven Chase,31745550,77,6,462,2024-04-06 08:17:00.544515,delivered,01098,MA,VISA 16 digit
a5730099-a009-4ced-aca5-0ce61805a87b,Charles Lyons,59880158,64,7,448,2024-03-20 03:20:12.283607,delivered,02018,MA,Discover
3ba591c1-d05d-4b4f-a6f2-d8a3e238a875,Michael Ortiz,35336228,80,8,640,2024-08-23 11:10:57.873825,shipped,01845,MA,VISA 13 digit
8cdf81c7-dbdf-42c0-9d5f-19a9daeb2bf2,Colleen Weaver,27693919,11,8,88,2024-03-15 16:58:58.795058,shipped,02781,MA,Diners Club / Carte Blanche
17f80d5f-6482-4bd4-80e0-eaf3e9254f77,Jeremy Wright,40120263,33,6,198,2024-09-04 06:02:27.843587,pending,02615,MA,VISA 13 digit
f7b50ffc-3d50-4fd3-b5ed-17337372bd70,Joseph Rush,46165756,81,9,729,2024-06-16 15:35:39.040621,pending,01059,MA,VISA 16 digit
ba24b8e4-7050-488f-9681-277ceb19966c,Stephanie Torres,12745470,92,10,920,2024-07-31 09:59:27.464750,delivered,01183,MA,Diners Club / Carte Blanche
92fae2b9-26e4-4f67-a31d-06764b92578f,Brendan Jenkins,40345093,70,3,210,2024-09-06 06:54:52.699378,pending,01281,MA,JCB 16 digit
6c7bd4d3-8330-46ca-93c8-d0f891f6cf25,Amy Wright,78125391,34,2,68,2024-08-06 19:00:31.493233,shipped,01750,MA,JCB 16 digit
c39e28b8-4068-4ced-9128-fec116d85305,Ralph Daniels,96816684,73,8,584,2024-07-22 20:37:08.317188,shipped,01586,MA,American Express
70cd6a02-8738-4451-9583-1148c1abfcd9,Nathan Reeves,04314660,42,10,420,2024-07-07 20:18:26.946753,pending,02590,MA,American Express
565331c4-8f10-4ee6-85c4-3f5aab74e86e,Luis Moore,52206405,69,3,207,2024-01-07 14:24:05.000364,shipped,02246,MA,Maestro
d1304847-6728-48a4-ab20-67790cea3ffb,Colleen Weaver,27653852,16,5,80,2024-06-26 01:29:27.332517,delivered,02781,MA,Diners Club / Carte Blanche
28901ed5-b941-41b4-89ef-cab44ee2f3c1,Paul Brown,33594989,8,7,56,2024-02-29 01:43:38.899193,delivered,02669,MA,JCB 16 digit
6a65a91c-c21f-4634-9dd5-9fde611f719a,Janet Bowen,89318805,80,9,720,2024-06-12 00:30:50.112559,delivered,02317,MA,JCB 16 digit
44f80e9d-5216-408b-8b9f-c635d548b659,Ralph Daniels,00316217,51,10,510,2024-04-24 16:06:07.133822,pending,01586,MA,American Express
ec9a9908-31ac-443b-b34f-60ff166a918b,Nathan Reeves,11567745,34,1,34,2024-08-08 04:28:41.322941,shipped,02590,MA,American Express
3be613af-6aef-4963-bba0-ce2da46ce02a,Tyler Stephens,26980201,27,2,54,2024-08-05 17:47:48.840764,shipped,01123,MA,JCB 15 digit
2e2c6bec-4862-4bb3-b5bb-d8390b7370e8,Michael Ortiz,88833811,96,1,96,2024-09-05 11:01:20.632058,pending,01845,MA,VISA 13 digit
38963323-d5c5-4f30-97ec-be410ff4fdbd,Keith Woods,01869279,87,4,348,2024-06-06 06:49:07.167220,delivered,01047,MA,JCB 16 digit
b56353c8-f74c-47e8-a392-253592c68d3b,Michael Morgan,59830078,42,10,420,2024-08-29 16:32:22.873495,delivered,01677,MA,VISA 13 digit
818bf93b-5096-4c17-aba1-00b1aa6e01a2,Kevin Hall,53730589,24,6,144,2024-01-27 22:38:41.480957,shipped,01157,MA,VISA 16 digit
bfa660c2-c483-48d0-bc04-bcea40b6636d,Kevin Stanley,63482904,5,1,5,2024-05-09 06:51:43.219358,pending,01975,MA,JCB 16 digit
0ed2b694-e209-4321-bc7e-ab5623ab642d,Dr. Cynthia Stewart,21119620,83,1,83,2024-01-05 03:46:22.418907,pending,01567,MA,VISA 16 digit
fa9b4145-3c96-4ab0-b96a-95a10a73590a,Luis Moore,80328117,59,9,531,2024-01-06 04:49:53.692504,delivered,02246,MA,Maestro
298602eb-5ddf-49ae-a2c7-3e77616c46be,Janet Boone,72036570,55,8,440,2024-06-01 15:47:16.380997,shipped,01824,MA,JCB 15 digit
1f758415-3738-4f39-b4ce-44895a0e9003,Michael Ortiz,38231483,41,3,123,2024-07-09 01:56:36.583376,delivered,01845,MA,VISA 13 digit
7bc3d3d7-1787-4c69-9a61-69552683e0df,Veronica Rogers,33242811,96,8,768,2024-03-09 08:10:36.698552,delivered,02464,MA,JCB 15 digit
6889f60c-a9b7-41b2-82c5-9a676944a86b,Joseph Rush,77133250,35,10,350,2024-08-14 15:58:43.234697,pending,01059,MA,VISA 16 digit
31884daf-f80c-48f6-a395-38dd6ee40175,Stephanie Torres,12598595,7,2,14,2024-04-28 19:18:25.603108,delivered,01183,MA,Diners Club / Carte Blanche
0db90709-8d45-4c75-b5c8-09f10756b122,Tyler Stephens,09608115,65,3,195,2024-07-20 10:41:45.527065,pending,01123,MA,JCB 15 digit
92f7166d-579d-4e21-8967-5264ed495831,Janet Bowen,12859658,24,6,144,2024-03-13 07:41:31.443451,pending,02317,MA,JCB 16 digit
fcce1b14-3ae3-4db9-8a0d-00771029e1ce,Michael Nguyen,02492339,75,6,450,2024-04-27 04:04:30.109163,shipped,02261,MA,American Express
20ecede2-67ac-4e6a-94c8-9e305391ad12,Lonnie Wilson,22020284,72,5,360,2024-06-13 14:18:02.614973,pending,01270,MA,JCB 16 digit
bf51b3b5-601b-4efb-a6be-72a0254abe43,William Parker,31194587,21,2,42,2024-08-23 23:13:06.140528,pending,01304,MA,VISA 19 digit
2f7bde89-6639-422b-9fe2-0d8763e0b000,Michael Nguyen,76422768,1,7,7,2024-03-17 04:33:27.547415,shipped,02261,MA,American Express
52bc8dd4-31da-428e-a2cb-43b29c955b15,Nathaniel Smith,68511456,92,1,92,2024-08-25 07:55:11.729112,pending,01052,MA,VISA 16 digit
9663b303-e521-4e8c-9969-e4e5f030a164,Christine Rose,78177321,20,5,100,2024-08-17 20:06:06.845215,shipped,01300,MA,JCB 16 digit
1a8929fb-18a2-404a-b68c-fea3ff53f8f6,William Parker,06926359,51,2,102,2024-02-03 03:27:25.936459,shipped,01304,MA,VISA 19 digit
abfed6b4-3d36-4c1a-adfe-aa21470c7f02,Melissa Mclaughlin,20331412,5,3,15,2024-05-07 14:07:06.240908,shipped,02600,MA,VISA 16 digit
8bf6b212-4039-41be-a7bb-b4225e219238,Charles Lyons,02287669,75,3,225,2024-07-31 19:50:00.675409,pending,02018,MA,Discover
25d4fd96-da27-4848-adcf-26362c429087,Amy Wright,71008745,2,3,6,2024-02-04 19:33:23.568503,pending,01750,MA,JCB 16 digit
816171cd-fc23-49ad-a895-b8bf77bd6c2e,James Thompson,46201379,54,9,486,2024-01-04 05:38:04.804059,pending,01894,MA,American Express
1d270649-2207-4246-aa66-82343317c61b,Joseph Rush,43053414,72,10,720,2024-01-16 09:46:01.737628,pending,01059,MA,VISA 16 digit
2b406461-a7f5-43c9-8c44-02128dcfe29c,Michael Ortiz,41029398,96,2,192,2024-04-09 01:18:06.725776,pending,01845,MA,VISA 13 digit
019c8653-fd54-4c58-90e0-01b71b4a9b83,Nicole Mccullough,99788155,2,9,18,2024-03-27 03:33:29.171377,pending,01219,MA,JCB 16 digit
9d6c81d8-dfc6-4713-977f-e40a3e299809,William Parker,04314660,42,7,294,2024-03-21 11:52:53.585258,delivered,01304,MA,VISA 19 digit
9fa517e6-442f-4b90-b482-136bf3efc374,Brett Bradley,84992994,12,7,84,2024-04-28 04:03:22.329353,pending,02309,MA,Mastercard
3f61c5aa-62de-4f46-aa00-1a6eeab713d2,Brendan Jenkins,95842332,72,1,72,2024-09-03 20:29:26.100033,delivered,01281,MA,JCB 16 digit
cb1e2be6-bbc9-4401-b897-d47e1e0151f4,Juan Wright,65767740,62,1,62,2024-01-13 06:28:58.570739,shipped,01530,MA,VISA 16 digit
4e480247-d590-4000-8d27-af680495b258,Ashley Roberts,99788155,2,1,2,2024-01-02 15:23:03.024637,shipped,02271,MA,Diners Club / Carte Blanche
be555a4a-c32f-40a6-a892-495bfa94ff6d,Michael Ortiz,66469377,6,6,36,2024-04-22 06:20:13.922686,delivered,01845,MA,VISA 13 digit
315db001-4a2c-464d-8d4e-8c25751960e5,Stephen Warner,89278611,89,10,890,2024-01-13 17:36:02.192912,shipped,02402,MA,Mastercard
86b1c9e1-bd1f-4dbf-bcae-861c8e1c5079,Joe Reeves,66642893,48,2,96,2024-05-22 06:46:26.312388,delivered,02102,MA,American Express
f29d1eb7-a6ed-44b8-bcc8-7c2a12f1f57a,Veronica Rogers,71413358,58,8,464,2024-01-14 03:29:25.176224,delivered,02464,MA,JCB 15 digit
75a2f1f7-d9ea-41d4-a1fd-e52681dab0a4,Paul Brown,28582687,6,10,60,2024-04-28 00:26:37.089312,delivered,02669,MA,JCB 16 digit
4dc47c8f-0b77-41f3-997e-e2f3d28efdbd,Barbara Smith,57518336,61,3,183,2024-03-19 07:11:11.017517,pending,02189,MA,Mastercard
9be8983a-74e0-4f81-98c5-8bce0413de71,Kristi Jones,88710105,1,1,1,2024-02-21 16:22:03.943510,shipped,02223,MA,Mastercard
b0e0cf2d-91e7-427c-bd13-864cdf58b909,Keith Woods,20152871,8,10,80,2024-02-24 16:09:31.616179,pending,01047,MA,JCB 16 digit
89949f8b-e2f8-458d-9891-7f785ccf7366,William Parker,91990150,65,7,455,2024-01-11 12:52:49.738016,shipped,01304,MA,VISA 19 digit
