c3eb2f03-fc56-476d-9ba6-372122c4f0ef,Lauren Stewart,96560686,21,10,210,2024-06-14 02:03:30.869184,pending,94173,CA,Diners Club / Carte Blanche
e95964fa-572b-4ef5-9546-72261060c85b,Tony Bates,34656150,90,8,720,2024-05-19 16:08:52.319880,pending,95381,CA,Diners Club / Carte Blanche
9781c133-a291-4239-9a98-113572864397,Matthew Mcknight,22406538,44,10,440,2024-02-06 10:19:01.871953,delivered,90738,CA,JCB 16 digit
b1567b9b-b94e-4fc7-aa92-731a40292584,Jeffrey Pitts,32413458,85,5,425,2024-05-10 00:09:21.605616,pending,93340,CA,VISA 19 digit
443016e5-f653-471a-9c7b-0618518066ed,Michael Reynolds,23355934,84,3,252,2024-06-24 03:38:50.793013,shipped,94305,CA,JCB 15 digit
d317625e-f9c6-44a8-974d-c5f488e14e26,Molly Bailey,64168432,77,1,77,2024-04-16 14:17:49.024758,pending,94190,CA,JCB 16 digit
a746b527-e1a1-4368-a6ac-eff39e22cb27,David Rodriguez,13151560,35,2,70,2024-01-28 16:31:26.914962,delivered,94470,CA,American Express
0189c3a5-8bac-4244-85e2-2601e9e7aa3e,Nicholas Hernandez,82438999,37,1,37,2024-01-04 16:34:59.290079,shipped,96115,CA,VISA 16 digit
1acb3e87-1504-40fd-b778-ab5b11e204cb,Michael Guzman,84507785,40,1,40,2024-01-23 20:34:10.401398,shipped,95106,CA,Diners Club / Carte Blanche
d1a1bdaf-2e0e-437a-aea7-6cadb4e09b6a,Michael Navarro,00476058,83,10,830,2024-06-16 15:00:26.967329,delivered,92959,CA,JCB 16 digit
49704089-2da2-4d4d-804b-4b7f35e9388a,Juan Jenkins,34543184,5,2,10,2024-01-21 07:01:43.699198,shipped,91972,CA,Maestro
b92808b9-8595-463f-971a-eeee1800f4a9,Jeffrey Cook,03837573,1,5,5,2024-07-09 20:30:13.276315,pending,93312,CA,Maestro
7b92df88-8e07-43b8-9914-62ef3ba06b26,Juan Daniel,39571243,73,2,146,2024-07-20 07:47:39.011229,shipped,94623,CA,American Express
3ef72070-9712-46b9-93fd-b2ed9c2d5e8d,Nicholas Hernandez,82765989,38,1,38,2024-08-28 22:12:25.637639,shipped,96115,CA,VISA 16 digit
cb21447e-7631-40da-8f9e-cfac411a51e0,Michele Rodgers PhD,13159122,73,3,219,2024-06-17 19:30:28.357094,delivered,95329,CA,JCB 16 digit
39ddef06-5e0c-4964-a00f-4425b4c2a0be,Kurt Huang,18279979,49,1,49,2024-03-28 05:10:22.211619,delivered,92345,CA,American Express
a0b520e8-a6aa-4719-b84d-186360225b8a,Holly Ramos,05903856,78,4,312,2024-06-05 18:11:17.717828,delivered,92300,CA,Discover
ee76c917-5e9a-42b9-b73d-8c5976771313,Matthew Mcknight,22714022,68,9,612,2024-03-23 11:03:14.258933,pending,90738,CA,JCB 16 digit
9a3d7241-0104-4261-856e-5dee3786ef3a,Christopher Lopez PhD,89562956,76,2,152,2024-03-15 12:15:50.594031,delivered,91586,CA,American Express
ec09bce4-e4d4-4cf5-b885-3f7196b23a65,Catherine King,86995122,89,1,89,2024-01-26 22:06:03.214087,delivered,95580,CA,VISA 19 digit
cbfe537d-812a-46e4-8123-c0d17e774012,Sergio Watson,23665231,18,1,18,2024-06-19 13:21:12.542960,pending,93806,CA,JCB 16 digit
13d208d3-f052-401d-a38a-bf0fd1b211e0,Karen Jennings,75438852,11,6,66,2024-05-12 06:23:01.683733,shipped,93139,CA,Discover
4abdc3e1-e962-4a07-a02e-26a6dc87b2a3,Jeffery Walsh,39001337,52,8,416,2024-03-03 17:05:00.141084,delivered,90228,CA,JCB 16 digit
182f8336-2c58-40e7-b09a-8ce0c999f5e5,Julie Cooper,09362741,25,4,100,2024-07-28 14:39:48.176955,pending,95821,CA,Discover
34fe16ad-f3df-4f98-8208-9d7c16fdcf79,Joshua Park,48224901,68,10,680,2024-03-12 12:40:48.996425,shipped,93452,CA,JCB 16 digit
f3940e33-2e83-402a-9561-f49c1e782e49,Gregory Griffin,81021239,8,5,40,2024-05-12 14:24:26.076142,delivered,90262,CA,Maestro
a595c1b2-7240-48cb-a40a-5581d66ce11b,Mr. Lance Powers MD,62276696,54,10,540,2024-07-26 12:38:40.127885,pending,93926,CA,Maestro
19c6c2a2-2729-43ef-acd3-5f6dd4dbcbda,Teresa Swanson,96790861,73,4,292,2024-08-19 04:29:53.461329,shipped,93996,CA,Discover
07f161f1-426e-4623-9944-d3c48e02af41,Michael Reynolds,41094822,57,5,285,2024-05-20 14:17:04.303241,pending,94305,CA,JCB 15 digit
92919a8e-034f-4a9d-87a5-4b6ef53164fa,William Lowe,93961325,45,6,270,2024-04-17 09:25:10.750744,shipped,93258,CA,Maestro
615febd9-08a9-4217-aeba-6ffaf9c22abc,Ronnie Moon,35381600,97,8,776,2024-01-11 14:47:58.136462,shipped,93400,CA,VISA 19 digit
1b82fc67-c301-4d69-bed1-519e41085c05,Joshua Park,80273073,41,7,287,2024-02-07 14:22:36.449881,shipped,93452,CA,JCB 16 digit
64f80849-2816-4b67-9889-4f6528d8f3a4,Cody Mclaughlin,40576183,50,8,400,2024-01-04 13:31:57.982418,delivered,94554,CA,Mastercard
55bf75a6-cfd9-480d-9eed-a4e0d8633f20,David Peters,89318805,80,9,720,2024-06-10 03:36:36.836835,shipped,94433,CA,JCB 16 digit
2d7d7ffb-c4a7-4476-aa72-eba834d16bd6,Spencer Kidd,33652887,47,7,329,2024-06-19 03:07:42.400217,shipped,94045,CA,VISA 13 digit
0fc4d353-57e4-4a74-b7e9-0c3d5cc64aed,Juan Jenkins,23665231,18,10,180,2024-04-23 00:26:35.651684,pending,91972,CA,Maestro
c2298442-75bd-4370-840d-7a81571a3ec2,Carolyn Mckenzie,56877168,51,9,459,2024-06-27 13:12:27.432790,pending,94086,CA,Discover
bf9b2f85-5014-4ea7-8fa6-2b867af7a6f4,Greg Sanchez,67792474,92,7,644,2024-07-18 00:29:25.737635,delivered,96127,CA,JCB 15 digit
136b3a64-77b3-4bac-92dc-ba118bf21c19,Stephen Singh,02789897,9,2,18,2024-08-23 12:51:07.273813,delivered,93740,CA,Maestro
ae447751-daba-4ffd-8010-6fea37341b0a,Dennis Johnson,65577660,82,5,410,2024-05-31 15:45:03.131791,delivered,91576,CA,VISA 13 digit
ea407f26-1109-4228-9b10-e113224dc07f,Kimberly Fry,56543667,46,3,138,2024-06-22 16:34:44.040444,pending,94446,CA,Maestro
61d79574-9575-4a7a-843e-f4a107ef0b63,Anna Duncan,07961809,18,10,180,2024-07-25 23:46:12.408292,delivered,92561,CA,Discover
26309eb9-7535-4893-81a1-773b2ec22000,Ronald Grimes DDS,09534995,42,2,84,2024-05-10 13:00:48.529159,pending,94208,CA,American Express
5e0d4e13-e39c-430c-b816-b6020328e8f4,Brianna Watkins,41311363,77,8,616,2024-07-17 11:38:22.328263,pending,92474,CA,JCB 16 digit
10846fe8-5f1b-4973-b8d0-e1a53d24ee6b,Richard Choi,83338090,66,4,264,2024-04-19 23:56:11.364630,delivered,90768,CA,JCB 16 digit
2f38a993-158a-454d-8b3d-f38face0d976,Rhonda Fischer DVM,68632649,97,1,97,2024-07-22 14:27:13.740403,pending,94526,CA,Discover
6dead90b-9bbd-401f-ac9b-6e2d8b301059,Brian Yang,24059947,87,3,261,2024-03-11 04:21:50.010094,pending,92718,CA,VISA 16 digit
39c4c30a-16d7-428d-a043-434224021ee3,Karl Rangel,27646076,2,10,20,2024-05-02 18:20:42.145761,delivered,92995,CA,JCB 15 digit
abf15efb-6150-4d8d-a094-8f5eb3aef840,Steven Morris,20679590,76,2,152,2024-03-28 10:54:04.833564,pending,91787,CA,VISA 16 digit
fa50bca4-0417-4f8f-9f34-bc564927ed5a,Holly Ramos,48224901,68,6,408,2024-01-08 23:30:02.225819,shipped,92300,CA,Discover
acedb46c-55bf-4122-94fc-5116226577ba,Karina Powell,38002595,42,5,210,2024-08-16 18:03:22.874201,pending,93564,CA,JCB 15 digit
61c75fa3-00e1-4c1a-beae-7ec56373e37e,Sharon Morgan,02287669,75,1,75,2024-01-06 16:43:46.420684,pending,91596,CA,Mastercard
30a75afc-186e-436c-839b-a8b1fcc63b7a,Jessica Baker,83227981,66,9,594,2024-04-30 06:58:34.828011,pending,93144,CA,JCB 16 digit
f953c068-e158-4dcc-9633-52d8c98c370a,Michael Reynolds,51141462,10,10,100,2024-03-22 10:30:09.554563,pending,94305,CA,JCB 15 digit
5a719dd6-3780-4a08-adff-7495984ba1f2,Jeffrey Hughes,73132257,58,9,522,2024-08-14 00:50:06.855570,delivered,91766,CA,VISA 16 digit
be6c4648-f1cd-4221-a8df-8f680257db63,Karen Jennings,49687545,40,3,120,2024-03-31 23:38:34.086257,shipped,93139,CA,Discover
54b592de-20d5-4093-bd94-b04c638f2070,Molly Bailey,50411498,15,8,120,2024-03-18 10:49:07.841119,pending,94190,CA,JCB 16 digit
b2dc2639-23c5-43aa-8197-b13b62ca14d9,David Peters,77867261,57,7,399,2024-03-26 00:30:44.733925,delivered,94433,CA,JCB 16 digit
6826e159-a24e-4918-b861-07a72322453d,Jeffrey Hughes,90725067,10,7,70,2024-02-01 06:57:35.126946,pending,91766,CA,VISA 16 digit
3e047477-59dc-4446-a97b-e58fcf370ff7,Jeffery Walsh,62550376,44,1,44,2024-05-21 21:57:05.172205,shipped,90228,CA,JCB 16 digit
476de281-7c1a-4363-8f79-e7d1f6a92aee,Paula Tran,06599447,66,6,396,2024-07-17 21:45:55.037043,shipped,91356,CA,VISA 16 digit
7943de82-864a-4088-a376-32e25c02cb9d,Kurt Huang,10367605,8,8,64,2024-09-07 13:24:09.271006,shipped,92345,CA,American Express
f756c7c2-01d9-4b12-963b-3e6c7e3af9ef,Benjamin Reid,66807254,17,10,170,2024-05-02 01:02:40.954380,pending,92798,CA,VISA 16 digit
4ba9d4eb-d48e-4216-a5bb-b88a1dbe7cfd,David Rodriguez,48260886,23,5,115,2024-03-09 11:32:57.878943,pending,94470,CA,American Express
210a9563-e1c0-460f-935f-357298a9175d,Tony Bates,62489164,52,3,156,2024-07-01 02:05:05.305363,delivered,95381,CA,Diners Club / Carte Blanche
eb4f5c7f-b6b2-4a7d-9400-d59ae9f67d83,Kaitlyn Elliott,36379712,22,8,176,2024-04-01 07:17:00.201639,shipped,90899,CA,JCB 16 digit
7f59e0e1-b712-4d27-af3f-062132ac2e74,Richard Choi,06325756,90,7,630,2024-05-19 21:54:02.197223,delivered,90768,CA,JCB 16 digit
924db459-c2f3-4793-852b-6ddacd1be3ce,Juan Daniel,68248239,62,2,124,2024-03-21 09:25:32.011579,shipped,94623,CA,American Express
8c53eb75-f7ef-4632-aca4-7f4451660e63,Jeffrey Hughes,11501145,15,9,135,2024-05-12 15:28:59.281595,pending,91766,CA,VISA 16 digit
f9e8aeda-ceb6-40a1-87cc-7c9050b4f0a8,Carolyn Mckenzie,82765989,38,9,342,2024-02-15 02:18:14.816365,delivered,94086,CA,Discover
fd0eb2b0-928f-464c-a4af-6a8910b6fe07,Karen Smith,35021506,98,9,882,2024-08-24 15:06:09.274303,delivered,91336,CA,JCB 16 digit
1ac9cd37-e5ad-4312-8cf7-ae51c410fd3c,Christopher Lopez PhD,46201379,54,5,270,2024-08-31 10:16:35.891975,shipped,91586,CA,American Express
e8673d16-042b-47c1-b323-a303178e0271,Leonard Holden,09086586,50,7,350,2024-03-29 14:31:48.109012,shipped,91658,CA,JCB 15 digit
d1a224c1-e18c-419a-a19f-2a66a69b0d3c,Christina Tyler,33242811,96,8,768,2024-08-26 10:30:10.755963,pending,91953,CA,JCB 15 digit
c4d0ab2a-4f68-481f-a085-1143acdbd01a,Michael Reynolds,01379884,2,8,16,2024-07-27 03:36:27.357319,delivered,94305,CA,JCB 15 digit
a8a8efbe-0641-4738-9a6c-4de834b93e87,Greg Sanchez,82270858,49,1,49,2024-07-12 16:22:30.473897,pending,96127,CA,JCB 15 digit
303bf7cb-4d7e-4c32-b59d-6e547f419b17,Lance Schwartz,00532075,7,5,35,2024-07-02 21:06:16.620299,shipped,91896,CA,VISA 13 digit
26d64330-166b-453c-9a63-a0252b1a1c4a,Cynthia Shannon,17174275,43,1,43,2024-04-03 21:01:41.471459,delivered,96124,CA,American Express
71101d20-e4a3-4e6e-98bc-e94450b77f99,Tony Bates,19947983,50,7,350,2024-06-08 20:51:12.350936,pending,95381,CA,Diners Club / Carte Blanche
6be81571-cf49-46c6-b6f4-9c442845f080,Destiny Smith,63175912,19,3,57,2024-05-06 23:42:05.236686,delivered,94048,CA,American Express
0175df14-1c56-41d3-a065-4d21b81ae8dd,Benjamin Reynolds,31034425,53,4,212,2024-07-02 22:11:11.482640,pending,94753,CA,VISA 19 digit
65112b7f-35c2-490d-9c95-a482bbd56f72,Leonard Holden,14958038,65,5,325,2024-05-20 09:48:49.091244,delivered,91658,CA,JCB 15 digit
fa347a4c-a0e8-42ca-944f-1e75715fbc40,Karen Smith,07250989,60,1,60,2024-05-12 08:40:19.902793,pending,91336,CA,JCB 16 digit
51d94dda-9559-4830-936f-fefca42ebb5e,Stephen Singh,62490795,97,10,970,2024-05-30 13:57:06.262900,shipped,93740,CA,Maestro
8dcc7f06-d6ec-4313-8307-50f9aa58bcb4,Priscilla Young,17779852,80,4,320,2024-02-26 23:39:16.221216,delivered,93598,CA,American Express
a114b6e9-7949-4b15-82cd-cae1baedfb97,Melissa Dean,06926359,51,6,306,2024-08-29 01:11:49.609449,shipped,91176,CA,VISA 16 digit
2f5f2e22-66a2-47f7-a294-8d90aabe3ce1,Anthony Martinez,99455262,40,9,360,2024-06-24 07:42:16.523302,pending,90285,CA,Mastercard
b242b904-8e8a-49a8-8614-15ff2e4b2ba4,Nicholas Hernandez,54327139,22,9,198,2024-08-04 17:38:51.147846,pending,96115,CA,VISA 16 digit
78f1d76b-f54d-459b-ba5c-85e47d0d4906,Paula Tran,52129674,86,4,344,2024-04-26 17:28:55.987809,shipped,91356,CA,VISA 16 digit
ea94dd32-a3f5-4c98-b1b3-b2398ddf4962,James Barron,71411989,2,9,18,2024-06-22 01:42:52.731307,delivered,93105,CA,Mastercard
badabc7d-746b-4390-a403-929dc2702659,Valerie Johnson,00049108,72,4,288,2024-06-09 00:36:39.382514,pending,93235,CA,Discover
282329c1-1eab-43db-8a54-cc69b56728d2,Molly Ramirez,40937342,82,7,574,2024-08-11 14:50:46.017173,shipped,90059,CA,VISA 16 digit
9c81d03c-f928-428a-ab73-894b357aef17,Kerry Becker,48607711,22,3,66,2024-03-13 04:55:07.776451,pending,92903,CA,VISA 13 digit
74c9b4b8-889c-483b-9625-f3a87873fe59,Justin Raymond,05891566,75,6,450,2024-08-06 01:18:54.045038,delivered,93796,CA,VISA 16 digit
2a30845d-2006-4589-b588-97cc2d75de7a,Kaitlyn Elliott,27884720,88,9,792,2024-06-22 04:02:16.849585,delivered,90899,CA,JCB 16 digit
950f1ac7-a289-4859-ab74-4822add86c39,Kimberly Wilson,90178559,61,6,366,2024-04-16 12:57:01.666579,delivered,91022,CA,VISA 13 digit
97c6f226-9a1c-4824-935d-f2d30f0d85ca,Nicholas Hernandez,12105137,16,6,96,2024-08-12 07:29:20.889721,delivered,96115,CA,VISA 16 digit
95fcab5d-7f36-4bc4-af42-8bb5b3cc1715,Jackie Miller,85059108,91,8,728,2024-02-11 23:59:58.322412,pending,90144,CA,Diners Club / Carte Blanche
a4d19200-5a55-4adb-a457-d9c47f30f257,Sergio Watson,43428038,79,8,632,2024-05-02 05:40:37.162709,pending,93806,CA,JCB 16 digit
750c4ace-829a-45cd-aa19-68347ce75e05,Karen Smith,62489164,52,6,312,2024-08-05 06:40:28.753432,pending,91336,CA,JCB 16 digit
f78d475b-360a-4af9-a209-cefc13af1cbb,Cynthia Shannon,96351406,48,1,48,2024-05-07 13:21:30.726714,pending,96124,CA,American Express
8c00d642-18de-4c86-86ff-0dc56089b784,Melissa Dean,20331412,5,7,35,2024-08-23 07:55:40.781606,delivered,91176,CA,VISA 16 digit
8fab2f52-9683-4304-afaf-763332118f7f,Trevor Jacobs,69441578,72,3,216,2024-05-05 16:29:17.935088,delivered,95569,CA,VISA 16 digit
edee51c0-ec66-492f-bd5f-56b1977a83d0,Rhonda Fischer DVM,36055999,35,6,210,2024-05-25 06:21:11.720123,pending,94526,CA,Discover
b5c17d02-424e-4ad5-ada1-e87a627b25f9,Joshua Park,14982026,67,2,134,2024-02-07 10:47:46.939197,delivered,93452,CA,JCB 16 digit
aac6d02f-7a1d-4939-aa64-4de780174150,Michael Reynolds,60489968,25,5,125,2024-09-01 21:27:39.434321,shipped,94305,CA,JCB 15 digit
f638cdaa-29f7-4b49-a372-c5780ab0c7ab,Cody Mclaughlin,27293959,94,9,846,2024-05-23 05:00:21.016066,shipped,94554,CA,Mastercard
d399a9f5-fecf-48f9-ad64-142886ea001c,Erin Davis,60623263,23,5,115,2024-05-19 12:13:43.848717,pending,93713,CA,Diners Club / Carte Blanche
8f23298c-abfd-46b3-9f48-cb5ac3f5042d,James Barron,95842332,72,9,648,2024-07-29 01:38:49.057426,delivered,93105,CA,Mastercard
13532731-d12b-4ddf-9eda-b071fd20d58b,Christopher Lopez PhD,45237584,67,4,268,2024-06-21 08:47:26.702078,delivered,91586,CA,American Express
a0b5f27f-d6cc-4360-9681-ec326e3ed0ea,Trevor Jacobs,70849868,78,9,702,2024-01-23 09:04:28.523006,shipped,95569,CA,VISA 16 digit
ae065dc8-da5e-4749-844c-94a43bb0f3ca,Kaitlyn Elliott,66413905,100,10,1000,2024-06-07 06:22:05.980230,pending,90899,CA,JCB 16 digit
d57cdf6b-eec6-471d-a615-006fd411c239,Jeffrey Hughes,41509401,75,3,225,2024-04-16 09:10:16.624303,shipped,91766,CA,VISA 16 digit
973c91a8-b316-4862-9f97-b8ef7b04e2a4,Kathy Cameron,87474695,93,4,372,2024-06-14 12:49:13.795880,delivered,95430,CA,American Express
7f3b2b90-b561-4741-86a4-3de5e26e5b73,Michelle Carson,45247545,66,6,396,2024-06-01 19:39:42.448116,shipped,94257,CA,VISA 19 digit
d02709c3-95d5-425f-aa39-7ed3345f17b5,David Rodriguez,06713485,65,5,325,2024-01-02 07:25:48.542542,pending,94470,CA,American Express
c95f1b70-ef9d-4b71-b8f3-2129e9018635,Ronnie Moon,00312028,35,5,175,2024-06-23 22:47:08.636234,delivered,93400,CA,VISA 19 digit
a6992000-448e-45f5-b7d4-3cab54380543,Ronald Grimes DDS,07961809,18,5,90,2024-07-22 06:02:38.741218,shipped,94208,CA,American Express
b0ce1bd2-ee09-4061-8d59-e26c81c2492d,Mitchell Patterson,70963083,79,6,474,2024-06-05 01:00:08.055340,pending,92581,CA,Maestro
e3dec687-2666-461c-a05b-9295eaa0f34e,Laura Rodriguez,74768998,21,7,147,2024-03-10 04:47:46.329167,pending,91286,CA,Discover
189b6397-432c-4cbe-a5d0-f2cda496cf19,Teresa Swanson,12419920,3,6,18,2024-02-01 11:06:50.398706,shipped,93996,CA,Discover
8ec765d5-233b-426c-87b3-db5b25c62845,Robin Thompson,59030669,27,2,54,2024-08-27 19:03:46.534494,pending,91192,CA,VISA 13 digit
3ceb9db8-f3d7-4648-adec-0a7981c9b0a1,Christina Tyler,54929814,6,6,36,2024-07-26 00:21:46.624600,pending,91953,CA,JCB 15 digit
dc9ef0ed-b30b-4ce6-b168-3affaddf4e01,Holly Ramos,81853779,72,5,360,2024-01-02 10:55:33.959337,pending,92300,CA,Discover
028f13fd-1c54-4dab-8f21-e9265611e082,Teresa Swanson,81567065,54,10,540,2024-03-25 14:49:18.526245,shipped,93996,CA,Discover
28dcfd91-0db6-471f-8835-d0c0be627c12,Erin Davis,64795881,47,3,141,2024-02-21 18:56:51.961453,delivered,93713,CA,Diners Club / Carte Blanche
d3bb766e-e98e-4edc-a9a7-3035acf18830,Joshua Park,73839620,49,4,196,2024-03-02 15:05:25.168904,delivered,93452,CA,JCB 16 digit
2852f540-5db6-455d-b4a3-783b0bb96812,Lauren Stewart,03927601,12,10,120,2024-01-02 19:28:17.690360,shipped,94173,CA,Diners Club / Carte Blanche
55ac0fa7-1712-465b-9ea2-e382ad3dd886,Jeffrey Hughes,19018935,60,5,300,2024-07-10 02:32:45.500474,shipped,91766,CA,VISA 16 digit
385932bd-d63e-4511-bb01-8f3063db7a7c,Erin Davis,35021506,98,7,686,2024-01-22 19:07:55.104178,pending,93713,CA,Diners Club / Carte Blanche
c34b08e2-ca71-4c62-8aef-02056d7b8e14,Rhonda Fischer DVM,94730791,92,1,92,2024-01-14 08:12:54.503325,shipped,94526,CA,Discover
4218b44a-246f-41e3-a40a-38f78750cff9,Kathy Cameron,26805344,56,8,448,2024-08-05 21:53:22.093866,pending,95430,CA,American Express
2d2d6c6a-94f7-49e7-9d51-2862ebd2e71f,Lisa Ramirez,96841693,98,1,98,2024-06-14 01:39:41.421645,shipped,95262,CA,VISA 16 digit
157dd684-bf17-4137-a80d-ac35b2c0c504,Carolyn Mckenzie,18289022,89,6,534,2024-02-03 11:28:45.295041,delivered,94086,CA,Discover
84609a0c-4303-451a-b584-4a8fe3a9235f,Destiny Smith,03648445,23,8,184,2024-09-04 03:57:31.914192,pending,94048,CA,American Express
b8a2c591-cac7-4df7-adb7-f5aba98d3b00,Laura Rodriguez,21702433,12,4,48,2024-02-14 17:47:08.380683,pending,91286,CA,Discover
7b98d069-85f3-4be3-87f1-1ff8c60b1a93,Matthew Mcknight,64544106,7,6,42,2024-02-12 08:48:47.388850,delivered,90738,CA,JCB 16 digit
741bf377-3cc3-41df-8434-f1d5b9184b26,Timothy Foster,48224901,68,5,340,2024-08-22 16:24:55.146977,delivered,95762,CA,Maestro
847b3961-2da7-484b-85a2-0d326cf4ba67,David Peters,31194587,21,3,63,2024-07-18 07:25:03.349729,shipped,94433,CA,JCB 16 digit
f5c4ca7a-9da6-4046-a35b-85ad35798e03,Trevor Jacobs,52412943,47,9,423,2024-04-02 20:06:37.430576,delivered,95569,CA,VISA 16 digit
019ecef4-0a30-40d9-859a-46cb47beb3e6,Kathleen Wilson,40345093,70,1,70,2024-01-30 17:43:26.578047,pending,94743,CA,Maestro
c288b512-2d10-440b-a6d7-5ee2583e1ed7,William Lowe,44953324,24,5,120,2024-01-21 22:31:05.398856,shipped,93258,CA,Maestro
d977ed2f-65fa-4c3a-ae50-089ec4ca35ca,Gregory Griffin,01959147,39,5,195,2024-04-06 23:40:48.828490,delivered,90262,CA,Maestro
25a01c24-f9f2-451a-89e2-b80aef0a44b0,Cynthia Shannon,31773683,11,1,11,2024-02-15 22:57:45.258160,delivered,96124,CA,American Express
42f5edc7-e966-4918-b5c3-4a186a20eeb8,Trevor Adams,05903856,78,4,312,2024-03-21 17:39:32.051446,pending,95746,CA,VISA 13 digit
760705eb-1f6c-43e9-9390-5ea0c6dd394d,Jackie Miller,15468727,65,1,65,2024-03-31 03:31:59.198732,pending,90144,CA,Diners Club / Carte Blanche
e2c32cd4-bee6-474c-b786-99ac42a2c027,Michael Reynolds,74627462,7,9,63,2024-01-11 10:52:09.504806,shipped,94305,CA,JCB 15 digit
bba0baf3-d799-4ce0-8609-6ee92cf20986,Erin Davis,50411498,15,2,30,2024-05-25 17:50:41.575989,pending,93713,CA,Diners Club / Carte Blanche
4a677bf3-ff0e-47c5-b937-22ecdd502346,Michael Navarro,11676263,85,2,170,2024-04-10 09:28:41.204870,pending,92959,CA,JCB 16 digit
2db2988b-f280-42ff-9a02-f220b78c6391,Valerie Johnson,93712323,42,6,252,2024-07-10 01:52:54.007231,pending,93235,CA,Discover
22026190-3fb6-40cc-8259-d6419e8bbdff,Lance Schwartz,07858789,80,6,480,2024-06-21 04:39:46.218142,pending,91896,CA,VISA 13 digit
ec728231-1307-4174-a2b1-7915ed2de54c,Kerry Becker,00316217,51,7,357,2024-03-25 22:34:35.567451,pending,92903,CA,VISA 13 digit
2c06b211-30d6-474a-9c39-d5adf7332b6a,Angel Johnson,02287669,75,9,675,2024-05-21 06:17:28.117337,shipped,92409,CA,JCB 15 digit
2b1a976e-e35c-48bd-bf6d-a6358bb30456,Nicholas Hernandez,40839967,14,10,140,2024-04-15 09:07:44.579467,delivered,96115,CA,VISA 16 digit
a8584f1f-2034-42ef-9f33-cf6189ad6182,Rhonda Fischer DVM,39737175,8,6,48,2024-08-24 00:35:27.793163,pending,94526,CA,Discover
1a30c39b-fde5-45b9-b21b-2b7183d7c9af,Paula Tran,02138701,1,8,8,2024-04-20 13:57:51.917345,delivered,91356,CA,VISA 16 digit
a3b1b327-56c2-43fa-95f5-10979c4c8b76,Kathy Cameron,15896049,65,1,65,2024-07-21 05:52:50.147100,delivered,95430,CA,American Express
70a4a955-302b-480c-b165-0661c0651d5c,Christina Ramsey,64795881,47,6,282,2024-07-10 05:43:45.778723,shipped,91575,CA,Diners Club / Carte Blanche
f1edcafb-d716-4060-a324-1fe0069c9c3c,Christopher Lopez PhD,68988265,59,1,59,2024-07-03 21:26:02.565720,delivered,91586,CA,American Express
524087c0-d2c4-42e0-acb0-29caaca417ce,David Rodriguez,20331412,5,8,40,2024-06-12 02:42:08.330831,delivered,94470,CA,American Express
