d1bde6de-0ab0-4c79-b1c1-e1296de7dc4f,Christopher Johnson,01448955,31,5,155,2024-02-17 19:14:43.907972,shipped,38125,TN,Discover
5e0618c0-d892-44f2-88d8-dc2a052e1c95,Michael Steele,73151104,51,5,255,2024-06-03 20:00:34.551226,shipped,38163,TN,Discover
f279c88d-9aac-439d-bc67-ac960ba855b0,Andrea Jackson,62609074,94,8,752,2024-05-13 11:18:19.217520,shipped,37035,TN,Diners Club / Carte Blanche
42a42cea-9c9a-4d6e-b7aa-dd19aca5b954,Erin Smith,47842397,52,1,52,2024-07-29 07:50:42.727491,pending,37592,TN,JCB 16 digit
ff3ef756-2654-4591-b697-40791c5224e3,Marc Miller DVM,42841654,90,8,720,2024-06-01 05:23:53.809782,pending,38551,TN,Maestro
676475fa-e901-44e9-bead-538aec2f484b,Adam Byrd,55687379,1,2,2,2024-03-30 21:36:55.827341,delivered,38253,TN,JCB 16 digit
51e75399-9b14-40d0-9ae6-c00be9a549bc,Madison Young MD,42527558,67,4,268,2024-05-29 16:45:38.104733,shipped,37366,TN,Discover
f7b6427c-4756-4b64-8d28-788a47d2becf,John Rocha,21119620,83,1,83,2024-02-09 07:04:08.998221,shipped,37709,TN,VISA 16 digit
935610af-44a2-4158-b734-32677a49e457,Renee Gardner,04577096,37,6,222,2024-09-02 03:42:12.195507,shipped,38562,TN,JCB 16 digit
719ead66-41e7-4262-9a35-4f1f413cff78,Mr. Matthew Watkins,57518336,61,10,610,2024-04-18 14:16:16.284342,delivered,37467,TN,VISA 13 digit
ebdf97f6-0e55-425c-a5dc-93bf03486939,Lacey Peterson,83672521,75,2,150,2024-01-24 22:35:28.016124,delivered,37612,TN,Diners Club / Carte Blanche
c88e13e1-81e9-429d-ad53-85406d18decf,Mr. Matthew Watkins,08189400,12,2,24,2024-02-18 08:06:06.987203,shipped,37467,TN,VISA 13 digit
507e0200-2be4-4b29-9e67-a091d33370a3,Sandra Scott,40660721,48,10,480,2024-05-09 00:22:02.809687,pending,37595,TN,Mastercard
56627d64-1d68-495a-ba56-2d4e42ee1972,Marcus Bryant,16378971,82,6,492,2024-03-26 18:57:54.537056,delivered,37731,TN,JCB 16 digit
bada25de-9c6e-499f-971d-c22e6fa0dd5b,Jonathan Miller,36881925,30,5,150,2024-01-02 09:11:25.864213,delivered,37282,TN,American Express
a3773442-4c8d-46e8-96e9-6e51ed8b1f6e,William Raymond,01181135,26,5,130,2024-05-05 15:42:47.035429,shipped,37119,TN,JCB 16 digit
c7541d1e-6b05-46f9-9f7c-711850b8cb62,Jeffrey Oconnor,78438347,63,5,315,2024-06-02 09:47:12.813952,shipped,37795,TN,Maestro
e6daca6a-b50c-4883-8bac-d6c3bd4ded74,Ashley Cooper,39529879,23,3,69,2024-03-18 05:09:03.424820,delivered,37141,TN,Discover
5ac7f516-6fa8-443a-92d4-c89cafb400a8,Randy Perez,68206659,42,9,378,2024-02-27 13:32:07.512872,pending,37246,TN,Mastercard
71ed4a6f-7704-409a-8b00-2eda2126cf25,Elijah Smith,73132257,58,9,522,2024-01-01 18:22:17.848191,shipped,38282,TN,JCB 16 digit
9a31bd8d-f203-4e6d-aad8-9ae9c41c0170,Cindy Miller,80328117,59,4,236,2024-07-05 06:42:21.830455,delivered,38011,TN,VISA 13 digit
96cb5025-af59-4042-867e-be39b4e61d58,Patrick Haas,13061838,38,8,304,2024-02-22 15:01:57.428797,delivered,38589,TN,VISA 13 digit
08277e19-da36-41f0-8358-f4fbfc5766c5,Christopher Hickman,22662309,16,7,112,2024-09-04 13:27:33.987226,delivered,37417,TN,American Express
d6f34a98-1178-4549-96c0-5c997745d382,Courtney Martinez,90812620,78,10,780,2024-07-27 12:50:17.694665,delivered,37890,TN,VISA 13 digit
970ef9c3-58f4-4dd8-b2b2-4c30d398ed15,Dennis Sanders,89351796,37,6,222,2024-03-12 06:02:55.721729,pending,37131,TN,JCB 16 digit
6b830229-9cb1-47a7-8fec-869a174c9f6f,Marc Miller DVM,04787235,93,5,465,2024-07-09 21:50:55.284725,delivered,38551,TN,Maestro
530cc04e-6bdf-46da-b853-ceddb77b9d4f,Sharon Hess,28591924,78,4,312,2024-01-09 09:13:50.448850,delivered,37474,TN,JCB 16 digit
510b17ea-d4f9-43b4-a88c-d28538cf6bf4,Megan Peterson,71076454,6,6,36,2024-07-04 09:44:52.898397,delivered,38155,TN,Diners Club / Carte Blanche
b6691a66-3e46-4f32-b7e3-7e5cbfc3c94d,David Alexander,01959147,39,5,195,2024-02-10 02:10:31.263554,shipped,37955,TN,JCB 16 digit
c363dfba-122d-4e75-be1a-514b639b6e83,Phillip Strickland,97212294,99,6,594,2024-01-07 19:53:05.310924,pending,38232,TN,Diners Club / Carte Blanche
017eccbf-638b-4dce-9f05-08573eb42ecd,Dennis Sanders,20152871,8,2,16,2024-02-29 04:41:06.094850,shipped,37131,TN,JCB 16 digit
384698ec-ca21-4e97-aeda-0ecc7defafb5,Michelle Walton,55543330,86,9,774,2024-02-09 17:28:16.086782,shipped,37107,TN,JCB 16 digit
cb954761-2e85-4be9-aac9-b93b66fcc522,Linda Brown,28363781,9,3,27,2024-07-11 13:07:56.747495,shipped,37212,TN,Maestro
78aa8ba6-3165-4695-bf53-e229f6669ac6,Karen Rich,64653501,86,7,602,2024-01-07 17:12:51.782276,shipped,37802,TN,JCB 16 digit
003fd9d8-c685-4170-82e0-d587b345e9ef,Robert Beard,42508571,41,1,41,2024-05-15 21:29:29.116035,shipped,37996,TN,JCB 15 digit
d05d5713-80c3-49b8-b4ef-98303aebabd4,Courtney Martinez,39001337,52,4,208,2024-03-08 08:08:54.132469,delivered,37890,TN,VISA 13 digit
d4f943fe-f5f4-4862-80e2-e4844eb5d2ac,Sharon Stafford,46165756,81,8,648,2024-03-10 00:47:29.202921,shipped,38309,TN,Mastercard
3792afd0-74d9-4c47-9045-5eec5ab5af28,Jeffrey Oconnor,38316531,2,9,18,2024-05-13 15:59:21.408556,shipped,37795,TN,Maestro
efcd4f85-bc59-4972-9ad6-70d7d8b288b2,Nicole White,68613556,82,1,82,2024-08-19 01:54:28.956370,delivered,38422,TN,VISA 19 digit
25654a0a-50df-4632-9911-107006ba2f6e,Marcus Bryant,98772322,97,10,970,2024-05-10 00:11:12.532166,pending,37731,TN,JCB 16 digit
b3aec52e-860c-4a06-8f80-c570611aa995,Alexander Edwards,25421965,84,7,588,2024-05-29 11:13:44.231685,pending,37269,TN,Maestro
7005f51f-8230-492f-93b9-b4d4d2cbe22a,Harry Matthews,45237584,67,4,268,2024-04-23 15:07:22.767064,delivered,37878,TN,VISA 16 digit
b8618c87-e655-4baa-8174-05e163ea3d47,William Raymond,55963985,43,5,215,2024-07-23 03:32:22.427909,shipped,37119,TN,JCB 16 digit
d2eb957d-0b16-485d-b701-55c94c732b0e,Darlene Robinson,41678800,46,8,368,2024-03-21 12:29:04.385694,delivered,37536,TN,VISA 16 digit
ff4e43ce-2f84-43e7-b7c7-b1cf02a28501,Jordan Roberts,01060171,27,10,270,2024-02-10 12:24:54.845084,pending,37151,TN,VISA 13 digit
d60e7ce9-3cc5-4fdf-8936-14f4023ff00e,Patrick Haas,05513697,34,1,34,2024-03-19 04:04:24.776515,delivered,38589,TN,VISA 13 digit
24c445c8-b3f5-45f5-9ba5-930669a2fca2,Sally Clay,91054203,42,2,84,2024-01-27 16:30:06.409436,pending,38295,TN,Mastercard
4503a112-24a2-42fd-8782-4f5ea102cc87,Susan Shah,27385432,91,5,455,2024-03-24 18:03:09.827609,delivered,37537,TN,Discover
07fc713d-5664-48bd-acfa-6b84a517dd18,Christina Norman,42737117,45,5,225,2024-04-03 02:54:01.117259,pending,37247,TN,VISA 19 digit
c50ac1f4-3341-41f4-ac57-dfbbd5108b15,Megan Peterson,06354794,85,6,510,2024-03-28 14:53:28.671889,pending,38155,TN,Diners Club / Carte Blanche
1ad8f17a-97c0-43c7-8ce8-4798f5016424,James Russell,12580491,21,8,168,2024-08-11 07:14:53.111117,pending,37809,TN,VISA 13 digit
50f384af-6c7f-425d-ad02-1395d4cf8a82,Elijah Smith,54327139,22,4,88,2024-01-31 05:25:44.317598,pending,38282,TN,JCB 16 digit
70482a6d-91ad-4a22-80fc-b807bb872114,Beth Wilson,55846998,46,10,460,2024-03-21 14:04:56.753844,pending,37422,TN,VISA 16 digit
6311ec18-8de4-435b-b8e7-b5247ec20bf4,Michelle Hess,76422768,1,8,8,2024-04-29 18:54:43.080229,pending,38047,TN,VISA 16 digit
2ee9883a-a4a6-4f09-a391-8891d482381e,Michael Garcia,65767740,62,10,620,2024-04-01 04:49:42.544035,delivered,38088,TN,JCB 16 digit
ad9c66d5-2811-4f7e-b9cb-b9e9ff0c0a63,Christopher Hickman,55096133,62,3,186,2024-08-30 07:50:07.638318,pending,37417,TN,American Express
3f2dd5f9-5d13-4e8e-80fe-f94239eb3511,Monica Reynolds,94754957,5,6,30,2024-03-28 07:43:06.691555,shipped,38518,TN,VISA 16 digit
80995652-251f-4150-89fa-0656291d2677,Dennis Sanders,79205986,19,10,190,2024-08-12 12:27:31.302689,pending,37131,TN,JCB 16 digit
b47ec403-1e55-4fa9-aefa-4abd9607fd1b,Susan Shah,28078845,73,3,219,2024-07-02 19:37:41.935002,delivered,37537,TN,Discover
4900b089-1891-43d2-b738-bf013c2db74d,Madison Young MD,24586764,62,3,186,2024-05-05 11:47:54.151762,shipped,37366,TN,Discover
68150348-e060-4e35-a02c-1751f410ff0e,Michael Riley,56540246,77,2,154,2024-04-23 00:53:15.478791,pending,37558,TN,Maestro
c0335ca7-3623-4f27-a971-38ccc135a5a1,Darlene Robinson,19018935,60,7,420,2024-07-06 18:29:06.625006,shipped,37536,TN,VISA 16 digit
b06176dd-93ed-4a4b-a76f-fbcbde1f3d4f,Christian Taylor,08869234,22,5,110,2024-01-28 14:32:34.462395,delivered,37884,TN,Discover
8f2d1d35-4139-46c2-926d-af388e353248,Jonathan Curtis,81186051,29,4,116,2024-07-08 17:13:08.822686,shipped,37948,TN,Mastercard
ad890e0b-adaa-4c2e-a84e-901c0403fa4b,Joseph Conley,50343577,88,10,880,2024-05-26 20:46:05.342221,shipped,37764,TN,VISA 19 digit
9596cfcd-6703-47b2-a095-7889083994a4,Laura Davis,99332211,93,8,744,2024-08-16 00:10:58.005555,pending,37758,TN,VISA 19 digit
b157a0db-1445-4d2e-8e88-3b635d47ff0d,Patrick Haas,97611325,12,3,36,2024-03-21 14:10:08.670768,delivered,38589,TN,VISA 13 digit
6ed32a95-df46-44bc-b974-d5ce9c5eace8,Christopher Johnson,22406538,44,1,44,2024-01-26 11:35:20.492503,delivered,38125,TN,Discover
696b4618-5ad1-45ad-b7e3-03217fec7eac,Andrea Jackson,57642840,15,8,120,2024-03-25 16:27:55.216583,pending,37035,TN,Diners Club / Carte Blanche
aa3cf824-52a4-4f4d-9257-9ebd4dcf0121,Andrew Moore,11540359,38,2,76,2024-07-17 23:26:06.981113,delivered,37397,TN,Maestro
8e2f2279-1aab-440c-9ce5-cc5354bedf7d,Christina Norman,10886991,4,7,28,2024-04-09 00:19:04.462181,pending,37247,TN,VISA 19 digit
523647dc-bda4-439e-adcf-791815ef2c44,Nicole White,41937266,87,8,696,2024-01-14 17:01:40.040501,delivered,38422,TN,VISA 19 digit
61c964c2-b940-4d47-8af2-2216f7fc6d40,Susan Shah,46700087,70,7,490,2024-08-09 06:19:46.398080,pending,37537,TN,Discover
5ad78a5d-c673-49d7-83d0-90609bca8a46,Michael Riley,66541691,27,7,189,2024-02-11 02:56:35.524249,shipped,37558,TN,Maestro
60d85532-b90c-480a-bfc8-b779ad778623,Brandon Hensley,61915213,92,1,92,2024-06-05 02:13:57.399515,pending,38279,TN,Diners Club / Carte Blanche
fcc1778b-38a0-494c-955d-f9c96650a5de,Samantha Ramirez,51020781,69,6,414,2024-03-02 01:53:07.950315,delivered,38061,TN,VISA 13 digit
91fc0503-8c5d-435e-8dd1-7f274715565e,Sharon Stafford,73851479,37,2,74,2024-05-07 06:03:52.800257,delivered,38309,TN,Mastercard
88219eaa-ac11-4903-9086-6c0d39ce1076,Ricky Guerra,03714348,60,3,180,2024-03-11 11:20:43.495014,shipped,37296,TN,JCB 15 digit
013d2edf-5afa-424c-bc1b-0f078b83cea1,Michael Steele,32499124,30,7,210,2024-08-25 03:02:05.923772,shipped,38163,TN,Discover
0ce39dba-234a-45ce-917b-8efb28b1beb8,Patricia Gaines,44085315,49,5,245,2024-08-16 20:56:52.142991,delivered,37174,TN,Diners Club / Carte Blanche
18f53582-c24e-47aa-a32a-f6ee62c2f4fa,Erin Cooper,22559784,4,8,32,2024-02-09 09:09:37.484549,pending,38292,TN,Diners Club / Carte Blanche
0c3339ea-727f-4030-a63d-7ed9fa4740bf,Ann Davis,40839967,14,2,28,2024-02-23 04:03:03.921623,delivered,37623,TN,JCB 16 digit
58645cf1-9339-440d-9ec6-72fff1e1a9af,Ashley Cooper,72853054,83,4,332,2024-03-31 18:05:11.112462,delivered,37141,TN,Discover
35b45d65-55b9-4887-90db-55d9daeae069,Christopher Hickman,81579419,87,8,696,2024-02-12 18:17:57.110539,shipped,37417,TN,American Express
c02675ac-292c-4cfd-880a-f442e836505e,Mark Santiago,88126630,86,6,516,2024-02-27 05:39:41.041702,pending,37260,TN,Mastercard
7872c16c-5f88-42e7-baf8-4a74b0f80661,Ricky Guerra,19197111,9,4,36,2024-03-13 23:08:11.205154,pending,37296,TN,JCB 15 digit
d0dd60f7-f7db-495f-a431-6e28843ad560,Monica Reynolds,32081305,60,3,180,2024-07-01 11:02:44.415186,pending,38518,TN,VISA 16 digit
cd212f29-7d87-4973-91c4-cbb23001684b,Joanna Murphy,26177786,4,10,40,2024-06-28 00:15:46.342093,pending,37431,TN,JCB 15 digit
520e47a2-083b-4a54-81ba-3a7bbaaf53a2,Sandra Scott,71855509,89,3,267,2024-06-23 08:24:05.147023,shipped,37595,TN,Mastercard
ce003481-c66a-4aa2-a1a4-8c306e5f47b7,Brandon Hensley,19525204,80,2,160,2024-02-19 17:24:12.825144,shipped,38279,TN,Diners Club / Carte Blanche
795dcc3d-3386-48e2-9692-93b8a10b1213,Zachary Cervantes,04025504,49,7,343,2024-07-25 05:36:16.942346,delivered,38041,TN,JCB 15 digit
f800c0c0-46b6-481a-b8fe-eaa3354766aa,Marcus Bryant,28138518,86,6,516,2024-07-24 09:10:16.965510,shipped,37731,TN,JCB 16 digit
2c8fa42a-44d1-41a3-abb7-25414c92b7e6,Joseph Conley,66325383,29,4,116,2024-01-27 10:49:38.450196,pending,37764,TN,VISA 19 digit
6fa2cd33-74d4-4a6b-9fdf-554362f931a2,Jonathan Curtis,61886865,39,7,273,2024-05-20 01:02:41.559058,shipped,37948,TN,Mastercard
1b90d6cd-482e-4019-af26-0f936cfc56e9,Beth Wilson,74102143,35,6,210,2024-06-10 16:26:33.206257,shipped,37422,TN,VISA 16 digit
b7ebcb1e-992b-43d3-a72c-f1c16a140eb4,Christopher Johnson,45418761,44,1,44,2024-06-18 04:37:58.278062,pending,38125,TN,Discover
323733c6-d766-410b-a1e2-6b1e6c11ceec,Dr. Robert Green II,76422768,1,2,2,2024-02-16 02:54:29.728154,shipped,37114,TN,Maestro
abfcc566-251e-446d-b1be-c386da650732,Michael Garcia,61915213,92,1,92,2024-07-09 15:35:58.553563,shipped,38088,TN,JCB 16 digit
8aba3976-8e8c-4d13-8760-33b6a9a7ea60,David Alexander,64653501,86,10,860,2024-01-04 09:39:37.385390,pending,37955,TN,JCB 16 digit
1d181bc6-9215-4dd1-9b62-03509524591c,Phillip Strickland,16395183,34,5,170,2024-06-30 10:20:16.809319,delivered,38232,TN,Diners Club / Carte Blanche
00ad6645-cc9d-4cf5-b3b5-31c362e9e382,Laura Davis,88856070,67,6,402,2024-04-29 08:53:59.986681,shipped,37758,TN,VISA 19 digit
ed0cc4cf-0b74-488e-9709-bde470657d87,Andrew Moore,38346316,46,4,184,2024-07-31 14:04:12.378328,delivered,37397,TN,Maestro
6f61cdc5-7ba1-4837-ad54-03cabf1d6745,Dennis Sanders,14564741,95,10,950,2024-07-07 13:58:06.587316,delivered,37131,TN,JCB 16 digit
74c4e83c-d9f1-4a60-ad22-156379eb6787,Courtney Martinez,02381695,43,1,43,2024-02-09 05:07:37.136455,pending,37890,TN,VISA 13 digit
fe37e40d-3ab9-4f7b-af6a-954ef72b55bd,Zachary Cervantes,15986115,6,6,36,2024-04-16 01:08:18.809548,pending,38041,TN,JCB 15 digit
291fc1bb-93a1-45ea-a701-df7b8c478c30,John Rocha,54890657,6,5,30,2024-01-13 17:11:47.628081,delivered,37709,TN,VISA 16 digit
3da1042a-1067-479d-b372-bef1d7b52e99,Karen Rich,01563894,33,8,264,2024-05-26 03:46:55.922589,shipped,37802,TN,JCB 16 digit
a98feaee-0644-4dfc-a338-10c9616f5ba7,Linda Ochoa,07838804,97,7,679,2024-05-04 00:11:37.210385,delivered,38559,TN,JCB 16 digit
813b81f9-9814-43a6-bc1a-bb9f11d5866b,Linda Brown,37016272,14,6,84,2024-07-19 04:32:11.111283,shipped,37212,TN,Maestro
6736b182-d0f8-45f6-8c5f-4d982eb47618,Marc Evans,42295808,50,9,450,2024-02-22 21:01:10.545297,shipped,37802,TN,JCB 15 digit
24755679-502d-43bf-a7c7-4c6c02a117e6,Lacey Peterson,57877402,87,2,174,2024-03-30 22:19:46.784199,shipped,37612,TN,Diners Club / Carte Blanche
4bf110b1-3723-48a7-9c68-4e7999c2f5ca,Nicole White,50528134,81,7,567,2024-07-23 15:28:26.670582,shipped,38422,TN,VISA 19 digit
7aed4f59-a058-46b5-b3e8-a92e468dbe32,William Raymond,87775990,54,8,432,2024-08-21 09:43:56.316009,pending,37119,TN,JCB 16 digit
c3425c1d-4f65-4982-a79b-000d6f364e0d,Patricia Gaines,12598595,7,3,21,2024-03-12 00:55:06.101086,delivered,37174,TN,Diners Club / Carte Blanche
aacd3f76-db7a-4948-b12e-9effe95718b8,Linda Brown,16443280,33,5,165,2024-03-15 10:24:22.885838,shipped,37212,TN,Maestro
f728f99b-43ee-4567-aaf0-c25dfdf28f34,Thomas Page,10367605,8,7,56,2024-02-17 18:07:29.921697,shipped,37370,TN,Maestro
804bc213-176b-41d6-a918-cc17cf1b7771,Mary Davis,73458609,67,8,536,2024-03-31 09:35:19.616081,pending,37742,TN,VISA 19 digit
8135f81f-ce5c-426b-9156-c33d3522eb25,Susan Shah,22681478,39,1,39,2024-01-11 02:04:46.524102,delivered,37537,TN,Discover
579fbb90-4d10-4972-943c-37214e51b243,Marc Evans,12419920,3,4,12,2024-07-10 15:59:58.958284,shipped,37802,TN,JCB 15 digit
84afb481-0259-415f-b2f5-982f6089150e,Holly Johnson MD,41937266,87,6,522,2024-03-26 06:12:04.047742,pending,37353,TN,American Express
2663423f-78f1-4e90-8606-10eb2b16d444,Jeffrey King,36975310,29,1,29,2024-02-23 07:45:13.685985,shipped,38279,TN,JCB 15 digit
b8215bb0-b9b0-42e3-b50d-84ee6ffe7ec9,Jonathan Miller,47060104,45,5,225,2024-04-22 07:37:32.499575,shipped,37282,TN,American Express
6b9d2a1c-a57b-4f8a-b6ff-1505f5ce423b,Sharon Hess,23086234,17,6,102,2024-05-21 15:34:14.425935,pending,37474,TN,JCB 16 digit
f57c4257-25f6-44c0-b253-fb64176df508,Kathryn Cole,38140051,74,6,444,2024-08-05 11:28:34.177668,shipped,37279,TN,Diners Club / Carte Blanche
079f25f9-9c64-49d5-9ab7-1585a1b33129,Erin Smith,74768998,21,2,42,2024-06-13 16:54:34.011329,shipped,37592,TN,JCB 16 digit
aa32f6d9-c2cb-4f95-9ce9-22516108a188,Laura Brown,48260886,23,7,161,2024-07-15 23:09:16.749954,delivered,37934,TN,Diners Club / Carte Blanche
682fa4d6-d5a0-4685-88e2-9afe2ed7bb3d,Ann Davis,09529434,34,2,68,2024-04-24 05:30:35.973666,delivered,37623,TN,JCB 16 digit
dd2784fb-2fce-4388-9cbd-2579afa8ab5d,Lacey Peterson,74655717,80,3,240,2024-03-12 16:04:27.144252,shipped,37612,TN,Diners Club / Carte Blanche
1b8a8f49-8eb5-4173-967a-5cefad8ebb18,James Dougherty,66330752,82,10,820,2024-06-07 03:09:46.531512,delivered,37142,TN,VISA 16 digit
b68b57ae-0b08-4b21-a358-98bcf2dba1e5,Ricky Guerra,54206977,76,8,608,2024-08-17 23:50:27.724317,pending,37296,TN,JCB 15 digit
2b313098-cf31-43e1-a34d-1c971f39d6f4,Tara Allen,39208774,30,9,270,2024-07-18 01:49:02.874146,pending,37270,TN,Diners Club / Carte Blanche
1d578c63-022f-466f-b41d-c791a7f774e2,Thomas George,99788155,2,9,18,2024-01-28 12:30:57.714710,shipped,37828,TN,JCB 16 digit
a4d44424-a74b-4344-a2b5-cad69db13a34,Andrea Jackson,35792888,29,7,203,2024-04-07 19:03:51.343740,delivered,37035,TN,Diners Club / Carte Blanche
f0e694ea-9c46-41ac-b2a2-5292f33eb56e,Maria Hamilton,38346316,46,7,322,2024-05-25 23:31:35.288593,shipped,38048,TN,JCB 15 digit
fe1cf951-d514-4456-82cc-9c2326cd83da,Jeffrey Oconnor,39737175,8,6,48,2024-02-05 20:17:28.225946,delivered,37795,TN,Maestro
462b5b98-38c5-4050-93b0-74eae6b8a255,Jennifer Jackson,90087110,16,5,80,2024-04-15 09:50:33.286101,shipped,38529,TN,Discover
58f60bf0-e971-4df7-86e7-3a4475238f9d,Monica Reynolds,54627123,82,1,82,2024-05-06 12:33:53.465323,pending,38518,TN,VISA 16 digit
e6aeffba-2f8f-4406-b456-898ec812fca1,Jeffrey Rodriguez,35124047,77,6,462,2024-02-01 17:42:47.145858,shipped,37109,TN,Mastercard
d8158dba-04af-44f3-bf13-65f95d54afe9,Alexander Edwards,54223837,62,4,248,2024-02-11 17:14:13.818003,pending,37269,TN,Maestro
b2a7bfff-c551-4acc-894a-a89805b8e7ac,Adam Byrd,26288567,77,2,154,2024-05-31 19:00:29.415389,shipped,38253,TN,JCB 16 digit
11e900eb-9b16-44ea-8c91-02a2741a0229,Megan Peterson,79968591,58,2,116,2024-04-08 15:25:32.089993,pending,38155,TN,Diners Club / Carte Blanche
8060f53f-179e-4408-a289-9f2151296a72,Randy Perez,37079307,81,9,729,2024-06-18 21:53:45.639249,delivered,37246,TN,Mastercard
9a484329-9f7c-4393-bc70-fc3ba3023d2d,Patrick Haas,89112533,66,4,264,2024-02-19 20:06:32.070315,delivered,38589,TN,VISA 13 digit
87f278ec-6124-4052-87f7-54a2fccab29f,Elijah Smith,86687287,99,10,990,2024-01-05 02:07:09.173553,pending,38282,TN,JCB 16 digit
f6cb0d3b-1ecb-4088-94c4-58bdfbf92f8a,Mary Davis,08944856,95,5,475,2024-01-19 01:59:44.510965,shipped,37742,TN,VISA 19 digit
6b36c2b0-dd85-4a59-ab8a-30f63aac7d30,Joseph Conley,35907411,30,6,180,2024-02-26 15:50:54.153600,pending,37764,TN,VISA 19 digit
477f009c-3508-48f4-9e59-4793c8f5341c,Dr. Robert Green II,15986115,6,1,6,2024-04-08 21:23:23.174762,shipped,37114,TN,Maestro
bc01c67f-6aa1-4c6f-a985-f5d86b801bbf,Dennis Sanders,11540359,38,5,190,2024-01-21 05:56:17.223849,shipped,37131,TN,JCB 16 digit
a19d1055-4ccc-4b4c-8803-5a7b3b67906a,Christopher Johnson,58264171,25,9,225,2024-04-10 11:32:54.375742,shipped,38125,TN,Discover
a4330f91-9c20-401b-8130-5f1a2e05ed04,Michelle Hess,57877402,87,3,261,2024-02-19 16:56:18.080583,shipped,38047,TN,VISA 16 digit
25c4fa10-19e6-4cfa-9666-3831b6091550,Jeffrey Oconnor,58766415,54,7,378,2024-06-30 19:39:19.831083,delivered,37795,TN,Maestro
a629f06c-4ba0-422c-a628-8c24d3df1135,Sally Clay,31034425,53,5,265,2024-03-29 22:23:32.066833,shipped,38295,TN,Mastercard
a93a918e-ba5a-4239-9c15-bfa270fbb920,Phillip Strickland,22332271,82,2,164,2024-01-28 13:11:12.039135,delivered,38232,TN,Diners Club / Carte Blanche
ef908bb3-2e5a-41e9-b111-b8d433f5ded8,Megan Peterson,37631833,94,3,282,2024-04-02 15:48:20.898750,delivered,38155,TN,Diners Club / Carte Blanche
75bdf7b3-b512-4601-b963-3d86cd1f7514,Linda Brown,08841247,82,3,246,2024-02-14 12:40:38.127861,shipped,37212,TN,Maestro
1e3e988e-46aa-4052-8287-5b5c5e86b6dd,Beth Wilson,61238077,19,5,95,2024-08-10 08:24:03.006408,shipped,37422,TN,VISA 16 digit
35c14e5c-a684-45a0-90a9-9d8ace1abc93,William Raymond,94637359,83,10,830,2024-02-01 03:48:26.476246,shipped,37119,TN,JCB 16 digit
b30407ed-b2f6-4629-80da-28ffb97c8dde,Mark Santiago,33242811,96,8,768,2024-04-01 06:50:33.074164,pending,37260,TN,Mastercard
97af1ec3-1d01-4fee-a2db-64d7105ed882,Jordan Roberts,20211868,36,1,36,2024-01-10 11:04:41.582445,delivered,37151,TN,VISA 13 digit
4d5b9d7a-a6bf-4d27-81dc-79a473e6ff4e,Zachary Cervantes,24120920,87,3,261,2024-01-10 05:56:20.855321,shipped,38041,TN,JCB 15 digit
