c2315dd3-7f03-491b-9817-a3d468d9193a,Stephanie Wood,61238077,19,7,133,2024-08-08 19:17:55.195045,shipped,19889,DE,JCB 16 digit
b7b10cb0-62a5-45f7-9e4f-f2d96cacf658,Kristina White,99937300,13,1,13,2024-03-01 20:23:18.232487,delivered,19957,DE,American Express
c1413edf-5c1e-4f5f-bd36-b420c38ff7d0,Vicki Ortiz,53030375,81,9,729,2024-04-21 20:10:04.945797,pending,19804,DE,Discover
103b4aff-05ce-4edd-8ecc-c0b23f6ac11d,Malik Hendrix,88956565,33,7,231,2024-08-12 18:30:58.699724,shipped,19884,DE,JCB 15 digit
5bdf69b3-2790-41cc-9a4b-10893ea8aecf,Trevor Fisher,73693680,14,4,56,2024-02-01 05:18:51.598431,delivered,19848,DE,Mastercard
19b9f5b2-10d5-424f-afd5-bce0ee8661af,Cory Thornton,31996723,69,5,345,2024-01-26 03:20:06.938313,shipped,19883,DE,Diners Club / Carte Blanche
34ece302-54b6-445f-a069-abed9e147eb0,Mary Thomas,48003827,34,3,102,2024-03-12 01:28:05.017219,delivered,19716,DE,Maestro
36cc2820-ffb2-4229-8b5f-abd27c5ab4a0,Rebekah Richardson,20938611,81,2,162,2024-04-01 11:23:01.791517,pending,19894,DE,Diners Club / Carte Blanche
f537c3ea-7815-430c-a4dd-b045ac20cafd,Henry Castro,70328592,6,3,18,2024-07-08 13:40:09.113888,shipped,19807,DE,VISA 16 digit
434e27c3-0d7c-4079-9f52-6bca68c86fe7,Jesse Harris,86687287,99,7,693,2024-03-06 10:11:22.260619,pending,19775,DE,JCB 15 digit
188b7c60-7bfd-4bb1-be5f-17c5e7464256,Michael Lin,55579193,25,5,125,2024-06-04 18:00:13.470875,delivered,19821,DE,VISA 16 digit
3711c4b2-56ae-46ca-b352-75ce22583e8e,Timothy Briggs,84391049,58,4,232,2024-01-10 22:50:36.743977,delivered,19830,DE,JCB 15 digit
bd33c7e8-c84c-4464-999a-cc56609bd053,Desiree Meyers,86900478,9,7,63,2024-02-02 19:51:51.558147,shipped,19897,DE,Mastercard
e21ea0bb-5768-4f4c-acd6-263eea571a14,Cynthia Malone,85630918,58,4,232,2024-03-10 20:55:25.329816,shipped,19708,DE,Discover
c089a5e5-a1f5-43fc-85b0-c74289dfdb84,Christine Stark,18078619,70,2,140,2024-01-08 16:52:37.371156,pending,19827,DE,VISA 16 digit
c07d14de-b883-4247-8d08-0350ecec49b2,Jose Burch,51505653,9,7,63,2024-07-26 22:49:30.042405,shipped,19766,DE,Diners Club / Carte Blanche
d02c60ac-7706-47f2-a8b7-118b94f141cd,Jerry Smith,65252901,74,6,444,2024-06-03 01:52:47.977263,pending,19804,DE,VISA 16 digit
91cb6d47-a839-4951-97bd-192c25124760,Arthur Miller,84535498,93,10,930,2024-01-12 11:10:34.428381,pending,19837,DE,JCB 16 digit
26886a5f-5fd9-470a-9c74-d7a50332e7d8,Catherine Mckenzie,39073396,24,10,240,2024-01-10 12:57:03.665343,pending,19852,DE,VISA 16 digit
a3aa0b9c-1e1c-4ec2-bed4-147559e52c4c,Kayla Poole,49643077,93,2,186,2024-05-17 14:42:08.421957,delivered,19750,DE,Mastercard
24bd4b9a-0880-481f-a410-c84bf1465e39,Patrick Hansen,46013538,55,1,55,2024-02-16 20:24:50.593928,delivered,19874,DE,Maestro
cfd08f0d-903c-460b-ae96-4e9aa2803471,Sheila Nunez,22681478,39,7,273,2024-06-17 07:06:30.825343,shipped,19805,DE,Discover
8721794a-3c52-4f54-b4fe-2f45f73e4949,Cindy Smith,04732259,14,6,84,2024-06-11 15:56:00.269893,delivered,19918,DE,VISA 13 digit
f79a992a-fd1d-4df6-8993-037202d2537b,Justin Turner,11636779,61,8,488,2024-02-19 08:46:59.980086,pending,19826,DE,VISA 16 digit
8ba3854f-3e4a-470d-bc50-b9f4211c8fe9,Cynthia Malone,28706434,68,10,680,2024-04-20 12:06:56.910460,shipped,19708,DE,Discover
d8bd7a0f-4c5d-4f7f-9921-a02f4a489b99,Mary Vega,30874664,47,8,376,2024-02-28 18:32:01.274877,shipped,19976,DE,Maestro
1d5dda39-7d74-477d-a571-2fe56aae6d03,Francisco Bennett,88301730,76,3,228,2024-02-06 22:52:32.427134,pending,19874,DE,Mastercard
badc083d-b265-4679-b3a8-8c7427ad8cf9,Laura Cunningham,68988265,59,8,472,2024-07-28 19:47:26.451199,pending,19861,DE,American Express
5b2f24f9-ef0f-4007-80ee-049d2970c684,Donna Abbott,01448955,31,3,93,2024-05-04 02:05:52.945708,shipped,19724,DE,Discover
c04a73d2-59a5-45de-90fb-9c81f5774cf4,Matthew Conley,25494013,43,10,430,2024-04-27 12:10:35.521598,delivered,19826,DE,Maestro
d09fdb18-a458-4408-93cd-c69b44c513b9,Cory Hamilton,03399552,36,8,288,2024-08-09 20:25:08.351719,delivered,19746,DE,Diners Club / Carte Blanche
e830736e-0f10-4d2d-9b27-9a2284e23e81,Amber Bean,08310330,28,9,252,2024-08-23 23:01:49.784269,shipped,19925,DE,Maestro
dfd6b2d2-2543-4ef7-b1a1-e88d2f1da647,Joanna Curry MD,53267887,63,7,441,2024-09-05 14:53:13.581067,delivered,19759,DE,JCB 16 digit
601226fe-8ca7-464d-b244-f207b170bac6,Jose Hardy,17503594,48,6,288,2024-05-08 12:48:23.123852,pending,19742,DE,JCB 15 digit
dc599ea0-2cda-49af-a535-7941c5089ebe,Gary Ashley,65931882,13,2,26,2024-01-27 16:20:34.756691,delivered,19969,DE,VISA 16 digit
acef79fa-2aed-464b-bd66-87c527fc4ff4,Christopher Velasquez,57970998,70,8,560,2024-05-30 16:12:28.129796,pending,19771,DE,JCB 16 digit
68d56c07-b8d1-48c6-9635-3267ac017594,Fernando Bryant,61103443,27,3,81,2024-03-06 04:01:58.964352,shipped,19930,DE,VISA 19 digit
78540301-db7a-4e2b-8729-a5b0fe219349,Monica King,31053280,22,10,220,2024-05-25 02:28:27.415931,pending,19862,DE,VISA 16 digit
079ef31f-e7f0-4bf1-a261-4aa22a67c08c,Mary Morton,25268904,24,5,120,2024-03-19 21:35:15.479959,pending,19798,DE,VISA 16 digit
38774127-26c8-4ab2-b279-209d842ff5b4,Susan Rodriguez,23199484,38,7,266,2024-07-17 02:40:32.430482,delivered,19705,DE,Discover
6df10884-e6b6-45ff-934c-f93668538324,Kenneth Evans,47986534,96,2,192,2024-09-04 12:02:05.611236,pending,19722,DE,Mastercard
66923aee-e976-482f-8cf6-9cbdb3070d4f,Christine Stark,76571466,16,1,16,2024-06-04 00:32:58.023965,pending,19827,DE,VISA 16 digit
bffb4f26-8801-42af-828a-825b6174e4bc,Joanna Curry MD,66807254,17,1,17,2024-04-26 05:28:17.191432,pending,19759,DE,JCB 16 digit
40c6466c-2ad3-4cb2-880f-8c85f8049893,Mark Wood,05891566,75,7,525,2024-07-09 08:25:12.010006,delivered,19966,DE,VISA 13 digit
6fe64e38-f089-4a97-aa6d-334cc4875d1d,Jesse Harris,81579419,87,2,174,2024-05-14 12:20:23.089575,delivered,19775,DE,JCB 15 digit
70d2b857-08ec-4a04-9ba3-7dd9881bfc63,Michael Lin,22681478,39,10,390,2024-01-17 15:54:26.538158,pending,19821,DE,VISA 16 digit
77cffbe2-ce38-4e1b-8b97-70f45d8ae72f,Mary Thomas,59102731,81,4,324,2024-08-25 15:55:58.921175,delivered,19716,DE,Maestro
ad426440-218a-43ae-9f24-e6c0a1a4c5af,Matthew Kelley,15116055,38,2,76,2024-08-17 00:21:53.382280,shipped,19769,DE,JCB 15 digit
e7d7f56f-081e-41e2-96cb-b4151f41835b,Gary Ashley,94147346,83,5,415,2024-06-02 09:20:16.433385,shipped,19969,DE,VISA 16 digit
186ef8ad-bf6d-48bf-98d4-1e5266ff835c,Jose Hardy,68433376,19,5,95,2024-04-30 16:47:47.995254,delivered,19742,DE,JCB 15 digit
cce8cb6f-22df-4424-b112-7a11a326ade3,Danielle Lee,93888738,64,8,512,2024-07-26 11:10:25.863854,shipped,19871,DE,JCB 16 digit
f0da68f3-a0f6-41b8-86c9-0fcc4c602b99,Cory Thornton,08986047,70,2,140,2024-06-18 07:28:34.195397,shipped,19883,DE,Diners Club / Carte Blanche
bc220839-1650-4958-be67-85ebaf95436b,Cory Hamilton,02008783,79,10,790,2024-08-15 17:31:33.853834,pending,19746,DE,Diners Club / Carte Blanche
26c0f175-7226-430c-8c85-23b2f766fe3d,Shannon Miller DDS,13702274,88,4,352,2024-01-20 06:22:12.507757,delivered,19935,DE,American Express
ef1ba2cb-f329-4692-b9b1-3b126d3c229d,Matthew Conley,54223837,62,1,62,2024-06-09 18:38:19.491352,delivered,19826,DE,Maestro
c562ae82-675c-4cc6-8159-2424dc7cac8c,Lee Baldwin,89278611,89,4,356,2024-03-21 20:12:21.271677,shipped,19711,DE,JCB 16 digit
17a2001e-fbf6-4651-a412-7c907db0a656,Robert Taylor,74768998,21,10,210,2024-08-14 10:43:21.239470,shipped,19757,DE,American Express
defb2b0e-12bc-40a0-ab4a-c91c1887a677,Arthur Miller,10934449,27,4,108,2024-09-03 02:03:44.795642,delivered,19837,DE,JCB 16 digit
806dbd36-32ef-4030-9ea1-8289129d6ce1,Adam Molina,82270858,49,2,98,2024-06-27 14:02:59.713619,pending,19942,DE,Diners Club / Carte Blanche
2ef5f7e9-08f7-4be4-90b6-d1c0ac597381,Francisco Bennett,88920542,90,8,720,2024-04-06 13:48:05.733307,delivered,19874,DE,Mastercard
b54cc06f-876d-466a-be8d-9c31c9eeadc6,Robert Taylor,36881925,30,6,180,2024-08-26 14:14:19.344413,pending,19757,DE,American Express
52a5f2d2-57b3-4633-ba17-ac535eb216ee,Mark Wood,36975310,29,3,87,2024-08-08 16:32:19.871488,delivered,19966,DE,VISA 13 digit
d9c5165a-7201-4b01-bd3b-90717f76a86e,Danielle Lee,51103132,33,3,99,2024-05-19 06:05:11.380379,shipped,19871,DE,JCB 16 digit
61bfe881-91ef-4717-9d49-0150bad05aa9,Michelle Mendoza,89278611,89,6,534,2024-05-16 00:30:57.882682,pending,19813,DE,Mastercard
448a509f-4cb9-4244-8130-07a634c36a02,Susan Rodriguez,19615943,6,4,24,2024-06-05 19:16:00.946421,shipped,19705,DE,Discover
c890672c-39e7-4561-b44f-6dba1e76afe6,Monica King,11636779,61,9,549,2024-03-06 09:02:31.046761,delivered,19862,DE,VISA 16 digit
ecb1c295-a7e4-4bce-8b17-2e3470b85b45,Kristina White,75438852,11,3,33,2024-05-21 16:30:19.192476,pending,19957,DE,American Express
7ff6aecd-f7cc-46e9-a7ac-ac9bfca3c0eb,Kayla Poole,78438347,63,7,441,2024-08-28 10:41:18.900373,delivered,19750,DE,Mastercard
45eb7985-50cf-4013-a98b-47595cc2344e,Jesse Harris,54929814,6,2,12,2024-05-20 20:23:35.155495,shipped,19775,DE,JCB 15 digit
5fca7345-2e6c-4cd0-8dba-cb3f33cdf8b9,Edwin Jones,08869234,22,8,176,2024-02-29 04:57:34.659959,pending,19881,DE,Discover
e5b526d9-ed13-4c6a-b0ca-9916c5d0c3a9,Robert Stewart,13179731,93,9,837,2024-08-23 22:19:06.344849,shipped,19741,DE,Maestro
3d163c16-1b60-45fb-9450-e64f63e3f80a,James Banks,40839967,14,4,56,2024-04-02 02:18:05.548153,shipped,19833,DE,VISA 16 digit
d6a740f8-3fe4-44b3-8bd7-69c50271c49c,Daniel Bruce,60286819,67,8,536,2024-02-14 03:50:54.888206,delivered,19876,DE,JCB 16 digit
75bda8bd-cd80-4775-a32d-c5c90daec3c0,Trevor Fisher,02381695,43,9,387,2024-08-31 00:08:28.794146,pending,19848,DE,Mastercard
d7ec1228-8bb7-40b5-b4e4-35b0c652f7f3,Timothy Briggs,31745550,77,4,308,2024-01-07 23:00:34.217227,pending,19830,DE,JCB 15 digit
0bba6a3e-d7a8-464f-bd67-1ee8de6f4c08,Sheila Brown,31421065,43,7,301,2024-06-04 07:21:28.281755,pending,19896,DE,VISA 16 digit
48dec3cc-01e5-4ff4-b5f0-07ca964c3883,Mary Vega,66224938,79,3,237,2024-02-05 18:28:39.563199,pending,19976,DE,Maestro
862b26b9-7565-4666-bb2b-d429ea310404,Allen Scott,06345297,93,6,558,2024-02-29 15:37:11.487941,shipped,19759,DE,JCB 15 digit
f58021ea-4676-4dc5-93a4-5879103bd05c,Joanna Curry MD,23505155,19,2,38,2024-06-30 06:05:01.061555,shipped,19759,DE,JCB 16 digit
0c3840c6-5107-4d53-a899-3cf99238ac10,Denise Matthews,57452043,14,8,112,2024-02-16 04:53:52.626562,shipped,19908,DE,JCB 16 digit
efcdd729-45b8-4d12-ace6-c063b083d0a8,Rebekah Richardson,10886991,4,7,28,2024-07-26 11:14:51.782477,delivered,19894,DE,Diners Club / Carte Blanche
829b8381-194c-4330-af57-d136ba325c52,Curtis Kelly,62489164,52,8,416,2024-04-03 20:54:14.258524,pending,19755,DE,JCB 16 digit
cc2ec534-ecb0-4ca6-871f-28ee868f0b92,Jerry Smith,86083300,70,7,490,2024-01-02 04:23:16.922706,shipped,19804,DE,VISA 16 digit
26b9ef25-1ba0-4f75-9df2-ea2b5a20564e,Jerry Smith,47163959,74,6,444,2024-06-16 01:38:36.993443,delivered,19804,DE,VISA 16 digit
5e3cee76-d450-4e47-89d9-0d04c31df157,Tracy Roberson,07859274,51,5,255,2024-06-24 14:15:50.628306,shipped,19733,DE,VISA 16 digit
2e1f7f1d-f318-4f96-bb6f-853f7f561bd2,Ryan Stanley,22963901,6,5,30,2024-06-19 17:53:45.761788,pending,19830,DE,JCB 16 digit
7d4b3563-425b-45b8-a858-11453102685c,Timothy Briggs,72036570,55,9,495,2024-06-15 05:50:14.510251,delivered,19830,DE,JCB 15 digit
ee68fb37-c5b7-4bcb-9e4e-59c9562a29ea,Robert Taylor,73458609,67,3,201,2024-07-26 17:46:10.161764,delivered,19757,DE,American Express
fc5c7337-e25e-499f-a9e0-0189b7878a01,Cynthia Malone,48693707,48,3,144,2024-05-01 13:06:19.445042,delivered,19708,DE,Discover
81a54afb-20d3-45c3-90c0-524c2901e711,Christine Stark,37888732,42,6,252,2024-01-10 06:52:59.776363,delivered,19827,DE,VISA 16 digit
13814d21-311d-4395-a8f5-3c390ba4f9aa,Jerry Smith,89112533,66,1,66,2024-08-23 08:24:54.285994,delivered,19804,DE,VISA 16 digit
83fe4a1b-358d-47a7-96df-dabac2f3846e,Malik Hendrix,68097943,22,7,154,2024-08-19 05:53:51.199487,pending,19884,DE,JCB 15 digit
ff648beb-188c-47f4-aef5-640945e69e6a,Jose Hardy,11501145,15,5,75,2024-06-04 19:18:34.353225,delivered,19742,DE,JCB 15 digit
9aa96711-ad8a-4861-a689-dc4c6749395b,Kayla Poole,24120920,87,3,261,2024-04-13 12:54:33.128198,delivered,19750,DE,Mastercard
cc23168b-1682-4a38-935e-0e60a1ed04a1,Brian Vargas,20679590,76,6,456,2024-03-10 00:31:31.741279,shipped,19827,DE,Mastercard
7269fc79-a5d5-4d7d-97ca-be23a38795c4,Natalie Dodson,57621654,74,8,592,2024-08-05 14:58:26.386808,shipped,19779,DE,Discover
759a4f7f-19ee-4f7e-8faa-0ce10c8462b8,Denise Matthews,54815759,72,4,288,2024-02-01 22:36:33.732302,delivered,19908,DE,JCB 16 digit
974d03db-9a50-461e-838c-9bfe20364d99,Susan Contreras,86657501,34,8,272,2024-06-07 09:08:06.179296,pending,19779,DE,Mastercard
ab94a54f-5256-40a4-9969-0eebc4ce7e82,Edwin Jones,31749145,15,10,150,2024-06-11 13:35:18.731200,pending,19881,DE,Discover
3523ca84-47a6-4a4a-942b-ed8ddcc54369,Jesse Harris,71977041,71,5,355,2024-07-05 01:56:47.571902,pending,19775,DE,JCB 15 digit
f7c78d65-65f3-4441-9526-04ae23902d1f,David Mccoy,94637359,83,3,249,2024-03-27 22:03:22.999963,delivered,19794,DE,JCB 15 digit
c2b46154-3636-4a3b-a508-e3bd4b674c76,Cory Hamilton,47000438,43,6,258,2024-07-01 13:13:11.033162,shipped,19746,DE,Diners Club / Carte Blanche
c1a879cb-60c5-458b-bdbd-2462b75b51c3,Melanie Reeves,90782480,27,7,189,2024-01-19 12:28:51.450708,pending,19975,DE,Discover
35a6bcd2-0837-4c62-aad7-04f464bdaa82,Sheila Nunez,75415037,68,2,136,2024-02-19 22:36:08.049128,pending,19805,DE,Discover
19ebf8b2-64c6-48f1-a90c-2675b11cba95,Jerry Smith,50066698,57,8,456,2024-08-12 05:01:16.114595,shipped,19804,DE,VISA 16 digit
269565be-1c32-424c-838c-a0b86d44ae3d,Michael Lin,60301352,54,1,54,2024-08-03 00:07:04.387297,delivered,19821,DE,VISA 16 digit
763fd3d1-4553-4cc4-8583-d5abe59f79d3,James Banks,86165112,80,10,800,2024-03-06 15:13:38.221923,pending,19833,DE,VISA 16 digit
3743dde3-eeec-46be-a2cb-57cb78e6829b,Joanna Curry MD,41174647,46,2,92,2024-04-11 18:04:11.413613,delivered,19759,DE,JCB 16 digit
54577dd2-3458-4213-aaaa-5e40055ecc4a,Justin Turner,46762818,54,2,108,2024-02-13 02:29:47.693814,delivered,19826,DE,VISA 16 digit
25bb7103-e2f7-4c7b-9d5d-2e0e1cf1a3b3,Susan Contreras,22657527,32,6,192,2024-06-28 12:15:11.344674,pending,19779,DE,Mastercard
bc4d935f-ce17-4f1e-ae8b-f9bb1654664a,Mary Thomas,99455262,40,9,360,2024-02-14 18:25:43.036860,delivered,19716,DE,Maestro
1051c2f2-ea97-4440-9d37-703756f418fa,Lee Baldwin,86124782,64,10,640,2024-05-27 05:26:44.040209,shipped,19711,DE,JCB 16 digit
b4549126-43a9-4c32-8452-9c8584a1f61d,Joanna Curry MD,10545225,49,3,147,2024-05-09 00:35:37.144780,delivered,19759,DE,JCB 16 digit
294fef98-67f9-46f8-b79a-d986c19fb388,Adam Molina,04732259,14,5,70,2024-01-15 08:20:00.773169,delivered,19942,DE,Diners Club / Carte Blanche
c89f67db-8861-4764-abec-0d57e0db71f3,Kimberly Wiley,54345232,26,10,260,2024-05-02 12:10:47.267921,shipped,19876,DE,VISA 16 digit
37abbdaa-d56f-435f-b97b-9045f9a1a525,Jesse Harris,42841654,90,6,540,2024-03-12 06:48:57.967899,delivered,19775,DE,JCB 15 digit
e58d56c1-bc51-4d5e-a31b-61bd54a0d8be,Justin Lee,69421945,80,8,640,2024-06-04 09:58:23.292182,pending,19841,DE,JCB 16 digit
f1e5accd-c510-408f-8d57-a229514f042b,Stephanie Wood,91948359,91,1,91,2024-06-13 10:59:03.657110,shipped,19889,DE,JCB 16 digit
bac5d3fb-f024-42bd-abab-0dba9e375201,Peggy Stewart MD,93462778,39,5,195,2024-05-14 05:15:29.013127,delivered,19844,DE,Diners Club / Carte Blanche
84f8f8a7-6923-48de-91ef-38df09a455ad,Jeff Bush,70930917,20,3,60,2024-06-13 09:26:47.734504,shipped,19933,DE,VISA 16 digit
eff71a0a-46e7-4118-9fb0-8c7ff38048e9,Amy Kirby,66642893,48,9,432,2024-07-01 16:30:56.457782,shipped,19802,DE,VISA 16 digit
decbfcce-37a5-4a8e-aa65-ae67790a6f16,Jerry Smith,74563951,34,1,34,2024-05-01 19:52:40.014438,delivered,19804,DE,VISA 16 digit
e1219709-a566-48c1-a67f-6c242c3d00c4,Tracy Roberson,55846998,46,8,368,2024-02-11 16:58:02.367967,delivered,19733,DE,VISA 16 digit
6d614887-1025-4234-8595-4b3c50cd5fcc,Lauren Holt,11660361,53,5,265,2024-01-31 05:22:45.213021,delivered,19752,DE,VISA 16 digit
36770c98-e900-4a17-95fb-eeed43c2ef3f,Allen Scott,23316348,76,6,456,2024-01-22 22:03:11.960862,pending,19759,DE,JCB 15 digit
821746d5-1727-45cf-9589-62eacd0d742e,Victoria Miles,96945209,18,6,108,2024-06-26 16:54:25.762952,pending,19710,DE,JCB 16 digit
178a6a5b-9ca5-4c48-9bda-507dcfe8e0db,Mary Thomas,52568923,63,6,378,2024-02-08 08:01:45.959296,delivered,19716,DE,Maestro
3a657cef-7352-4a5c-bd39-bc6d86de995a,Rachel Strong,31421065,43,7,301,2024-03-23 19:16:18.946677,pending,19703,DE,VISA 16 digit
f89472a8-67f0-49fc-a176-ab2096bc2608,Kristen Yates,51020781,69,9,621,2024-08-21 06:12:48.592232,delivered,19876,DE,Diners Club / Carte Blanche
903e31e2-6b5c-45c5-87af-4c5022614bc9,Jose Hardy,81186051,29,7,203,2024-09-02 09:44:00.741305,delivered,19742,DE,JCB 15 digit
a2091f00-fd8e-4365-8a33-b05b2c06b09a,Peggy Stewart MD,29090228,62,6,372,2024-05-07 23:23:49.996970,pending,19844,DE,Diners Club / Carte Blanche
8d92d45f-2c2f-4092-8533-5dc00ea3a817,Fernando Bryant,67213733,37,10,370,2024-02-04 05:52:13.600268,delivered,19930,DE,VISA 19 digit
3313bcef-aa97-487c-a3b0-76d4c273db69,Kelly Keller,90134814,96,6,576,2024-07-18 13:41:33.127831,delivered,19770,DE,VISA 16 digit
db5599c3-a736-4b4a-9681-eaa2bad967fc,Hunter Romero,49316414,25,9,225,2024-06-26 20:13:29.805452,shipped,19832,DE,American Express
1a0b6001-e543-478e-8f96-d5579bc73cef,Andrew West,78225206,31,2,62,2024-07-13 17:36:22.997219,pending,19744,DE,Mastercard
fc97a228-ec47-4965-ab03-4758e2e482a4,Henry Castro,05827992,99,4,396,2024-05-07 15:40:34.401694,shipped,19807,DE,VISA 16 digit
faea8f88-489e-4165-b21d-06b2e77ee1e0,Austin Wise,87865653,44,10,440,2024-02-25 04:34:47.454889,shipped,19931,DE,JCB 16 digit
26942cc4-2376-4e22-96b7-1c9adc02d61b,Ryan Stanley,37016272,14,3,42,2024-08-03 11:21:13.677878,shipped,19830,DE,JCB 16 digit
cae4ce55-94f8-4f20-8c56-d864461ef173,Shannon Miller DDS,47986534,96,3,288,2024-05-16 09:13:42.597183,shipped,19935,DE,American Express
0bb54896-9f8a-4f23-9d7f-1c5062be08f7,Monica King,53030375,81,6,486,2024-06-28 22:28:14.605734,shipped,19862,DE,VISA 16 digit
0513160e-7e28-45c8-bc8e-621034ae01aa,Brian Vargas,70257670,38,9,342,2024-04-09 18:25:29.146360,pending,19827,DE,Mastercard
bcc0c0cb-8e2c-4f83-b027-40ce57aec029,Andrew West,59030669,27,3,81,2024-06-30 08:08:49.317734,delivered,19744,DE,Mastercard
f4ead94e-a781-4359-8ef3-0665cc4159eb,Robert Garcia,93570381,19,1,19,2024-04-12 21:30:52.929859,shipped,19939,DE,JCB 16 digit
0ccbdbf9-6af9-40ff-90ae-fa4f29d44ae0,Jessica Ward,67747283,5,4,20,2024-01-27 04:12:05.497729,delivered,19781,DE,JCB 16 digit
f2e6cc67-9cec-4097-b88a-ef15f251af43,James Banks,20679590,76,8,608,2024-01-23 01:12:17.074547,pending,19833,DE,VISA 16 digit
dcea28d3-e5ce-412d-8cf6-c1322d3a36be,Mark Wood,94754957,5,7,35,2024-07-26 14:30:05.438741,pending,19966,DE,VISA 13 digit
a5a2ed93-cf00-4694-9fa4-6a86cf8fe79a,Edwin Jones,58264171,25,7,175,2024-09-01 05:57:58.457273,shipped,19881,DE,Discover
bec41fcd-48ee-4ee3-b5c7-876f7994c669,Michelle Mendoza,13322663,86,8,688,2024-01-05 15:37:05.677002,pending,19813,DE,Mastercard
e3886696-f548-4970-b5bb-fedb987c1f7b,Brian Vargas,81138647,11,2,22,2024-06-28 13:20:13.171397,pending,19827,DE,Mastercard
240a010c-74e1-424a-994d-5eca921f4def,Kayla Poole,17613477,18,4,72,2024-04-07 03:43:00.680684,shipped,19750,DE,Mastercard
a1170c88-e038-463a-9a88-c96c2c7b90cd,Jose Hardy,00546454,94,7,658,2024-06-22 18:50:12.386012,delivered,19742,DE,JCB 15 digit
27a1610a-72a2-437f-95d0-55efe5cc80a9,Lauren Holt,73851479,37,6,222,2024-05-15 15:34:00.270504,delivered,19752,DE,VISA 16 digit
477076d8-0fa6-4690-a3a3-3f0041846cea,Denise Matthews,67287970,75,2,150,2024-04-05 12:36:28.148050,pending,19908,DE,JCB 16 digit
5fd4be51-17f2-4166-bd4d-412af4aabd27,Hunter Romero,37038250,65,10,650,2024-07-15 01:47:54.530639,pending,19832,DE,American Express
4185c058-cf1a-4e2f-abb7-c895eaf246bf,Christine Stark,55543330,86,3,258,2024-06-30 17:08:19.880251,shipped,19827,DE,VISA 16 digit
cd98f71b-c250-4c29-860b-c6a97a9d0b32,Lee Baldwin,08310330,28,6,168,2024-02-18 14:58:19.551423,shipped,19711,DE,JCB 16 digit
9df74e3b-a00d-424a-8da7-b35ffc35fd46,Melanie Reeves,83480300,10,2,20,2024-06-06 04:10:05.164009,shipped,19975,DE,Discover
1cf5d444-2d30-4b8b-9778-fce05cdfd234,Amber Bean,51505653,9,10,90,2024-04-14 08:28:55.936296,shipped,19925,DE,Maestro
bc184828-d610-4586-a262-b38c6b004f3a,Andrew West,88149424,17,7,119,2024-08-04 09:50:09.873328,pending,19744,DE,Mastercard
914627ec-ab10-479c-bc7d-eaeb3cd1ded4,Mary Morton,54303119,40,8,320,2024-05-31 17:45:48.188616,delivered,19798,DE,VISA 16 digit
75f422d1-57c4-4e77-b6f7-47d7cd196cd7,Joanna Curry MD,89112533,66,2,132,2024-01-08 09:34:10.510262,delivered,19759,DE,JCB 16 digit
564645c3-b646-4814-ac19-b0ec9ff6d5c7,Kelsey Perez,39710987,12,8,96,2024-06-15 20:09:24.863838,pending,19819,DE,VISA 13 digit
