d5b85699-affa-4404-85aa-bc03993adcb5,Kimberly Robinson,79941105,75,8,600,2024-08-30 22:03:52.391126,shipped,00801,VI,JCB 15 digit
aeec3fa4-03d7-4413-b6e8-8b45b68b6528,Samuel Perry,58994382,29,9,261,2024-06-10 15:55:06.445767,pending,00801,VI,Discover
045d85fa-dc75-4dea-b43c-8f79d30865fa,Walter Allen,33435015,36,2,72,2024-04-20 18:14:00.527298,shipped,00804,VI,JCB 15 digit
7a9acd72-9d5d-49ac-be30-ba4676e1f93b,Anna Henderson,40155463,95,3,285,2024-09-06 03:29:58.917284,pending,00801,VI,JCB 15 digit
5d2b5922-d4e0-400a-a8f8-e368c87079dc,Bruce May,90659966,53,2,106,2024-03-14 13:58:13.761886,delivered,00805,VI,Diners Club / Carte Blanche
7d8a2717-ce73-4c93-90e3-c85c77a27bd6,Keith Francis,24670074,16,5,80,2024-04-26 11:21:08.652704,shipped,00805,VI,VISA 13 digit
cfc4bad5-de7e-4fa3-b07f-e08b42a855ee,Jessica Garza,52609831,54,5,270,2024-01-08 20:41:56.877859,delivered,00802,VI,Discover
1db3e623-2884-4950-9f4f-7329a227af8b,Catherine Warren,13762469,46,8,368,2024-05-21 10:13:47.909826,delivered,00803,VI,Diners Club / Carte Blanche
a10cdbb7-cc2e-4832-a853-c220f63c3fe3,Crystal Reynolds,11540359,38,10,380,2024-02-11 12:20:29.737675,pending,00801,VI,Mastercard
6afc0401-5a97-488b-aca3-0eb565117926,Shawn Shaw,09362741,25,5,125,2024-06-11 00:06:02.435842,shipped,00804,VI,Mastercard
a1beb5cc-0694-400b-b78f-09170cf4b8a0,Sarah Brady,54303119,40,2,80,2024-07-21 07:29:12.412748,delivered,00804,VI,Mastercard
468c6442-2bf1-4106-ab82-b93560a939d1,Bianca Greene,67747283,5,7,35,2024-08-19 04:19:49.941966,pending,00804,VI,VISA 16 digit
a846b321-04f2-43a7-a017-50b47479e594,Joseph Miller,42990703,4,4,16,2024-09-03 10:00:49.047502,delivered,00804,VI,VISA 16 digit
d268065b-550d-4f84-96c3-bef7b4bafb2c,Natalie Diaz,26805344,56,3,168,2024-05-28 12:58:36.603018,pending,00802,VI,JCB 15 digit
4585cfb8-5a9c-4548-af83-c84d1f2c8ece,Bryan Avery,84981592,54,1,54,2024-09-03 18:54:58.374650,shipped,00801,VI,VISA 16 digit
d9487b86-65b3-4424-a911-8680f322e4fe,Danny Johnson,17663366,58,7,406,2024-01-23 02:42:33.886023,pending,00804,VI,Maestro
659b6f30-8c40-4a50-baed-ffd1ff8495d3,Frank Smith,46165756,81,4,324,2024-03-10 04:07:34.438717,delivered,00801,VI,VISA 19 digit
22b064af-7ee8-42de-b251-c7bd4338aa50,Courtney Goodman,57665061,4,1,4,2024-08-04 02:36:26.719273,pending,00802,VI,Diners Club / Carte Blanche
41098a98-ac2c-4b66-b9be-2c09d3f0bce0,Jessica Garza,69441578,72,5,360,2024-08-04 05:26:24.817317,pending,00802,VI,Discover
5692cea9-bdfd-4d02-9488-dd853025939b,Brittany Wise,46599193,49,2,98,2024-03-25 03:47:59.940855,shipped,00802,VI,VISA 16 digit
48e0f959-ba66-4cf8-8893-3e1fce35e9c7,Marie Rangel,75415037,68,5,340,2024-01-25 23:32:54.356806,shipped,00801,VI,Discover
7113d7ef-c17b-4611-be2f-b1e813b32837,Jessica Smith,98649273,32,3,96,2024-04-10 01:51:54.472009,pending,00802,VI,VISA 16 digit
edc3b1e4-ce1d-40fe-8498-301132500ef5,Bruce May,31745550,77,5,385,2024-04-24 11:00:31.600116,pending,00805,VI,Diners Club / Carte Blanche
d71d7824-8659-4544-ad0c-11d122e52cd3,Joshua Tapia,02381695,43,2,86,2024-06-08 21:44:07.986154,shipped,00805,VI,Maestro
7919ed25-2d51-4b9a-ade2-32cacb4f125f,Megan Jenkins,68097943,22,5,110,2024-03-16 17:53:14.883742,pending,00805,VI,VISA 16 digit
507c9642-81bd-4228-883f-5ba6f293ea35,Joanne Galvan,18400908,31,10,310,2024-05-19 06:50:18.772177,pending,00801,VI,Mastercard
70da40ad-a42d-42e1-ab89-9da5c8be2395,Richard Williams,53089717,82,3,246,2024-03-12 23:37:40.633333,shipped,00801,VI,JCB 16 digit
9aa5862d-3b98-47e5-92fe-f97f7b65be0c,Nicholas Anderson,96475249,95,5,475,2024-03-24 20:42:10.282362,delivered,00802,VI,JCB 16 digit
660d6bae-9d25-4236-8456-80c5bb228257,Margaret Avery,01563894,33,8,264,2024-04-19 01:15:48.042253,shipped,00804,VI,JCB 16 digit
1ddee4f3-64a5-4d60-aeec-34371433905e,Christopher Stevens,82765989,38,7,266,2024-03-04 12:08:39.695277,pending,00801,VI,JCB 16 digit
d9ae4c38-87a7-46a7-b622-41a1b68073c8,Andrew Lee,08189400,12,5,60,2024-01-24 15:35:25.869391,pending,00803,VI,Mastercard
eaea7ad9-52a3-413b-9af4-1b35b402ee31,Melanie Roberts,42295808,50,8,400,2024-08-22 02:26:27.196786,pending,00803,VI,Maestro
55a5eb9a-934d-4419-9b2a-b5e84daa3a77,Joshua Simpson,46264275,94,2,188,2024-01-20 23:44:18.239617,pending,00804,VI,Maestro
533ff76d-fc03-44f6-be16-4e0d1481cb07,Amy Davis,83186523,96,10,960,2024-01-25 02:00:49.250863,pending,00804,VI,American Express
dc1f1ac5-8d59-4a6a-bc7e-4efc1ca7cc76,Amy Beltran,42990703,4,6,24,2024-06-15 20:51:44.032435,pending,00805,VI,JCB 16 digit
868a69ba-80da-4840-a856-c5cabded4805,Nicole Velez,95496092,80,6,480,2024-07-20 09:09:12.075480,shipped,00802,VI,Discover
91680c7d-23df-4bd1-8b76-ca5613754667,Nicholas Anderson,23433403,30,9,270,2024-08-02 02:19:06.423952,delivered,00802,VI,JCB 16 digit
0b704696-e718-4bed-8c19-5d19c53db2df,Jacob Nelson,88956565,33,8,264,2024-05-23 19:26:16.944138,delivered,00803,VI,Mastercard
5717aad4-0655-4587-a565-7ffedc306c0f,Margaret Pineda,27653852,16,10,160,2024-06-12 15:05:08.123000,pending,00805,VI,VISA 13 digit
589caa52-e7c1-4261-8fff-34f20661b1f0,Emily Murphy,36055999,35,2,70,2024-07-27 21:14:23.010536,shipped,00802,VI,VISA 16 digit
9de14663-518e-4569-8eda-d4c470026c85,Ronald Mcintyre MD,66807254,17,10,170,2024-02-23 21:59:58.304973,pending,00804,VI,VISA 19 digit
1ed27f44-c436-44f6-9f91-9d61906d5e2e,Joseph Miller,63482904,5,8,40,2024-03-16 18:41:41.372367,shipped,00804,VI,VISA 16 digit
f0a20a63-b292-4612-9dbf-a88899c0596e,Shannon Sullivan,52204920,42,3,126,2024-01-01 16:53:25.141479,shipped,00802,VI,Diners Club / Carte Blanche
d1fac3d8-bf8a-4538-93ae-07e98d986fc3,Danny Johnson,65931882,13,5,65,2024-06-20 10:42:15.084055,delivered,00804,VI,Maestro
372e5a5f-15f2-4a70-9e05-c69a812fdb50,Julie Cole,00947725,92,6,552,2024-07-16 19:54:40.209245,pending,00805,VI,JCB 16 digit
4de217c6-48f5-4909-bee6-32ab99c6d4b9,Natalie Diaz,24120920,87,10,870,2024-06-23 06:50:41.890682,pending,00802,VI,JCB 15 digit
5adb75ea-32ba-41f0-b6de-4864dcc62fcb,Melanie Mendoza,19525204,80,6,480,2024-06-24 19:27:25.862121,shipped,00801,VI,VISA 16 digit
6f65949b-7b76-4499-949a-0c1f8884c963,Amy Beltran,94204964,76,9,684,2024-02-05 04:06:31.204941,shipped,00805,VI,JCB 16 digit
7fd449db-a9ab-4ef2-b076-1a5f9da1cbd4,Mike Torres,81138647,11,1,11,2024-09-05 05:54:21.044362,pending,00805,VI,Mastercard
81a76b0a-9cbd-43bf-8e2a-41e266199875,Joseph Lyons,18279979,49,2,98,2024-06-27 16:26:03.778418,pending,00803,VI,American Express
d954b229-f7f5-475d-96a5-ebb811b7448e,Faith Bautista,04482017,71,5,355,2024-02-23 10:09:22.264047,pending,00804,VI,American Express
c698d04c-e023-4e5d-8595-ee304859d47e,Jason Green,04025504,49,3,147,2024-05-04 22:52:36.117355,shipped,00803,VI,Mastercard
94fb6225-0736-427a-b1d7-d3b6ae071cc7,Christian Powell,78225206,31,4,124,2024-08-30 18:44:26.992521,delivered,00804,VI,VISA 16 digit
15f6c6de-a6e3-4ff1-a7cd-9fdd7c6e07d2,Adam Sandoval,63059748,27,6,162,2024-01-10 06:08:04.086707,pending,00805,VI,JCB 15 digit
312e4bfc-3c2c-484e-8b11-6e72332b320e,Emily Murphy,01624274,91,3,273,2024-07-29 08:28:16.852204,delivered,00802,VI,VISA 16 digit
9181a5ab-22f1-499b-ac80-69e401524ab3,Courtney Goodman,04590750,51,2,102,2024-01-22 22:24:16.182819,shipped,00802,VI,Diners Club / Carte Blanche
2412ba6e-912e-4174-bf8c-94fb959eb74f,Joseph Castaneda,28591924,78,7,546,2024-07-07 17:23:14.314353,delivered,00801,VI,VISA 13 digit
1fcbe746-9279-412d-8107-80d9ef2267be,Crystal Reynolds,68511456,92,1,92,2024-01-22 19:33:22.784760,shipped,00801,VI,Mastercard
77491af2-0399-47d5-ad51-b530b4973bd6,Rachel Marks,36538829,5,3,15,2024-05-08 14:33:59.513340,shipped,00805,VI,VISA 13 digit
b41342e1-f721-48bc-8757-0dbf7e0b4ff2,Seth Boyer,19585079,64,6,384,2024-07-19 05:08:44.728625,shipped,00802,VI,VISA 19 digit
7a5b4689-09e0-4e5a-8535-eb836b0dea32,Margaret Avery,39478894,61,4,244,2024-08-20 23:36:48.326655,delivered,00804,VI,JCB 16 digit
82a090b5-0e08-4ef5-b4df-766041e85651,Catherine Warren,87865653,44,7,308,2024-04-04 16:52:26.280770,shipped,00803,VI,Diners Club / Carte Blanche
e5cb6c73-9b9c-4fdd-9e68-9d38a38cd653,Bryan Avery,36975259,87,9,783,2024-05-17 18:25:21.307338,shipped,00801,VI,VISA 16 digit
6b15ea22-e7fa-4d8a-8cbe-cda79fff88c6,Michael Flores,42646518,100,9,900,2024-06-29 17:41:25.088453,shipped,00802,VI,American Express
b156b5e9-ebd9-472e-ae20-18d604b25a95,Amy Davis,66642893,48,4,192,2024-06-10 09:47:26.427449,delivered,00804,VI,American Express
42a148f2-3888-4db0-aa28-dc9aa4615a89,Andrew Lee,33761671,4,6,24,2024-04-01 22:11:14.846553,delivered,00803,VI,Mastercard
91a7218d-cad7-49cb-9ac0-1aa3fc6b77ee,Stefanie Arroyo,87363050,21,10,210,2024-04-27 12:41:26.253345,shipped,00801,VI,JCB 15 digit
076164e9-b8f1-4e27-8e6f-a9df07ea8b89,Megan Jenkins,88588179,48,2,96,2024-03-06 11:16:24.569092,pending,00805,VI,VISA 16 digit
99a4e7a7-3ba2-4472-b721-30f5d66f9202,Craig Walker,85153660,91,6,546,2024-03-17 12:42:02.736030,delivered,00804,VI,American Express
7d791394-23b8-4403-94ac-7b616f1ac0f0,Brittany Wise,76422768,1,3,3,2024-07-21 03:26:25.831098,pending,00802,VI,VISA 16 digit
8f8eb374-4c9a-4921-add3-7df41c3238a5,Margaret Pineda,16548947,13,6,78,2024-03-29 00:17:24.599036,shipped,00805,VI,VISA 13 digit
fafb6777-8d61-49a9-92e2-9c8a81cd3772,Kyle Conway,57683386,10,6,60,2024-06-26 10:44:49.201014,shipped,00802,VI,VISA 19 digit
43fb4858-1fa1-468d-94ef-b0e57379db7e,Caitlin Webb,91224873,22,2,44,2024-05-24 15:10:12.466532,delivered,00804,VI,JCB 16 digit
60f5e6b8-e2e7-4ad0-8515-cd2e3faffb1c,Julie Cole,37798376,81,8,648,2024-07-08 07:46:27.771768,delivered,00805,VI,JCB 16 digit
3ecebd6e-98e4-4dfd-8b71-a4a6aa22c221,Thomas Miller,66413905,100,9,900,2024-02-02 08:10:59.389284,pending,00803,VI,VISA 13 digit
1a99f8b2-de87-4fa1-b330-4e91be986ea3,Seth Boyer,45465970,79,8,632,2024-08-14 16:59:12.772969,shipped,00802,VI,VISA 19 digit
7a7458a6-e4ac-49a6-b120-8ce9bc1cedf3,Jacob Ross,52598463,61,3,183,2024-04-07 00:53:53.401352,shipped,00802,VI,VISA 19 digit
fda414ff-59a7-4535-99bd-f72b47f3a533,Christian Powell,61084681,100,9,900,2024-01-06 12:46:22.120811,shipped,00804,VI,VISA 16 digit
85f3d9e4-d04c-44a4-97f0-a0e90a344045,Walter Allen,74102143,35,4,140,2024-04-05 16:26:05.907482,shipped,00804,VI,JCB 15 digit
4802aa10-ed82-4657-a68f-5653475fd9e6,Emily Murphy,54548565,9,4,36,2024-02-13 04:37:08.481425,delivered,00802,VI,VISA 16 digit
cfe73b09-3433-41d4-8432-240f0c529e95,Melanie Roberts,16981652,89,3,267,2024-04-25 11:53:17.509344,delivered,00803,VI,Maestro
a6249799-0394-4a5c-8c4a-c8db67136daf,Amy Beltran,64666624,92,10,920,2024-03-25 07:14:00.060945,delivered,00805,VI,JCB 16 digit
1c7780e5-97de-4be3-b259-293dd02157df,Philip Wolfe,63091731,76,5,380,2024-05-20 17:32:33.236289,delivered,00801,VI,VISA 13 digit
313aa1a7-5869-45c5-b857-d1750a1794af,Bryan Avery,86908948,17,2,34,2024-05-27 18:08:48.802767,pending,00801,VI,VISA 16 digit
5f9e3c7d-0c92-4c49-a2c9-304aeea9aee0,Jason Dunn,62609074,94,3,282,2024-08-19 14:46:02.644410,pending,00803,VI,JCB 16 digit
fd15fc91-9bde-444b-b842-77ff0868a511,Julie Cole,53267887,63,2,126,2024-02-24 21:58:07.910218,shipped,00805,VI,JCB 16 digit
80db5b0a-c2b3-4eac-af7f-18e67f30ac62,Kyle Conway,31918824,7,1,7,2024-06-26 10:27:00.486386,pending,00802,VI,VISA 19 digit
66f51211-ca5a-4b5a-9270-fcedd3e971d4,Crystal Reynolds,74028917,49,4,196,2024-09-02 20:12:12.472312,pending,00801,VI,Mastercard
bf1073a5-a3d4-45ba-a8bd-6f8c617bc678,Miguel Mercado,62276696,54,4,216,2024-04-28 00:48:35.094154,delivered,00805,VI,American Express
376bbe70-a0fb-4119-a67e-8f9591c86ec3,Timothy Brady,70930917,20,9,180,2024-05-23 09:18:01.270933,delivered,00805,VI,VISA 16 digit
2efc1c69-520b-4611-b3a8-5765bf7776c9,Nichole Odonnell,86124782,64,4,256,2024-04-21 00:27:45.355999,shipped,00804,VI,VISA 13 digit
5b8c7443-b7a6-4eb3-8e31-b5f6416c343c,Michael Flores,42386896,54,9,486,2024-04-07 16:31:54.349625,shipped,00802,VI,American Express
6a2f9d94-1a95-4f3c-ad25-ba371923c2ca,Courtney Goodman,67792474,92,5,460,2024-03-05 03:13:16.069769,shipped,00802,VI,Diners Club / Carte Blanche
9eada35c-9ee9-4966-b079-904bcd06fdb6,Shannon Sullivan,44083274,23,5,115,2024-07-04 20:15:51.529048,delivered,00802,VI,Diners Club / Carte Blanche
6300c568-c513-4165-ba5b-a4412027921f,Ronald Mcintyre MD,83232503,76,10,760,2024-05-15 08:12:07.436904,shipped,00804,VI,VISA 19 digit
66bcfdd5-85fb-4fa0-a6e6-5b0f26a09fa8,Courtney Goodman,84992994,12,3,36,2024-05-22 05:58:07.597992,shipped,00802,VI,Diners Club / Carte Blanche
d16dadb9-6b3f-40ab-9f13-b064508aee4a,Timothy Brady,07253331,33,9,297,2024-06-24 11:27:26.712076,pending,00805,VI,VISA 16 digit
e2654ee4-aad8-4a5c-b589-81118435b7b9,Rebecca Perry,90465420,26,7,182,2024-01-05 19:07:04.007520,delivered,00805,VI,Diners Club / Carte Blanche
8781b4eb-41db-44b2-ba6f-0e9239882b83,Arthur Alvarez,75270933,85,1,85,2024-04-04 22:49:28.145797,shipped,00805,VI,VISA 19 digit
882f7d5f-c25e-4914-a5aa-51c1d1e12b1d,Nicole Gordon,23355934,84,7,588,2024-05-03 07:06:46.828972,pending,00802,VI,Diners Club / Carte Blanche
449a09f9-289c-41f4-99c9-96700949ac2b,Walter Allen,71073415,96,10,960,2024-01-21 05:38:37.463050,pending,00804,VI,JCB 15 digit
ad70791b-6a7e-4a2b-87ef-f5327cf18d0e,Joshua Tapia,60640383,8,5,40,2024-05-17 17:29:32.004885,delivered,00805,VI,Maestro
ad05bc27-62ac-4a3d-bc45-1a8f5a692212,Christian Powell,80713432,71,3,213,2024-03-09 20:15:44.854847,shipped,00804,VI,VISA 16 digit
0e611d31-10fd-4960-b24f-c11551e1afa4,Robert Hampton,87165999,45,5,225,2024-02-29 11:06:33.733996,delivered,00803,VI,JCB 16 digit
1d5c37b2-6fb0-4b70-a94a-4420dc10a63d,Brittany Wise,66325383,29,7,203,2024-08-18 18:49:05.944940,delivered,00802,VI,VISA 16 digit
ce92aacb-6b18-4fe2-987c-f0a7732d20d3,Melanie Roberts,19525204,80,3,240,2024-07-14 23:30:57.331870,shipped,00803,VI,Maestro
f09c5c0c-d7af-49c3-8425-f32d546b097c,Keith Francis,52098833,61,3,183,2024-01-15 01:35:32.751855,pending,00805,VI,VISA 13 digit
c505bd1d-ff54-4ad2-bbb6-49a789c9cd6b,Teresa Bowman,69421945,80,8,640,2024-05-07 05:59:25.636270,pending,00804,VI,Mastercard
38a8160d-fab0-4702-9351-e60cb78df4f8,Seth Boyer,03690390,46,7,322,2024-04-19 17:46:18.879485,pending,00802,VI,VISA 19 digit
67a1f218-dd4c-4369-b4ff-26b2458ee5d0,Shawn Shaw,94147346,83,6,498,2024-07-17 14:24:55.539271,shipped,00804,VI,Mastercard
23aa356b-d76c-4296-bb84-b5a1bd3471c9,Adam Sandoval,19104171,94,7,658,2024-03-08 15:36:32.866974,shipped,00805,VI,JCB 15 digit
fa6c4b30-0ac2-4039-9a03-2dd59c981de2,Margaret Avery,81282999,2,4,8,2024-01-08 18:28:45.293496,shipped,00804,VI,JCB 16 digit
2aa56a92-4e12-4206-a0c2-3c0d177c2d49,Christopher James,73839620,49,9,441,2024-05-24 03:59:01.353046,shipped,00801,VI,VISA 16 digit
704f931a-4224-4534-ad6c-c23e1eb9649d,Katherine Nunez,54890657,6,4,24,2024-07-16 05:14:59.695596,delivered,00805,VI,VISA 13 digit
7dbe1eaa-1e86-4a78-b007-cbdb3bce89ca,Marie Rangel,36431311,52,5,260,2024-01-26 01:04:09.447936,delivered,00801,VI,Discover
d038bf2b-2304-4859-a2d7-1224dc88f8dd,Benjamin Thomas,45359187,47,6,282,2024-07-02 08:13:42.755118,pending,00803,VI,VISA 19 digit
7008b0cf-09eb-49bd-bd7b-6c639344160e,Jessica Garza,39938688,12,9,108,2024-01-31 15:17:49.185066,shipped,00802,VI,Discover
addf242c-4f01-4386-8640-4f96821a26a8,Debra Hernandez,33026503,55,6,330,2024-07-10 00:48:01.878362,delivered,00802,VI,JCB 15 digit
95a19326-fabb-4aba-8e9b-dfdfb586797e,Kevin Edwards,68363130,85,4,340,2024-02-12 06:42:08.422298,delivered,00804,VI,VISA 13 digit
d9b72ec6-7b37-4199-b3c8-5d200c10b6d7,Catherine Warren,66097181,68,6,408,2024-05-11 13:54:35.461484,pending,00803,VI,Diners Club / Carte Blanche
e54a9fb1-ad43-47e2-b695-e44b772bbf1b,Jessica Sanchez,24672085,59,9,531,2024-06-16 18:24:16.187497,pending,00803,VI,JCB 15 digit
22db1d5e-cf3c-4225-ad0c-feb50e3ae045,Diane Mahoney MD,62489164,52,10,520,2024-01-31 07:12:15.225643,delivered,00803,VI,VISA 19 digit
ecb5894e-fcf1-4f47-956e-73efc59acd36,Jacob Ross,96816684,73,10,730,2024-08-17 07:46:01.173487,pending,00802,VI,VISA 19 digit
7a741f93-ebaf-47ee-8ab4-7556d727c477,Bryan Avery,52498817,33,1,33,2024-08-21 22:05:04.795940,shipped,00801,VI,VISA 16 digit
5fee59dd-d7bd-4e1a-89f3-41b309194623,Joseph Castaneda,29251353,26,2,52,2024-03-16 03:28:14.085427,pending,00801,VI,VISA 13 digit
58dbf8e5-5150-4840-b171-25789578fc5d,Christopher James,99885779,50,8,400,2024-01-02 04:10:58.052522,delivered,00801,VI,VISA 16 digit
eb865d11-32f2-488b-8946-7bd8d26928f5,Kyle Conway,71413358,58,4,232,2024-02-10 16:18:26.622967,shipped,00802,VI,VISA 19 digit
eeb6ae42-d2fb-49f0-94cc-fd90d1a3bfcb,Joseph Lyons,97190424,81,7,567,2024-04-23 06:06:37.302260,shipped,00803,VI,American Express
5fe3fa0b-0f45-48ed-808a-45eb32075d3f,Courtney Larson,66807254,17,4,68,2024-01-11 22:56:36.687953,delivered,00804,VI,JCB 16 digit
b0fde53e-b847-4140-b8eb-72089f7148ca,Amy Davis,41174647,46,3,138,2024-07-28 22:31:56.907936,delivered,00804,VI,American Express
15faf9f5-a942-4b4b-a025-6060066e7e66,Mike Torres,36975259,87,5,435,2024-08-21 08:12:51.138242,shipped,00805,VI,Mastercard
1b274119-a882-432a-a488-53c9f3f87604,Crystal Reynolds,58994344,7,1,7,2024-01-29 16:44:14.443544,shipped,00801,VI,Mastercard
b25cb0ab-9760-47e2-a00d-fcfb8d116584,Jason Green,55730501,78,7,546,2024-08-06 12:41:31.569532,shipped,00803,VI,Mastercard
1d4f3e5e-3002-45e7-ad73-4609c8444df6,Alexandra Spears,84556066,23,3,69,2024-03-12 09:31:25.121764,shipped,00804,VI,Diners Club / Carte Blanche
f405b973-9194-4c24-9cf8-aa2117a0682d,Christopher James,87069976,59,7,413,2024-06-26 22:21:31.894811,shipped,00801,VI,VISA 16 digit
ef4540cf-d5a7-4fe1-9da6-1e64e6ed8df0,Courtney Goodman,39001337,52,8,416,2024-06-05 23:32:33.398436,delivered,00802,VI,Diners Club / Carte Blanche
245b91d5-5864-4027-8df9-df902790ec7d,Faith Bautista,22532916,47,2,94,2024-04-16 06:51:07.363431,shipped,00804,VI,American Express
4de8d9fd-996a-4a9a-b5b7-360357828588,Roger Jackson,17503594,48,9,432,2024-06-04 05:54:25.372266,delivered,00805,VI,Maestro
f600a404-aec6-4296-9e6a-8a1a949caf6c,Richard Williams,43691128,46,1,46,2024-07-04 07:16:52.678060,delivered,00801,VI,JCB 16 digit
1c70fc73-4eba-406f-856d-3f8e638ef243,Nichole Odonnell,10934449,27,8,216,2024-08-18 17:30:24.243213,delivered,00804,VI,VISA 13 digit
a2b4e9aa-8c81-47d9-aa43-3d51f607febb,Kimberly Robinson,00476058,83,9,747,2024-09-03 12:14:13.991806,pending,00801,VI,JCB 15 digit
726976ce-c2da-4e97-8581-7a4556802b63,Stefanie Arroyo,89278611,89,9,801,2024-03-25 05:41:10.291495,delivered,00801,VI,JCB 15 digit
41045c92-c5f0-4210-be49-812e8be5864d,Jacob Nelson,72286791,23,6,138,2024-08-13 04:02:13.616293,pending,00803,VI,Mastercard
804422a3-db52-4c3d-b8c7-25cb26fb215b,Joseph Lyons,61617346,13,9,117,2024-08-11 22:35:36.514166,delivered,00803,VI,American Express
1a097ba6-4541-4a99-9d74-74f935f6f0fc,Kimberly Robinson,50796083,4,5,20,2024-03-25 21:45:31.861912,shipped,00801,VI,JCB 15 digit
6c4243c3-5d89-416d-a163-addeddccb006,Michael Flores,48607711,22,2,44,2024-07-31 21:38:54.784332,delivered,00802,VI,American Express
855e5674-411b-4827-becf-9737394b47c0,Brittany Wise,82630683,65,6,390,2024-02-20 17:03:09.759667,shipped,00802,VI,VISA 16 digit
0d20e0e9-31df-4243-a099-fdf168070855,Walter Allen,22521194,85,10,850,2024-01-01 11:02:28.000857,delivered,00804,VI,JCB 15 digit
ef9f5fe1-3a02-4d20-9077-cd08fddaa3a8,Nicholas Anderson,64020846,33,3,99,2024-02-03 02:53:26.560194,delivered,00802,VI,JCB 16 digit
e551c751-a5f0-4d57-ab99-7c5051775fbd,Joseph Miller,18400908,31,10,310,2024-01-23 21:16:33.097514,delivered,00804,VI,VISA 16 digit
ae05e389-1904-4650-ae9e-ef48e2003f43,Kyle Conway,99332211,93,1,93,2024-08-22 19:47:58.821638,pending,00802,VI,VISA 19 digit
8a445319-6c25-49bd-91d5-5c2029450d1b,Rachael Boyd,24586764,62,3,186,2024-02-01 06:11:32.367707,pending,00805,VI,Discover
0a71cb73-83a1-45f6-94f8-6fb984aa4f1f,Mike Torres,18078312,30,4,120,2024-08-09 01:05:00.790745,shipped,00805,VI,Mastercard
d3d835ec-f8ba-48ce-975c-8545ae98590e,Julie Cole,95549491,90,5,450,2024-01-12 07:15:01.217042,delivered,00805,VI,JCB 16 digit
29a3664d-3397-42e5-91eb-b0fd912ca0ff,Samuel Perry,29993581,71,10,710,2024-07-26 02:12:28.374106,pending,00801,VI,Discover
9404d3b2-79be-4c62-a122-36a979f60146,Courtney Larson,85599208,1,10,10,2024-01-10 06:25:51.182922,shipped,00804,VI,JCB 16 digit
2abea99a-f5eb-4409-b0a2-0e41ae93ea22,Marie Rangel,56130959,27,2,54,2024-04-26 20:58:08.232081,delivered,00801,VI,Discover
be43ad13-36f1-498f-931d-dcf90ab7e041,Teresa Bowman,40660721,48,1,48,2024-08-24 14:33:07.864983,pending,00804,VI,Mastercard
6db1f5a1-89b2-4943-9b84-392630d16d57,Brittany Wise,13108496,81,8,648,2024-05-03 15:01:38.879745,delivered,00802,VI,VISA 16 digit
762c9fcc-df8d-4dc1-86ca-8438e001ee51,Catherine Warren,51098711,77,1,77,2024-05-02 20:05:31.096627,shipped,00803,VI,Diners Club / Carte Blanche
2fffbc93-e28f-4412-942b-afc8cd6cc787,Katherine Nunez,88283210,31,8,248,2024-03-07 23:12:31.355230,shipped,00805,VI,VISA 13 digit
91549b74-6fd6-4ff6-b2e3-163c8454e286,Caitlin Webb,64818986,12,9,108,2024-01-06 04:42:05.734170,delivered,00804,VI,JCB 16 digit
7b693466-461c-48c2-86fb-89dd6b943a64,Zachary Barrett,68699697,10,5,50,2024-08-28 00:11:04.584977,pending,00802,VI,Maestro
05b3c521-ed26-452f-9573-0b811650db7f,Jacqueline Peterson,71977041,71,6,426,2024-05-10 17:25:39.668263,delivered,00804,VI,VISA 19 digit
eb953358-85fc-4845-ae33-a9ccc155bdb9,Adam Sandoval,10413562,14,7,98,2024-02-05 09:48:47.496305,shipped,00805,VI,JCB 15 digit
1010b17b-5618-4f69-8813-c038b51ccde0,Jacob Nelson,22406538,44,8,352,2024-04-18 10:48:15.156466,delivered,00803,VI,Mastercard
02be53f0-3f92-4efa-9a7d-106f5d747d9d,Shawn Shaw,46250025,3,4,12,2024-05-26 23:58:53.166075,shipped,00804,VI,Mastercard
f513f471-4cf0-4224-9236-81d4c3b31da6,Christopher James,15704122,15,10,150,2024-01-27 10:48:03.301525,delivered,00801,VI,VISA 16 digit
4b1692dc-56e2-4b59-ab98-fa0fb1835ad7,Mike Torres,79699181,23,7,161,2024-08-22 23:28:47.735645,shipped,00805,VI,Mastercard
bc66141c-49e2-410b-9d00-ffbba94a08f6,Diane Mahoney MD,59880158,64,7,448,2024-08-11 22:37:44.258891,delivered,00803,VI,VISA 19 digit
a206d618-62e4-407b-ae10-1fbc71f93fc4,Anna Henderson,88956565,33,6,198,2024-08-11 18:40:18.110276,delivered,00801,VI,JCB 15 digit
481012e5-1a8a-4b3a-9983-7199aae4999f,Walter Allen,63105667,61,5,305,2024-08-27 21:01:04.732679,pending,00804,VI,JCB 15 digit
