2f8971bf-eb87-406f-831d-07218104499b,Christine Garcia,73458609,67,1,67,2024-04-23 07:57:12.460646,delivered,46062,IN,Diners Club / Carte Blanche
95d528b3-9262-42c8-8298-2a1b1687e34f,Patricia Martin,60623263,23,4,92,2024-08-03 10:14:49.137357,pending,47216,IN,VISA 19 digit
fb3452fd-a50d-42c7-b0d7-416fd761b5a4,Deborah Mcdaniel,70323191,52,8,416,2024-06-13 09:35:00.174799,pending,46553,IN,VISA 19 digit
1c7194c1-a40c-40e3-831c-554e311235e2,Jamie Hess,88126630,86,6,516,2024-07-06 07:15:19.455079,pending,46333,IN,JCB 15 digit
67a657b5-9ec1-49a7-9d56-178fadbbb754,Andrea Dixon,13061043,18,5,90,2024-07-30 03:05:52.864292,shipped,47298,IN,VISA 16 digit
aa630dda-b32a-48ce-8ada-3b9801c76ef4,Zachary Huber,48693707,48,9,432,2024-02-11 23:08:07.332046,shipped,47903,IN,American Express
e801d74f-b53c-40aa-88ff-e7f6ff5ab509,Shannon Allen,23316348,76,8,608,2024-06-11 04:26:44.068029,pending,46655,IN,JCB 15 digit
fd71cd5e-a931-4a00-b723-bb28e98fad75,Tabitha Simmons,55096133,62,5,310,2024-04-06 12:07:50.328768,pending,47275,IN,VISA 16 digit
d00e10de-4957-49db-9cf3-2ef9f742c33a,Julie Harmon,59156048,22,10,220,2024-01-07 17:47:16.282740,shipped,47043,IN,VISA 16 digit
33c8212e-2a51-4d29-a37a-2da530de7258,John Cruz,05583669,76,10,760,2024-03-03 11:18:20.580889,shipped,47605,IN,American Express
765a3d9e-1077-4124-a182-b5b7b11daed5,Robin Mcknight,27523414,52,8,416,2024-03-29 13:18:34.847721,delivered,47115,IN,VISA 19 digit
406c604a-59ac-4bd1-b594-ae2a46c519ff,John Richardson,72492697,86,8,688,2024-04-29 23:57:22.567231,shipped,47333,IN,VISA 16 digit
f574b2aa-113b-4a0f-883f-79d3c9cf0416,Christy Ortiz,32081305,60,6,360,2024-07-11 10:17:25.568342,pending,47328,IN,JCB 16 digit
57a75f3e-66d1-48b9-b7c3-66d27d1f1a7b,Ryan Phillips,73274872,34,2,68,2024-07-09 14:12:19.589763,shipped,47862,IN,JCB 16 digit
7ed59161-7648-4136-a5be-0585e6cffffe,James Boyle,86165112,80,6,480,2024-07-16 12:11:31.246804,shipped,46071,IN,JCB 15 digit
1cdf78f4-5ac5-41ed-9f17-9afcdf6c1e26,Sean Pham,51098711,77,2,154,2024-01-12 16:17:39.926350,delivered,46277,IN,Maestro
3a5d8f52-d4b8-41f4-9f37-6fbef4568859,Johnny Castillo,29555789,44,5,220,2024-03-27 01:57:13.236162,shipped,47834,IN,VISA 16 digit
ed6caf37-c736-4f8e-9cd2-630164d212f0,Gary Clark,17663366,58,4,232,2024-06-21 23:36:46.012755,shipped,46667,IN,JCB 16 digit
76d02bae-4885-4a65-a2f1-c6805f4d0cee,Andrew Santos,32565164,13,6,78,2024-01-29 20:12:29.247511,shipped,47901,IN,VISA 19 digit
ac4d8757-202e-4125-90c9-7bd73a0a5cb2,Thomas Greene,87363050,21,9,189,2024-05-05 07:31:58.353258,shipped,46522,IN,JCB 16 digit
5926803d-6c6f-4c86-beb4-1108277e33d9,Andrew Arellano,82065393,29,10,290,2024-03-08 13:30:19.655394,pending,46064,IN,VISA 16 digit
0f603a1c-22d8-4425-bf2f-daa5b1b1857a,Charles Porter,72853054,83,9,747,2024-03-02 07:18:31.495126,delivered,46733,IN,VISA 16 digit
4e71a145-ca25-4d87-a18a-76886215dd89,Sean Pham,54890657,6,7,42,2024-08-20 05:19:22.195537,shipped,46277,IN,Maestro
05756e9e-7a60-411f-bf23-249f86543428,Andrew Santos,55579193,25,7,175,2024-08-05 23:56:46.838992,shipped,47901,IN,VISA 19 digit
28ee7b9d-0e65-45f9-95d5-9aa6c3c0bea0,James Boyle,38140051,74,9,666,2024-04-01 10:23:59.905172,pending,46071,IN,JCB 15 digit
38a43bab-aa7b-4bfe-9c5f-c6e4672dd988,Jordan Morgan,61915213,92,5,460,2024-03-18 16:41:36.477943,delivered,47381,IN,JCB 16 digit
bf774d68-01d5-4ccb-980f-9e0b5d826235,Patricia Martin,42867289,12,7,84,2024-07-24 10:17:46.693447,pending,47216,IN,VISA 19 digit
bdf6eec3-e8cf-4ffc-9851-c473f8645d28,Sarah Hunt,71710990,71,1,71,2024-05-22 12:30:02.157242,shipped,46113,IN,Maestro
924c657c-2ca3-48c8-8269-fd373bf3566b,Valerie Henderson,35792888,29,9,261,2024-03-06 06:06:58.790098,shipped,46755,IN,Diners Club / Carte Blanche
deac8ac5-6ab9-48bf-988e-683182911796,Jennifer Green,59030669,27,5,135,2024-04-06 05:01:10.374328,shipped,46539,IN,VISA 16 digit
89d32e02-7b4d-43bc-92d7-c3688ecbae71,Mary Henry,22524683,84,4,336,2024-03-21 21:03:46.197733,pending,47145,IN,Maestro
b64fe78d-64ce-4621-a8ae-a3b0f1d04599,Marcus Perez,31421065,43,3,129,2024-05-03 19:22:54.158528,shipped,47939,IN,VISA 16 digit
3f00fc4f-a54a-496f-ad6c-791b9b88147d,Johnny Castillo,27385432,91,2,182,2024-01-02 02:26:39.810004,shipped,47834,IN,VISA 16 digit
ffea99fc-277a-4560-bed3-d4eb2e629c6c,Jesus Obrien,21897122,20,7,140,2024-06-13 20:29:48.981540,delivered,46152,IN,JCB 15 digit
aa08c983-3270-4cae-8c72-43752ed3ee9c,Mallory Stephenson,37774189,23,8,184,2024-01-14 16:40:09.142974,delivered,46125,IN,Mastercard
72942ee6-3ee8-424b-ad5f-ada87447716f,Mary Henry,57473758,22,10,220,2024-04-20 13:48:14.833596,delivered,47145,IN,Maestro
99e09eda-f884-4bd8-a583-1722d2c52c8c,Christina Ellison,23960619,100,9,900,2024-03-30 04:06:51.322941,delivered,46240,IN,JCB 16 digit
4252fa2d-5ee9-4ce7-abd6-65206eb23317,Ryan Phillips,49725650,55,9,495,2024-07-31 20:29:44.054006,pending,47862,IN,JCB 16 digit
68e824d3-f59f-4120-8232-78e4ce9e4270,Jennifer Green,12745470,92,2,184,2024-02-06 12:57:29.232697,delivered,46539,IN,VISA 16 digit
58484337-639c-462a-8b7b-f934894834cc,James Boyle,90087110,16,9,144,2024-05-19 10:40:19.415620,delivered,46071,IN,JCB 15 digit
532bc3b8-3a67-4c1f-b38d-66b336c0f9cd,Christine Garcia,45745249,26,7,182,2024-01-10 08:57:51.214752,delivered,46062,IN,Diners Club / Carte Blanche
675683c7-445c-4868-b6b2-9b036c55cfcc,John Shelton,26980201,27,6,162,2024-01-21 01:29:23.071695,shipped,47916,IN,VISA 13 digit
089f2c03-a3e7-4e72-8ce6-85d65c2b4103,Gary Clark,04703549,58,8,464,2024-05-12 03:11:36.866768,pending,46667,IN,JCB 16 digit
0cb052f9-7757-4061-9090-03ab1a7cf62d,Charles Porter,41029398,96,1,96,2024-08-20 17:07:30.995114,pending,46733,IN,VISA 16 digit
883c3974-08fa-4a8a-93a3-cee5a780eea5,Dylan Campbell PhD,41937266,87,2,174,2024-05-19 08:23:52.574331,delivered,46246,IN,VISA 16 digit
800e7bca-8a53-4d78-87c2-fa572348e591,Curtis Collins,87165999,45,2,90,2024-05-26 13:45:44.077868,shipped,46100,IN,Maestro
f804e0a7-1669-46ac-95a5-06f7b5c94140,Paula Johnson,96949542,80,4,320,2024-01-23 01:27:53.112105,shipped,47842,IN,Diners Club / Carte Blanche
39bd315c-ec40-4819-8c3d-3ae689ba62ba,Andrew Arellano,57621654,74,5,370,2024-07-11 23:05:49.228596,delivered,46064,IN,VISA 16 digit
7619029d-bb7c-402c-826c-e78b129f87b0,Samuel Decker,24670074,16,9,144,2024-08-09 12:27:49.520452,shipped,46999,IN,American Express
6e0216ab-ede9-4a19-891d-90644417eca4,Michelle Dorsey,71073415,96,3,288,2024-06-26 12:18:47.168837,pending,47862,IN,JCB 16 digit
cbf1228c-9071-4c36-acd5-e415ce7edd8c,Brian Martin,17912020,95,7,665,2024-01-15 01:49:45.926910,pending,46414,IN,VISA 16 digit
6fb5bfbc-bfd9-4456-9b93-96648e9cdf15,Sarah Stone,43454358,59,6,354,2024-02-08 15:23:23.703805,delivered,47614,IN,Discover
29c7dd95-ede5-43b5-8afe-6d785561d1e0,Judy Morris,71411989,2,4,8,2024-04-08 23:22:37.929939,pending,46673,IN,VISA 19 digit
d3f73344-cd38-4bf2-a271-aeeed1e08af7,Jennifer Davis,69536960,28,10,280,2024-07-19 22:40:49.251750,delivered,47236,IN,Mastercard
323bab14-fb90-4cd0-9af2-c51c5a6e1b3f,Sarah Hunt,21888816,74,5,370,2024-01-09 00:07:34.689901,delivered,46113,IN,Maestro
de5a4a79-0103-4bb9-aa27-031e90a3a8d1,Julie Harmon,96110577,78,5,390,2024-02-13 16:26:32.162292,pending,47043,IN,VISA 16 digit
d094293d-03e3-48b6-9b9c-9c322887241b,Kenneth Mitchell,74065479,24,4,96,2024-01-12 10:06:19.910405,delivered,47547,IN,JCB 16 digit
93dfab4a-244b-4d24-9fd3-2cf91a32fba2,Paula Johnson,68613556,82,9,738,2024-07-06 19:44:58.895648,pending,47842,IN,Diners Club / Carte Blanche
d2b253fa-d2f3-4adb-94d9-38292c82a191,Jennifer Green,66193265,6,7,42,2024-06-22 15:01:36.950036,pending,46539,IN,VISA 16 digit
7193cbb6-c1ce-4592-b297-9c3b258b1ce8,Erik Rose,02138701,1,3,3,2024-02-06 14:46:59.853392,shipped,47907,IN,Maestro
58616b07-0344-453c-9c9b-991a2d7fa8ce,Matthew Anderson,63445572,71,6,426,2024-03-02 05:35:22.537252,delivered,47664,IN,VISA 13 digit
35672aaa-bfa0-452e-a159-57725631d08e,Gary Clark,66097181,68,5,340,2024-05-23 11:27:02.300174,delivered,46667,IN,JCB 16 digit
82200a24-c715-45f3-9367-3a8d931c034f,Jenny Parrish,56801491,57,4,228,2024-06-03 04:47:59.582086,shipped,46747,IN,Maestro
3164f286-09d4-4a6c-a34e-4c8991fe58b3,Nicholas Wright,23316348,76,4,304,2024-06-26 20:18:16.444384,delivered,46208,IN,JCB 16 digit
40184c80-1fcf-4523-b56d-a1e8c6105cc2,Jennifer Davis,17139823,40,7,280,2024-05-13 19:28:16.668825,shipped,47236,IN,Mastercard
d5ab32d2-9fa3-4f47-9fdc-dc5950e1d5d3,William Kelley,28078845,73,7,511,2024-05-15 07:53:33.338448,delivered,46781,IN,Maestro
dc8f2972-3c9b-4260-83da-2b87de4cc8d6,Susan Patrick,99885779,50,7,350,2024-03-14 09:32:24.212809,shipped,46412,IN,VISA 13 digit
5cec0571-767b-42e1-866a-afbce85e8dce,Andrea Dixon,94637359,83,2,166,2024-04-02 09:52:29.010519,delivered,47298,IN,VISA 16 digit
fc182e7b-b1e5-4675-8ef8-cfe75217ad64,Sean Pham,59030669,27,3,81,2024-09-06 03:21:15.108050,shipped,46277,IN,Maestro
f8b52faf-ec00-4938-8746-18e3a7b11e3a,Curtis Collins,75415037,68,10,680,2024-04-09 15:27:33.046438,shipped,46100,IN,Maestro
f53fd0b3-dcb1-42db-b7d2-1a5de0cdcc76,Ryan Phillips,85630918,58,10,580,2024-08-30 10:01:47.066323,delivered,47862,IN,JCB 16 digit
98b45525-83de-4455-afff-336d213af59a,Jamie Hess,88126630,86,7,602,2024-05-25 19:04:13.545767,delivered,46333,IN,JCB 15 digit
8f9c7e19-e5af-4d22-b0d9-5f03f0a65f98,Andrew Arellano,48003827,34,9,306,2024-04-27 15:06:59.231262,delivered,46064,IN,VISA 16 digit
9ccae5d0-a1b5-477a-bb1d-c80265b9125f,Cassandra Taylor,60640383,8,1,8,2024-08-22 02:21:43.093395,delivered,46232,IN,Discover
5636156d-0bd5-4650-be9a-969ff2f19003,Robin Mcknight,16548947,13,4,52,2024-09-02 19:40:52.363553,delivered,47115,IN,VISA 19 digit
fb655226-55a3-47a9-9a68-17bde8e9ce2e,Michael Smith,47893047,51,2,102,2024-07-29 12:05:05.141813,shipped,46659,IN,Diners Club / Carte Blanche
2cfba658-c8ca-4569-8619-1bc6eb7ef12b,Anne Thompson,47198074,14,3,42,2024-06-16 07:25:50.954663,pending,47912,IN,Maestro
e9264cc0-a571-4d45-8dee-9d898cc77696,David Williams,66920434,97,9,873,2024-08-16 18:32:20.845919,delivered,47583,IN,Diners Club / Carte Blanche
7a3cfd50-f40c-4091-a765-17e706e2adbd,Sierra Gibbs,64666624,92,8,736,2024-06-21 21:40:57.275715,delivered,46277,IN,Diners Club / Carte Blanche
86d1bb2a-0224-4087-ac31-6aaf613e73b6,Jordan Morgan,93821285,15,2,30,2024-08-19 03:51:19.700487,shipped,47381,IN,JCB 16 digit
28960589-b70f-4116-9fbb-045d78efe4f5,Bradley Horne,26747484,14,7,98,2024-07-01 12:06:34.299425,pending,47809,IN,JCB 16 digit
1f411c18-27eb-4ca3-9388-63c949b35e6f,Anne Thompson,72034040,84,6,504,2024-01-12 23:41:23.409111,delivered,47912,IN,Maestro
9eff27f7-366b-4d3d-9c90-1905bc939cde,Julie Harmon,80526988,11,6,66,2024-03-28 05:10:37.039699,shipped,47043,IN,VISA 16 digit
e92d208f-73cb-4d40-9e3d-b7dd64aa1c0c,Morgan Ward,51322502,71,8,568,2024-01-24 02:52:54.709559,delivered,46175,IN,JCB 16 digit
942f9956-ae1f-4f25-8008-67100233f406,Tammy Kerr,66469377,6,2,12,2024-06-15 00:25:19.455998,shipped,46593,IN,American Express
47200d1d-34d8-46b3-9ce6-b1b952120abd,Cody Washington,84527486,47,4,188,2024-02-27 17:47:05.983435,delivered,47200,IN,JCB 16 digit
d6a42d6d-e1b3-4535-bc18-150fd8bf2912,Paula Johnson,42295808,50,1,50,2024-08-08 15:26:57.237385,shipped,47842,IN,Diners Club / Carte Blanche
54509a37-44c9-4063-9582-4eb7c45471a9,Sarah Stone,48003827,34,8,272,2024-01-12 08:51:41.404208,shipped,47614,IN,Discover
33d01ea8-ec67-4b22-8c4f-1de5d278b5b2,James Moses,84295569,81,4,324,2024-07-11 19:32:35.572438,pending,46690,IN,VISA 16 digit
a9639fad-a0d4-475e-ab46-acf7921f3bbe,Cynthia Vazquez,94231854,20,2,40,2024-01-11 05:14:31.087087,shipped,47629,IN,Diners Club / Carte Blanche
99f94279-7c41-4445-88a5-1104d38363a4,Dylan Campbell PhD,31235044,92,6,552,2024-05-07 00:40:03.573170,shipped,46246,IN,VISA 16 digit
2617e459-5503-4d63-835d-7562cc23d3a7,Mallory Stephenson,01563894,33,8,264,2024-02-25 19:37:25.404212,pending,46125,IN,Mastercard
4f0eb4aa-0c5c-495c-93f4-348b72bc287d,Jennifer Davis,02856612,92,4,368,2024-01-01 18:46:00.576678,shipped,47236,IN,Mastercard
935bf308-d498-4701-98a0-5c8b32b44f99,Susan Patrick,32396980,24,1,24,2024-07-18 04:46:37.655044,pending,46412,IN,VISA 13 digit
1655e0c6-4df0-4417-8241-7370647b8b18,Jeremy Liu,70512649,37,3,111,2024-07-01 18:15:24.128245,pending,47266,IN,JCB 16 digit
5401e6af-87d6-4fba-a50b-b060b6faeb4f,Steven Gardner,23665231,18,5,90,2024-08-02 04:04:54.117664,pending,47170,IN,American Express
029548e3-8c65-4dc1-9ef1-a1db12c2cb9c,Johnny Castillo,57473758,22,5,110,2024-04-11 18:35:13.765802,delivered,47834,IN,VISA 16 digit
3723c3e8-40b2-45b7-a07e-5f5cb418b1e4,Marissa Porter,54308336,24,2,48,2024-04-26 19:54:31.230887,delivered,47856,IN,Maestro
e84ead6d-0432-4edb-a178-473fab684cea,John Shelton,50796083,4,6,24,2024-04-01 08:58:14.474128,pending,47916,IN,VISA 13 digit
a86172a3-dd04-4925-be2f-5874ab8fdc8f,William Kelley,63197655,89,1,89,2024-05-06 13:59:38.784991,shipped,46781,IN,Maestro
672f7ccf-21f3-497f-bdb3-c4cf21cd73f6,David Riley,99788155,2,10,20,2024-05-15 08:02:12.568314,delivered,47393,IN,Diners Club / Carte Blanche
b04efffa-fd0b-49f7-81f4-e4ade7a857f1,Judy Morris,31961219,23,10,230,2024-07-23 15:25:35.382629,shipped,46673,IN,VISA 19 digit
285c0b02-76e3-4200-a968-20b7ee89e585,Dylan Campbell PhD,29555789,44,10,440,2024-08-14 18:46:48.990271,shipped,46246,IN,VISA 16 digit
3197a02c-9f0f-4e53-b6fa-6376d7801bd3,Gary Clark,93961325,45,6,270,2024-07-14 19:52:42.368380,delivered,46667,IN,JCB 16 digit
2736c2b3-daaf-45d1-9453-6fadcf3e0524,David Rollins,29251353,26,6,156,2024-04-27 05:40:44.857721,delivered,46562,IN,Diners Club / Carte Blanche
3b2b4138-7864-4bba-9c8d-6f1aacb14050,John Johnson,78376038,10,4,40,2024-09-04 23:36:30.857428,pending,46646,IN,VISA 13 digit
d2cb943d-c546-4bd0-8451-b99a5e36e26f,Andrea Dixon,51103132,33,2,66,2024-06-25 08:26:22.646558,pending,47298,IN,VISA 16 digit
cadb370a-754b-4243-a88a-16e0f3ff8d87,Bradley Horne,57642840,15,10,150,2024-03-28 08:12:22.139552,pending,47809,IN,JCB 16 digit
53b653fe-5180-4df7-957a-c359e1627dd1,Cynthia Vazquez,39737175,8,5,40,2024-06-21 17:41:06.573778,pending,47629,IN,Diners Club / Carte Blanche
9f2112f2-b9d9-495e-ae8a-14f8c94f87c8,Jennifer Green,88833811,96,5,480,2024-04-22 15:27:52.063169,pending,46539,IN,VISA 16 digit
ce781b89-eb3b-41fa-b34e-8de4c722b4de,Tammy Kerr,41838853,22,6,132,2024-01-11 15:13:35.474696,pending,46593,IN,American Express
ad52d420-ec8d-4c38-9ccb-6e945c92dd11,John Shelton,65931882,13,7,91,2024-04-19 06:18:08.780504,pending,47916,IN,VISA 13 digit
b9f4cc1b-d7c6-45fd-9689-447585177de4,Christina Ellison,74892365,85,2,170,2024-08-08 19:22:23.317621,delivered,46240,IN,JCB 16 digit
08d264f7-f65f-47cc-a53e-4708126ce87b,Kim Thomas,54890657,6,10,60,2024-01-08 15:12:36.439217,delivered,47437,IN,American Express
0b2e3486-25df-4537-919b-50c3e43f7ff2,John Briggs,62609074,94,9,846,2024-07-25 23:52:46.597198,delivered,47764,IN,American Express
1584e7b2-5e3e-458e-86e8-02b54a86cb05,Jesus Obrien,54548565,9,7,63,2024-05-11 17:54:54.947311,pending,46152,IN,JCB 15 digit
54283bde-6395-479d-b0b6-6757d9e4d0e0,Nicholas Wright,12598595,7,9,63,2024-08-01 13:02:44.063696,shipped,46208,IN,JCB 16 digit
ec269358-45f2-4d8f-8c4e-5d77245e930d,Valerie Henderson,04590750,51,6,306,2024-02-08 15:15:48.130414,delivered,46755,IN,Diners Club / Carte Blanche
bc11f526-0b5f-4030-b2fb-3256495ab3b4,Curtis Collins,07505393,84,1,84,2024-06-18 05:10:24.784184,delivered,46100,IN,Maestro
f2adda57-5d83-4546-924c-5167a3ecc2a9,Frank Diaz,78438347,63,3,189,2024-06-11 02:06:28.731210,pending,47168,IN,VISA 13 digit
51326849-3b29-4fa5-880a-a82293c5a1e6,John Richardson,14915338,32,3,96,2024-04-12 11:23:55.341933,delivered,47333,IN,VISA 16 digit
05447e37-d58a-44ca-a7e3-878081228920,Brian Ryan,10402085,92,5,460,2024-05-09 09:26:49.920632,shipped,47951,IN,American Express
a11b85bb-2747-4182-b381-f81ba2389867,Johnny Castillo,71411989,2,6,12,2024-09-02 17:54:31.335955,shipped,47834,IN,VISA 16 digit
0ae37718-a943-440d-93e1-898752f4ae9e,Sarah Hunt,22332271,82,1,82,2024-03-31 14:35:08.262948,delivered,46113,IN,Maestro
0adaa141-e850-4349-986b-79df5f2a0d72,Jennifer Davis,84992994,12,10,120,2024-03-08 17:16:30.290335,shipped,47236,IN,Mastercard
1be06bd4-5fa5-4c18-bf68-c714a6524251,Jesus Obrien,20211868,36,4,144,2024-03-03 09:26:13.193932,delivered,46152,IN,JCB 15 digit
92ac0abe-c227-43db-976c-e82d336dfe07,Marissa Porter,94637359,83,9,747,2024-02-18 13:17:09.093056,delivered,47856,IN,Maestro
63e25969-46c9-47ec-b467-4bf120e3308a,John Richardson,30531376,20,7,140,2024-03-14 06:50:15.311493,shipped,47333,IN,VISA 16 digit
7743762f-a8bb-494d-88c8-a351c75775d7,Christy Ortiz,86687287,99,3,297,2024-03-21 04:15:49.014831,delivered,47328,IN,JCB 16 digit
f47e5f53-45a1-4fea-a095-9c4647dad829,Gary Clark,02041308,68,5,340,2024-08-16 07:14:55.241094,pending,46667,IN,JCB 16 digit
98e9e310-acb9-45fd-8770-bc2b537f2f61,Autumn Baker,10886991,4,1,4,2024-05-04 15:05:18.374270,delivered,47344,IN,Discover
d1b1cf5b-662d-41f4-96f7-5cc421d9e3c4,Victoria Vasquez,06345297,93,6,558,2024-02-02 04:11:01.506867,shipped,47607,IN,VISA 16 digit
6ed576fe-a423-427a-95de-7f408c4dccb1,Kyle Soto,40456362,67,8,536,2024-08-08 21:47:12.310616,delivered,47824,IN,VISA 19 digit
7b0f09c3-5a22-4f78-bfe1-8ad2e5bd655e,Deborah Mcdaniel,45990113,56,3,168,2024-05-28 18:44:03.369002,pending,46553,IN,VISA 19 digit
47070e76-e37b-4deb-b965-5bd553df12ab,David Williams,18400908,31,9,279,2024-01-31 21:54:14.334035,shipped,47583,IN,Diners Club / Carte Blanche
0e6e7a3e-7cdf-41ba-a69b-b58472159ee2,Terry Garcia,55963985,43,7,301,2024-08-29 08:30:11.518262,shipped,46663,IN,Maestro
89da2052-6f0f-4128-a0ff-e2423c2f4060,Paula Johnson,09534995,42,10,420,2024-07-28 19:49:26.496439,pending,47842,IN,Diners Club / Carte Blanche
368202b6-d54e-4eb3-8a78-2e5351fb265a,Tabitha Simmons,98823017,89,5,445,2024-03-18 19:45:02.607134,delivered,47275,IN,VISA 16 digit
b8e2f5cc-f243-4fea-b6fd-a83190ff0f16,Brian Ryan,17912020,95,10,950,2024-02-23 09:40:33.861696,shipped,47951,IN,American Express
8ce740d7-e7a0-4661-b6e1-39bc7ead658f,Jesus Obrien,95549491,90,3,270,2024-04-17 15:08:18.883153,shipped,46152,IN,JCB 15 digit
ae2da292-5434-414c-8be1-87a78a821b75,Steven Gardner,50678587,99,3,297,2024-06-04 22:51:23.697627,shipped,47170,IN,American Express
c7052b9d-9516-4cfd-bab9-29d5d205bfdc,Brenda Mendez,40345093,70,9,630,2024-08-05 19:28:48.282310,pending,47184,IN,Mastercard
3eb6c0ca-6757-4064-82de-b033eda43b45,William Kelley,40576183,50,7,350,2024-03-17 20:41:21.507927,delivered,46781,IN,Maestro
770e6541-6848-4f98-9e1a-943b1c5ff0f4,Robin Mcknight,75038083,73,8,584,2024-07-21 13:09:26.253940,delivered,47115,IN,VISA 19 digit
362b5175-fcd4-4b68-afbe-0a4357aa14af,John Garza,39930453,33,3,99,2024-04-16 10:14:51.127377,delivered,46127,IN,Discover
d56ced22-bff4-43a8-9387-26fbbda2fd49,Rachael Snyder,63105667,61,9,549,2024-05-27 07:10:55.570905,pending,46536,IN,JCB 16 digit
5a23a606-92c2-4d3a-b90c-15603d23414d,Andrea Dixon,85353657,33,10,330,2024-05-19 20:39:21.292073,shipped,47298,IN,VISA 16 digit
30d4bbe3-0576-484c-b529-221d4d007f10,Karen Boyer,23086234,17,10,170,2024-02-25 12:19:38.415733,shipped,47438,IN,VISA 13 digit
9de900c1-8841-4d05-8cb5-b565dd8686ff,Andrew Arellano,39001337,52,5,260,2024-08-02 22:42:05.468004,shipped,46064,IN,VISA 16 digit
8751b5fc-4a71-4d85-8006-7571a0df7b52,Tonya Turner,71624204,18,9,162,2024-03-23 16:01:27.095036,shipped,47917,IN,Discover
755b882d-2387-4daa-9384-8b5aa857c8b3,Jamie Hess,86467292,62,3,186,2024-01-19 19:02:22.326272,delivered,46333,IN,JCB 15 digit
fbed026b-d505-4e95-b77a-5aeb96114888,Belinda Wade,32479645,67,8,536,2024-07-11 05:31:26.870100,pending,46185,IN,JCB 15 digit
0aca1fcb-c807-4809-aa24-77a424282124,Kim Thomas,70963083,79,4,316,2024-09-07 05:07:03.404500,shipped,47437,IN,American Express
d0f123d3-6993-4f28-b1b9-610d48fbc71f,John Richardson,32628913,49,9,441,2024-04-20 11:42:56.191537,shipped,47333,IN,VISA 16 digit
4e5adbba-a179-49c3-87cd-9c6d7bd9f174,Brian Martin,63091731,76,9,684,2024-04-26 21:55:26.511015,pending,46414,IN,VISA 16 digit
c894c33e-35b6-4992-a89b-4c5b55e28205,David Williams,91348210,35,8,280,2024-02-05 13:29:51.279491,pending,47583,IN,Diners Club / Carte Blanche
a7e592c6-5ab0-4b59-a795-09ab69f4ec02,Brian Ryan,49316414,25,2,50,2024-05-29 02:12:04.909725,pending,47951,IN,American Express
9f9c53f8-afd0-462e-ae87-c94573cf7c73,Susan Patrick,72834107,65,2,130,2024-01-30 23:36:27.569743,pending,46412,IN,VISA 13 digit
21a03ecc-ba82-4294-97d2-83d9560c7264,Dylan Campbell PhD,55579193,25,8,200,2024-05-07 03:37:25.978340,delivered,46246,IN,VISA 16 digit
c8dada53-97b5-4a6a-89a8-372ff635dae0,John Garza,09529434,34,4,136,2024-01-16 06:07:55.463409,delivered,46127,IN,Discover
d1f1215c-9de8-4725-be45-18ef23795dbb,David Williams,28899518,9,5,45,2024-04-14 16:17:38.359426,delivered,47583,IN,Diners Club / Carte Blanche
336cbd7b-a4c5-43a3-b21b-b2116f857d8a,Sarah Stone,71581866,26,6,156,2024-07-19 10:05:06.478905,shipped,47614,IN,Discover
cebb8911-2229-4f01-88f7-dd17afe4e54b,Christy Ortiz,47060104,45,2,90,2024-06-06 00:00:16.041115,delivered,47328,IN,JCB 16 digit
4a5e3205-94f4-4690-88f7-ab79ea10e037,Jason Gonzales,22086945,62,1,62,2024-04-03 19:23:00.719646,shipped,47164,IN,JCB 16 digit
4d31c52f-3f57-4737-a744-41a606b651e9,Cynthia Vazquez,47829510,17,7,119,2024-07-17 13:54:29.510293,shipped,47629,IN,Diners Club / Carte Blanche
a4898117-ad2f-4e1d-815d-307461e33fa8,William Kelley,22963901,6,7,42,2024-02-22 08:19:47.237566,pending,46781,IN,Maestro
1813b457-1535-4cfa-aa26-7b322790747f,Robin Mcknight,31345132,57,5,285,2024-06-27 10:37:49.219220,pending,47115,IN,VISA 19 digit
126c8cf0-fb81-45df-9011-fdd9ae8f776c,Kelly Palmer,64168432,77,8,616,2024-05-28 00:19:47.057937,shipped,47232,IN,JCB 16 digit
3cc0cd14-1edf-460b-8a3b-67dba58765d8,Jessica Hall,46013538,55,7,385,2024-05-03 21:41:27.203008,shipped,46652,IN,American Express
99094e3e-7367-4f82-841b-07e2e181403b,James Boyle,28706434,68,3,204,2024-08-27 03:06:44.831249,pending,46071,IN,JCB 15 digit
7da4f90a-746a-4e1a-95c4-12527e0b26fa,Christina Ellison,57383071,12,1,12,2024-05-10 01:53:15.322673,delivered,46240,IN,JCB 16 digit
c6202011-c76b-4381-9d0b-8e2f6824d061,Andrew Arellano,29251353,26,4,104,2024-05-19 02:11:51.352286,pending,46064,IN,VISA 16 digit
ee890f91-1c07-4a65-b623-fe4a8ff651c2,Kayla Cox DDS,42322214,27,6,162,2024-06-07 10:06:29.429597,pending,47091,IN,Mastercard
a7ffe9a9-4934-4125-80fe-5f96926a9194,Sierra Gibbs,50528134,81,1,81,2024-03-27 13:46:40.605076,shipped,46277,IN,Diners Club / Carte Blanche
2584d992-ed98-4cd6-a88d-a251af9002dc,Jennifer Green,46264275,94,3,282,2024-04-22 00:18:36.081286,delivered,46539,IN,VISA 16 digit
1a783478-893b-4aca-8521-7e0de9b3e047,Charles Porter,49316414,25,3,75,2024-04-20 05:43:05.930764,shipped,46733,IN,VISA 16 digit
282c6c0a-2dec-45e2-9488-72311f6e87c2,Erik Rose,93212564,62,4,248,2024-07-30 11:17:54.631691,delivered,47907,IN,Maestro
67ec5609-3064-41ac-b600-8324832ded26,Aaron Woods,40660721,48,4,192,2024-07-18 03:36:56.388935,pending,47602,IN,JCB 16 digit
