1839f6f3-c4d5-41d5-89ad-681ef2d96192,Terry Sawyer,83856198,10,10,100,2024-01-09 07:09:00.603901,shipped,83084,WY,Diners Club / Carte Blanche
7e7dd1ec-6934-46c4-8594-708ddcb322c7,William Harris,19104171,94,3,282,2024-06-20 20:56:28.699544,delivered,82585,WY,VISA 13 digit
2e48dbe2-075a-4e74-8585-c3b5493a4ef5,Erik King,70963083,79,5,395,2024-03-04 13:53:28.728896,pending,83117,WY,JCB 16 digit
d84a09f2-fb1b-44cb-8613-eff6448a72e9,Rhonda Delacruz,53089717,82,6,492,2024-03-30 17:26:57.988078,delivered,82708,WY,JCB 15 digit
281fa62f-b2fc-44fc-aec6-4c83bf91d697,Laura Cole,60489968,25,10,250,2024-07-31 03:55:32.402237,shipped,82025,WY,Diners Club / Carte Blanche
0c2dfdad-a80f-40fb-a71f-e70b8373b49f,Steven Jones,01060171,27,1,27,2024-03-25 12:22:37.790999,delivered,82954,WY,JCB 16 digit
7177a994-2c30-41a4-8008-416be902acde,Kim Faulkner,21411557,37,7,259,2024-06-02 10:20:09.799483,delivered,82087,WY,Discover
db681509-c59c-4cd6-8910-adaaece94214,Evan Freeman,29554256,38,3,114,2024-04-14 03:50:11.064413,delivered,82740,WY,JCB 16 digit
59ac7161-a9b2-4c85-9737-94e2fb455cda,Randall Smith,42670520,37,10,370,2024-02-02 05:40:58.732225,pending,82502,WY,American Express
be43f30e-2bbf-41bc-b1be-31e64153aa18,Lori Diaz,89112533,66,1,66,2024-06-24 23:35:40.836153,pending,82503,WY,VISA 13 digit
e79ccd9a-d0e2-41e7-81de-07e7eeb506e7,Joseph Charles,22657527,32,10,320,2024-05-02 07:16:24.829843,shipped,82878,WY,Diners Club / Carte Blanche
2e6d85ba-05a6-49fc-ada8-e94cfdd5f75c,Steven Adams,02789897,9,10,90,2024-05-19 07:39:46.339269,pending,82652,WY,VISA 16 digit
f1475576-afa1-4519-af17-76426f6957a4,Melissa Hayden,99302955,10,10,100,2024-03-07 10:59:48.783050,shipped,83045,WY,VISA 16 digit
f98d9cc0-cda5-4cfa-9c20-0f8040ef7aad,Summer Norton,69536960,28,1,28,2024-08-17 11:36:19.003986,delivered,82578,WY,JCB 16 digit
cfbc7fac-a5e8-4f0b-ad3a-a5afa50fa31e,Matthew Edwards,43008452,32,8,256,2024-03-02 13:22:56.393258,delivered,82926,WY,American Express
2d432266-8d40-4ecf-9744-4ee77e956423,Matthew Martin,42322214,27,3,81,2024-08-09 14:10:24.362363,delivered,82417,WY,JCB 15 digit
0d501214-01fd-435c-9d1c-9ec23049b35a,Maurice Carter,57683386,10,2,20,2024-01-01 21:49:14.592005,delivered,82752,WY,Diners Club / Carte Blanche
00863651-81ae-4fda-8c17-10a843fe4271,Edgar Carter,12859658,24,2,48,2024-03-16 10:25:28.745826,pending,82097,WY,Discover
b5ef760f-369a-4de9-9eb1-60da7bcd9c09,Jonathan Cox,22559784,4,3,12,2024-07-26 02:19:44.641232,delivered,82492,WY,American Express
56f4daa8-f8e1-4061-8570-3dbb18167ba8,Andrea Byrd,21119620,83,4,332,2024-04-01 04:12:39.147907,pending,83007,WY,JCB 16 digit
9e14b54d-17d1-4e75-8930-fbc491ab8211,Juan Miller,85153660,91,2,182,2024-07-04 14:49:51.589273,pending,82299,WY,Diners Club / Carte Blanche
c8144e09-01f7-43cb-bf75-5e246a2879ce,Andrew Stewart,88833811,96,7,672,2024-06-19 05:16:17.490506,pending,82246,WY,VISA 13 digit
96e7158b-f2df-4f19-ae79-678db4fee711,Albert Rogers,32396980,24,2,48,2024-02-20 06:39:39.693914,shipped,82418,WY,Mastercard
0e99fa3e-e33f-4c7e-90b1-7585ac09d03e,Dakota Gomez,63482904,5,9,45,2024-04-13 17:50:56.692197,shipped,82758,WY,Mastercard
f47513e6-94df-4098-9449-e0227bdf460b,Jack Rodgers,39484147,45,1,45,2024-04-27 02:00:20.933812,delivered,82636,WY,Diners Club / Carte Blanche
dc05aabb-2b4a-48a2-b8b3-ff92da258129,Daniel Adams,98823017,89,7,623,2024-06-21 04:17:07.010455,delivered,82720,WY,VISA 19 digit
d9d91109-ff3e-4b82-b2bf-3aedaa0ce28a,Kyle Garcia,54019225,67,7,469,2024-05-11 14:49:23.635231,pending,82011,WY,JCB 15 digit
9fb0af48-730e-4581-864b-bed2b5621e74,William Harris,12321377,32,2,64,2024-02-23 10:28:27.192280,delivered,82585,WY,VISA 13 digit
5afc1ee6-72d7-4e45-9e5b-cf076464de69,Tonya Smith,17759854,32,2,64,2024-04-01 06:49:15.212545,shipped,82537,WY,Mastercard
e907a907-d70c-41f4-b1c9-2ee8b3b733fc,Jonathan Cox,30211889,59,9,531,2024-06-05 00:11:29.572905,delivered,82492,WY,American Express
024e9343-4502-4f38-97bb-f32512ca76f0,Allison Warner,14147876,98,1,98,2024-03-31 10:46:41.928851,delivered,82920,WY,JCB 16 digit
fd032013-e0c7-4bab-b1d9-77aaa8b8f602,Steven Jones,29555789,44,8,352,2024-04-14 15:16:40.900928,shipped,82954,WY,JCB 16 digit
000a8585-e617-4dc0-8854-fc358df3b652,Sara Morgan,80273073,41,8,328,2024-05-08 13:40:07.500923,pending,82389,WY,VISA 19 digit
502cff61-9baf-4037-9aa9-fb6ad959aab7,Alvin Pruitt,86165112,80,9,720,2024-04-26 11:10:08.844236,shipped,82305,WY,VISA 19 digit
133a94cb-ff76-482a-a87a-35089a8a3311,Paula Hernandez,09529434,34,8,272,2024-01-29 09:09:56.538074,pending,82060,WY,Diners Club / Carte Blanche
aebdbcdb-0d0d-4099-98a1-9cb6bcd432d1,Evan Freeman,24915106,94,9,846,2024-05-16 10:09:20.744922,shipped,82740,WY,JCB 16 digit
2ae44ed5-de42-45d2-9641-b0c60b9d60db,Ariana Johnson,92972964,36,9,324,2024-02-25 05:34:24.240244,delivered,83119,WY,Maestro
cbf17bc7-d79d-4df8-98a2-2e90830e92dd,Courtney Dean,95496092,80,1,80,2024-04-08 16:14:53.200076,pending,82476,WY,VISA 13 digit
a2bd788b-ac1a-4643-9231-83a565b611c4,Kyle Martin,25037012,82,7,574,2024-08-14 22:25:30.860605,shipped,82917,WY,JCB 16 digit
67100c3a-aa1a-48d0-8a5d-38d0616d4574,Matthew Edwards,24670074,16,2,32,2024-05-23 03:56:09.335179,pending,82926,WY,American Express
b8aa974a-c4f4-4b51-9c91-047afe5522c2,Travis Clark,75055035,87,3,261,2024-09-02 04:46:31.501961,shipped,82601,WY,Maestro
d5f61fb2-326d-42c2-a59a-f91dfc30b4b7,Daniel Adams,84391049,58,8,464,2024-07-23 13:33:01.004911,shipped,82720,WY,VISA 19 digit
330c14cb-8448-4ed7-9e22-767b71283080,Pamela Grimes,79486026,41,8,328,2024-05-12 04:54:12.241720,pending,82931,WY,JCB 16 digit
65aa1f2f-bc10-43d7-a823-944f3ae215d4,Joseph Charles,18561173,68,1,68,2024-08-09 23:17:48.013118,delivered,82878,WY,Diners Club / Carte Blanche
a28d8cfc-81ec-449f-b38d-1624121312a3,George Young,60286819,67,1,67,2024-04-15 20:30:16.338378,shipped,82354,WY,Discover
1ad4d230-4a89-4176-b4af-c0ab50b96a99,Andrea Byrd,23505155,19,3,57,2024-05-20 00:59:42.108611,pending,83007,WY,JCB 16 digit
3f20dc64-668d-42d7-9f68-e79fefd2ddcc,Rhonda Delacruz,55096133,62,8,496,2024-06-20 11:31:15.335505,delivered,82708,WY,JCB 15 digit
43732903-6568-4270-a209-56320cd40221,Evan Freeman,46250025,3,1,3,2024-07-10 11:34:04.428803,shipped,82740,WY,JCB 16 digit
8d176f27-a97a-4ab0-8e42-e0618615c14e,Alexander Bird,62489164,52,10,520,2024-05-07 13:40:46.418172,delivered,82301,WY,JCB 15 digit
fb7fc43b-9be0-4b2e-a225-42504dea6a4d,Franklin Taylor,24904193,28,7,196,2024-03-02 03:12:43.682351,pending,82257,WY,VISA 19 digit
fabbfabc-5020-4f53-a374-f8de5b414380,Sara Morgan,90725067,10,6,60,2024-07-26 19:44:08.442091,shipped,82389,WY,VISA 19 digit
8c804a0c-f1c7-46a7-bd5c-9cea60ab5120,Kyle Garcia,99788155,2,10,20,2024-09-02 06:36:58.724808,shipped,82011,WY,JCB 15 digit
e3a9c0ef-15a3-4360-965f-1684f667093e,Sandra Alexander,30756618,18,8,144,2024-07-31 03:14:28.178006,delivered,82348,WY,American Express
2e8f8278-dbda-45a6-8197-288f3f2ff2a4,Lauren Garrison,54308336,24,10,240,2024-03-22 22:43:08.331144,delivered,82331,WY,Maestro
7df19cb7-e6b0-4374-8158-9ab61cefe038,Juan Miller,23713581,24,6,144,2024-04-22 06:08:58.454760,pending,82299,WY,Diners Club / Carte Blanche
a3bb1fd1-5150-4259-b847-2bea9d868082,Cindy Boyd,44083274,23,8,184,2024-03-16 23:34:31.235697,pending,82882,WY,Maestro
21e4e687-9bcf-451a-b915-bbdec12f8f80,Vanessa Lynn,26288567,77,10,770,2024-01-31 18:01:24.121747,pending,82704,WY,American Express
abf3b38a-252f-44c8-9630-7940be0f7c50,Wayne Donovan,70512649,37,8,296,2024-08-15 06:23:48.512821,pending,82178,WY,JCB 16 digit
4cd19615-27b3-437e-9cfb-8a544f30b1e4,Jacob Gonzalez,50411498,15,9,135,2024-08-22 00:51:22.016210,pending,82898,WY,VISA 16 digit
5b7ca1cf-fd73-495f-b14f-2d92b00afc1c,Lynn Vasquez,57313627,47,6,282,2024-02-16 02:53:20.873745,shipped,82206,WY,VISA 16 digit
7ccef6e4-cc92-46c4-93c2-a75987c00149,Catherine Snyder,63217124,13,6,78,2024-07-08 16:24:19.831757,shipped,82987,WY,VISA 16 digit
b3dfe040-246c-4fa7-b9b8-11891703f330,Colton James,99548780,50,5,250,2024-04-27 22:15:45.906787,pending,83016,WY,JCB 16 digit
85386613-d6a8-408b-a849-5136428a785d,Susan Young,70512649,37,7,259,2024-01-30 17:44:54.007683,shipped,83113,WY,Diners Club / Carte Blanche
2fdc26ff-c7dc-484f-99e4-cb039ae70138,Tara Harris,88956565,33,9,297,2024-05-21 08:46:21.985444,shipped,82960,WY,Discover
6e337c1a-3c90-426a-adc9-25b238599121,Thomas Pratt,73458609,67,8,536,2024-09-03 05:08:29.055398,delivered,82920,WY,VISA 13 digit
4ace65d3-38d1-4e1c-9f76-4e134c3c969c,Shawn Chavez,15721303,50,8,400,2024-06-09 08:44:05.382084,shipped,82873,WY,Maestro
11f9b791-babf-4a62-84d6-1960af61f5e0,Samantha Perez,22020284,72,3,216,2024-09-04 14:04:39.226849,pending,82755,WY,JCB 16 digit
08d50277-ebb5-4c62-a687-2e595ab04931,Kyle Garcia,69479175,64,8,512,2024-01-06 18:36:57.586176,pending,82011,WY,JCB 15 digit
781dcba6-3540-4c5d-8889-b7cc73645745,Ariana Johnson,02043258,84,4,336,2024-09-06 12:42:26.919813,shipped,83119,WY,Maestro
0d25fa33-0e3e-455f-ba70-45e229eb5795,Nicholas Turner,20152871,8,5,40,2024-06-13 01:43:25.310783,shipped,82241,WY,Mastercard
bc6cecd2-2ddf-49d5-8c79-4622f947d161,Donald Christensen,52609831,54,2,108,2024-05-06 01:35:06.366251,shipped,82149,WY,JCB 16 digit
0ddda73b-2fc2-467f-976c-593cee0466de,Matthew Edwards,01437416,59,1,59,2024-06-05 04:36:55.040154,pending,82926,WY,American Express
8036959e-75c0-421b-9fc7-be85342c0c6f,Kyle Hudson,61886865,39,10,390,2024-05-01 07:55:47.189870,delivered,82206,WY,American Express
c887ce83-852a-450c-a69c-9bb8c1d49679,Allison Warner,93414500,61,6,366,2024-01-05 21:58:07.495859,shipped,82920,WY,JCB 16 digit
abd838c5-6814-4bf4-8235-91585e20ffbb,Thomas Pratt,87865653,44,10,440,2024-08-02 12:03:07.883283,pending,82920,WY,VISA 13 digit
e8584fae-b391-47b6-94cf-5d5842dbf6c7,Brittany Morgan,61238077,19,1,19,2024-07-19 10:15:58.201895,shipped,82882,WY,Discover
a1d02c10-587a-4d54-8724-ceecbf451269,Colton James,17613477,18,4,72,2024-05-09 17:09:55.458039,shipped,83016,WY,JCB 16 digit
e5e7fb58-8ea1-4019-8c20-1e54eee4b1ae,Daniel Adams,61892651,83,5,415,2024-04-10 03:00:52.723399,delivered,82720,WY,VISA 19 digit
189616a8-6060-4526-bd51-73065b957051,Angelica Payne,33435015,36,9,324,2024-06-22 01:36:16.467624,pending,82031,WY,VISA 16 digit
ef0ca45d-d4d8-4c9f-bf93-ab34215a6e13,Alvin Pruitt,11567745,34,10,340,2024-06-10 17:10:26.864872,pending,82305,WY,VISA 19 digit
089eaada-4d24-4ead-8be4-37135c9b4a23,David Smith,38131752,26,1,26,2024-06-02 19:02:38.574050,pending,82055,WY,VISA 16 digit
d4d3362e-879c-4386-8942-e9c4fce34832,Wayne Donovan,10367605,8,7,56,2024-09-06 20:52:52.514623,shipped,82178,WY,JCB 16 digit
68524fd9-94c2-47bc-bb4b-5e8f3b50e938,David Smith,86995122,89,9,801,2024-03-03 15:00:11.071561,delivered,82055,WY,VISA 16 digit
31800fe5-ecf2-4023-b433-4297bb843958,Cindy Novak,36538829,5,9,45,2024-04-22 07:10:50.880545,pending,82396,WY,Diners Club / Carte Blanche
7a5800d8-587a-43dc-b54e-b94c9781e7b2,Jack Rodgers,83856198,10,8,80,2024-03-23 04:20:06.818862,delivered,82636,WY,Diners Club / Carte Blanche
961c7336-4bc1-4602-ac9f-84ec56a9c9b9,Sandra Alexander,74350261,25,7,175,2024-08-11 20:46:28.441175,pending,82348,WY,American Express
ba7a0b21-c307-405f-866d-b10733b8d956,Shaun Davis,55963985,43,3,129,2024-08-13 08:35:05.541852,shipped,82358,WY,VISA 19 digit
28e7237e-2217-4c29-a771-dfcaaedf260f,Eric Rodriguez,79486026,41,9,369,2024-03-26 07:28:20.715824,delivered,82020,WY,JCB 16 digit
d22929f2-0c4c-4499-8f84-32043a4060e6,Sara Morgan,78225206,31,3,93,2024-02-12 21:28:21.648190,delivered,82389,WY,VISA 19 digit
158b632b-1236-4a71-9a11-fafd0097e3fb,Jonathan Cox,80713432,71,2,142,2024-07-01 00:14:35.124285,pending,82492,WY,American Express
ea3f1adc-6f93-4da4-b5f6-d89e35a104b9,Lori Diaz,97946960,42,8,336,2024-08-17 11:25:28.937353,delivered,82503,WY,VISA 13 digit
a524b7da-35c2-4503-b86a-f50012952692,Steven Adams,50678587,99,8,792,2024-04-19 20:14:36.264595,pending,82652,WY,VISA 16 digit
458bf979-2273-4ff6-8e96-7c1c7fc19d7c,Alison Wheeler,57683386,10,5,50,2024-07-15 20:30:05.976521,shipped,82024,WY,JCB 16 digit
b03b6946-b1d2-44cf-b9bd-76527816ec8a,Kyle Martin,81853779,72,7,504,2024-08-07 03:36:38.663595,pending,82917,WY,JCB 16 digit
2bb686e1-7f97-4e18-aea8-abea2e0d7db8,Meredith Wilson,13322663,86,7,602,2024-07-16 23:17:36.252473,pending,82127,WY,VISA 16 digit
e9ca9791-8bbc-408d-8371-a86379e81c8e,Kyle Hudson,08869234,22,2,44,2024-06-16 07:09:38.729524,shipped,82206,WY,American Express
b148fb43-484e-4b12-b7d4-2887cdabac3d,Shawn Chavez,75255718,43,3,129,2024-09-04 23:18:33.874539,delivered,82873,WY,Maestro
34216c8b-9269-4ca3-9af9-3c188ce1769a,Jessica Bradford,69441578,72,10,720,2024-08-22 01:18:05.028725,shipped,82292,WY,VISA 13 digit
df94aefd-582d-4f75-b477-c7c6ec9c2167,Thomas Pratt,77484284,11,8,88,2024-01-05 04:19:50.287501,shipped,82920,WY,VISA 13 digit
d2d4bd5f-59dc-4abf-955e-e2d808f61d28,Linda Anderson,43053414,72,9,648,2024-06-10 18:03:37.822117,shipped,82949,WY,American Express
29c3a2f7-1e1c-4da6-9389-b589abd03319,Laura Cole,99548780,50,10,500,2024-03-04 23:46:02.765509,pending,82025,WY,Diners Club / Carte Blanche
b178f191-e574-4985-a19a-dc64c1137d05,Susan Young,00532075,7,7,49,2024-08-20 20:41:49.534332,pending,83113,WY,Diners Club / Carte Blanche
32be4349-5b70-433a-9d76-5e06be077f7b,Melissa Hayden,84381484,82,10,820,2024-02-12 19:26:55.803670,shipped,83045,WY,VISA 16 digit
70ead83d-07d1-4b7a-8ecc-067a4bd72d52,Angelica Payne,65536360,16,10,160,2024-04-16 21:10:29.387105,pending,82031,WY,VISA 16 digit
5369bdb8-b74a-4bff-853d-db9f0f3b4f9e,Steven Adams,07759826,67,3,201,2024-08-10 18:50:03.476846,pending,82652,WY,VISA 16 digit
cef2781b-f979-4b71-a447-7fc035712251,Sara Adams,25501469,90,9,810,2024-04-22 20:02:38.341193,shipped,83079,WY,Mastercard
a5296314-645b-4b26-8cdd-a9b61a7318e0,Eric Rodriguez,73839620,49,4,196,2024-07-23 06:02:22.742975,delivered,82020,WY,JCB 16 digit
b73f9274-0e53-4eca-a492-ef93cbe36b38,Alvin Pruitt,41343685,1,10,10,2024-05-02 19:45:12.851068,pending,82305,WY,VISA 19 digit
85a12ca7-e4ec-4dd5-9ebe-645deab3a695,Erik King,13108496,81,3,243,2024-06-16 11:35:03.273746,delivered,83117,WY,JCB 16 digit
52fb6694-a845-4877-9d8b-443f9096d32f,Greg Greene,88920542,90,4,360,2024-05-30 19:02:13.082023,pending,82832,WY,Maestro
f13613f4-c41d-4971-8d4e-2501f310859e,Summer Norton,00947725,92,3,276,2024-01-19 12:37:23.467846,delivered,82578,WY,JCB 16 digit
fe9cd7d9-2aef-4b38-8b8d-2ab1b0646e32,Kyle Hudson,94231854,20,9,180,2024-07-16 22:45:04.405333,delivered,82206,WY,American Express
5ed97ca2-fd83-4f1b-bacf-ea9831fdcdc8,Maurice Carter,63137255,57,9,513,2024-02-23 01:09:25.512819,shipped,82752,WY,Diners Club / Carte Blanche
121aad2e-2779-4708-a8af-c6f2298ce5eb,Pamela Grimes,34542743,72,2,144,2024-03-24 11:09:38.511753,pending,82931,WY,JCB 16 digit
8bac6bde-a4d5-4a80-828a-a4714174dd5f,Connor Thompson,05513697,34,7,238,2024-05-26 02:31:20.190730,delivered,82073,WY,Maestro
bed51ea6-109b-4337-8906-c3e562a71043,Paula Hernandez,38231483,41,6,246,2024-03-12 02:15:56.238963,delivered,82060,WY,Diners Club / Carte Blanche
665b9d2a-0e6f-4145-87ef-0527c407b555,Eric Rodriguez,15986115,6,4,24,2024-05-29 00:43:47.896314,delivered,82020,WY,JCB 16 digit
f02cba06-3012-43f7-84fc-2e0ffd054418,Meredith Wilson,18078312,30,5,150,2024-05-09 14:33:57.213579,delivered,82127,WY,VISA 16 digit
53e89891-d8e4-45ab-9102-e8b93d4fd2c1,Alexander Mason,68511456,92,6,552,2024-01-20 14:25:23.332522,pending,82090,WY,JCB 16 digit
a872a12a-e6f7-4196-9a19-b77ac779d92f,Lori Meyer,54548565,9,9,81,2024-06-09 22:29:49.651773,pending,82021,WY,Maestro
35177f6f-c070-4dfe-a050-c0db15ca14f4,Steven Adams,62550376,44,3,132,2024-08-15 18:46:27.451864,pending,82652,WY,VISA 16 digit
e710eca6-ae30-42e6-9818-ee3f9f0c2a5c,Evan Freeman,30874664,47,7,329,2024-04-17 19:43:54.702457,pending,82740,WY,JCB 16 digit
e24e1e02-c3e5-4640-be81-d15eccc35d4b,Daniel Powell,41029398,96,7,672,2024-02-14 13:09:25.790898,pending,82444,WY,Mastercard
3a83807c-f997-4142-947a-c1af44410552,Derek Nichols,21888816,74,9,666,2024-07-13 07:44:00.059096,pending,82523,WY,VISA 19 digit
dca9be79-28df-46a5-ab6a-edd2edb75d7d,Joshua Davis,54203228,92,5,460,2024-02-10 11:32:54.468967,shipped,82962,WY,VISA 19 digit
385b46bb-a81f-4fb4-8867-39f5aff0e452,Lisa Lewis,50066698,57,8,456,2024-07-20 22:21:42.872208,shipped,82416,WY,JCB 15 digit
5aea090a-773d-429a-8811-ae7f1bab0d22,Daniel Powell,15986115,6,10,60,2024-01-16 09:11:36.085799,pending,82444,WY,Mastercard
eb7b9fff-4af8-4bbf-9290-9b6438f35645,Kyle Martin,91990150,65,2,130,2024-03-15 19:21:22.576922,delivered,82917,WY,JCB 16 digit
4f81a75d-3946-4dfb-8516-4a980f871d5d,Shawn Chavez,66003335,22,9,198,2024-05-26 17:57:26.139474,pending,82873,WY,Maestro
e24c766f-651c-4d79-aa73-c7ceae616993,Melissa Hayden,47842397,52,2,104,2024-08-06 01:04:31.759499,delivered,83045,WY,VISA 16 digit
e51d636d-5668-41d9-b419-100d3f511afd,Brittany Morgan,21702433,12,7,84,2024-03-06 02:51:09.254341,delivered,82882,WY,Discover
a6cef409-027a-4f3e-b794-f0468564ef23,Thomas Pratt,23546233,87,8,696,2024-04-12 05:06:53.063845,shipped,82920,WY,VISA 13 digit
8cd5a13d-587e-4052-96ac-83bc9e26684c,Connor Thompson,80713432,71,10,710,2024-08-02 09:33:31.037173,pending,82073,WY,Maestro
453b0367-424d-4753-a8c5-c7d8482b30f4,Raymond Berry,04373315,80,5,400,2024-03-02 14:04:48.593787,delivered,82863,WY,American Express
a639ebe2-74a4-4f8a-a8ef-9678c7156219,Steven Jones,22020284,72,7,504,2024-05-03 17:35:24.978182,shipped,82954,WY,JCB 16 digit
7ef256ef-3f32-4709-bcd7-cfaaa3de4ced,Amy Stewart,46250025,3,2,6,2024-03-15 05:42:59.282999,pending,82211,WY,JCB 15 digit
0c7d3c2f-6a81-41d5-909b-03625d7830f1,Alvin Pruitt,49419498,23,6,138,2024-07-04 23:53:20.784238,pending,82305,WY,VISA 19 digit
ee636c41-0694-4dd8-8330-c2b2e7ade539,Ariana Johnson,90178559,61,6,366,2024-03-03 11:16:13.119549,delivered,83119,WY,Maestro
3e2f907d-c02e-454f-95ba-5655a1a011f7,Kim Faulkner,93888738,64,4,256,2024-08-20 00:51:31.397696,delivered,82087,WY,Discover
c7352a43-48b1-4aa6-adbc-48a09fb24329,Margaret Roth,51020477,55,6,330,2024-09-02 04:42:45.755493,delivered,82224,WY,Diners Club / Carte Blanche
aea0a4be-b916-4682-8291-972de37f2a8b,Shaun Davis,06918538,61,3,183,2024-03-23 16:26:49.492796,pending,82358,WY,VISA 19 digit
21f5bc9c-b949-47cf-959a-fa854bb0f18a,Robert Parker,30179080,54,9,486,2024-01-16 18:42:47.039141,shipped,82291,WY,Mastercard
60de50bf-bc3c-4593-848b-71e0d522a3bb,Kyle Hudson,50528134,81,2,162,2024-02-20 19:43:14.251826,delivered,82206,WY,American Express
1f20fce7-8de2-40c4-94d8-6a2e220581da,Albert Rogers,33761671,4,4,16,2024-08-02 18:01:31.766272,delivered,82418,WY,Mastercard
76001021-2327-4298-a7cb-91f1efbcabe9,Lisa Santos,42867289,12,9,108,2024-07-13 13:01:06.985026,delivered,82958,WY,JCB 16 digit
9e0c75cf-16cd-42a4-8381-b4c9ac2e06dc,Eric Rodriguez,55579193,25,9,225,2024-07-17 06:00:55.496351,shipped,82020,WY,JCB 16 digit
2993129d-3544-4d25-ac7f-07203d244dc8,Sandra Hernandez,35792888,29,10,290,2024-08-03 17:51:04.335204,delivered,82128,WY,Discover
a7002cfd-d248-4b24-b358-b5f5c2b0e400,Tonya Smith,89278611,89,6,534,2024-07-20 06:32:07.077895,pending,82537,WY,Mastercard
42a9641e-9c14-44bb-9cc6-c4b33f18992a,James Henry,54203228,92,3,276,2024-06-05 17:46:19.069925,shipped,82204,WY,Maestro
e5081afd-260a-4389-bb0d-7852f44e8900,Colton James,07838804,97,8,776,2024-02-18 15:47:19.250230,pending,83016,WY,JCB 16 digit
2640d10d-d063-4d01-b275-13a579bc862e,Juan Miller,38198151,46,8,368,2024-04-30 16:02:47.658263,shipped,82299,WY,Diners Club / Carte Blanche
15f86bc0-354b-46fc-88c2-5911e5fd5f6e,Raymond Berry,78225206,31,4,124,2024-06-22 11:49:00.535148,shipped,82863,WY,American Express
db73e855-a790-4089-891b-5650436c458e,Jacob Gonzalez,42867289,12,8,96,2024-06-03 16:23:19.692944,pending,82898,WY,VISA 16 digit
b9435b4d-e7b1-49cb-81d3-53e7d0b20e65,Vanessa Lynn,68632649,97,7,679,2024-01-10 07:37:32.425783,delivered,82704,WY,American Express
e3089872-c1b8-452c-860f-9285c5bee9b1,Thomas Pratt,59156048,22,4,88,2024-03-18 06:40:26.585263,delivered,82920,WY,VISA 13 digit
0641637a-b69b-4d88-8d4c-4ff48970d908,Paula Hernandez,33026503,55,5,275,2024-05-07 00:32:53.223605,pending,82060,WY,Diners Club / Carte Blanche
de92d815-9708-4490-a716-f96c43208077,David Smith,92894587,55,4,220,2024-05-07 17:13:07.889552,shipped,82055,WY,VISA 16 digit
ad18130e-9a4c-4acf-a37f-e354ad6747b9,Alexander Bird,58783634,8,7,56,2024-03-19 10:48:30.103373,shipped,82301,WY,JCB 15 digit
d7fe6d42-bd6f-4fc8-ba20-a6ae59babdf3,Cindy Boyd,52204920,42,4,168,2024-04-02 22:11:35.801224,pending,82882,WY,Maestro
80c7d5fa-29b3-4c52-afe2-bef705212b97,Lori Diaz,95496092,80,8,640,2024-06-01 05:40:55.027972,shipped,82503,WY,VISA 13 digit
e585c0a0-67f8-4e5d-a584-86d95ef0c7f4,Erik King,96110577,78,3,234,2024-05-13 07:01:48.676377,pending,83117,WY,JCB 16 digit
1f8e2484-f38c-454b-8c91-ac418aa8134a,Dakota Gomez,51322502,71,2,142,2024-02-20 09:49:46.012568,shipped,82758,WY,Mastercard
2c1eb253-176a-4459-92dd-33a303fb5f8f,Sandra Alexander,11636779,61,3,183,2024-03-14 06:11:54.895027,shipped,82348,WY,American Express
e5362e1e-5784-448c-bbfa-e947583cb6a5,Brittany Morgan,52206405,69,5,345,2024-01-30 17:59:59.257141,shipped,82882,WY,Discover
