dec8fe27-e696-4160-a80a-b5046b0a5468,Lisa Carter,63320763,42,2,84,2024-03-20 20:32:08.697699,pending,97482,OR,Maestro
12cb2690-2e60-4079-9319-acbb793d838c,Derek Pitts,27353332,12,5,60,2024-03-12 22:12:26.991121,shipped,97763,OR,Mastercard
cb8952f7-4140-491f-acf8-65053cfcef5e,Thomas Boyle,80323884,92,2,184,2024-04-21 21:03:35.450890,delivered,97597,OR,JCB 16 digit
6d39b117-2d38-4e52-8572-75311c746b8c,Debra Nguyen,95211046,96,6,576,2024-02-02 11:34:37.345352,delivered,97783,OR,VISA 16 digit
9345a330-a4d6-400b-81fc-2fcd2711620e,Christopher Paul,17503594,48,10,480,2024-08-25 06:32:48.601757,pending,97196,OR,Mastercard
084bd528-c3eb-477e-b52b-6dbab14f8e83,Erin Miranda,33242811,96,7,672,2024-02-14 20:15:30.216458,shipped,97515,OR,Mastercard
37414e4b-d395-47f1-b7dc-9ac4c489b4b2,Danny Moreno,65767740,62,9,558,2024-05-20 03:02:03.081342,delivered,97624,OR,JCB 16 digit
fe716378-af4c-45a9-ab3e-eee3079e1b80,Keith Hall,60301352,54,8,432,2024-01-14 21:18:45.329171,delivered,97718,OR,VISA 13 digit
b9afbe4d-2d34-4a19-a25a-bc3d0d2c9c66,Raven Wade,50411498,15,4,60,2024-06-19 00:20:30.753315,pending,97035,OR,Diners Club / Carte Blanche
5162be75-15ed-4513-836c-b353fd4b04a2,Dustin Guzman,30471887,7,8,56,2024-05-09 10:11:13.974400,shipped,97095,OR,JCB 16 digit
f816bed9-5ad2-491f-966f-b303df980364,Emily Miller,13061043,18,2,36,2024-08-01 17:22:55.556061,shipped,97895,OR,JCB 15 digit
71be9e5c-9a30-4a6e-b498-dd332db3f9e9,Denise Kim,22086945,62,9,558,2024-03-10 10:03:48.945131,delivered,97123,OR,VISA 13 digit
b1dbc11b-1f9c-4d6e-b01e-e7f9cc9c70af,Bradley Reyes,16382374,2,8,16,2024-05-27 07:55:57.063540,shipped,97753,OR,American Express
1555e119-1383-4368-a04f-a907d822c2c8,Austin Smith,14564741,95,6,570,2024-02-01 11:59:44.308996,delivered,97202,OR,JCB 15 digit
a2800136-fa96-46e2-b6ee-99072ed59d9a,Katie Walker,37895129,80,9,720,2024-08-30 07:48:29.291022,shipped,97598,OR,VISA 16 digit
7b229c3c-ccfe-4ae6-9c4e-e3a680a6b819,Keith Martin,10143926,45,7,315,2024-01-28 15:33:33.184661,delivered,97454,OR,JCB 16 digit
32457b26-8063-426b-a50f-5a0aef97a863,Travis Peters,75415037,68,6,408,2024-08-23 17:24:00.381413,shipped,97792,OR,VISA 16 digit
9067f955-9094-4d31-a88b-a368c75d8587,Dustin Guzman,47829510,17,7,119,2024-05-28 22:01:01.603646,delivered,97095,OR,JCB 16 digit
5287041b-f370-49bb-baae-5859cdd82e76,Alicia Thompson,30047976,44,9,396,2024-06-04 13:26:50.863237,pending,97456,OR,American Express
972a9405-ec3c-4e5e-bc85-cf644fd8e7d8,Jessica Torres,18078619,70,9,630,2024-03-13 21:31:54.475763,delivered,97090,OR,Maestro
26112e3d-f3ff-4c5d-a3c0-b0c9bdcbc16f,Dennis Garcia,37798376,81,1,81,2024-01-31 00:09:14.177380,delivered,97012,OR,Maestro
ea63ed92-314b-4d1d-8ca5-c17ad20fc1db,Joseph Reyes,00312028,35,3,105,2024-01-19 12:21:46.167094,shipped,97031,OR,Diners Club / Carte Blanche
15e09cdc-e41a-43de-a5f8-23693b01194e,Emma Miles DDS,09534995,42,7,294,2024-01-28 10:07:31.377316,shipped,97072,OR,Discover
0e7792a4-ca4a-4a24-b424-8ecb11d62740,Ruth Smith,61892651,83,6,498,2024-04-22 11:48:46.100998,pending,97541,OR,Diners Club / Carte Blanche
38d82ef3-57b5-4a55-b0cb-43343b2707b9,Derek Pitts,96560686,21,4,84,2024-05-08 03:24:40.906826,shipped,97763,OR,Mastercard
466f6cd4-712a-456b-88ac-1c5f9b9a57d4,Thomas Boyle,03648445,23,10,230,2024-05-07 08:03:33.847519,shipped,97597,OR,JCB 16 digit
674b55c0-d8a3-4398-b01b-9b40a7334b81,Lonnie Quinn,71807263,34,2,68,2024-02-23 01:39:32.257906,pending,97140,OR,JCB 16 digit
0b9d9941-0bb3-4193-9039-f8769c94c6cf,Traci Wood,45454479,15,3,45,2024-08-18 05:10:59.581033,shipped,97067,OR,American Express
2c324faa-ff72-4015-b3ea-e1996d6eaec3,Alison Hess,22571120,55,2,110,2024-07-18 15:44:01.964041,shipped,97066,OR,VISA 19 digit
e5750eb0-1857-47ea-92e7-ee6017c5e333,Sandy Sanchez,72834107,65,10,650,2024-01-04 06:12:01.921394,delivered,97506,OR,VISA 16 digit
bedc35df-5294-460d-a38d-f17de0c2d89c,Mark Johnson,14048357,35,8,280,2024-03-19 03:29:56.579271,shipped,97005,OR,Mastercard
b2a59e87-f25e-4d53-8e26-c82fc1d51d8f,Austin Smith,52741173,92,1,92,2024-05-12 09:28:58.517867,shipped,97202,OR,JCB 15 digit
b0dd49e3-a8c0-4e3c-9762-bf13670473c7,Peter Stewart,87491890,42,9,378,2024-03-07 02:55:12.497616,shipped,97396,OR,VISA 19 digit
02ecd727-66cc-41bd-8a4f-2822aceaab78,Christopher Paul,60489968,25,9,225,2024-02-01 05:01:02.673983,pending,97196,OR,Mastercard
914af23a-6b07-489d-a77e-c9ef60aca8fb,Andrew Hernandez,00316217,51,6,306,2024-08-31 21:56:31.866885,pending,97759,OR,Maestro
2b896abc-6672-4827-a0f0-70148d2b532e,Toni Martinez,37798376,81,5,405,2024-05-15 14:30:40.955824,delivered,97075,OR,American Express
9fa1f56f-f1b9-4240-b24e-efb408b1fbc6,Lonnie Quinn,62566704,85,6,510,2024-07-01 12:23:50.939288,shipped,97140,OR,JCB 16 digit
61ce6c51-2223-41ea-86c2-28975a25fcbd,Daniel Avery,93414500,61,9,549,2024-08-21 08:32:17.072732,shipped,97047,OR,VISA 16 digit
383a4ad3-8a22-45ae-b27a-a4d8c56e3334,Mark Williams,41311363,77,5,385,2024-06-12 02:52:55.965322,shipped,97624,OR,VISA 19 digit
a1303952-58c1-4ce5-a25f-495af320988f,Mark Norman,88710105,1,1,1,2024-03-26 02:01:07.192883,pending,97840,OR,VISA 13 digit
893ed3cc-d7dd-49ca-9d62-0399d48a4945,Michael Bates,27754672,35,4,140,2024-03-30 03:39:42.089808,pending,97135,OR,Discover
44122f13-2259-4dfd-a914-af5dc637929d,Jason Jenkins,88588179,48,6,288,2024-06-06 08:33:43.507097,delivered,97221,OR,Diners Club / Carte Blanche
5f17105f-d4b2-402a-b58c-86cd6df2ac4c,Jennifer Young,45990113,56,4,224,2024-07-20 22:03:51.509870,pending,97209,OR,Discover
033feaee-0156-41cb-9dee-a9f004d741a1,Alicia Thompson,51098711,77,6,462,2024-05-03 06:40:42.291269,shipped,97456,OR,American Express
3c5698df-6a59-48f7-865a-03f1426c7fa1,Stephanie Williams,12835126,26,8,208,2024-05-11 13:40:06.959360,pending,97096,OR,Discover
a4a8731a-f063-47f3-8cdf-967a82912e69,Sharon Mendoza,43691128,46,2,92,2024-02-01 10:08:02.386410,shipped,97230,OR,VISA 16 digit
750a964a-7a9d-4b87-988e-4d4d29c52822,Joseph Riley,29743599,50,3,150,2024-05-13 18:49:53.728805,delivered,97501,OR,VISA 16 digit
7c4cb538-cd6f-44af-98d7-3c8b613eaceb,Lisa Carter,43053414,72,5,360,2024-01-19 20:32:11.259118,shipped,97482,OR,Maestro
ad240ee2-271b-4fad-b71a-1d641427b200,Sandy Sanchez,37631833,94,3,282,2024-08-02 16:49:18.658672,shipped,97506,OR,VISA 16 digit
19318e52-69db-4433-9f5f-50913ed55f29,Nicole Brown,55730501,78,9,702,2024-01-24 04:13:03.724631,pending,97052,OR,JCB 16 digit
aef8db95-33d2-4e04-b962-f031dff68f71,Emily Miller,81567065,54,3,162,2024-06-30 20:18:04.802366,delivered,97895,OR,JCB 15 digit
42b240c9-b55d-406b-a83b-87dcab630631,Keith Martin,02789897,9,4,36,2024-06-17 03:30:49.993224,pending,97454,OR,JCB 16 digit
42901e60-787c-4df5-81bb-f540532e0a43,Chase Bell,49643077,93,5,465,2024-08-20 14:58:42.966749,pending,97291,OR,JCB 16 digit
76bf920d-a6b1-4f1c-ac02-35e867a5fc65,Mark Johnson,57777573,27,4,108,2024-07-07 05:17:17.827363,shipped,97005,OR,Mastercard
e144fc17-1861-4e18-bdb1-fe27e578c445,Danny Moreno,37028183,63,2,126,2024-08-09 21:23:24.180473,delivered,97624,OR,JCB 16 digit
d9692032-7f65-4fc7-8540-56b4a0af746a,Craig Stephens,31961219,23,3,69,2024-07-12 12:48:20.724326,pending,97363,OR,JCB 16 digit
b0e9c94a-baa5-4789-bf59-c6561e487546,Alyssa Mayer,98823017,89,3,267,2024-08-06 07:54:10.539172,pending,97822,OR,Mastercard
806a40bb-4161-452b-9558-f66d69d66ebe,Jennifer Moore,15909879,28,4,112,2024-08-15 20:15:35.715360,pending,97411,OR,JCB 15 digit
32145827-c628-4261-82b0-a9d6555c1c3d,Alison Hess,71580661,65,9,585,2024-03-22 10:18:31.211829,delivered,97066,OR,VISA 19 digit
21c06097-aad7-4b35-a605-ded51c42f648,Chad Browning,07859274,51,4,204,2024-06-13 11:50:59.450268,shipped,97588,OR,Mastercard
b9529085-9b65-4a86-bf65-d827f61b6692,Denise Kim,40837253,67,6,402,2024-08-31 07:30:14.525899,pending,97123,OR,VISA 13 digit
d23c093b-c3c2-44f8-a1f8-5722c60a5576,Lisa Nguyen,05513697,34,9,306,2024-01-13 06:13:23.613401,shipped,97279,OR,VISA 16 digit
a53d717c-efd6-4dc1-8b32-b12c5ec4853c,Mark Williams,78179325,83,7,581,2024-07-02 20:59:15.352036,delivered,97624,OR,VISA 19 digit
ce584a9d-e0ae-47b3-b3f3-aaf93905afe6,Richard Long,37853990,46,9,414,2024-01-11 04:58:17.044628,pending,97096,OR,JCB 15 digit
d92b3a2b-5177-487d-ae29-a81ed6c3b233,Toni Martinez,19585079,64,8,512,2024-03-18 12:55:27.365204,delivered,97075,OR,American Express
0f530489-3d65-40aa-af45-5bb56fe9a2a3,Peter Stewart,61789067,5,10,50,2024-06-02 19:08:14.091361,pending,97396,OR,VISA 19 digit
92514135-0ca6-4d04-b9df-95a7151a7383,Erin Miranda,50066698,57,5,285,2024-05-16 21:57:30.952263,delivered,97515,OR,Mastercard
5f8b473c-4389-4614-8f57-604fb59a04b6,Manuel Stanley MD,19947983,50,9,450,2024-08-11 20:52:13.314572,pending,97742,OR,Discover
79067a9c-7f85-49b1-9d81-90009669aee8,Deborah Smith,16446342,16,1,16,2024-07-02 06:22:35.845468,delivered,97577,OR,Mastercard
c305b7f5-f64e-41e2-935b-a1a79a4d4d3a,Vanessa Molina,51322502,71,3,213,2024-01-25 13:06:34.717638,shipped,97378,OR,VISA 19 digit
916dd18c-16c5-4626-a3a9-6ab9020f02b3,Denise Kim,48607711,22,4,88,2024-03-23 03:30:30.631961,pending,97123,OR,VISA 13 digit
080a6659-34e4-41c5-800e-12af01fb549d,Christopher Paul,22963901,6,1,6,2024-05-02 19:06:27.737598,shipped,97196,OR,Mastercard
8d2888bf-6fd6-421b-b041-d027d5cd2fb9,Charlotte Scott,72853054,83,1,83,2024-02-03 07:54:10.687432,delivered,97687,OR,Maestro
e06d7e34-8cae-4386-9c2f-d87fcf97710b,Dustin Guzman,31053280,22,2,44,2024-07-21 20:30:52.990981,delivered,97095,OR,JCB 16 digit
8a60f857-227c-45e2-99a4-f086d9897053,Derrick Pearson,42619710,43,1,43,2024-05-01 07:57:43.361146,delivered,97235,OR,VISA 19 digit
9c3b2d39-6abf-4033-859b-ce06474aa1ed,Joseph Wilson,27693919,11,8,88,2024-09-01 05:21:47.471188,pending,97378,OR,Mastercard
e0adc274-bcd5-453d-af7f-338b943b2321,James Patel,58783634,8,3,24,2024-04-03 22:02:00.306090,shipped,97252,OR,Mastercard
f07cf307-7079-42ab-b38d-c57c70798f2d,Gregory Cohen,55543330,86,9,774,2024-06-14 11:51:19.842710,shipped,97698,OR,JCB 16 digit
1b52c703-5a49-4816-91a1-aa63db2d2e48,Jennifer Moore,64817033,45,6,270,2024-05-26 06:10:41.997607,delivered,97411,OR,JCB 15 digit
d620ba3d-e254-4376-b734-61aace78b1ec,Craig Stephens,22406538,44,7,308,2024-01-12 17:51:58.975764,pending,97363,OR,JCB 16 digit
529e0b12-8c0f-4f99-ac66-9455b6a8978f,Debra Nguyen,65767740,62,9,558,2024-03-08 10:00:34.897397,shipped,97783,OR,VISA 16 digit
e226f245-3b36-4ff0-b3ee-ceae44d49ba8,Mark Williams,44083274,23,6,138,2024-05-15 03:55:03.504994,shipped,97624,OR,VISA 19 digit
bb9ff43c-42dc-4d5e-b0c0-05504b8de69f,Danny Moreno,99885779,50,1,50,2024-02-27 15:38:12.485543,delivered,97624,OR,JCB 16 digit
fd835d25-153b-4324-9c56-4b159ae5defe,Victor Perry,90286865,87,8,696,2024-08-25 03:08:15.588812,pending,97099,OR,Maestro
ff13ad0b-01f0-4591-aab2-2427c2a2afc4,Traci Wood,19525204,80,6,480,2024-02-05 03:47:28.008657,shipped,97067,OR,American Express
3cd105dd-82c9-4271-8d9f-afa8019b9010,Jessica Torres,46250025,3,6,18,2024-08-26 19:16:26.741917,delivered,97090,OR,Maestro
7adca394-ca9a-4e9c-af80-538d712cdb11,Rebecca Mueller,48224901,68,2,136,2024-01-11 13:27:01.388780,shipped,97587,OR,JCB 15 digit
d5aa7842-bc68-4dfe-98ab-b3287f84ef55,Daniel Turner,62550376,44,2,88,2024-02-10 10:15:01.071225,delivered,97897,OR,VISA 16 digit
b86ad5ac-791b-47cf-836f-ac1ddef176cd,Michael Bates,21897122,20,2,40,2024-02-08 05:02:07.898321,shipped,97135,OR,Discover
1ae53814-6b83-41c6-b6ee-9898402d2ea0,Dana Trujillo,58783634,8,10,80,2024-01-09 02:45:03.348454,pending,97848,OR,Diners Club / Carte Blanche
2b1bdd0a-a3f3-40f5-9d66-2de79a846d61,Brian Phillips,87775990,54,4,216,2024-04-16 22:30:54.356817,pending,97325,OR,Mastercard
4d3ab29a-983e-45ec-8f39-57e4fbdc9a9d,Dawn Murray,26036328,74,5,370,2024-04-02 20:41:09.168699,shipped,97690,OR,Diners Club / Carte Blanche
11eb3a52-a66a-4398-b3d5-b5bd3a31675b,James Patel,45247545,66,10,660,2024-01-01 01:59:47.070935,delivered,97252,OR,Mastercard
44cb0be4-aaa1-4fba-bceb-b79006fe2fab,Veronica Adams,28899518,9,10,90,2024-03-12 09:05:06.228514,delivered,97718,OR,VISA 16 digit
c30eb7be-8355-4053-9d4c-f11101e3ab63,Gloria Johnson,79205986,19,7,133,2024-03-16 23:53:29.399435,pending,97291,OR,VISA 13 digit
a18cc2b5-3cf6-4d3c-8039-8336f494ec3c,John Boone,40155463,95,4,380,2024-01-17 07:58:12.203504,pending,97283,OR,VISA 19 digit
01012380-b1f1-43f4-9c14-dff8fca77541,Sandy Sanchez,76741333,80,8,640,2024-08-22 04:55:35.073367,pending,97506,OR,VISA 16 digit
907f5de7-f8b3-4ba2-95d8-5c6b84bb26d5,Mark Williams,96841693,98,10,980,2024-02-13 09:22:58.894303,pending,97624,OR,VISA 19 digit
bca00e40-d940-40ac-9144-c1f46c58562a,Emily Miller,42646518,100,7,700,2024-01-27 01:32:11.023046,shipped,97895,OR,JCB 15 digit
e1e7d43b-54fa-48b6-b403-33101dd523f0,Derek Pitts,05818778,61,10,610,2024-05-02 20:56:42.338665,shipped,97763,OR,Mastercard
df2bf5ab-a46c-417f-a951-6b88b0a5ea48,Nicole Brown,22963901,6,4,24,2024-02-06 04:26:23.604789,shipped,97052,OR,JCB 16 digit
2a9d3644-40f6-4f67-98a8-a7c02bde9003,Denise Kim,03399552,36,6,216,2024-07-16 15:21:07.945580,pending,97123,OR,VISA 13 digit
99d8a498-0926-42bc-80f9-a40e4d8359ec,Cameron Underwood,57683386,10,6,60,2024-04-15 05:32:25.880658,pending,97745,OR,JCB 15 digit
d15d4e16-b5e6-4e66-a503-55184ef1ea6a,Toni Martinez,47060104,45,1,45,2024-04-15 01:34:56.498687,shipped,97075,OR,American Express
f85face0-6984-4690-8add-7295c09feae7,Casey Nash,54815759,72,7,504,2024-03-12 05:20:41.530231,shipped,97853,OR,JCB 16 digit
a300d8b6-6dad-4669-9456-5bf0354a809f,Charlotte Scott,72944042,94,10,940,2024-01-15 20:11:11.030948,shipped,97687,OR,Maestro
45b56dff-9fd5-4d14-b53a-0d4fc9800c3a,Erin Miranda,61238077,19,7,133,2024-07-17 23:02:17.565737,delivered,97515,OR,Mastercard
a6d26b21-1f78-4262-8532-7cbf91f6a9e3,Christine Scott,63105667,61,9,549,2024-04-30 20:09:55.438459,shipped,97769,OR,Discover
fb7c19b3-074c-44eb-a29c-0ad92ec5a93a,Dana Trujillo,79699181,23,8,184,2024-08-27 06:41:50.420849,delivered,97848,OR,Diners Club / Carte Blanche
39cd3dd0-b32f-4d7f-b1c8-29797a22109c,Victor Perry,76422768,1,4,4,2024-05-11 19:31:31.435967,delivered,97099,OR,Maestro
5c7c48c4-e33b-4054-85ff-b1977eefafab,Keith Cook,72176108,17,1,17,2024-02-23 16:26:22.191524,delivered,97725,OR,Diners Club / Carte Blanche
7a4aa05b-a0c6-4256-9087-c24d473fb49b,Jason Jenkins,87165999,45,2,90,2024-04-13 02:48:46.696234,pending,97221,OR,Diners Club / Carte Blanche
ef8898fb-db9b-4de5-8e8b-55e3b4fd311e,Nicole Brown,45247545,66,8,528,2024-07-03 00:22:10.790228,delivered,97052,OR,JCB 16 digit
fac59856-414c-4ee0-9624-4f4619f74ab9,Sharon Mendoza,84295569,81,7,567,2024-05-15 23:06:49.533839,shipped,97230,OR,VISA 16 digit
4784bfab-029f-4f3c-b148-cd5952a1413b,Keith Martin,42600404,13,9,117,2024-04-01 08:20:57.446108,pending,97454,OR,JCB 16 digit
6ad76bc4-5dff-4a5d-8bd3-8ca6ff1ef694,Emma Miles DDS,11604495,28,5,140,2024-04-04 20:34:02.081312,delivered,97072,OR,Discover
898732d7-4005-4ddf-b44b-13c15543ff02,Kristin Hall,95212791,1,2,2,2024-06-06 08:44:21.191770,shipped,97564,OR,JCB 15 digit
d55f359e-69bd-4680-b0fd-8128dc9d9e8a,Sharon Campbell,79186070,79,3,237,2024-06-03 00:23:27.014335,delivered,97431,OR,American Express
6d46edfb-8323-43da-a95e-ee99e64146c2,Christopher Paul,35021506,98,7,686,2024-08-20 09:36:49.760442,delivered,97196,OR,Mastercard
3b51a0db-9e0f-4d36-a067-836a3127ce14,Mark Norman,99519056,78,4,312,2024-01-14 09:56:43.379724,delivered,97840,OR,VISA 13 digit
3d7d1638-9c40-4ed0-9788-8bc7556bb05f,Stephanie Williams,59880158,64,4,256,2024-04-01 22:33:25.151336,delivered,97096,OR,Discover
cfb26fbf-ee51-4ca4-be43-3a39dbdf3496,Denise Kim,90178559,61,4,244,2024-04-05 01:24:43.028704,pending,97123,OR,VISA 13 digit
351fc84b-18b2-4921-960a-5d1ddcce2181,Emily Miller,06184490,28,8,224,2024-02-02 05:26:15.200541,shipped,97895,OR,JCB 15 digit
9ff1026a-0df9-46f9-97fe-564c96c38b23,Jessica White,72494578,19,8,152,2024-08-22 10:19:36.822131,delivered,97278,OR,VISA 16 digit
2ca3cac4-4013-46ef-98a7-a8e6974d69e1,Donald Rogers,50796083,4,1,4,2024-05-16 05:54:37.156091,shipped,97201,OR,JCB 16 digit
b3c569b4-a618-4a5e-ad59-9010518109a7,Katie Walker,52129674,86,10,860,2024-03-16 18:48:43.802714,delivered,97598,OR,VISA 16 digit
2a17b459-4146-4e1f-aa40-35525c143a24,Dennis Garcia,07253331,33,4,132,2024-06-10 07:56:55.595975,pending,97012,OR,Maestro
e8a73e97-6ee3-4a4d-b926-14e7d9178d95,Vanessa Molina,45208539,63,1,63,2024-03-05 03:26:07.029282,delivered,97378,OR,VISA 19 digit
041d9db8-d4ee-4605-a088-4ffdc37ca81f,Joseph Riley,99519056,78,4,312,2024-02-09 10:10:56.553332,shipped,97501,OR,VISA 16 digit
903d8f20-8fb8-4a3d-8fac-e8bed5c1ebdc,Alison Hess,46252746,15,2,30,2024-03-03 09:14:28.793049,shipped,97066,OR,VISA 19 digit
2dc2f163-ccef-4702-aa44-9ea2e53eca95,Bradley Reyes,29555789,44,6,264,2024-04-04 20:17:55.585940,pending,97753,OR,American Express
4384ef0c-6a3b-4a0d-9e49-fc43c383d813,Traci Wood,10402085,92,3,276,2024-02-24 14:00:29.330714,pending,97067,OR,American Express
277888d7-e25c-4961-8427-b96d2d871816,Raven Wade,15704122,15,2,30,2024-02-01 02:58:55.054903,shipped,97035,OR,Diners Club / Carte Blanche
3059add7-48c7-44e4-8b3b-3b71677a92ba,Derrick Pearson,88283210,31,1,31,2024-07-27 04:19:04.378527,delivered,97235,OR,VISA 19 digit
b34c6de2-a0dd-4745-ab34-5b199ef608e9,Casey Nash,84527486,47,9,423,2024-03-07 14:45:13.789121,shipped,97853,OR,JCB 16 digit
35d9e16d-b7bf-4da0-91df-bfa60f851b6a,Veronica Thomas,40660721,48,4,192,2024-03-20 14:06:02.855100,delivered,97112,OR,Mastercard
a55d8f7f-a64d-4a12-bc0c-d3ae656353a8,Joseph Wilson,28078845,73,2,146,2024-04-09 15:41:55.559731,delivered,97378,OR,Mastercard
7251849b-77f6-4dcb-a848-35aa12bb6633,Chad Soto,12745470,92,3,276,2024-08-17 23:19:33.849642,shipped,97212,OR,VISA 16 digit
6420c16f-1f16-42cf-816a-5184d06e9847,Rebecca Mueller,19562841,38,10,380,2024-06-23 02:02:51.095408,delivered,97587,OR,JCB 15 digit
7ea8859c-9ec0-493f-ad6c-26291c1e0c6a,Keith Cook,40759296,97,8,776,2024-01-12 05:32:13.692729,shipped,97725,OR,Diners Club / Carte Blanche
5df8dcab-eda7-4d87-a227-0edad1b7951c,Jonathan Bray,30756618,18,7,126,2024-08-10 23:06:59.700764,shipped,97918,OR,VISA 16 digit
56453ec1-7828-4c69-93dc-dee8f3d0c94c,Stephanie Williams,60489968,25,5,125,2024-09-05 08:07:28.551142,shipped,97096,OR,Discover
d0be4349-3fa7-4104-88d1-7dee6ed24263,Richard Long,25883008,44,8,352,2024-08-09 06:45:58.725948,pending,97096,OR,JCB 15 digit
d5124675-d8fb-47cf-b1d6-26fa3ef460b6,Debra Nguyen,21119620,83,7,581,2024-05-13 03:24:36.294495,delivered,97783,OR,VISA 16 digit
e8078d65-03ab-4dfd-9a6c-f3ea050cf110,Kyle Dodson,34866016,87,4,348,2024-04-14 12:03:26.170339,pending,97404,OR,Diners Club / Carte Blanche
d87702b7-1ad5-42ca-b426-bc2ce7921a68,Stephanie Williams,86083300,70,9,630,2024-07-11 09:51:25.057019,delivered,97096,OR,Discover
916688c3-4646-4e93-875b-6297729f8e98,Jessica Butler,90465420,26,9,234,2024-04-17 16:55:46.265108,delivered,97133,OR,Mastercard
ee59683b-3b07-4291-add4-a315e637d575,Courtney Crawford,13151560,35,4,140,2024-08-07 12:41:41.618982,delivered,97841,OR,JCB 16 digit
b8aabe1f-9bdc-4432-8b08-68dcae552f2d,Travis Peters,56877168,51,2,102,2024-03-31 15:38:53.552528,delivered,97792,OR,VISA 16 digit
aefbe023-dbe0-496d-ab4f-33c38b855f0c,Matthew Barnes,51020477,55,5,275,2024-03-09 14:30:35.262267,shipped,97310,OR,JCB 16 digit
cff45930-3815-4df0-a1df-1d6d79bfb746,Joseph Riley,13061838,38,1,38,2024-01-15 16:40:32.642111,delivered,97501,OR,VISA 16 digit
ce94de88-9a05-4e8e-abea-caa5c8dfca0c,Joseph Reyes,23355934,84,3,252,2024-06-15 18:34:31.559561,delivered,97031,OR,Diners Club / Carte Blanche
d49eb785-dd93-4078-a94d-318550349e8f,Casey Nash,06325756,90,3,270,2024-06-24 02:14:20.705698,shipped,97853,OR,JCB 16 digit
896e0b56-9b51-40e3-afff-adfdd9be0091,Vanessa Molina,12598595,7,1,7,2024-01-30 17:24:31.029510,pending,97378,OR,VISA 19 digit
dd1161ce-f074-46dd-b2b2-321ed59856c2,Ruth Smith,80211990,39,5,195,2024-02-08 12:40:34.013470,delivered,97541,OR,Diners Club / Carte Blanche
59cb697e-b561-4162-b723-bfff322cd1a1,Brian Phillips,03927601,12,3,36,2024-01-20 03:27:04.678347,pending,97325,OR,Mastercard
34363907-dea8-469c-a675-d6a81297507a,Veronica Adams,85575318,82,9,738,2024-07-05 06:58:36.936190,pending,97718,OR,VISA 16 digit
af7b290b-eacb-4c32-87ee-f704947e01f3,Lonnie Quinn,54557642,60,1,60,2024-03-14 01:46:26.608413,pending,97140,OR,JCB 16 digit
3bb03f16-bd4f-431b-8170-db08c38b2bdf,Kristin Hall,74028917,49,7,343,2024-02-04 10:44:11.298216,delivered,97564,OR,JCB 15 digit
