3c060661-ecfa-406d-b9c2-cb0c399a20ed,Kimberly Smith,64020846,33,5,165,2024-05-07 08:57:54.137089,delivered,40794,KY,JCB 16 digit
f17fc907-84b6-4ae7-97ce-0904ed4cde6f,Alexandra Cook,94730791,92,5,460,2024-02-20 01:56:22.388584,delivered,40772,KY,VISA 16 digit
a0470700-c008-4854-819a-04aaf3988762,Mary Bruce,05475049,84,8,672,2024-05-16 01:07:14.720304,shipped,41038,KY,VISA 19 digit
459aba09-61f9-459b-b7ee-58b58dee4fde,Jon Wheeler Jr.,73754640,94,6,564,2024-06-27 12:18:51.186729,shipped,41221,KY,VISA 13 digit
efcce922-6439-430a-be86-560baa25b52c,Mark King,88856070,67,5,335,2024-06-19 11:26:02.073494,pending,41067,KY,VISA 16 digit
a8c96e8f-06e4-4d71-bc3d-a28a76f274aa,Jonathan Hardin,38735677,25,8,200,2024-01-30 12:24:00.569107,pending,40274,KY,JCB 15 digit
5bf41824-3825-42a2-b5bf-838c15772624,Jeffery Johnson,33026503,55,5,275,2024-02-18 03:59:18.501723,pending,41028,KY,Mastercard
b3549d14-ecc1-4f10-bc2b-7588aa5ab578,Terry Fox,38002595,42,1,42,2024-06-16 11:30:48.950196,pending,41695,KY,Mastercard
288b39e2-4376-4e8c-8da4-465f6453a25f,Samuel Hopkins,39046031,57,8,456,2024-05-13 01:33:18.974908,shipped,40843,KY,VISA 19 digit
b025d3c2-dff5-4019-a514-d44d86b7d506,Kimberly Smith,73754640,94,8,752,2024-03-18 08:01:36.395621,delivered,40794,KY,JCB 16 digit
850afac6-d19d-4956-998e-28bbddb09d5b,Kimberly Smith,90659966,53,10,530,2024-02-21 02:23:39.764179,shipped,40794,KY,JCB 16 digit
bf814646-8251-4c82-b1c0-da411c204d9a,George Jones,00316217,51,2,102,2024-03-30 11:24:39.775720,pending,40404,KY,Mastercard
fd4abb2b-a0af-42b3-bac0-7da62f59751e,Nicholas Hinton MD,99885779,50,7,350,2024-08-28 17:31:23.798757,delivered,41019,KY,Mastercard
cbb85bed-9d32-4642-b80e-d88bd500c5ba,Nathan Garcia,04373315,80,9,720,2024-01-25 15:03:17.241973,shipped,40492,KY,VISA 13 digit
0dd09c5c-d98d-444a-b49b-92d9866661d1,Kimberly Welch,98457434,38,8,304,2024-01-23 17:13:12.519541,delivered,42412,KY,VISA 19 digit
875b41b9-09c1-49b3-8516-bf4e13662022,Andrew Jennings,46250025,3,6,18,2024-02-04 23:26:20.433103,shipped,42663,KY,Diners Club / Carte Blanche
07efbf40-f6eb-44fb-9b66-82c5a4bac3c0,Jon Wheeler Jr.,99548780,50,4,200,2024-07-08 15:24:25.611400,shipped,41221,KY,VISA 13 digit
d1012c19-2a2d-4859-8218-9f850c95a18d,Brian Hester,27443316,63,8,504,2024-04-05 14:53:14.384944,pending,40781,KY,VISA 13 digit
63304a3e-d0bf-4adb-aa7d-4ceb6fc6ddb4,Sharon Thompson,80328117,59,8,472,2024-08-03 19:03:33.521438,pending,41699,KY,Mastercard
1b8f6398-8b0c-4f0c-be05-351db2c450cf,Bonnie Carter,78225206,31,4,124,2024-04-27 23:45:58.962763,delivered,41109,KY,Maestro
cc4b1b30-ae63-4096-bf87-ccae4e5fb8ba,Emily Barnett,24059947,87,7,609,2024-03-05 17:52:10.391941,delivered,41487,KY,JCB 16 digit
9cef9b45-b9fc-46ee-8813-6700c055a43e,Benjamin Frey,45990113,56,3,168,2024-06-05 03:45:49.941635,pending,41967,KY,Discover
2bc36772-4e72-4699-9afb-9ac4cff7d306,Christy Jensen,25421965,84,2,168,2024-02-12 04:47:44.124214,shipped,40728,KY,Maestro
e55739af-559b-4998-95cc-d33d8cebcdad,Jeffrey Mosley,60784728,4,9,36,2024-02-20 02:43:23.955545,pending,41432,KY,VISA 19 digit
d5a1b1aa-ac64-4a39-ad3e-3ad2f5c79138,Kimberly Smith,20938611,81,5,405,2024-03-16 02:18:12.863583,shipped,40794,KY,JCB 16 digit
366f5a94-fa9e-4f77-bf51-3d3ec724f6e6,Mckenzie Dickerson,71076454,6,8,48,2024-06-25 01:03:45.845083,pending,41141,KY,Discover
ce4a2d5e-230d-4eec-8737-595386be4cee,Brian Rojas,10450475,91,6,546,2024-04-06 07:10:10.351659,delivered,40733,KY,Discover
c5c9aa8c-e19c-4259-9a21-9e66527ac50a,Melanie Todd,63320763,42,8,336,2024-01-09 21:14:20.862928,pending,41415,KY,American Express
37ce7c5b-a580-48c4-bd77-cdda0dc84fea,Shane Gonzales,54223837,62,9,558,2024-08-04 20:01:34.943415,pending,42554,KY,Diners Club / Carte Blanche
1955621a-02d5-4065-a598-b75ba0839a5c,Steven Horn,70963083,79,7,553,2024-05-25 19:44:44.799902,shipped,41086,KY,Diners Club / Carte Blanche
50ceaa4c-1cf1-485d-b461-f1825fa88b97,Jeffery Johnson,47829510,17,10,170,2024-02-29 03:26:58.797891,delivered,41028,KY,Mastercard
98ccabcc-200f-4c11-9afe-5eed693ad011,Jessica Brown,29209644,71,6,426,2024-01-22 22:14:20.275260,pending,40134,KY,Discover
35a95698-a507-4fec-9a34-ef1ad5e42b54,Jose King,56540246,77,6,462,2024-08-17 13:55:45.764514,pending,40710,KY,VISA 16 digit
dc1779b5-40e6-411b-b966-0b6dae47f38c,Brian Rojas,47842397,52,3,156,2024-07-08 12:16:07.399272,delivered,40733,KY,Discover
3099f600-35e5-47af-a55b-20f0138e4c54,Melanie Todd,34656150,90,7,630,2024-07-30 04:17:57.716365,delivered,41415,KY,American Express
26375980-dec4-4e0a-9071-d2121bdd4236,Douglas Levy,93462778,39,10,390,2024-03-05 17:30:12.626089,delivered,42198,KY,Maestro
744786a1-991b-46f6-a6ae-b37315312f3a,Lynn Williams,17759854,32,2,64,2024-04-24 18:00:50.127281,shipped,41819,KY,VISA 13 digit
8449e87a-5a95-45f7-9c08-b90fc4e65565,Eric Buckley,68988265,59,1,59,2024-03-30 04:09:15.697687,delivered,42549,KY,VISA 19 digit
24dadc55-19c3-497f-8518-27a86ecd88d2,Leon Baxter,86376501,14,8,112,2024-07-18 23:45:06.773494,pending,42682,KY,Mastercard
1246f107-d411-451d-8e3e-7023c243cabc,Maria Jensen,34866016,87,4,348,2024-02-06 10:20:51.711172,pending,42536,KY,JCB 15 digit
777fcd64-2143-49bc-92dc-21026fbeb762,Shelby Brown,65973905,80,9,720,2024-01-21 02:35:15.169339,delivered,40125,KY,JCB 16 digit
9be16983-0649-457f-b4f9-15c7e925d1a4,Taylor Davis,10545225,49,2,98,2024-09-01 04:54:33.210423,delivered,42590,KY,Diners Club / Carte Blanche
42807ce5-5287-42c3-8554-f73018fe3fdc,Kimberly Smith,29251353,26,2,52,2024-01-03 16:36:16.594798,delivered,40794,KY,JCB 16 digit
99054421-6378-4b6f-baf6-1273bdb3a338,Beth Jarvis,71008745,2,8,16,2024-01-09 00:19:21.364036,shipped,41702,KY,Discover
2b9400bc-7bef-4efd-b1b5-a74d956e41c5,Terry Fox,33367361,26,7,182,2024-02-14 21:54:09.164767,shipped,41695,KY,Mastercard
f5bcb967-0626-482b-ae3e-4fe8e6983613,Mckenzie Dickerson,67038640,80,9,720,2024-04-23 20:49:46.002976,delivered,41141,KY,Discover
91b095fa-0df6-4de9-8481-cab72d5b547e,John Rodriguez,43808311,35,9,315,2024-07-01 04:41:45.536954,shipped,42468,KY,JCB 16 digit
04eb7f9b-fe82-4990-a6b2-99b4b6941473,Christy Jensen,91316455,99,5,495,2024-08-12 22:50:47.944947,shipped,40728,KY,Maestro
a548f356-84d9-4c6e-b046-8c0c2b5c459f,Mary Bruce,01633719,41,7,287,2024-07-09 01:53:16.183875,pending,41038,KY,VISA 19 digit
b6cd9007-f0af-4e67-8ffc-d976f97f3749,Krystal Brown,41743492,8,1,8,2024-05-01 23:02:37.869257,shipped,40557,KY,American Express
c4147025-43b2-4bdb-8ffe-5a18c8cc42cb,Mike Cunningham,15704122,15,9,135,2024-07-30 22:28:34.280665,shipped,42647,KY,VISA 16 digit
7450dbdd-699d-44cb-86ad-333e5667e713,Summer Bullock,63918083,50,10,500,2024-03-23 07:43:22.386162,delivered,41215,KY,Maestro
4b1efd04-a758-439d-be7e-c2536e3e1039,Robert West,72286791,23,2,46,2024-06-24 17:25:06.241524,shipped,41501,KY,VISA 16 digit
f2f953ef-700f-4f0f-b87d-4cd2f5fb01b7,Helen Huff,72036570,55,8,440,2024-01-13 22:48:38.446691,pending,41457,KY,JCB 16 digit
e3efbc99-e198-4294-aefc-7697cb0a7bda,Samuel Hopkins,53089717,82,8,656,2024-03-16 08:37:37.813630,pending,40843,KY,VISA 19 digit
21b956c3-d1dc-4c4a-8b4c-1302785a5fda,Paul Archer,25341973,79,1,79,2024-01-12 07:46:17.227873,shipped,40587,KY,VISA 16 digit
8674b5c4-4771-45f8-98c1-711470c034e2,Summer Bullock,72379394,14,7,98,2024-04-29 23:51:48.041621,delivered,41215,KY,Maestro
06f882d6-f76e-4cf7-8116-7e1ffc6d6d21,Jennifer Clark,73820048,88,3,264,2024-07-11 02:11:03.919316,delivered,42296,KY,VISA 19 digit
5d6cc91f-2b54-4373-8252-36d430788ce8,Andrew Jennings,01437416,59,5,295,2024-07-05 08:13:32.035548,delivered,42663,KY,Diners Club / Carte Blanche
e5d243bb-e4c5-4a14-b2f6-93042d34f81b,Samuel Hopkins,24672085,59,5,295,2024-08-25 15:10:10.704465,delivered,40843,KY,VISA 19 digit
3113edea-4a02-4421-aad2-adbc6e36eab9,Jeffery Johnson,44085315,49,6,294,2024-04-24 09:12:02.013169,shipped,41028,KY,Mastercard
b9a6a509-0263-4c93-867e-aef5eb0de91a,Mark King,41343685,1,5,5,2024-05-28 07:21:30.846708,shipped,41067,KY,VISA 16 digit
835747e0-76a1-49a7-8dc1-702b82c99a72,Mark Hanna,68333256,85,9,765,2024-02-12 00:48:08.258543,pending,41965,KY,American Express
18fe5c2b-9fec-49da-954d-306675933811,April Hall,52609831,54,2,108,2024-06-14 14:48:43.829195,delivered,40281,KY,VISA 16 digit
8f03c656-5bf8-4742-abdd-516f2aa65fff,Miss Michele Collins DVM,66193265,6,8,48,2024-02-20 12:27:12.984132,delivered,42273,KY,JCB 15 digit
513ec784-2f6c-4fbc-9174-94e511e4ecda,Krystal Mcdaniel,64573724,20,9,180,2024-02-26 15:37:39.508393,delivered,40648,KY,JCB 15 digit
9893d2d2-6d4e-4b62-a614-2b8df2259aa0,Jose King,53089717,82,10,820,2024-06-11 09:21:24.036462,pending,40710,KY,VISA 16 digit
b6bb2ac3-91ab-4603-b82d-09c2f64865e3,Jennifer Clark,73754640,94,5,470,2024-01-12 17:59:32.186940,shipped,42296,KY,VISA 19 digit
64237361-acfe-458c-8537-8dabbde53977,Jennifer Chandler,91054203,42,6,252,2024-03-20 18:50:08.162886,shipped,41340,KY,Maestro
8d685b27-1aed-4967-8b1f-5e941dfa1fed,Alison Cortez,55181822,82,6,492,2024-08-19 14:07:12.697566,delivered,40495,KY,American Express
5c613c26-618a-48ce-a2a7-30827ebabbcf,Sandra Harris,46252746,15,10,150,2024-08-02 19:42:03.670975,pending,41565,KY,JCB 16 digit
69349098-1b58-4988-9992-0859fc486de7,Sharon Thompson,98075218,6,5,30,2024-08-05 11:00:11.086830,pending,41699,KY,Mastercard
6d98eff8-d5e4-4af7-a59f-896fccad37ce,Mark Hanna,17779852,80,7,560,2024-06-20 04:52:17.865088,delivered,41965,KY,American Express
609b767e-7179-4a86-8627-792cb97ce014,Jose King,22571120,55,8,440,2024-02-06 00:40:04.268082,shipped,40710,KY,VISA 16 digit
2c6bf37e-bd77-4a5f-8e84-577e43b83432,Jeremy Jennings,30874664,47,3,141,2024-06-30 12:35:42.597812,shipped,40212,KY,JCB 16 digit
e5344321-7103-43e0-a0ef-4b3d12e4c997,John Rodriguez,06345297,93,4,372,2024-02-11 03:10:28.358373,delivered,42468,KY,JCB 16 digit
97e1c1d0-71b9-4ca9-b864-e938ef1fbd38,Kimberly Smith,84507785,40,9,360,2024-06-11 00:20:38.336017,shipped,40794,KY,JCB 16 digit
fcec291e-6c0c-4b10-9ae9-1b76edf810f8,Oscar Flores,12580491,21,5,105,2024-04-06 00:56:51.783343,delivered,40545,KY,VISA 16 digit
146c68f8-1a49-4444-ab2d-6baf0066f2a2,Leah Wood,72332986,45,10,450,2024-02-22 01:57:02.684750,pending,40644,KY,Diners Club / Carte Blanche
f33fa604-7807-4827-9ecf-24a2580c8912,Jack Stevenson,02856612,92,10,920,2024-02-08 01:13:30.381444,pending,42694,KY,VISA 19 digit
95ecdce2-6f5b-4576-9742-76e7ea1d4748,Jennifer Clark,15468727,65,4,260,2024-06-14 11:39:24.816947,pending,42296,KY,VISA 19 digit
3ed1e188-1959-4e25-a17a-b542ce6bfd0e,Beverly Robbins DVM,25268904,24,2,48,2024-05-21 17:45:23.545442,pending,42257,KY,VISA 13 digit
3bba69be-5648-4f0d-8608-05767d47b714,Martin Martin,22332271,82,6,492,2024-06-21 10:13:15.099347,delivered,42595,KY,JCB 16 digit
88153916-c514-4741-a5c9-19bbc43e3a6c,Mary Bruce,54206977,76,10,760,2024-05-31 20:43:36.592423,delivered,41038,KY,VISA 19 digit
c6f3b1c1-f17c-498c-9870-afd713e78c3d,Christy Jensen,70849868,78,1,78,2024-05-25 12:41:29.848939,shipped,40728,KY,Maestro
c3360966-36ee-4341-80a3-1056f95a658e,Sandra Reeves,73820048,88,2,176,2024-06-11 21:00:06.877049,pending,41918,KY,VISA 16 digit
6bbdd2cb-2ff5-4b43-b088-729507af222e,Diana Ross,16443280,33,1,33,2024-02-26 02:36:04.497605,pending,42548,KY,Maestro
f0862d98-e4f2-4c31-bcfd-79fef6208f1f,George Jones,99315894,15,7,105,2024-05-18 04:21:42.625426,delivered,40404,KY,Mastercard
458a0b45-851c-4b63-bc0e-1f79323a88e0,Bonnie Carter,76487330,25,6,150,2024-02-16 09:53:09.156196,shipped,41109,KY,Maestro
2099db3c-57cb-432f-b71f-7340b3575710,Mike Cunningham,40937342,82,1,82,2024-02-14 05:19:51.438379,shipped,42647,KY,VISA 16 digit
2244408a-94ab-4276-ad28-c71bd2272a43,Selena Everett,73169963,6,3,18,2024-07-06 20:18:33.694065,pending,40539,KY,Diners Club / Carte Blanche
27be3fde-69dc-4284-963b-ff5be311ed3a,Jeremy Jennings,06606350,53,5,265,2024-07-20 02:23:51.178473,delivered,40212,KY,JCB 16 digit
cfb6ff03-c077-4a5c-8cbb-710ebdbe026c,Shane Gonzales,20460075,90,5,450,2024-02-11 06:18:50.192001,pending,42554,KY,Diners Club / Carte Blanche
930546ba-767b-4760-aea7-a3306638f39e,Benjamin Frey,26288567,77,7,539,2024-04-09 00:03:54.614161,pending,41967,KY,Discover
bae779b6-9320-41c0-9012-d169b440d1dd,Erica Blankenship,51020781,69,5,345,2024-02-18 03:22:33.058442,delivered,40489,KY,VISA 16 digit
1a6da50c-a914-475f-93bf-908c91e8985a,Thomas Lowery,84527486,47,10,470,2024-03-25 01:27:28.798561,delivered,42429,KY,JCB 15 digit
e0eb7fcf-33a2-46ba-8d84-9b7c3309413e,Morgan Jones,12835126,26,7,182,2024-06-09 23:40:37.314462,pending,40015,KY,VISA 16 digit
5275e56c-0088-4e54-867f-58412ad55e07,Shelby Brown,24670074,16,10,160,2024-05-23 04:53:50.896976,delivered,40125,KY,JCB 16 digit
7fd4d3a5-b2a4-4bd8-b344-8ea53d1ec5ed,Phillip Martinez,54557642,60,10,600,2024-03-09 15:09:50.249273,delivered,40751,KY,VISA 13 digit
4407e1cb-1ea5-4a58-8f8d-9cba0f2f9e45,Vanessa Perry,54929814,6,5,30,2024-09-02 11:39:13.536002,delivered,41043,KY,Diners Club / Carte Blanche
3fad1fca-4d51-436b-97cf-b7f7e2374d4c,Kayla Villegas,58084281,7,8,56,2024-08-13 23:34:39.230160,pending,42569,KY,VISA 16 digit
49fb74d9-a480-43dc-80c2-46f03358170e,Colin Mueller,23713581,24,5,120,2024-08-11 08:13:42.540184,delivered,40166,KY,American Express
239d6af0-a7ac-445a-af7f-5c2d5d97e03d,Douglas Levy,22662309,16,8,128,2024-03-27 06:45:45.471204,pending,42198,KY,Maestro
afa5de33-4d24-4fd2-83e2-d2e4cf3b1d41,Nicholas Hinton MD,63217124,13,9,117,2024-06-29 01:42:54.364781,shipped,41019,KY,Mastercard
fb4a46ab-b79b-4722-b857-bc30eed17776,Alison Cortez,27974162,95,7,665,2024-06-07 06:48:54.230972,shipped,40495,KY,American Express
291aba57-e439-4d2c-8ce8-6bf82b8bfe39,Paul Archer,28423782,72,2,144,2024-06-24 09:49:18.205192,shipped,40587,KY,VISA 16 digit
bd7c7abe-5244-4ad5-ba6b-af7c4fafda87,Kimberly Smith,72034040,84,4,336,2024-04-12 05:21:39.987819,shipped,40794,KY,JCB 16 digit
c1847676-de6b-4e9f-ad27-b0c83b81654f,Jonathan Hardin,38140051,74,6,444,2024-08-18 10:43:51.175323,shipped,40274,KY,JCB 15 digit
91e12ba0-23aa-4077-b5d9-3cd3f8bb9794,Selena Everett,10367605,8,3,24,2024-06-30 23:48:19.338771,pending,40539,KY,Diners Club / Carte Blanche
59ab3ce5-4c59-4678-9bc9-2e1fd9d1a493,Alexander Oneill,14856815,48,2,96,2024-05-13 06:09:42.070473,pending,40142,KY,American Express
28eac89a-d374-4045-89d1-b757148efdf7,Brian Jones,33006932,55,1,55,2024-05-06 03:02:19.943685,delivered,41461,KY,JCB 15 digit
0af0f1c3-d009-4b24-b4d1-783d89e4720d,Jeffery Johnson,28078845,73,6,438,2024-05-08 16:56:50.217952,shipped,41028,KY,Mastercard
960aeaad-2ff8-49a4-bfd0-501509256c3f,Mike Cunningham,35336228,80,2,160,2024-03-19 02:24:13.982822,pending,42647,KY,VISA 16 digit
47d79f31-6843-4cab-be97-199931c8a30d,Kimberly Smith,11676263,85,5,425,2024-04-28 01:26:26.603553,pending,40794,KY,JCB 16 digit
7efa4d22-cd2b-45a8-86a0-d48affe9617e,Rebecca Rodriguez,96094815,60,9,540,2024-05-05 18:38:25.081821,delivered,42722,KY,American Express
02ae4ccf-e26d-4b9b-a7e5-6a6ee04f766e,George Jones,96841693,98,7,686,2024-01-24 02:39:39.085303,delivered,40404,KY,Mastercard
461df2af-7a23-4609-a01a-fd68425e8c89,Erica Blankenship,21702433,12,3,36,2024-01-07 10:07:54.875162,pending,40489,KY,VISA 16 digit
dee6f297-8831-444b-b2fc-aad71046b831,Douglas Levy,18550597,91,9,819,2024-07-21 21:06:19.301875,delivered,42198,KY,Maestro
3277435d-38cc-49ec-9dc8-7cc896c5a59e,Bonnie Carter,95450575,34,10,340,2024-02-23 21:21:19.193689,pending,41109,KY,Maestro
334429ad-89ba-4a82-b709-77375fcb461b,Jeremy Jennings,55543330,86,6,516,2024-05-28 14:25:05.059363,delivered,40212,KY,JCB 16 digit
0671e4f2-ab2e-4830-8bbc-fb490c501f40,Robert West,23355934,84,4,336,2024-08-19 20:39:34.880533,delivered,41501,KY,VISA 16 digit
37971929-b53e-4d0d-b664-f6b0194b393a,Richard Rodgers,60640383,8,10,80,2024-04-07 00:03:34.832115,shipped,42359,KY,JCB 16 digit
83c2798b-c32b-4744-a444-d878a7e6cd7c,Kimberly Smith,59030669,27,5,135,2024-03-12 04:19:30.580911,pending,40794,KY,JCB 16 digit
46f9da12-e36a-432e-9126-8ce4596ad671,Rebecca Rodriguez,09086586,50,7,350,2024-08-02 04:25:51.228710,delivered,42722,KY,American Express
a6316902-e718-4b81-bf21-f79f46767b4e,Chelsea Adams,40120263,33,7,231,2024-04-16 03:18:28.530464,shipped,40587,KY,Discover
06af88c0-b930-48e6-841e-6acc09e090ff,Nicholas Hinton MD,37798376,81,2,162,2024-04-05 02:45:33.424859,shipped,41019,KY,Mastercard
42103607-6a19-4642-9927-e63cfd984085,Leon Baxter,22532916,47,2,94,2024-05-05 04:30:09.595705,shipped,42682,KY,Mastercard
ac2894d5-23b4-48bb-aec4-e9524d47fcaa,Jennifer Chandler,54815759,72,4,288,2024-01-15 03:20:01.851363,pending,41340,KY,Maestro
55e735c4-2282-4472-b0bf-176cc351f164,James Ross,88301730,76,6,456,2024-04-12 00:56:02.253056,delivered,41542,KY,VISA 13 digit
2e2aca79-9054-4bc3-8041-3a0adbf8b467,Gary Young,85630918,58,5,290,2024-05-17 07:56:39.113166,shipped,41775,KY,VISA 16 digit
e5067d44-9c0e-4e29-a33b-e7ab375c45c6,Jessica Brown,32413458,85,3,255,2024-07-13 16:32:17.565449,pending,40134,KY,Discover
6dea6d5d-c0fd-49b8-a5ce-b15b113c3230,Jose King,61400313,89,10,890,2024-09-04 18:03:02.469040,shipped,40710,KY,VISA 16 digit
94444860-0823-4fa7-8060-c4f0da9d511b,Mary Bruce,32081305,60,9,540,2024-05-22 03:46:24.154266,shipped,41038,KY,VISA 19 digit
b1adb971-98a8-44f0-91b9-d7e5db230f98,Rebecca Macias,22908018,60,2,120,2024-09-03 17:22:41.453835,pending,40940,KY,JCB 16 digit
affd2da4-9ee6-4e34-98aa-80c1115e24c6,Megan Schaefer,52805509,57,7,399,2024-05-17 19:45:14.779640,delivered,42072,KY,JCB 15 digit
a928f723-1de5-4e8b-a208-874d1009ae2b,Lynn Williams,99302955,10,7,70,2024-02-14 17:16:07.133655,pending,41819,KY,VISA 13 digit
6fd52263-7127-4277-ba44-b5ccfdc99bee,Abigail Lowe,04577096,37,6,222,2024-02-18 15:15:12.557827,shipped,40035,KY,Discover
303c55cb-ee0b-45a8-b55c-257eab42ccfc,Crystal Sullivan,39710987,12,3,36,2024-09-07 13:04:12.666369,delivered,42068,KY,VISA 19 digit
64e783ea-ff16-4548-a591-966a52dfb748,Kimberly Smith,85678569,58,8,464,2024-03-31 18:26:11.242164,shipped,40794,KY,JCB 16 digit
7d1dddb8-775a-40a1-ba24-7268c1dd75c9,John Rodriguez,40837253,67,9,603,2024-06-08 05:21:11.516142,delivered,42468,KY,JCB 16 digit
74887dfd-4a59-43c4-ba82-3405cb124748,Ronald Wilkerson,51322502,71,8,568,2024-01-22 10:15:24.273037,shipped,40037,KY,Diners Club / Carte Blanche
a2df407d-3761-4720-9850-b81bf1e605ca,Maria Jensen,33026503,55,5,275,2024-05-08 07:03:38.020673,pending,42536,KY,JCB 15 digit
fc32c17b-c802-4431-959b-5c5e05fb2108,Beverly Robbins DVM,92778177,55,8,440,2024-07-19 05:52:32.962805,pending,42257,KY,VISA 13 digit
0a449c8d-ee68-4fac-904b-edcbabe9d518,Judy Sawyer,83186523,96,1,96,2024-04-24 12:00:13.356493,delivered,42203,KY,Mastercard
531cda92-27c1-48e9-88ab-121800f27559,Scott Ballard,39571243,73,5,365,2024-02-15 19:56:48.981623,delivered,42486,KY,JCB 15 digit
ef378c23-cb8f-43e9-9d7f-50089fb667c8,Kimberly Welch,08928290,89,5,445,2024-04-14 11:51:47.137221,delivered,42412,KY,VISA 19 digit
6005d114-e6a0-465b-bcab-1810b8ab64e4,Thomas Lowery,14048357,35,10,350,2024-01-26 00:01:27.105765,pending,42429,KY,JCB 15 digit
d7c3f8f0-aa66-43c8-837b-e2c1a45f2ccf,Erica Baker,81579419,87,7,609,2024-02-28 03:57:21.250243,pending,40814,KY,Maestro
bb09b46a-e3c8-4d52-a505-e4e9567644a6,Alexander Brown,72332986,45,1,45,2024-01-06 05:02:05.499053,delivered,42708,KY,Diners Club / Carte Blanche
2892f317-9c7b-40ef-8442-ca779be14931,Megan Schaefer,28899518,9,10,90,2024-01-30 12:04:55.765356,delivered,42072,KY,JCB 15 digit
5e82b196-f771-4dbb-a15a-e077a9e89a5f,Abigail Lowe,16250130,86,4,344,2024-05-26 06:15:49.962733,shipped,40035,KY,Discover
ea9b9b10-3620-4cf7-99f9-1bb48ec4f7f4,Brian Hester,13179731,93,3,279,2024-06-29 05:54:04.992753,shipped,40781,KY,VISA 13 digit
d6ccacfb-9745-4f56-a71e-bca759de9ebe,Jonathan Hardin,61435254,25,5,125,2024-08-24 21:09:21.732753,shipped,40274,KY,JCB 15 digit
81af3b17-d170-4e62-9237-4b19bb1e9dec,Abigail Lowe,66807254,17,4,68,2024-08-09 16:36:01.348647,pending,40035,KY,Discover
4b789352-6550-42c2-933a-ee6044759c04,Jennifer Clark,24120920,87,5,435,2024-02-16 09:15:22.857787,delivered,42296,KY,VISA 19 digit
0f9969df-876c-4d9d-8db2-f081da0a41ef,Jennifer Clark,30701335,13,10,130,2024-08-27 06:25:11.004525,shipped,42296,KY,VISA 19 digit
ecdfe315-3e5d-46be-8ac3-5f36b6e65c65,Amy Ward,11636779,61,9,549,2024-08-29 12:48:18.275388,pending,40361,KY,JCB 15 digit
b31de930-0644-49b8-a427-1cd278234bea,Alison Cortez,44953324,24,7,168,2024-04-24 14:37:35.266296,pending,40495,KY,American Express
232b6d29-e1fc-437a-ad3f-108da8994358,Selena Everett,24586764,62,7,434,2024-05-03 14:30:37.395474,delivered,40539,KY,Diners Club / Carte Blanche
0e9788cf-360b-402d-8114-7184686c7e8d,Brian Jones,23433403,30,2,60,2024-03-25 07:53:42.809952,shipped,41461,KY,JCB 15 digit
ae8de399-3228-4516-a294-99a7a75cb991,Jessica Brown,51141462,10,4,40,2024-06-17 22:07:11.532512,pending,40134,KY,Discover
9fe7553f-eedb-4126-bdc1-5b61f203c149,Kimberly Welch,96351406,48,10,480,2024-03-25 06:30:47.069745,shipped,42412,KY,VISA 19 digit
c635383e-ad95-4775-a1b6-fea40d9f4a40,Terry Fox,86124782,64,10,640,2024-08-07 07:53:08.828559,delivered,41695,KY,Mastercard
594ace9d-4bd4-416c-a484-d4ab4fee5448,Mckenzie Dickerson,84535498,93,8,744,2024-06-29 18:59:41.910663,delivered,41141,KY,Discover
dd301296-31c0-4496-80bd-91c38b9eb7c6,Krystal Brown,16378971,82,6,492,2024-06-19 03:12:09.886488,delivered,40557,KY,American Express
d4331e3f-5564-4b49-96c9-f029b2beaef5,Alexandra Cook,91948359,91,5,455,2024-08-15 23:54:33.972965,shipped,40772,KY,VISA 16 digit
ded3840c-a661-4135-a059-69ab93bc6a73,Jeffrey Mosley,86467292,62,8,496,2024-03-25 04:34:14.737904,delivered,41432,KY,VISA 19 digit
d4ac7ea2-abae-4b55-8508-7403b523224c,Jennifer Chandler,95212791,1,5,5,2024-08-01 02:14:14.689538,shipped,41340,KY,Maestro
683d2375-c4bd-4110-8e10-49688dcd61e0,Sharon Thompson,32628913,49,1,49,2024-09-01 23:45:44.476045,shipped,41699,KY,Mastercard
7311d434-6efb-4438-94cf-63019b153bd8,Mario Olson,60419347,91,1,91,2024-03-08 20:55:56.422864,shipped,41578,KY,JCB 16 digit
