7eca6467-f794-4c4f-b2ea-76fc4ad2c37d,Kristi Nguyen,96475249,95,6,570,2024-03-12 03:27:57.124625,shipped,07488,NJ,VISA 13 digit
55377c1f-8ea3-41b9-a157-e40feed5c940,Megan Jackson,63059748,27,6,162,2024-03-18 23:44:54.941162,shipped,07521,NJ,Maestro
ba66bf41-81a6-4c3e-82bc-2b22e5d8f569,Vanessa Allison,51098711,77,9,693,2024-09-06 20:23:09.754416,delivered,08389,NJ,VISA 16 digit
fbc2e62d-bfa2-4c5e-9cd6-e0962b90f9b2,Mrs. Robin Allen,50796083,4,8,32,2024-04-10 13:13:16.907299,pending,07034,NJ,Mastercard
60823d13-e2e4-4683-bb58-e51b325a3596,Daniel Estes,03837573,1,1,1,2024-03-04 20:18:37.197006,pending,08776,NJ,VISA 13 digit
64feb05c-3723-4966-89c4-1f1087973171,James Mitchell,61508521,50,3,150,2024-03-19 19:24:33.543006,shipped,07745,NJ,VISA 16 digit
d63c3b78-fdc8-4045-af8c-3a2439f8ee9b,James Shields,18400908,31,7,217,2024-05-13 21:58:14.901887,pending,08030,NJ,VISA 16 digit
78151f36-8d1d-4de6-bf81-f9f13bee5230,John Mendez,63445572,71,2,142,2024-05-31 09:17:59.271855,shipped,07659,NJ,Discover
d6a1114b-9fd3-456b-9f54-0114521cef44,Richard Jordan,16100480,69,2,138,2024-02-05 18:02:32.857951,delivered,07187,NJ,Diners Club / Carte Blanche
8ed93a3a-c1f4-4d92-af74-55b47677d9bd,Brenda Anderson,06932480,82,7,574,2024-07-11 18:50:17.598974,delivered,08847,NJ,JCB 16 digit
9c302ea3-13ad-4cf6-b972-276da9a07301,Tiffany James,61435254,25,6,150,2024-02-24 19:25:52.930315,shipped,07379,NJ,Maestro
7ea1fd98-1b35-4e1d-af4a-a37d4a4b6800,Richard Jordan,09810693,97,8,776,2024-07-25 21:24:58.252768,delivered,07187,NJ,Diners Club / Carte Blanche
e5f6e38e-434e-486b-99bc-576a325cb808,William Anderson,93784672,46,1,46,2024-06-30 14:11:25.667488,shipped,07558,NJ,JCB 16 digit
6acc5595-3258-42fd-a00e-e9ce4a7ca7b2,Anna Leonard MD,32499124,30,2,60,2024-02-26 11:52:36.942097,pending,08807,NJ,Mastercard
3d5a3cc6-28d8-4dfa-b689-4d6c28f1aca1,Julie Smith,98823017,89,6,534,2024-03-08 17:23:56.412694,shipped,08535,NJ,VISA 16 digit
7c6fb9d7-7122-4879-9846-3bb154dc3ec9,Megan Hall,50066698,57,4,228,2024-03-22 22:24:46.416706,delivered,07999,NJ,VISA 19 digit
3a2c0c85-b997-4b51-adf0-b1cd02877b8b,Jennifer Wyatt,54929814,6,6,36,2024-07-09 14:55:37.420645,pending,07683,NJ,American Express
395ffd72-3f10-487c-a812-3dd63d287ab5,Casey Wilson,36431311,52,6,312,2024-03-05 07:00:23.944247,pending,08139,NJ,VISA 19 digit
5a350746-be7a-4119-96f4-da9b25cb85d1,Jennifer Reed,78353077,73,10,730,2024-03-30 13:21:19.003612,shipped,08112,NJ,American Express
4a3b9815-ac95-4a60-940c-c9acdb504edf,Sandra Simpson,14982026,67,7,469,2024-04-29 21:01:57.998971,shipped,07628,NJ,Discover
7e4f4b1b-84da-4fcf-b482-e738d9315461,Barbara Drake,90056994,39,1,39,2024-06-14 04:23:27.831942,delivered,08220,NJ,JCB 16 digit
a843a84f-1ac2-4fee-82cd-ae39344b1880,Christopher Lopez,29251353,26,6,156,2024-05-14 11:30:43.555420,shipped,07835,NJ,JCB 15 digit
93d17459-0403-4b2a-bd72-ee9f9dea80bf,James Mitchell,58766415,54,3,162,2024-04-20 13:26:35.960690,delivered,07745,NJ,VISA 16 digit
d62a5e7e-da0b-4672-bdc1-b2e6e4bf0343,Wayne Galvan,63918083,50,4,200,2024-01-06 23:59:18.759672,shipped,07315,NJ,Mastercard
082a496a-8a94-4b50-8d44-ea93e5132417,James Johnson,27653852,16,5,80,2024-02-07 19:05:18.788373,shipped,07989,NJ,Discover
468837b2-d85a-49a1-9685-cc08feb5ab0f,Mrs. Linda Lee MD,66097181,68,2,136,2024-02-25 18:38:02.988373,delivered,08164,NJ,Mastercard
156c9c36-163e-423a-8f2a-b2037f7600db,Mr. Joseph Brock,18279979,49,8,392,2024-05-11 13:28:23.355669,shipped,07818,NJ,JCB 15 digit
59bd2f40-6f83-47bc-86a6-ac7ff7b7c9d6,Robert Quinn,12419920,3,3,9,2024-06-02 22:21:34.934303,shipped,07640,NJ,Maestro
a64a9ee9-4cf3-43e0-8d0f-6d1e172d5cd7,Tanya Kim,05887194,47,8,376,2024-03-13 15:42:49.550940,delivered,08607,NJ,VISA 16 digit
27df6b8d-6759-4c8d-8a7a-00fbb586196d,Casey Wilson,07858789,80,3,240,2024-01-07 23:01:04.276701,pending,08139,NJ,VISA 19 digit
713a1c36-e0dd-4441-94fd-56fb45184df3,Megan Hall,02008783,79,10,790,2024-02-01 15:42:39.975690,delivered,07999,NJ,VISA 19 digit
9ef7b800-163a-4b88-a1d7-01294c495097,Seth Patel,65717424,31,4,124,2024-03-16 23:46:33.622523,pending,07193,NJ,JCB 15 digit
a43f4516-acfd-423d-b483-a0cc68388be3,Wesley Adams,22406538,44,2,88,2024-02-07 14:56:37.568618,shipped,07308,NJ,VISA 16 digit
be74c72f-4b48-42a1-aadb-7b5061af4719,Dominique Barrera,07505393,84,9,756,2024-01-31 18:25:48.946681,shipped,08056,NJ,Discover
b87159d9-a2d2-4e6c-af82-0f4e920de408,Robin Horton,01633719,41,10,410,2024-04-13 00:42:36.110489,pending,07331,NJ,JCB 16 digit
7ed3421a-3d73-4852-8d80-bf771fade93e,David Duran,53941794,85,10,850,2024-01-08 09:26:35.854414,shipped,07505,NJ,JCB 16 digit
607155a9-bb69-46c9-9aad-fbf7e1654433,Dwayne Gutierrez,45237584,67,6,402,2024-05-20 13:44:26.913477,delivered,07468,NJ,JCB 16 digit
e7fd81a0-ebad-4f29-b10d-5519576cc703,Sandra Simpson,36139743,87,4,348,2024-04-09 23:35:36.962680,delivered,07628,NJ,Discover
b21aa472-9ba0-4e48-a128-6e7802440ec0,Jacob Garner,44953324,24,4,96,2024-03-15 09:36:24.201170,delivered,07406,NJ,JCB 16 digit
c1ecaf4c-01f1-4cb6-aa88-8a1a29a8a508,Shelly Molina,63105667,61,1,61,2024-09-07 11:43:03.021680,delivered,08423,NJ,VISA 16 digit
a267910b-18a7-466d-bd6f-84ec20a0692f,Heather York,74102143,35,6,210,2024-04-15 22:17:46.021802,pending,08409,NJ,JCB 15 digit
42276190-05bb-410f-946a-b81681c42e92,Dylan Horton,62413763,42,6,252,2024-07-08 11:49:59.873946,delivered,07972,NJ,JCB 16 digit
95e4aa3c-239a-40b2-9fc5-e6409fe2ce13,Ronald Perkins,19104171,94,4,376,2024-05-27 14:30:55.242348,shipped,07518,NJ,Maestro
9536f7db-fa0e-44b4-abe3-012f7b66eea7,Barbara Drake,11501145,15,10,150,2024-01-07 08:36:33.348153,shipped,08220,NJ,JCB 16 digit
42cc3d82-503a-433b-beef-df56f773b975,Jennifer Wyatt,01383133,23,8,184,2024-06-12 10:08:41.524111,shipped,07683,NJ,American Express
a3228c4e-ead4-409a-b8f5-9bd327945294,Joshua Pierce,32396980,24,1,24,2024-07-01 05:37:23.048882,shipped,07930,NJ,VISA 19 digit
0115ccc2-6fbb-494d-992b-e4b1d107ec65,Karen Marks,24586764,62,8,496,2024-03-10 06:54:43.730980,delivered,08849,NJ,VISA 16 digit
8b936cf2-d7a5-48c4-a9c7-3c081d925fbc,Tammy Vega,24478960,99,6,594,2024-08-22 06:20:52.393371,pending,08171,NJ,American Express
3dbd488c-c557-4434-bdc0-78407e8d8a15,Derek Moore,00963947,8,1,8,2024-01-19 18:49:08.438387,shipped,08767,NJ,JCB 16 digit
5de375b3-f596-4812-9e46-0cf7567a2ab7,Tommy Schwartz,72176108,17,7,119,2024-08-25 06:10:54.729478,delivered,08026,NJ,American Express
e75a1342-ff51-4323-afcb-f806f7fa0203,Kimberly Jones,64818986,12,9,108,2024-02-01 21:01:28.509000,shipped,07442,NJ,VISA 13 digit
daff2376-7ec6-4df5-83ba-53ff89c86efa,Charles Garza,91948359,91,2,182,2024-05-20 11:58:48.460639,pending,07542,NJ,American Express
c5fe6cd5-e61b-4bb6-b85f-1a412591eded,Laurie Ray,80328117,59,1,59,2024-01-12 14:26:59.513333,delivered,08024,NJ,VISA 16 digit
8982fa13-a56c-49e9-91e1-1397781edce0,Nicole Lang,46599193,49,2,98,2024-01-21 03:12:41.273610,shipped,07646,NJ,JCB 15 digit
954edd97-a087-46b6-bc60-e0de04507243,Maria Black,84295569,81,8,648,2024-01-03 13:59:52.699411,shipped,07509,NJ,JCB 16 digit
2e17abef-6dbf-4aa0-acf2-60cba043a9f0,Jenny French,07505393,84,7,588,2024-07-26 06:09:31.746212,shipped,08689,NJ,Diners Club / Carte Blanche
a03d4bd3-9623-4af9-8263-24b9ef94e704,Wesley Adams,92641471,45,2,90,2024-07-26 17:22:11.341479,shipped,07308,NJ,VISA 16 digit
63ac3e30-4c1c-4880-8dd0-dc463111af02,Dwayne Gutierrez,16250130,86,5,430,2024-01-14 09:13:56.656676,delivered,07468,NJ,JCB 16 digit
d39b8cf5-1e5c-4611-80b9-0844d1501d17,Richard Jordan,00380829,47,7,329,2024-01-13 07:21:55.156872,delivered,07187,NJ,Diners Club / Carte Blanche
b174c5a4-43dd-445d-9f89-2f6398de27b5,Jessica Johnson,20331412,5,5,25,2024-05-08 16:39:57.112741,pending,08819,NJ,JCB 16 digit
c9d728ff-e0dd-474e-9b4b-39e8b37b809d,Miss Heidi Conner,23960619,100,8,800,2024-01-13 11:23:20.401371,delivered,07897,NJ,Discover
d19764f4-f2ea-42af-a36a-3a53e6407779,Derek Moore,60489968,25,2,50,2024-07-26 20:09:58.228954,pending,08767,NJ,JCB 16 digit
abe64051-65bd-4bef-832a-9fc33c8be695,Christopher Jennings,58766415,54,1,54,2024-05-28 05:14:12.964759,pending,07669,NJ,VISA 16 digit
6ccdeb5a-c1c1-4967-86d3-4ccc2b4bb50b,Sean Henson,88856070,67,8,536,2024-09-07 08:50:11.947070,pending,07866,NJ,Maestro
a6369950-bf7b-49c2-8205-988cff6b41e5,Karina Matthews,88291727,69,6,414,2024-07-12 19:58:56.895211,shipped,07008,NJ,Discover
db18db38-ace5-42b6-bcaa-e0dbdfaa49e7,Charles Schroeder Jr.,05887194,47,5,235,2024-08-16 08:22:14.828815,shipped,08044,NJ,JCB 16 digit
234186eb-4b19-4524-926b-86e922df17e1,James Phelps,45990113,56,6,336,2024-08-29 15:34:45.548514,pending,08740,NJ,VISA 13 digit
411cdadd-8fef-412c-b936-aec4f7d5aba7,Ronald Perkins,64020846,33,10,330,2024-06-03 14:18:44.385578,pending,07518,NJ,Maestro
04444eb6-fc52-464f-bae5-a0c2a41389ae,Tiffany James,40383439,41,1,41,2024-01-23 22:03:39.494002,pending,07379,NJ,Maestro
6bbb77f2-c8ce-49eb-9c5f-b1fe8f5238c8,Thomas Conley,75055035,87,1,87,2024-01-04 09:18:14.100892,delivered,08246,NJ,VISA 19 digit
d4d1263c-3464-4c26-b263-6f16e37ffdfe,James Johnson,54327139,22,10,220,2024-04-02 04:21:50.434493,delivered,07989,NJ,Discover
da28725e-3dd1-47e6-a7f2-a807b2ee23fa,David Duran,15721303,50,2,100,2024-08-27 16:04:09.932545,pending,07505,NJ,JCB 16 digit
568eba9d-f592-4ccf-a315-6bde786ff214,Christina Fernandez,75846817,61,8,488,2024-06-11 23:36:27.386595,delivered,07147,NJ,American Express
3a057727-6170-405a-9600-6a6437d547f0,Karina Matthews,43053414,72,8,576,2024-03-13 23:54:22.115636,pending,07008,NJ,Discover
8387532c-abf8-4452-9296-f2f6d24c0c67,Robert Smith,96945209,18,2,36,2024-02-10 00:32:25.650236,delivered,07818,NJ,VISA 19 digit
93fe72ca-1b57-4879-9e77-4b35156d59ef,Sandra Simpson,72176108,17,5,85,2024-05-27 16:45:22.968822,pending,07628,NJ,Discover
bd6913d6-5117-429a-a21a-1c171ac20c14,Jason Ford,04482017,71,4,284,2024-03-25 14:57:34.893569,delivered,07929,NJ,JCB 16 digit
a48d84f5-3378-4844-a0b9-21e38c3c0864,Mr. Joseph Brock,77484284,11,1,11,2024-02-17 07:26:55.814072,shipped,07818,NJ,JCB 15 digit
e6d4d5be-45c5-4325-ab0e-ed75e0333c21,Mrs. Robin Allen,19615943,6,6,36,2024-05-01 12:46:00.943745,delivered,07034,NJ,Mastercard
f259c111-508d-4692-8f23-af3baf8a20d4,Megan Jackson,42737117,45,8,360,2024-05-19 18:09:43.427747,pending,07521,NJ,Maestro
18f0c29e-a42e-4824-afd7-6d3693acf7aa,Christopher Lopez,65210345,55,4,220,2024-08-11 09:59:12.929902,shipped,07835,NJ,JCB 15 digit
a9689abf-05e4-41f5-a4e7-30bf3de8bb2e,Mark Stuart,04593560,29,4,116,2024-04-20 21:53:33.136829,pending,08098,NJ,Mastercard
ebd23fb6-3044-41b6-ac00-e5e53206390e,Casey Wilson,27754672,35,1,35,2024-09-04 07:06:37.145037,shipped,08139,NJ,VISA 19 digit
cff2bd4b-1f82-4707-bf3f-35ea4f06e2bc,William Anderson,13322663,86,3,258,2024-04-20 05:34:11.844210,delivered,07558,NJ,JCB 16 digit
88cbd299-d5a9-4c2e-91a6-6acdae109b2e,William Anderson,81021239,8,4,32,2024-08-05 20:08:21.867330,pending,07558,NJ,JCB 16 digit
95cfb76e-995b-4e35-87dd-2342f130463f,Wesley Adams,82065393,29,9,261,2024-02-28 15:59:30.283792,shipped,07308,NJ,VISA 16 digit
75f51c4b-b4d5-48eb-b39c-52ee8eb4a360,Jessica Johnson,93462778,39,6,234,2024-07-19 15:47:32.760940,delivered,08819,NJ,JCB 16 digit
62eac865-bb54-49de-b1c0-9267efd43df2,Mary Bright,11660361,53,1,53,2024-02-20 12:46:53.148106,delivered,07044,NJ,American Express
a07dfb88-50e0-4807-a44c-2439728374ba,Kimberly Jones,96110577,78,4,312,2024-08-28 23:12:35.584451,pending,07442,NJ,VISA 13 digit
5aa8f0e9-e630-4925-a180-097ad52530e8,Karen Edwards,31345132,57,4,228,2024-08-22 15:35:29.221339,pending,07526,NJ,JCB 16 digit
4fe04231-f060-4367-bb6c-f44cf7186f34,Richard Jordan,48878920,83,5,415,2024-07-19 20:55:22.753986,pending,07187,NJ,Diners Club / Carte Blanche
2422d362-7a23-42e1-aad7-2b47895ce8a0,Christopher Jennings,50528134,81,1,81,2024-05-17 21:42:10.431757,shipped,07669,NJ,VISA 16 digit
bca209fd-c101-4cc6-9099-9b6eb1707eb2,Ashley Richardson,63918083,50,8,400,2024-01-22 02:45:05.514662,pending,07957,NJ,VISA 13 digit
4db44a40-f100-4533-b568-185db7739a08,Heather York,07858789,80,10,800,2024-02-03 16:35:03.787678,delivered,08409,NJ,JCB 15 digit
2c7782d7-06c2-4360-ae99-f36b16d5cf39,Mrs. Linda Lee MD,50288472,86,4,344,2024-08-17 10:28:42.747528,shipped,08164,NJ,Mastercard
e7334ee3-e952-4484-b2ae-264001508c49,Robert Quinn,74350261,25,1,25,2024-03-02 16:37:30.377569,shipped,07640,NJ,Maestro
708fc1a9-4b4f-4cf9-8527-341d1fe43b21,Donald Parker,14856815,48,3,144,2024-05-10 17:24:07.718106,shipped,08948,NJ,JCB 15 digit
25ddc391-2143-47bb-b32f-45ddb04f0cf2,Nicole Wallace,45237584,67,10,670,2024-06-29 01:28:13.499668,shipped,07904,NJ,Discover
04b3204c-8950-4ee8-9166-3aa41fcb822b,Robin Horton,96945209,18,2,36,2024-05-21 08:18:10.628265,delivered,07331,NJ,JCB 16 digit
f71262eb-3f2c-4f96-be70-72b8f02c08ee,Christopher Lopez,98823017,89,8,712,2024-02-16 21:50:19.000316,shipped,07835,NJ,JCB 15 digit
e84c5d3a-9460-41aa-a4af-426fb7c169e0,Barbara Drake,21897122,20,1,20,2024-02-25 13:36:26.307732,pending,08220,NJ,JCB 16 digit
40f62d25-f54e-4b73-8d80-c1652aa0f4a9,Nicholas Cruz,57452043,14,5,70,2024-06-18 09:51:02.620455,delivered,08705,NJ,Maestro
d8c38a2b-8642-4b55-9a04-e0dc0d69cc3f,Wesley Adams,14147876,98,7,686,2024-01-13 12:54:28.023373,shipped,07308,NJ,VISA 16 digit
3118a499-cf6d-45a8-9af5-790ae30e20c9,Ronald Perkins,30848986,74,4,296,2024-06-03 01:36:16.507991,shipped,07518,NJ,Maestro
356c68bf-732f-420e-88ea-128e386ab25b,James Mitchell,70963083,79,6,474,2024-07-25 01:04:29.333681,delivered,07745,NJ,VISA 16 digit
3fd7643a-d42e-4359-9072-96948dfdf6b7,Dwayne Gutierrez,59102731,81,2,162,2024-05-04 18:24:35.705541,shipped,07468,NJ,JCB 16 digit
b64bf79f-46cd-4864-9315-9768622aa9d1,Nicole Wallace,36139743,87,9,783,2024-03-25 19:44:53.411227,pending,07904,NJ,Discover
8c6f9cc1-0287-43da-b3b3-2cc0195e5a04,Shane Neal,92894587,55,4,220,2024-06-12 23:10:16.467304,delivered,08969,NJ,JCB 16 digit
710f1b3c-12d0-4c35-af2f-276ef54fabab,James Shields,61892651,83,6,498,2024-02-09 17:29:18.035544,shipped,08030,NJ,VISA 16 digit
b6ae7d96-87be-46e8-a28e-50a48b9a4832,Harold Durham,40660721,48,3,144,2024-02-19 01:08:07.226763,shipped,07091,NJ,VISA 16 digit
709f60bc-e263-4a3f-b7ae-36804cf735a4,Tammy Vega,60727800,65,10,650,2024-08-27 23:53:20.033002,pending,08171,NJ,American Express
a16a93e2-8574-48c4-a108-6de67c85ea4e,Dylan Horton,79941105,75,10,750,2024-02-17 15:19:43.405924,delivered,07972,NJ,JCB 16 digit
d23b6212-a1fb-4dbf-8d0b-53fb0de1d705,Laura Pierce,21119620,83,4,332,2024-01-14 21:13:45.875898,shipped,08988,NJ,Discover
6ed1ebcf-c0ba-46a3-bb14-3156e4fa8548,Jessica Johnson,54627123,82,1,82,2024-07-04 10:15:18.065087,shipped,08819,NJ,JCB 16 digit
ecaa69e8-2fb7-4e33-a998-529e7ba9c4b0,William Anderson,96816684,73,10,730,2024-02-10 13:13:24.851412,pending,07558,NJ,JCB 16 digit
7b756571-2ac9-49da-8ef1-0a1d9ecda30b,Casey Wilson,91224873,22,5,110,2024-08-13 18:28:39.295732,shipped,08139,NJ,VISA 19 digit
c88b2360-4423-40d7-a8f3-5c802f0957a5,John Mendez,42737117,45,1,45,2024-09-05 18:19:08.913787,shipped,07659,NJ,Discover
e6756659-0c06-4cc7-9f40-e1f837df2c23,Nicole Lang,37034559,9,2,18,2024-08-24 12:49:43.058788,delivered,07646,NJ,JCB 15 digit
584a2c37-25ce-4ec5-9df8-423b24e30467,Lisa Reed,19682693,70,7,490,2024-01-13 00:29:38.568226,pending,08575,NJ,JCB 15 digit
a86f9ed4-de97-4729-bc00-6af55a061777,Haley Hill,33242811,96,9,864,2024-06-21 02:23:41.102929,shipped,07735,NJ,Diners Club / Carte Blanche
9d43157e-5103-426e-b8e1-152c22f464d2,Jessica Johnson,33216805,28,4,112,2024-08-07 15:03:55.163862,shipped,08819,NJ,JCB 16 digit
bf1c3521-c75e-45d7-ae90-363abbad26a9,Wayne Galvan,36975259,87,2,174,2024-03-25 13:48:06.396755,delivered,07315,NJ,Mastercard
685fd23e-0aa0-4153-9366-b032c05cab5b,Derek Moore,46623232,21,6,126,2024-07-18 04:40:24.924403,pending,08767,NJ,JCB 16 digit
fe53691f-38ea-46a3-ac89-3376cae2e368,Jason Ford,73855118,26,3,78,2024-05-31 21:18:28.193094,pending,07929,NJ,JCB 16 digit
392ddceb-0075-4be0-9372-48f0bcf50483,William Perez,32396980,24,1,24,2024-08-27 14:48:34.199579,shipped,08082,NJ,Maestro
708727a9-4a10-41a9-83af-f3b312edb1b5,Seth Patel,19197111,9,3,27,2024-01-23 08:21:56.002819,delivered,07193,NJ,JCB 15 digit
99bf0ccc-bc1e-439c-aca5-09f0c16dc5f1,Wayne Galvan,05966127,30,3,90,2024-08-06 17:56:45.976293,delivered,07315,NJ,Mastercard
54ff2a8c-3dba-4fd7-9db8-6368a1985a1b,Haley Hill,34339800,12,10,120,2024-03-21 11:09:42.811640,pending,07735,NJ,Diners Club / Carte Blanche
f5b907bc-d0d9-4f2b-8b04-0fbdc4af6026,Shane Neal,12049646,71,6,426,2024-03-06 08:08:05.844702,pending,08969,NJ,JCB 16 digit
8153907a-4f57-4e6f-9e35-19dfd8ab9090,Lynn Price,00546454,94,6,564,2024-01-24 17:23:04.883647,pending,08974,NJ,Diners Club / Carte Blanche
a97c5ae5-9d8e-45c2-8073-43f5de6d1064,Dylan Horton,27939017,89,5,445,2024-03-01 21:01:01.730628,delivered,07972,NJ,JCB 16 digit
2a98e351-3611-40b7-ab40-d596b7cce91b,Alexis Peterson DVM,67038640,80,7,560,2024-03-23 00:58:32.869984,delivered,08133,NJ,Discover
66d0a356-a5f9-4d08-b0e2-5c071a7916c6,Derek Moore,33103723,21,7,147,2024-01-29 17:56:46.968592,delivered,08767,NJ,JCB 16 digit
cc60fdf4-8f32-4a32-bd53-958ad3101251,Karen Edwards,85353657,33,10,330,2024-03-09 23:30:09.644504,pending,07526,NJ,JCB 16 digit
95e0b25c-0487-4888-b0a6-c1a90116df48,Eric Gonzalez,57473758,22,1,22,2024-02-07 19:09:22.607491,pending,08713,NJ,JCB 16 digit
c98f60c3-2084-4f58-bd29-5c424c1dd445,Casey Wilson,20460075,90,9,810,2024-08-05 12:07:53.447550,pending,08139,NJ,VISA 19 digit
b0dd0d73-93ae-4edc-9a12-1b760fe4539d,Jenny French,60784728,4,1,4,2024-04-06 08:55:41.272320,pending,08689,NJ,Diners Club / Carte Blanche
3e65d144-729b-4359-a5d3-b74249ffcb8f,James Shields,03324752,64,4,256,2024-02-06 17:32:40.112159,shipped,08030,NJ,VISA 16 digit
87647535-0d14-4d75-aae9-baec5525e1d3,Christina Fernandez,66193265,6,5,30,2024-02-04 07:24:27.664563,pending,07147,NJ,American Express
4b367adb-d0bf-47a5-8da8-8ad378191a52,James Johnson,42386896,54,9,486,2024-01-27 06:00:19.848772,pending,07989,NJ,Discover
0a8c4a2b-4bf9-4a00-a454-466ec9e0c18c,Tammy Vega,37016272,14,5,70,2024-05-28 10:58:15.969485,pending,08171,NJ,American Express
99814655-f907-4749-9e05-ecd8eb3257b6,Mr. Eric Davis,78179325,83,7,581,2024-04-27 00:46:55.296746,pending,07721,NJ,Discover
6f3b3422-bbd4-4706-b112-575235668d9d,Christopher Lopez,90286865,87,3,261,2024-09-03 01:17:52.590973,shipped,07835,NJ,JCB 15 digit
31e5384f-ff7f-437f-8bf0-ceab67ec6d70,Ashley Richardson,54815759,72,4,288,2024-02-12 14:11:18.764406,delivered,07957,NJ,VISA 13 digit
90f26f79-ca8f-4bd1-99b9-02e768c7752c,Mr. Joseph Brock,77133250,35,1,35,2024-08-16 22:26:03.916165,shipped,07818,NJ,JCB 15 digit
9346fee1-437c-4b3c-ba8d-9ad052f26629,John Mendez,57518336,61,5,305,2024-03-28 07:27:02.367993,shipped,07659,NJ,Discover
ba745302-b213-4af2-86e0-06a4b2e77003,Ronald Perkins,84507785,40,5,200,2024-03-24 13:48:01.117251,shipped,07518,NJ,Maestro
aa96f2ec-854d-4967-9c8f-f11e4d6fa539,Eric Gonzalez,02247915,29,8,232,2024-01-17 13:02:56.253983,pending,08713,NJ,JCB 16 digit
8e38a0a5-4198-46f6-a792-2ac5dc7a05a1,Wayne Galvan,74232345,72,7,504,2024-02-23 05:31:16.025076,delivered,07315,NJ,Mastercard
4f95d71c-bc8a-4cd7-88c5-c6ce27efe1a0,William Perez,36139743,87,1,87,2024-07-14 21:43:24.848770,delivered,08082,NJ,Maestro
823c2b0b-eb97-4d1d-88ed-50eaed0c7136,Charles Garza,68433376,19,6,114,2024-04-03 09:43:32.479288,shipped,07542,NJ,American Express
276a69c1-240d-44a6-80de-ee945b0b2f8a,Nathan Parker,26177786,4,5,20,2024-06-20 14:13:12.010073,delivered,08218,NJ,VISA 13 digit
6cbfbfe0-4c50-4dbb-a0e4-7b56c7a86336,Seth Patel,68632649,97,10,970,2024-04-08 05:42:08.502509,shipped,07193,NJ,JCB 15 digit
e43d91a0-d16d-4d58-aa04-b9008b700c86,Sandra Simpson,84527486,47,8,376,2024-04-24 18:14:03.800476,delivered,07628,NJ,Discover
19e7518c-1af8-4f34-8ed9-5ec1f319cb90,Mrs. Emily Burgess,06606350,53,2,106,2024-01-21 22:41:35.627526,delivered,08601,NJ,JCB 16 digit
69c6136d-4c62-44f4-baeb-69b9ecd4ab96,Dr. Joanne Jackson DDS,44083274,23,9,207,2024-08-07 21:45:09.275862,pending,07352,NJ,VISA 13 digit
7c828bb4-118a-4515-a227-9ededaf946d0,Dustin Dawson,39529879,23,10,230,2024-08-06 10:19:37.622481,delivered,08526,NJ,VISA 16 digit
64d3f328-768c-41f8-9cfb-9cb3c3f18ccf,Robert Quinn,47163959,74,2,148,2024-07-08 22:12:37.510001,pending,07640,NJ,Maestro
263e3468-4e20-4483-b88d-22a270ba6c97,Laurie Ray,95264523,67,8,536,2024-04-11 00:15:19.762166,shipped,08024,NJ,VISA 16 digit
db5eff4f-ea21-43b5-8ac2-8c117786babd,Jennifer Wyatt,43454358,59,7,413,2024-08-27 11:41:09.009314,delivered,07683,NJ,American Express
a326120c-f017-411e-a073-71e1493fbc71,Joshua Pierce,74563951,34,7,238,2024-04-21 06:37:14.589912,pending,07930,NJ,VISA 19 digit
28fc3dd5-52d9-4e1a-a8bc-19c4aab0f16a,Julie Smith,07302893,6,10,60,2024-05-25 13:58:46.144327,pending,08535,NJ,VISA 16 digit
22ca871b-2c98-45b7-96bc-ead98772e275,Robert Smith,81132263,50,5,250,2024-01-15 22:55:50.681154,pending,07818,NJ,VISA 19 digit
5c79ad9b-708d-40cc-8655-9a8c41f33ce2,Cindy Martinez,23505155,19,1,19,2024-03-01 04:10:22.440080,pending,07503,NJ,Diners Club / Carte Blanche
68f6f5f2-ce90-4db1-b4f3-2cee3c07d1bb,Megan Hall,98414277,66,8,528,2024-08-18 11:35:21.034091,pending,07999,NJ,VISA 19 digit
2ce37e49-48ec-4780-a903-6fd63dabff95,Gregory Clark,97212294,99,8,792,2024-04-29 09:08:20.683826,pending,08670,NJ,Discover
57b82c9c-7379-437c-9a0f-793c16d0328c,Nicholas Cruz,68097943,22,7,154,2024-05-24 10:49:20.904110,shipped,08705,NJ,Maestro
246c4bbb-5fab-4756-b50c-02683c6f6332,Derek Moore,07164019,63,10,630,2024-08-17 06:12:42.029702,shipped,08767,NJ,JCB 16 digit
e9bf5c8a-8021-41d9-9ec5-d39b00aedef3,James Johnson,70930917,20,2,40,2024-04-17 07:32:48.950841,shipped,07989,NJ,Discover
b288a0e1-726a-4435-995c-73b8391f0f64,Kristi Nguyen,08189400,12,1,12,2024-06-08 09:59:49.415345,pending,07488,NJ,VISA 13 digit
439d6ba0-b7e8-41c6-af96-c870c6c1791c,Shane Neal,46201379,54,1,54,2024-02-06 19:23:18.911973,delivered,08969,NJ,JCB 16 digit
2d30cf21-1671-4c6d-9a10-c7dd8d8f161f,Dominique Barrera,19947983,50,10,500,2024-03-08 04:46:46.272318,pending,08056,NJ,Discover
73832bf4-178d-4cd3-b89a-24a50e6daa14,Mr. Joseph Brock,61886865,39,5,195,2024-09-01 00:16:42.197486,delivered,07818,NJ,JCB 15 digit
bd84f433-17c2-450c-8328-d9c934814f6c,Christina Fernandez,60623263,23,9,207,2024-05-24 06:56:10.166589,pending,07147,NJ,American Express
bc03e3f8-64fa-489d-8beb-0fe694806e4b,Robert Quinn,83232503,76,4,304,2024-07-21 13:30:04.125796,pending,07640,NJ,Maestro
cbf2f0c4-eaf4-4051-807c-3a16c71695b4,David Duran,96945209,18,8,144,2024-03-12 13:38:34.372351,delivered,07505,NJ,JCB 16 digit
d0dfdbbb-a906-431c-86da-db46bf2c2fcf,Dr. Joanne Jackson DDS,51020781,69,9,621,2024-03-02 15:56:05.108535,delivered,07352,NJ,VISA 13 digit
4e7e996e-3814-4066-88e4-141829d9f13e,Tammy Vega,27693919,11,3,33,2024-04-13 15:42:11.651098,delivered,08171,NJ,American Express
37360d70-95b0-4dbd-9cad-81bda582070b,Tiffany James,31235044,92,9,828,2024-01-22 10:53:42.615216,delivered,07379,NJ,Maestro
