199bba05-e4a3-4eeb-9065-3abfd5b59fa6,Vanessa Crane,67038640,80,6,480,2024-03-27 03:15:08.305933,pending,84111,UT,JCB 16 digit
b1954b8c-843c-44cf-9636-ddbb3df60ee9,Jessica Hernandez,92778177,55,3,165,2024-08-25 19:10:05.226494,delivered,84413,UT,JCB 15 digit
20414b6c-7058-4dc3-adc4-09195a76fb9b,Benjamin Gonzalez,51322502,71,10,710,2024-02-11 10:12:03.064078,delivered,84755,UT,VISA 16 digit
83f4fa56-3927-4752-a42f-a9fa65e2626a,Rachel Williams,04482017,71,2,142,2024-08-06 08:36:59.572786,shipped,84581,UT,VISA 16 digit
89e89a83-efb3-4cea-965e-9cb6edeb8207,Patrick Smith,45208539,63,10,630,2024-05-20 03:10:39.854652,pending,84742,UT,VISA 13 digit
e2aff84b-cc9c-4982-9c21-704a15556233,Elizabeth Montgomery,93961325,45,4,180,2024-02-17 03:52:43.697308,pending,84574,UT,American Express
82e1f638-b64b-457a-95fa-3244273ba795,James Holloway,78125391,34,8,272,2024-05-15 10:21:46.707294,pending,84653,UT,Maestro
598226b1-4391-455f-a4c6-c5e4bde58fe3,Kimberly Gutierrez,28582687,6,7,42,2024-02-04 13:28:31.901824,pending,84769,UT,Mastercard
f4b0887f-74d5-4eb3-b37c-56e0b224c05f,Michael Fischer,48003827,34,6,204,2024-01-10 13:32:37.710083,pending,84160,UT,VISA 19 digit
b53f8d99-ae70-4757-bfe7-9620a03d565c,Joseph Norris,47893047,51,5,255,2024-03-10 22:43:57.267614,delivered,84711,UT,Mastercard
19ed051d-9ee0-4d48-89ff-799bc976b3d1,Brian Tucker,52204920,42,9,378,2024-08-17 10:53:11.444521,delivered,84399,UT,JCB 16 digit
586f49fc-b245-4094-a220-5bedb941db1e,Jordan Tapia,23433403,30,1,30,2024-09-06 03:51:14.791635,delivered,84556,UT,VISA 16 digit
a071b07f-6ff1-44d1-a805-9609db9bff36,Elizabeth Holland,15896049,65,10,650,2024-03-07 11:16:13.483422,delivered,84197,UT,VISA 13 digit
9733d4cb-2f7f-4c16-924b-0048dfad3629,Rachel Williams,94231854,20,7,140,2024-02-08 20:02:22.304865,shipped,84581,UT,VISA 16 digit
908f07da-652a-42eb-b35b-c709f3f1d2a5,Lee Nguyen,73839620,49,1,49,2024-04-22 03:09:26.432406,shipped,84653,UT,VISA 13 digit
eecce207-91cd-41a4-ac6d-0e65cc37e34b,Heather Meyer,72834107,65,1,65,2024-08-01 02:31:13.685741,pending,84482,UT,JCB 16 digit
1ceb3ffd-1f1a-4dc1-b2a7-5cd05e33145c,James Mason,71581866,26,8,208,2024-07-03 12:57:29.006058,delivered,84304,UT,Maestro
b0f1e920-5394-4739-b9de-f6727dbe94f9,Suzanne Vang,19947983,50,2,100,2024-06-08 01:26:54.780249,delivered,84226,UT,Mastercard
3395c430-0f1f-4d28-a381-47de154152d2,Kristina Nelson,54815759,72,5,360,2024-08-05 14:49:59.633342,delivered,84524,UT,Diners Club / Carte Blanche
31b811d4-9c71-4353-8d89-55b5b03ac3d2,Alicia Leonard,68927004,25,7,175,2024-04-24 00:45:39.668399,shipped,84303,UT,Maestro
d9981f4a-c4c5-4e7b-b17b-ef7a57848188,Patrick Knox,19061542,69,9,621,2024-05-30 23:19:47.706085,shipped,84591,UT,VISA 16 digit
87f41daa-6531-4579-923d-adb4d6a75aba,Brenda Matthews,03690390,46,10,460,2024-08-31 05:37:09.273433,shipped,84015,UT,American Express
548af3b3-1129-4a71-a774-8985280d38ed,William Santana,33435015,36,4,144,2024-03-30 10:10:12.367824,delivered,84003,UT,VISA 16 digit
91febaea-3d95-4b1b-8285-7819e8e7295e,Ashley Mitchell,37038250,65,1,65,2024-06-22 05:30:50.622443,delivered,84107,UT,VISA 16 digit
1e76d7f5-b52e-4106-af0e-d6e492a337d7,Patrick Smith,12580491,21,9,189,2024-01-15 20:09:33.097251,delivered,84742,UT,VISA 13 digit
0c4ed0ab-3416-4156-ad87-f903654c96ff,Jacqueline Phillips,07250989,60,1,60,2024-02-01 06:47:12.605179,shipped,84710,UT,VISA 16 digit
822c3af3-e455-49bb-b0e1-12808323c707,Anna Gould,50066698,57,6,342,2024-02-23 09:04:50.290559,delivered,84505,UT,VISA 16 digit
243cc294-95c2-4191-9c8f-dcaf93f5233e,Dr. Mary Davies MD,46623232,21,5,105,2024-08-11 03:06:00.162910,pending,84235,UT,Maestro
9309d31b-3d57-4c8b-b7ae-64e0731d8e18,Aaron Clark,74065479,24,2,48,2024-07-28 09:18:37.984473,delivered,84384,UT,Discover
5ba29aba-271d-4f67-addc-2e26b6b062c4,Thomas White,46047755,51,2,102,2024-04-29 12:29:40.843860,delivered,84760,UT,Discover
17fb3d8c-99bc-49cd-989e-ea6da923e138,Tamara Cardenas,92262560,88,5,440,2024-06-27 22:55:06.160264,pending,84687,UT,American Express
7268de01-53d1-48bb-aa4c-5b304333e069,Hannah Fuller,44085315,49,1,49,2024-05-09 10:16:21.924882,shipped,84423,UT,Diners Club / Carte Blanche
7a4a7e34-3207-4ea1-b1c5-d7f782a1d6c3,Patrick Smith,33216805,28,2,56,2024-05-15 06:04:14.577094,pending,84742,UT,VISA 13 digit
f475ca3e-a02f-4aae-877d-78687dc4cc56,Heather Wood,22571120,55,9,495,2024-07-22 00:11:28.908283,pending,84739,UT,Diners Club / Carte Blanche
71741546-170e-40a5-95f0-989e323c7e0a,Jay Hughes,46623232,21,2,42,2024-04-21 23:02:26.454540,pending,84597,UT,JCB 15 digit
39400f23-e67b-4ba3-964e-965e6ec2c5f5,Andrea Williams,39867230,12,8,96,2024-04-30 21:16:09.558759,pending,84508,UT,JCB 16 digit
61aab05f-1b03-41ad-93bb-1218d7a2b60e,Rachel Beard,23955486,93,10,930,2024-01-16 21:33:31.463625,pending,84664,UT,JCB 16 digit
aeafbbbf-bcd8-4eae-8a71-6ee7afaeda19,Alexis Brown,20460075,90,8,720,2024-05-07 03:40:59.773168,pending,84271,UT,VISA 16 digit
479e7e7e-973b-482a-a9d4-421895c934d4,Todd Adams,79678032,19,3,57,2024-06-24 09:17:42.691701,delivered,84689,UT,JCB 16 digit
40be5832-9633-469f-aedf-062d8a92cfc8,James Holloway,88920542,90,9,810,2024-04-25 15:01:07.217050,shipped,84653,UT,Maestro
51990c69-85b3-4be9-be6c-045ab4c531bc,Vanessa Crane,07759826,67,7,469,2024-01-10 02:23:39.896229,pending,84111,UT,JCB 16 digit
744d654e-25fa-4b0e-855c-7c90db057c93,Aaron White,23355934,84,7,588,2024-03-15 09:45:14.088133,shipped,84139,UT,Diners Club / Carte Blanche
93699951-9f1e-4f8b-a381-a40330481bce,Heather Perry,97154129,38,3,114,2024-02-18 04:16:37.259747,pending,84296,UT,VISA 13 digit
de93dc95-d5a1-400b-aecd-857e4fa79eb3,Jacqueline Phillips,16382374,2,7,14,2024-05-20 11:59:25.297907,pending,84710,UT,VISA 16 digit
45038de1-9596-4adb-ad55-c9397cc28230,Patrick Smith,47163959,74,10,740,2024-04-05 11:38:13.100878,shipped,84742,UT,VISA 13 digit
0cae2d05-7aa2-46ac-9841-153e3a165d14,Jessica Hernandez,54609228,20,2,40,2024-09-01 21:01:43.403778,pending,84413,UT,JCB 15 digit
cdd56370-1547-41a2-a282-1ac701730110,Heather Wood,22714022,68,2,136,2024-07-20 05:40:08.646664,pending,84739,UT,Diners Club / Carte Blanche
80c9d368-2dee-4e63-8862-9c4e1875192b,Lisa Gonzalez,30701335,13,3,39,2024-02-07 01:53:51.042519,pending,84739,UT,Discover
405b7f58-49b4-4ab4-ac74-9b92f49c7642,Aaron Jones,45359187,47,10,470,2024-06-23 08:23:47.221477,pending,84654,UT,Mastercard
278b4d74-316a-4883-bd5e-708bcd045b18,Danielle Pearson,33761671,4,10,40,2024-06-28 07:22:29.316545,shipped,84221,UT,VISA 19 digit
1833c2b2-73f0-47a1-8ea1-b305ffeb7c3c,Kimberly Zuniga,00546454,94,9,846,2024-07-23 22:32:55.506811,delivered,84320,UT,JCB 15 digit
f81c4f39-6414-4ca9-b791-d620e121c8a1,Colleen Holmes,25268904,24,1,24,2024-06-10 01:58:37.806927,shipped,84706,UT,JCB 16 digit
f66ed879-2645-48d2-aacc-cb2f78f16b53,Matthew Jones,64168432,77,4,308,2024-04-30 06:34:24.010157,pending,84623,UT,Mastercard
f5ca72d5-a92c-472a-8925-874eea46a00e,Suzanne Vang,23665231,18,9,162,2024-04-27 11:22:13.091987,pending,84226,UT,Mastercard
6a573858-d3f3-4c0b-a639-2c8777ae49ef,Hannah Fuller,18699517,51,8,408,2024-02-20 18:48:51.209466,delivered,84423,UT,Diners Club / Carte Blanche
00b7396b-6945-48b5-a59c-956f8a14f21b,Rachel Williams,01379884,2,9,18,2024-09-02 11:55:29.485304,shipped,84581,UT,VISA 16 digit
5c1b8c5e-2908-46db-af80-c3199f80ef50,Vanessa Crane,38198151,46,1,46,2024-06-30 01:34:06.535593,delivered,84111,UT,JCB 16 digit
64d74167-4f76-4c6e-96e9-aab6c79ad528,Tracey Goodman,22332271,82,8,656,2024-06-18 00:10:45.789495,delivered,84142,UT,JCB 16 digit
697ae1be-9cb0-4801-9cd1-7ffc042b819a,Brenda Matthews,68233839,56,1,56,2024-06-16 03:43:04.604771,pending,84015,UT,American Express
c1716ca6-2764-4b96-a2c6-2b6c936653e3,Cathy Campbell,57065519,51,3,153,2024-05-13 03:45:33.832242,shipped,84486,UT,Maestro
50769695-dd0e-4aa5-87e5-20323778fa81,Lisa Gonzalez,37631833,94,7,658,2024-08-22 08:31:28.840986,shipped,84739,UT,Discover
72814711-d326-4800-8651-8388d3159dad,Tina Collins,84250360,88,2,176,2024-04-17 16:23:40.346254,delivered,84643,UT,Mastercard
283a2931-aa4e-4a3d-94ed-8ef775a0ed0b,Heather Meyer,40839967,14,7,98,2024-07-19 07:41:09.567522,delivered,84482,UT,JCB 16 digit
deb03e18-600d-4753-9e1b-5f8ddc6cdf3f,Beverly Maxwell,78483156,54,2,108,2024-06-16 22:41:06.343763,delivered,84045,UT,JCB 16 digit
7c5e2c20-8843-40bb-b308-254f71fdbfea,Aaron White,39208774,30,7,210,2024-08-21 00:48:26.018620,pending,84139,UT,Diners Club / Carte Blanche
66cbfc5b-2cae-45e7-89a3-26465d603e21,Andre Howell,51020781,69,4,276,2024-03-05 17:20:11.049018,shipped,84087,UT,Maestro
125630db-ae90-41f2-874c-e322279dce6d,Denise Pope,17503594,48,3,144,2024-03-20 20:09:22.586483,pending,84697,UT,VISA 13 digit
43243acf-ed30-4083-8400-160d7135d1cf,Colleen Holmes,07505393,84,8,672,2024-03-17 20:38:08.870233,pending,84706,UT,JCB 16 digit
31aa6fc8-cdbd-407c-85ae-5c679c882b26,Elizabeth Holland,54815759,72,1,72,2024-08-01 22:49:11.597853,shipped,84197,UT,VISA 13 digit
bd7d9c4f-daa4-4474-aab9-681ad674c9ac,Megan Little,25005219,31,5,155,2024-08-17 02:20:03.221753,delivered,84670,UT,JCB 15 digit
0829561e-b61d-486a-836f-91b83bc292ca,Stephanie Sampson,33242811,96,4,384,2024-08-30 22:45:57.830945,pending,84189,UT,JCB 16 digit
3c99f92a-3724-4dd9-b7bd-0ed21dfd7d79,Cathy Campbell,63445572,71,5,355,2024-03-06 22:06:10.648079,pending,84486,UT,Maestro
b3e9d989-bd23-4cfc-bd6b-5f10393a2c81,Nathan Jennings,17663366,58,9,522,2024-02-16 23:32:01.311162,pending,84340,UT,VISA 16 digit
7efbcac6-1769-41f7-a53d-91621c35ba69,Danielle Pearson,84717207,38,8,304,2024-06-08 10:14:06.852824,pending,84221,UT,VISA 19 digit
aaa7b646-5075-4cd0-9c4f-3cb594c7885a,Donna Davis,50277711,45,9,405,2024-03-23 08:13:21.189293,pending,84328,UT,VISA 13 digit
3fff7c78-44b8-4374-829b-7457f17bc931,Rachel Williams,07444456,61,8,488,2024-03-15 10:40:31.878917,delivered,84581,UT,VISA 16 digit
b7f214bb-e62f-4786-830a-37db0ff76e56,Kimberly Martin,93961325,45,1,45,2024-07-28 20:04:24.433957,pending,84365,UT,JCB 15 digit
5c3b6edf-5f4c-45a4-8c65-e0cc0614b672,Todd Adams,40345093,70,4,280,2024-06-03 14:19:46.159421,pending,84689,UT,JCB 16 digit
80c1de47-bf66-47ca-8a11-5b3c09021bbe,Megan Murphy,02381695,43,2,86,2024-04-12 12:47:39.472489,pending,84757,UT,VISA 13 digit
a1ea9e2e-1477-4bfc-9c3d-0f7d98ea8d6b,Heather Meyer,35124047,77,4,308,2024-05-13 07:33:56.028921,shipped,84482,UT,JCB 16 digit
1ef39298-1911-4085-af13-495d08128fa9,Colleen Holmes,05818778,61,6,366,2024-06-04 08:19:23.960933,delivered,84706,UT,JCB 16 digit
418c9b02-8acf-4e1b-9b33-f50ef5c64177,Megan Mata,02738536,2,2,4,2024-09-06 14:54:57.852620,shipped,84666,UT,VISA 16 digit
1f9848d8-e5f9-40b6-861d-91e36f5a1b98,Philip Green,30211889,59,10,590,2024-03-07 08:12:01.883243,shipped,84494,UT,Diners Club / Carte Blanche
2e23c5fa-ed5c-4f52-8cf2-c92fddfab243,Kimberly Zuniga,22908018,60,3,180,2024-07-30 08:14:32.969267,pending,84320,UT,JCB 15 digit
0b424da5-94d5-4016-b53f-ddcbd0a8adfc,Jacob Delgado,32413458,85,4,340,2024-05-05 03:07:21.804601,shipped,84168,UT,Discover
a0ab7e01-140f-4176-a153-8b6743c9eed9,William Santana,55096133,62,2,124,2024-06-17 08:58:16.379118,shipped,84003,UT,VISA 16 digit
96fe8c1a-2ef6-4cab-a915-0971dc056160,Stephanie Sampson,73274872,34,4,136,2024-07-13 18:07:34.675006,pending,84189,UT,JCB 16 digit
e3e9c296-02b5-46e5-99ff-60328e047896,Tiffany King,36538829,5,9,45,2024-05-07 09:10:00.684577,pending,84514,UT,Discover
c4b52acc-3a5d-4a3d-97bd-de6f12cc113b,Lisa Gonzalez,10050880,95,10,950,2024-03-30 10:57:00.210688,delivered,84739,UT,Discover
75e5c5ed-8949-44ff-9e51-79de742b44eb,Cheryl Wilcox,57313627,47,5,235,2024-06-24 20:46:35.415931,pending,84617,UT,VISA 13 digit
94cb19b7-23f0-4269-a0b5-c467d1d7a4c8,Claire Rice,55543330,86,4,344,2024-01-30 13:18:50.061553,shipped,84039,UT,JCB 16 digit
61ddf3eb-788d-430e-bbb8-9289926a4551,Jay Hughes,40759296,97,2,194,2024-05-05 23:03:14.368203,delivered,84597,UT,JCB 15 digit
c964cda3-437c-43b1-b9de-85ca054a472f,Alexis Brown,32396980,24,1,24,2024-07-26 08:30:12.251141,delivered,84271,UT,VISA 16 digit
d0038630-404c-40c5-8750-e9f70fb9b784,Elizabeth Montgomery,56130959,27,8,216,2024-06-14 14:26:09.718180,pending,84574,UT,American Express
ed5eff7b-c82a-43a4-a34a-59990baaccd6,Jacqueline Phillips,32499124,30,8,240,2024-01-03 22:22:33.770878,pending,84710,UT,VISA 16 digit
6b79f777-9b41-4041-a33e-dbe4acbfd377,Patrick Smith,68632649,97,5,485,2024-01-13 06:43:31.655657,delivered,84742,UT,VISA 13 digit
0b5851d1-8895-49ec-9b65-d6ba21d50343,Jessica Hernandez,49687545,40,10,400,2024-03-20 19:53:55.547337,pending,84413,UT,JCB 15 digit
e15dfb4f-0f42-42d7-944e-3f39960e0e03,Kerry Williams,22714022,68,4,272,2024-02-18 15:16:25.110187,delivered,84202,UT,VISA 13 digit
f0157d96-c0ed-4551-aa4f-2f4ffdaf5df3,Alicia Leonard,32081305,60,3,180,2024-05-13 14:57:25.420568,shipped,84303,UT,Maestro
eba91e2d-85c4-44fc-9f18-83226fb2ec2f,James Mason,13762469,46,6,276,2024-08-30 11:30:45.492478,pending,84304,UT,Maestro
caa0255a-9f26-4388-915a-c078c02d2298,Tiffany King,01563894,33,1,33,2024-06-28 17:09:03.316062,delivered,84514,UT,Discover
30e91f33-6838-4245-bfde-10ab07796885,Joseph Norris,74981168,60,3,180,2024-05-19 19:36:38.412824,delivered,84711,UT,Mastercard
8a3ed150-74f2-43cd-8004-cc2ff876be18,Megan Murphy,87474695,93,2,186,2024-08-01 07:37:52.930354,pending,84757,UT,VISA 13 digit
bf98d86a-ca3f-494f-be8e-4b6ecb2e6674,Heather Wood,07302893,6,5,30,2024-04-06 10:08:17.838927,shipped,84739,UT,Diners Club / Carte Blanche
18be4f16-0528-4d71-9f07-62fd59934739,Aaron White,18699517,51,4,204,2024-01-16 07:38:33.732994,pending,84139,UT,Diners Club / Carte Blanche
f169dd6e-4c71-4462-b626-35aebc15b88d,Cynthia Wright,70849868,78,4,312,2024-07-20 03:46:37.670723,shipped,84683,UT,Maestro
45b50dce-2601-40cc-a208-638f431c5f1f,Aaron Jones,89993088,12,6,72,2024-03-27 07:45:36.839994,delivered,84654,UT,Mastercard
0eafdee5-b033-48cf-9e82-058bcaceb11d,Claire Rice,93414500,61,8,488,2024-02-20 14:31:22.740611,delivered,84039,UT,JCB 16 digit
e97646e2-e59c-41c6-8bf0-2af9b8f911f1,Elizabeth Montgomery,40839967,14,8,112,2024-01-28 10:32:48.187850,shipped,84574,UT,American Express
954e8c92-8ea0-47d9-b645-43fdf10b5e21,Patrick Smith,96475249,95,10,950,2024-04-12 13:19:06.629106,delivered,84742,UT,VISA 13 digit
67808ddf-7c5c-412e-89d5-ff34bc0fd45d,Anna Gould,39073396,24,10,240,2024-01-19 11:46:15.386256,pending,84505,UT,VISA 16 digit
6851c0d9-01c0-4a39-80dc-68e29deb047b,Ashley Mitchell,54206977,76,1,76,2024-04-23 01:27:41.541989,delivered,84107,UT,VISA 16 digit
6dcdeb1c-e23e-4743-83f4-9ded4ab105c8,Brian Tucker,26288567,77,6,462,2024-05-10 19:46:19.483076,pending,84399,UT,JCB 16 digit
10d8a204-b27a-4d33-bca0-9aeb8d92d8bd,Brenda Matthews,97946960,42,4,168,2024-01-19 14:41:04.628699,pending,84015,UT,American Express
c7c5c71d-ac79-4b43-a6c1-40324ceb71a9,Donald Russell,12428557,14,2,28,2024-06-01 17:30:33.923144,shipped,84482,UT,VISA 13 digit
7fed3d6e-d905-4e3d-9d6a-38e085776dc0,Ronald Salinas,78177321,20,9,180,2024-01-06 13:05:01.079623,shipped,84742,UT,Maestro
7c77177c-dc6e-46df-a9e2-7c389f8869b8,Sherry Mendez,26747484,14,10,140,2024-08-10 12:29:30.834026,delivered,84392,UT,VISA 13 digit
2fb7753d-bcf3-45c6-a9c2-104a6f5ab8fb,Jay Hughes,58477519,53,2,106,2024-06-28 20:51:30.401091,shipped,84597,UT,JCB 15 digit
f1e47d7d-4c7e-400c-8d7a-357e83e4514a,Jacob Delgado,19615943,6,6,36,2024-02-12 00:28:54.886853,shipped,84168,UT,Discover
67177cdc-85d0-4d3a-b801-078c05a3291d,Philip Green,19585079,64,6,384,2024-01-24 03:44:45.276569,delivered,84494,UT,Diners Club / Carte Blanche
95ebf412-947f-43fe-be2e-3f483f94fe4e,Michael Fischer,43808311,35,4,140,2024-02-26 23:43:38.981456,pending,84160,UT,VISA 19 digit
f24fb9d1-2bf3-4281-a6fa-ed32a2305858,Megan Little,26980201,27,6,162,2024-08-25 01:12:04.179852,shipped,84670,UT,JCB 15 digit
a0898708-4692-403e-9e21-f895d1b6946f,Candice Anderson,91990150,65,3,195,2024-08-17 14:58:32.956497,delivered,84341,UT,American Express
033ced55-4d0f-4572-ad01-f1b0e9903fa4,Audrey Maynard,57970998,70,7,490,2024-07-19 04:14:30.941442,pending,84250,UT,Discover
945f514e-7122-438b-8656-65dc82055679,Matthew Jones,76571466,16,9,144,2024-05-22 00:31:13.276477,delivered,84623,UT,Mastercard
da331da9-c24d-4c69-810b-e42e14c187b8,Brian Graham,87865653,44,10,440,2024-01-02 10:39:02.071975,pending,84240,UT,VISA 13 digit
990eb0af-71d8-4937-8668-f1d151e0b8c0,Vanessa Crane,96945209,18,1,18,2024-08-14 05:46:17.204076,delivered,84111,UT,JCB 16 digit
a5fd48bf-58c3-458c-86aa-07e44116a921,Candice Anderson,38735677,25,2,50,2024-02-18 23:44:17.625683,delivered,84341,UT,American Express
0349da95-45f5-47d5-b02f-f8f5886ec791,Audrey Maynard,95126470,77,2,154,2024-06-09 14:21:48.225013,delivered,84250,UT,Discover
1dd09257-2241-4c02-b030-f5cf5859fcf4,Patrick Smith,91054203,42,6,252,2024-02-06 20:22:49.840529,delivered,84742,UT,VISA 13 digit
1bc1fa3b-e4c4-436a-bfe7-92f774f99d32,Jacqueline Phillips,08944856,95,7,665,2024-03-25 06:30:37.573456,delivered,84710,UT,VISA 16 digit
02dd471a-591c-425f-8b13-ce6fcd8b0317,Beverly Maxwell,46201379,54,7,378,2024-03-22 13:30:09.021367,shipped,84045,UT,JCB 16 digit
2ab7d8e0-099a-45de-b704-0227b489765c,Kristina Nelson,63465686,72,6,432,2024-04-04 16:23:46.411500,delivered,84524,UT,Diners Club / Carte Blanche
b62ce8e9-c6dc-4bb7-a79d-7f8682e9c0c9,Aaron Jones,86908948,17,7,119,2024-06-17 09:19:27.976487,delivered,84654,UT,Mastercard
394460db-49aa-4522-8574-660c536d9f9d,Andre Howell,73274872,34,4,136,2024-01-08 12:00:09.745962,shipped,84087,UT,Maestro
793599e1-64b4-4a50-95d6-7ff0530185c1,Nathan Jennings,04206149,12,8,96,2024-06-07 04:33:41.448683,pending,84340,UT,VISA 16 digit
32d8a36b-4aea-4823-9953-042a0358353b,Anna Gould,15721303,50,9,450,2024-05-02 22:51:32.188955,delivered,84505,UT,VISA 16 digit
baaa0a12-691c-4b16-80e6-250c275f3def,Hannah Fuller,12859658,24,10,240,2024-03-24 05:57:47.635103,delivered,84423,UT,Diners Club / Carte Blanche
aa28e980-2795-4127-b495-23e638c3c533,Travis Williams,29555789,44,7,308,2024-08-17 07:25:39.108266,delivered,84541,UT,JCB 16 digit
d799034c-5e03-4fc3-b16e-26ab0a1bf2ad,Matthew Jones,51505653,9,2,18,2024-04-01 21:03:55.759033,delivered,84623,UT,Mastercard
f956538e-69e5-4bab-9976-ea1a47515556,Heather Meyer,64020846,33,1,33,2024-06-09 04:17:53.045729,delivered,84482,UT,JCB 16 digit
560f3bf8-2648-44b6-8464-13c3ce275602,Stephanie Sampson,49687545,40,6,240,2024-05-31 16:19:01.306824,shipped,84189,UT,JCB 16 digit
715788aa-7f41-409d-bf28-5ce55839a991,James Mason,19018935,60,8,480,2024-01-25 10:22:47.515904,shipped,84304,UT,Maestro
2602c8c6-4a7d-4b9f-9abf-17acf500f456,Heather Wood,39073396,24,1,24,2024-01-05 21:58:03.973864,shipped,84739,UT,Diners Club / Carte Blanche
f844012d-1114-4d59-9e29-3a5ac3e5d0aa,Kimberly Gutierrez,45745249,26,3,78,2024-08-25 21:13:55.598162,delivered,84769,UT,Mastercard
f9d54513-c2d4-45ce-b941-f68452e88c60,Lee Nguyen,19644202,34,5,170,2024-03-11 19:36:24.523194,delivered,84653,UT,VISA 13 digit
6f3d3ced-5923-42a3-aef4-b2b29de78643,Eric Lewis,04061168,46,6,276,2024-07-03 04:33:34.170503,shipped,84759,UT,VISA 16 digit
c63f86c7-984f-4ac8-88f3-42ab06bd76d6,Donna Davis,28591924,78,8,624,2024-08-27 15:54:09.391099,shipped,84328,UT,VISA 13 digit
0c0094b0-5316-48a0-b8ff-248f87d9f0fc,Jacqueline Phillips,30047976,44,4,176,2024-08-29 17:38:35.477559,delivered,84710,UT,VISA 16 digit
480a6648-8202-4556-aeac-32458f68c5cf,Donald Russell,14856815,48,1,48,2024-08-01 19:30:15.917106,delivered,84482,UT,VISA 13 digit
bbaaa248-2c1b-40d8-ada7-e54b6c899a9a,Aaron Jones,39073396,24,4,96,2024-02-29 13:17:51.829004,shipped,84654,UT,Mastercard
e1db6ac5-8945-48e3-b925-0eca73230f8a,Kristina Nelson,21897122,20,8,160,2024-01-06 08:05:38.137286,delivered,84524,UT,Diners Club / Carte Blanche
af5959b3-e32a-4de3-8e4b-5474e2b78ef3,Jacob Delgado,39571243,73,5,365,2024-06-22 05:14:19.422373,shipped,84168,UT,Discover
8d597fb0-0f91-489d-bb7c-a8de0d8b4189,Hunter Norman,49687545,40,5,200,2024-03-12 05:48:16.898289,delivered,84283,UT,Diners Club / Carte Blanche
b49f648a-b251-494d-92e0-f7483bd80be9,Erin Johnson,69441578,72,8,576,2024-05-11 04:02:27.327396,shipped,84661,UT,JCB 15 digit
42b52fe7-c797-49c7-a8aa-282e977ea170,Kimberly Zuniga,55963985,43,8,344,2024-02-28 12:54:53.683717,shipped,84320,UT,JCB 15 digit
