96bfc938-4f33-45c0-af99-6d20327f6fc1,Ricky Stewart,22521194,85,1,85,2024-07-03 14:14:29.942090,delivered,70612,LA,VISA 19 digit
672a3d7e-1743-4132-ad72-5481f00fb425,Taylor Rodriguez,66193265,6,10,60,2024-02-27 07:33:15.447990,shipped,70843,LA,JCB 15 digit
26b69dff-29cb-4e8d-a838-e577e1177845,Christopher Patterson,09608115,65,10,650,2024-08-02 19:35:42.075263,pending,71106,LA,Maestro
31572d34-9d24-4eb4-9278-d4e8c1ce9220,Kevin Nichols,62635417,6,8,48,2024-08-17 13:13:15.480008,shipped,70984,LA,Discover
380571aa-e39d-4022-941b-20a870b004c2,Kevin Sanchez,90515088,85,8,680,2024-06-04 03:40:36.393310,pending,70312,LA,American Express
973c51ec-0f12-4552-a61b-08264ea4e6c9,Elizabeth Valdez,83903830,52,8,416,2024-08-10 12:51:20.697953,delivered,70826,LA,VISA 16 digit
e67073d9-46b9-4bb5-b5de-931aaf455784,Dana Mayo,65931882,13,5,65,2024-02-14 23:42:53.874902,pending,70324,LA,JCB 16 digit
71b5de03-1df7-46a4-92ee-cc5490c71c39,Stacy Doyle,71411989,2,7,14,2024-08-21 16:31:39.444238,pending,70631,LA,VISA 16 digit
97b15346-c027-494a-a1ae-5f7aded41185,Taylor Chang,90465420,26,9,234,2024-09-05 08:35:46.883169,delivered,71115,LA,JCB 16 digit
aeacabc5-0499-4297-8c48-f6e73497bb52,Jessica Tanner,88956947,64,7,448,2024-05-21 14:37:29.259394,shipped,71113,LA,Discover
ab08662f-26cf-4a04-a8a8-aa9c0322e0e0,Tristan Bell,57383071,12,3,36,2024-07-12 03:40:17.247101,delivered,70902,LA,Maestro
6cb7a1a0-a1ff-4dd0-91d4-714eafe335d3,Janet Wilcox,16981652,89,5,445,2024-01-28 04:19:31.221265,pending,70423,LA,JCB 15 digit
adc89e94-f648-4776-be71-f272e17aa5bf,Kevin Nichols,41838853,22,10,220,2024-01-01 21:30:17.594631,delivered,70984,LA,Discover
472a1716-d738-4dad-b88b-0bf025e760ca,Michael Olson,43808311,35,1,35,2024-05-08 22:28:37.583593,delivered,70907,LA,JCB 16 digit
0ca9207e-f696-4766-830d-0d8dc3088b9f,Susan Hernandez,10886991,4,1,4,2024-02-11 23:46:33.265210,shipped,71215,LA,VISA 13 digit
652c159a-e0e5-4df3-9102-e6f9ffc17be1,Maria Ingram,60727800,65,5,325,2024-08-11 01:42:40.994197,pending,70533,LA,VISA 13 digit
d2493f62-252a-44eb-8f46-f46dc4ff2609,Taylor Rodriguez,15468727,65,2,130,2024-05-21 06:27:44.273384,delivered,70843,LA,JCB 15 digit
abfe619a-71ec-4c46-a186-27536a748a1e,James Chavez,19398990,22,7,154,2024-02-23 04:58:44.953456,delivered,71214,LA,VISA 19 digit
16cce0c9-d86c-4f19-9a1c-a3b8da92b3f7,Brandon Smith,97154129,38,8,304,2024-09-01 21:06:57.686024,shipped,71211,LA,VISA 19 digit
26c94ddf-0f6f-4835-b33a-9ac84d8fb637,Adam Dominguez,68542153,87,3,261,2024-03-26 12:46:33.592427,shipped,71027,LA,VISA 13 digit
80cb6150-45d9-4ab6-afbd-173236a43a2e,Ryan Weiss,99791445,86,9,774,2024-03-21 12:15:13.510791,pending,70961,LA,Diners Club / Carte Blanche
95c61802-e745-487f-a398-198dee9dea50,Stacy Doyle,31194587,21,5,105,2024-08-16 09:27:53.998834,delivered,70631,LA,VISA 16 digit
6559c6c8-b50d-4033-9b35-b9479670de0d,Terry Williams,95264523,67,9,603,2024-04-21 09:48:04.624682,shipped,70948,LA,Maestro
c3572dc8-937f-4e61-a383-3734ed021f65,Steven Lopez,70930917,20,9,180,2024-07-22 18:23:46.877297,delivered,70668,LA,VISA 19 digit
dd9ba554-5f96-4439-9536-7acd5303cf01,Ricky Stewart,75255718,43,7,301,2024-07-26 15:41:00.746673,delivered,70612,LA,VISA 19 digit
796fb905-6491-4bcc-aceb-5ee7abe5b292,Karen Moore,37016272,14,5,70,2024-01-15 09:08:48.261602,pending,70293,LA,Discover
2cdcd822-9082-4876-8203-6efeff5578c7,Stephanie Barron,39484147,45,5,225,2024-03-13 03:16:40.079870,delivered,70180,LA,American Express
8e9afbae-fd34-4fc7-bbb9-b2963c04bf5d,Jennifer Franklin,42903833,51,3,153,2024-01-07 02:16:31.643848,shipped,71042,LA,Discover
ca603402-5ffe-4902-90fc-c374a4317172,Amanda Castillo,12049646,71,9,639,2024-01-10 06:43:07.831302,shipped,70508,LA,Diners Club / Carte Blanche
749e3fcf-ce0d-4ad5-9425-44cfae89d0da,Mckenzie Scott,24670074,16,5,80,2024-08-18 11:56:39.394472,delivered,70986,LA,VISA 16 digit
a9cb0de0-64ab-46a3-8f16-00513784a256,Michael Ellis,55730501,78,6,468,2024-08-27 05:49:08.050617,delivered,71020,LA,VISA 16 digit
c8c93413-e6c8-4784-8824-3bed50b89864,Samuel Johnson,02328003,85,8,680,2024-07-22 11:26:23.988891,shipped,71059,LA,JCB 16 digit
9b0ec7df-fc6f-4f9e-a643-1aaf6eee2b1b,Elizabeth Webb,03714348,60,8,480,2024-05-26 12:12:02.386467,pending,70558,LA,Discover
dca7668b-555c-4d34-a796-6e6c44227771,Lucas Wright,67986309,42,2,84,2024-03-29 03:04:19.196965,pending,70523,LA,American Express
90a1f817-8ed0-43f4-acd9-cfc111c3e9af,Dana Mayo,44083274,23,10,230,2024-06-30 23:11:10.388904,delivered,70324,LA,JCB 16 digit
62f97cee-0fd0-460a-84a1-c9ea3d067343,Michael Warner,12419920,3,8,24,2024-05-15 20:51:54.948538,shipped,70846,LA,Mastercard
c8140c5e-3972-4eaa-b026-902782850edb,William Smith,27884720,88,3,264,2024-09-07 11:17:39.896819,shipped,70671,LA,American Express
8daa61b4-e72b-4dfe-951d-03b1c9c2f7da,Briana Jarvis,70328592,6,2,12,2024-09-05 01:05:31.732300,delivered,70752,LA,Discover
9978a192-2e3d-474a-942d-1c9d70c84e53,Allison Moreno,49643077,93,10,930,2024-02-28 01:03:56.719955,delivered,70246,LA,JCB 15 digit
4708aced-dbdc-4672-8bb6-e3dc3bf041b6,Stephanie Coleman,42670520,37,10,370,2024-03-08 20:38:28.045140,pending,70265,LA,VISA 16 digit
46e9b60b-c87a-4acf-a614-888f6d2b1484,Pamela Perkins,78483156,54,4,216,2024-01-11 01:53:41.183497,delivered,70305,LA,American Express
01706a2b-7cf2-4fb9-8765-d37d544d0418,Andrea Briggs,89351796,37,2,74,2024-01-13 21:52:55.874600,delivered,70301,LA,Maestro
bfc901e3-617a-4ea1-8fde-d0a02ed8338c,Jeffrey Tyler,75270933,85,7,595,2024-06-24 23:14:22.670385,shipped,70057,LA,Diners Club / Carte Blanche
7cacb028-178e-4319-a8bd-7de5a755442d,Samantha Garrett,09667280,91,9,819,2024-02-29 16:41:46.968727,pending,70984,LA,VISA 16 digit
35b6af52-28c9-4e37-9a88-9a3319dbfd0b,Michael Olson,36355082,100,5,500,2024-05-19 19:41:39.026780,delivered,70907,LA,JCB 16 digit
ef510c92-8da6-49bd-923d-ca6f7ee1e903,Elizabeth Valdez,00049108,72,9,648,2024-07-24 04:59:26.755026,delivered,70826,LA,VISA 16 digit
6439f4c6-45a6-439c-9f5b-6a35135b816b,Natalie Taylor,52498817,33,2,66,2024-04-17 13:45:19.611144,shipped,70282,LA,JCB 15 digit
ce0ac001-295f-4e73-843c-cf41bde37fc8,Tracy Howell,58477519,53,10,530,2024-04-14 01:01:23.881730,delivered,70010,LA,JCB 16 digit
7895dda9-27aa-4447-ad18-0a26aa0d8eeb,Terry Williams,20938611,81,8,648,2024-08-07 01:19:37.090142,shipped,70948,LA,Maestro
b90f2153-c091-4241-b725-666d4585e844,Mckenzie Scott,22532916,47,1,47,2024-08-11 10:40:05.020997,pending,70986,LA,VISA 16 digit
6e25665a-aa1b-450e-8c99-9462b2a3139c,Theresa Garrison,67986309,42,2,84,2024-07-30 15:24:19.314263,shipped,70843,LA,JCB 15 digit
e73dac0c-32eb-451d-baec-677c3da6cfc1,Holly Gonzalez,26036328,74,1,74,2024-08-31 21:24:19.119121,pending,70392,LA,JCB 16 digit
f17808ec-cdbd-4d50-b59b-8940d3fe76dc,Larry Baker,29555789,44,5,220,2024-01-16 16:58:51.357477,delivered,71030,LA,Discover
75eaf2c1-0766-4857-873a-8bf1663c78b4,Eric Conner,11660361,53,10,530,2024-04-29 18:25:51.432801,delivered,70085,LA,Discover
eb3a26ae-a9de-48c4-ab94-3d3643fc9add,Wesley Porter,65931882,13,3,39,2024-05-17 01:45:21.099459,pending,70364,LA,JCB 15 digit
7214ba64-b5b8-4a1f-8ac2-9f39d33d8f7c,Kevin Sanchez,44953324,24,7,168,2024-03-27 20:14:43.276176,delivered,70312,LA,American Express
68ebf2a8-88d3-439c-a1cb-a9f7ec0fd829,Samuel Johnson,59030669,27,1,27,2024-06-06 03:45:07.382879,delivered,71059,LA,JCB 16 digit
be43506a-04b8-4cfc-9e42-54d544257029,Dr. Angela Allen,71581866,26,7,182,2024-03-31 17:36:54.435146,pending,70817,LA,VISA 16 digit
f70b67d7-decf-40e7-b2f9-5bbd46672cc4,Taylor Chang,00312028,35,6,210,2024-07-20 08:02:43.372186,shipped,71115,LA,JCB 16 digit
f3144d52-f3b1-4ce3-97fc-c9cec272bb46,Patrick Weaver,31034425,53,5,265,2024-01-20 18:43:30.371062,pending,70243,LA,VISA 13 digit
78dc1e15-a647-4984-978e-6b7b4e601af5,Stacy Doyle,59102731,81,1,81,2024-04-24 10:10:13.834600,pending,70631,LA,VISA 16 digit
17549671-cf8a-4626-b65e-bfe3edd0f88a,William Smith,05281770,2,7,14,2024-03-10 02:06:22.702960,delivered,70671,LA,American Express
62610049-9280-4b2f-8eb6-e1ed7dc215d2,Emily Cook,51103132,33,6,198,2024-03-30 16:43:27.779430,pending,70105,LA,Diners Club / Carte Blanche
1d14197b-b44b-4820-85d8-b13a6790f91b,Michael Bruce,57642840,15,3,45,2024-06-26 05:51:51.442297,pending,71205,LA,Mastercard
32414956-da6f-4eb0-9b96-d7ac4ff6629b,Kevin Nichols,78353077,73,9,657,2024-07-09 18:53:16.979231,delivered,70984,LA,Discover
032f6b3b-c586-43ce-ab7f-32c5a4ee343c,Tracy Henson,84391049,58,2,116,2024-07-01 11:26:30.282368,shipped,70724,LA,Discover
9b91c08b-0967-4e46-b649-784a714b1fbe,Kevin Sanchez,02008783,79,6,474,2024-07-06 15:49:17.040961,shipped,70312,LA,American Express
ad53f03f-051a-47dd-85c5-4e6e2ef4a663,Chris Johnson,34059036,71,8,568,2024-07-17 23:47:14.281053,pending,71227,LA,American Express
e89f4a82-991b-4f22-99c1-7854f29ae741,Dana Mayo,96475249,95,6,570,2024-03-15 02:13:57.001452,shipped,70324,LA,JCB 16 digit
2ff0183a-7b09-49ed-9e92-1513221cbb6a,Michael Warner,72036570,55,2,110,2024-02-16 14:18:46.310789,shipped,70846,LA,Mastercard
5345961c-bc00-4d03-a74d-62354a7a7dfa,Joshua Holmes,08845559,71,4,284,2024-05-31 04:14:23.868227,shipped,70460,LA,VISA 16 digit
039c9559-f01b-4d9a-81a1-8c0cd504eb3d,Tracy Howell,12419920,3,2,6,2024-09-02 03:05:06.169480,delivered,70010,LA,JCB 16 digit
70c353c9-a653-4298-bf90-e26190b1f61e,Michael Warner,86124782,64,2,128,2024-05-21 08:43:58.311808,shipped,70846,LA,Mastercard
473dcf5f-533b-4733-b6d4-d5be6161b19e,Manuel Armstrong,05966127,30,3,90,2024-05-22 09:35:49.928761,pending,70980,LA,JCB 16 digit
7a6fd8d6-41d6-42d0-8142-c1c4d3a400ff,Ryan Weiss,01060171,27,9,243,2024-02-13 18:57:39.173831,delivered,70961,LA,Diners Club / Carte Blanche
d3984e29-97fc-4628-b287-c9443dfdaf2b,Ashley Beck,29743599,50,5,250,2024-04-25 22:37:10.568481,pending,70868,LA,JCB 15 digit
83cc7bb7-70fc-48cc-bdef-b185cb48a458,Karen Moore,04787235,93,8,744,2024-01-13 23:19:29.401404,delivered,70293,LA,Discover
86a93ec0-5d04-45e4-9a66-d5e5b1003e69,Maria Ingram,56877168,51,3,153,2024-01-07 22:26:19.327969,pending,70533,LA,VISA 13 digit
ce5db10f-6c2a-407c-bcac-81db81ddaf60,Heather Foster,02492339,75,6,450,2024-05-29 11:19:23.361270,delivered,70161,LA,VISA 13 digit
bad4e20b-dc54-4bd7-b9fb-53818ba11f88,Erica Drake,68233839,56,10,560,2024-06-19 00:30:57.400161,delivered,70911,LA,Diners Club / Carte Blanche
bc42fdd8-1825-4817-91ac-d33e7134ce68,Kevin Mann,45134432,99,2,198,2024-04-17 10:10:19.685545,pending,70273,LA,Mastercard
55d5f93d-7edc-4cf5-ab6f-cb482ca32b8a,Patrick Martin Jr.,74065479,24,1,24,2024-08-09 03:45:43.351121,shipped,70106,LA,Maestro
3cb6e201-148e-41b4-b069-151faed225fc,Janice Figueroa,43428038,79,10,790,2024-02-27 16:04:38.216976,delivered,71124,LA,VISA 16 digit
3fe0c5a2-cf8e-4558-b9ec-9a9859e80d58,Scott Harris,24478960,99,9,891,2024-04-16 07:42:30.588166,pending,71099,LA,JCB 16 digit
c4d89da6-9a2d-4e7b-b569-d3dc4bd21836,Tracy Howell,42867289,12,7,84,2024-08-07 07:04:47.781097,shipped,70010,LA,JCB 16 digit
ab9d9839-fc83-46c0-b38b-e859cfcc97d9,Michael Olson,42508571,41,8,328,2024-07-05 13:18:49.931997,shipped,70907,LA,JCB 16 digit
f42b0aa2-3bd1-4e2e-8325-3d815d7ade74,Brandon Smith,35907411,30,9,270,2024-07-15 23:16:30.628689,delivered,71211,LA,VISA 19 digit
b2debf1c-44d3-42df-b80b-1a087dc6fa7c,Samuel Johnson,23960619,100,9,900,2024-04-09 11:25:19.095625,pending,71059,LA,JCB 16 digit
15522563-9b95-42d8-90c8-94980333be27,Jessica Tanner,31773683,11,5,55,2024-08-11 20:16:48.020812,delivered,71113,LA,Discover
317fa6c8-a6ee-4dfd-8e9a-0f54d09e35fa,Mr. Russell Marsh,26177786,4,6,24,2024-04-25 08:04:06.647094,pending,70987,LA,JCB 16 digit
71b807a7-ac2e-4255-a96d-292c202ea785,Stacy Doyle,31534475,86,10,860,2024-01-02 20:53:49.862833,shipped,70631,LA,VISA 16 digit
b1778a3d-aeb6-40b1-9723-046cb2b63fa0,Michael Warner,69536960,28,2,56,2024-02-12 22:57:47.647200,delivered,70846,LA,Mastercard
5c844643-4cee-4404-988c-cfefb0a3a4da,Taylor Rodriguez,66224938,79,8,632,2024-02-13 23:29:11.886802,pending,70843,LA,JCB 15 digit
aeff9b95-80f2-427a-8df5-5ea7a158763a,Joshua Holmes,98823017,89,2,178,2024-08-15 12:00:35.683118,pending,70460,LA,VISA 16 digit
13703a97-94f8-4168-bc27-dd8bad3b9a8e,Christian Clark,19018935,60,6,360,2024-08-24 12:15:43.781970,delivered,70584,LA,JCB 16 digit
1026a576-1ad9-478d-ac4c-b5240022c2d4,Janet Wilcox,43075881,41,7,287,2024-01-15 17:55:33.936973,delivered,70423,LA,JCB 15 digit
22cf572a-68ff-4e95-ad81-316469cb3d8a,Samantha Garrett,14958038,65,2,130,2024-06-17 19:01:04.412361,delivered,70984,LA,VISA 16 digit
7ce40ae6-bb85-41cd-8a21-30579b195633,Pamela Perkins,27353332,12,6,72,2024-05-05 04:45:57.706342,shipped,70305,LA,American Express
44971fb1-8f8d-400e-bd83-e327d83539c5,James Chavez,80515784,70,10,700,2024-01-26 21:42:07.529788,shipped,71214,LA,VISA 19 digit
54a18b82-6afc-4eb7-b61e-7bb96b58707d,Elizabeth Webb,06599447,66,7,462,2024-06-11 10:26:12.528575,delivered,70558,LA,Discover
43f2e771-fb40-4c31-a9cc-6e280cc610c7,Natalie Taylor,78483156,54,4,216,2024-01-06 00:48:00.735387,shipped,70282,LA,JCB 15 digit
540a3b82-8bf9-4262-ac59-83c702682063,Janet Wilcox,60301352,54,5,270,2024-06-12 14:17:43.508595,delivered,70423,LA,JCB 15 digit
befa0062-b4d0-4395-b790-eca70ad733bc,Jamie Brooks,64817033,45,5,225,2024-01-07 18:30:42.376264,delivered,70276,LA,VISA 13 digit
6c8356be-4c3c-4178-854d-dd2d24b3e169,Jeffrey Tyler,42737117,45,3,135,2024-05-20 15:45:27.347828,delivered,70057,LA,Diners Club / Carte Blanche
6802bf5c-f537-45b6-8b97-9a85b777a50e,Joshua Holmes,14178504,74,8,592,2024-06-29 18:18:41.201828,delivered,70460,LA,VISA 16 digit
e1c7c8c4-49db-4822-aafa-937751037398,Dana Mayo,68613556,82,9,738,2024-07-02 20:46:09.344645,delivered,70324,LA,JCB 16 digit
cfbfc4c8-56fb-415f-8ae5-3ee9231d3a79,Ashley Beck,20331412,5,9,45,2024-06-24 14:27:45.201424,pending,70868,LA,JCB 15 digit
da4c55f0-0800-4d91-a0e4-f0746d27abde,Christopher Stewart,88291727,69,6,414,2024-05-17 06:48:09.174957,pending,71096,LA,Mastercard
2f4dbae1-f0bd-44ca-af80-5c359e821d4c,Theresa Garrison,54206977,76,10,760,2024-03-22 00:28:51.080148,shipped,70843,LA,JCB 15 digit
0b911a90-79fb-4080-886b-1b80b2ef39eb,Brandon Smith,06599447,66,2,132,2024-08-21 06:22:27.820921,delivered,71211,LA,VISA 19 digit
61c49826-9397-417f-9bbd-444de224b1de,Devin Fisher,66807254,17,5,85,2024-03-05 14:49:23.656801,pending,70507,LA,VISA 16 digit
9a4e8995-b65a-4f80-acb8-ff2d9cf3d77a,Patrick Weaver,39737175,8,9,72,2024-01-08 04:02:51.586025,delivered,70243,LA,VISA 13 digit
2fb25e7c-c37d-401a-b548-ccd026af7d46,Stephanie White,35124047,77,6,462,2024-07-21 12:07:20.640693,delivered,70807,LA,VISA 19 digit
d923e852-001a-46ed-b4fe-329aa86471c6,William Smith,39930453,33,4,132,2024-03-13 05:58:54.456786,shipped,70671,LA,American Express
af2d28f7-c8be-402c-ad73-151ec0b645b8,Andrew Kennedy,38454936,82,10,820,2024-06-24 07:03:27.399417,delivered,70762,LA,Maestro
8dcaa5ba-e319-45b0-9293-dd66aad5578e,John Young,20711214,57,7,399,2024-06-29 20:54:26.111074,delivered,70257,LA,VISA 13 digit
39a5fe7d-9e76-4b66-966b-27bcb1b0ebd6,Adam Dominguez,53267887,63,6,378,2024-05-09 09:35:51.523224,pending,71027,LA,VISA 13 digit
21d086a3-a6c9-433e-8f3e-0edf2418ed9b,William Smith,65973905,80,2,160,2024-03-19 19:17:55.523012,pending,70671,LA,American Express
dab8bdd4-7227-416b-9da3-9a79d1dd829a,Janet Wilcox,12859658,24,5,120,2024-03-02 04:19:56.970534,shipped,70423,LA,JCB 15 digit
9491bda4-5e00-4c45-ac8a-f553af47bb51,Jeffrey Tyler,21497834,39,2,78,2024-01-04 18:39:41.638370,delivered,70057,LA,Diners Club / Carte Blanche
6545602d-0dd6-4959-a940-db2c1eaac9a2,Patrick Martin Jr.,78438347,63,9,567,2024-04-08 09:34:46.578535,shipped,70106,LA,Maestro
0639952c-dc71-4a46-a8ec-1ffe3349db16,Michael Olson,96351406,48,8,384,2024-01-29 07:51:16.608223,pending,70907,LA,JCB 16 digit
f6ffbe46-08c7-4367-a46d-94edaf796969,Tara Richardson,93821285,15,3,45,2024-02-13 19:00:41.131772,shipped,70816,LA,Mastercard
e9c55611-965f-422e-9a9e-33e5b928b179,Eric Conner,42619710,43,5,215,2024-07-10 23:39:01.251798,delivered,70085,LA,Discover
7ef4f4e0-db92-48a6-99e7-dd06101daa7f,Ricky Stewart,76422768,1,1,1,2024-07-28 14:32:11.627503,shipped,70612,LA,VISA 19 digit
2b0e4256-71e2-4d06-864d-d07643662952,Kevin Nichols,82765989,38,8,304,2024-08-16 07:23:58.021544,pending,70984,LA,Discover
d39549d7-3760-4a05-a06c-9fcdd0177818,Samuel Johnson,13061043,18,1,18,2024-01-14 18:50:02.294920,pending,71059,LA,JCB 16 digit
05d04490-d638-4272-a637-8a5ccad5748b,Jessica Tanner,95914008,70,10,700,2024-02-16 01:15:36.087639,pending,71113,LA,Discover
ccda9c89-dca2-4f32-9767-9446623a9010,Maria Steele,66413905,100,3,300,2024-07-09 02:52:52.725000,shipped,70646,LA,Mastercard
3a53a3ab-1a8f-4ede-8591-1a31f0ad83d8,Samuel Johnson,67038640,80,7,560,2024-01-28 14:49:13.451883,delivered,71059,LA,JCB 16 digit
3ff5f0ed-a5e6-4a65-818d-ff4aa1c76ec4,John Young,19463940,65,8,520,2024-08-28 03:03:51.699022,delivered,70257,LA,VISA 13 digit
ab162304-79d6-4666-bd50-36af337eb51e,Devin Fisher,83227981,66,7,462,2024-07-13 23:48:04.565007,pending,70507,LA,VISA 16 digit
f9b07536-ef3d-40d7-8a90-0917572e8b00,Elizabeth Valdez,57683386,10,5,50,2024-05-05 22:08:48.746906,pending,70826,LA,VISA 16 digit
667d1198-62d8-42bf-940f-804d1ce55bcb,Patrick Weaver,84992994,12,2,24,2024-01-02 22:18:28.547722,shipped,70243,LA,VISA 13 digit
f9fe6f99-8fa3-413b-9a51-25183084fb29,Heidi Hahn,80515784,70,10,700,2024-07-18 00:37:36.113646,shipped,70823,LA,JCB 16 digit
bd79b01c-ee79-4812-87b9-fbc0f72fd0d6,Heather Foster,05903856,78,2,156,2024-03-13 05:41:49.118946,pending,70161,LA,VISA 13 digit
5b0b183e-7a10-4b78-9d28-095e8a7aaa98,Wesley Porter,99791445,86,6,516,2024-02-13 18:11:46.850785,delivered,70364,LA,JCB 15 digit
114b2b36-6bdb-4344-a999-4ff8ccd7d804,Lucas Wright,54627123,82,8,656,2024-01-25 18:21:45.818219,shipped,70523,LA,American Express
d9ab0575-7f04-4dcf-9195-9efefa3537ad,Adam Dominguez,51020477,55,2,110,2024-07-23 20:23:34.420298,pending,71027,LA,VISA 13 digit
261e6a60-ebf2-4c09-815a-09fcbec07531,Jeffrey Tyler,24478960,99,3,297,2024-08-12 22:25:15.732457,shipped,70057,LA,Diners Club / Carte Blanche
0d9ffc43-04b2-4842-ad9a-672c5bbaade2,Kevin Sanchez,26980201,27,2,54,2024-03-15 18:38:09.976784,shipped,70312,LA,American Express
59e8ad8e-22ce-4de8-8144-a786e55fd5b4,Janet Wilcox,43808311,35,2,70,2024-01-29 08:15:18.046485,shipped,70423,LA,JCB 15 digit
1c70b177-af8b-491b-ab2e-a56f81f6766c,Mr. Russell Marsh,28363781,9,1,9,2024-06-01 20:52:21.305865,shipped,70987,LA,JCB 16 digit
362a6570-e6e1-4f40-803c-c585670d6e84,John Young,68632649,97,9,873,2024-02-26 21:09:40.068722,shipped,70257,LA,VISA 13 digit
63ef9f71-0078-4ef5-8537-3ba6d602a6a9,Michael Ellis,49808636,51,4,204,2024-05-31 19:44:17.241703,pending,71020,LA,VISA 16 digit
01f94c26-65aa-488d-9962-531b98bc1217,Janice Figueroa,16548947,13,1,13,2024-01-20 01:46:54.749665,pending,71124,LA,VISA 16 digit
fcda254a-dffd-45c9-a599-2c479da96b53,Shannon King,72332986,45,6,270,2024-01-12 01:22:14.738617,delivered,70110,LA,VISA 13 digit
4deb826e-6061-4913-9701-2649df41bd66,Joshua Obrien,18279979,49,7,343,2024-07-07 00:06:43.387423,shipped,71229,LA,Discover
8ce78b4c-2147-4ece-bcf3-b449d072b1eb,James Chavez,25037012,82,7,574,2024-04-23 01:05:19.228904,pending,71214,LA,VISA 19 digit
8dd3a9ba-c55f-4a41-9200-99a8050762ff,Selena Griffin,02041308,68,3,204,2024-03-13 14:45:11.411641,delivered,70114,LA,JCB 16 digit
720788a4-2789-4fa0-8701-8a859b31d418,Allison Moreno,83672521,75,10,750,2024-04-18 00:50:35.741975,shipped,70246,LA,JCB 15 digit
381cf448-3ac4-4b24-ad1b-d2b641f8e650,Daniel Stanley,76487330,25,5,125,2024-02-11 11:19:14.790483,pending,70024,LA,JCB 16 digit
0536229c-5f22-4177-b68a-0979e95cf748,Ashley Beck,39938688,12,10,120,2024-01-03 07:30:47.293052,pending,70868,LA,JCB 15 digit
60b5c6f4-0421-4027-a207-0807d354584f,Clinton Johnson,29993581,71,10,710,2024-08-03 18:16:28.334608,shipped,70372,LA,JCB 16 digit
e02445b6-6850-4248-b0ae-56233c11e04c,Mckenzie Scott,71411989,2,8,16,2024-02-07 02:08:34.794373,shipped,70986,LA,VISA 16 digit
ebb3685b-8cc4-47f4-8680-abbb8bf62470,Michael Warner,74627462,7,10,70,2024-07-18 02:12:42.636185,pending,70846,LA,Mastercard
29075322-2b13-447c-9471-42fff354ec51,Stephanie Barron,73132257,58,9,522,2024-07-28 13:38:16.956899,shipped,70180,LA,American Express
03bee0ba-0c49-4c5a-bc96-a2d1874224e3,Maria Steele,72379394,14,6,84,2024-07-10 20:16:29.257009,delivered,70646,LA,Mastercard
df6896b5-d85e-4dfb-a63c-6214ae7c6bb7,Terry Williams,05966127,30,9,270,2024-01-19 06:40:04.951185,shipped,70948,LA,Maestro
bef09651-1852-4df1-9b8e-99655362999d,Christopher Stewart,27754672,35,3,105,2024-07-26 06:38:35.813431,pending,71096,LA,Mastercard
b31bc832-a204-4265-ad85-9a6d03dc8948,Valerie Smith,88881706,56,1,56,2024-04-05 20:42:32.141623,shipped,70878,LA,VISA 13 digit
645b5464-512c-43d3-adc5-386de259620f,Maria Ingram,79205986,19,4,76,2024-08-13 15:50:11.712878,shipped,70533,LA,VISA 13 digit
1831d679-73ec-488f-bb13-af4ffe299c4f,Steven Lopez,33216805,28,10,280,2024-04-02 03:25:13.499626,delivered,70668,LA,VISA 19 digit
64174f70-598f-4940-96c2-6a3dee23129d,Tracy Henson,05513697,34,9,306,2024-01-01 15:32:58.577406,pending,70724,LA,Discover
be80d45d-8b21-4f71-a5b0-3bd4983a47cf,Chris Johnson,75507817,60,8,480,2024-04-05 09:27:18.572412,delivered,71227,LA,American Express
efbc5b8a-671b-4455-b5a6-12274cc0765f,Christopher Patterson,90659966,53,7,371,2024-05-06 06:12:00.578617,pending,71106,LA,Maestro
cb60b749-1f87-4a7c-9624-f434ed7a7a61,Dr. Susan Harvey,40937342,82,8,656,2024-01-26 07:11:36.816135,pending,71043,LA,VISA 16 digit
98bf7c6d-5a6d-4cb4-8fac-eba81af35df9,Amanda Castillo,31918824,7,2,14,2024-04-15 04:20:12.437924,pending,70508,LA,Diners Club / Carte Blanche
3ec9d870-09cb-47c0-99cd-e5a038395fcb,Andrea Briggs,02127798,81,4,324,2024-04-01 23:42:15.253390,delivered,70301,LA,Maestro
9aff5f13-1874-4204-9ee4-fcab417c0d3b,Jamie Brooks,79205986,19,10,190,2024-09-01 22:23:07.026069,pending,70276,LA,VISA 13 digit
8c3cd59f-f92d-4736-9368-f24e6ab0e986,Robert Bradley,87069976,59,8,472,2024-01-16 21:39:24.522993,shipped,70133,LA,VISA 16 digit
84bb9221-b71b-4ce8-8d11-dc6046c5745f,Mckenzie Scott,99302955,10,3,30,2024-01-05 22:37:27.870018,delivered,70986,LA,VISA 16 digit
cb9d86f3-f6bf-4af6-b161-3238be282436,Tyler Christensen Jr.,47163959,74,1,74,2024-02-22 23:58:20.810891,shipped,70396,LA,Maestro
d8460ff7-5cf9-421e-9c45-ed2005ce6230,Susan Hernandez,64945460,71,4,284,2024-07-30 07:21:01.715578,pending,71215,LA,VISA 13 digit
8b30ea0a-7046-4e9d-bda7-729dfcc474ef,Christopher Patterson,80211990,39,10,390,2024-02-21 18:27:37.297416,delivered,71106,LA,Maestro
8faa2809-fab9-4acd-9056-b0a305532f66,Amanda Castillo,84295569,81,1,81,2024-05-24 01:39:26.189067,shipped,70508,LA,Diners Club / Carte Blanche
882a8636-6a9b-475c-96a1-bef33627ad66,Tracy Henson,05891566,75,10,750,2024-05-09 05:21:39.622987,pending,70724,LA,Discover
5f44b090-f098-47e1-87d4-60fdd81a9643,Daniel Stanley,38454936,82,9,738,2024-02-06 06:52:21.212683,delivered,70024,LA,JCB 16 digit
f6f37bd3-20de-4a3a-b2d7-6ca281df1c57,Tracy Howell,98352470,97,4,388,2024-03-30 05:24:54.108095,delivered,70010,LA,JCB 16 digit
93527063-2a41-4e8f-b006-fb821c8e678b,Devin Fisher,19562841,38,2,76,2024-04-14 19:49:42.498770,pending,70507,LA,VISA 16 digit
0dd76a1c-9ff0-43bd-bc14-07a597b17ff6,John Young,34656150,90,5,450,2024-03-22 01:34:45.134624,pending,70257,LA,VISA 13 digit
7c2ba416-72aa-4f3c-83a1-01a8fb391e9c,Tracy Rivera,45247545,66,6,396,2024-04-24 05:54:44.355933,shipped,70108,LA,Discover
2cf6b2ae-b15b-4083-b184-2b8ff815be88,Scott Harris,80323884,92,1,92,2024-06-29 23:35:32.120946,shipped,71099,LA,JCB 16 digit
e890d15b-2c3f-4d0b-8930-4f36fa48bd77,Dr. Susan Harvey,91348210,35,8,280,2024-03-19 02:37:39.627318,pending,71043,LA,VISA 16 digit
b4a6607c-54fc-4719-a24c-f0853935f242,Stephanie Coleman,14282331,63,4,252,2024-08-02 02:12:49.370512,pending,70265,LA,VISA 16 digit
367c8348-d169-478f-b2c4-0bda1d183d99,Ryan Weiss,51794682,74,5,370,2024-06-06 03:17:53.239892,shipped,70961,LA,Diners Club / Carte Blanche
0c55808d-98c9-4b4a-80b3-a77b72cc329c,Joshua Holmes,14048357,35,1,35,2024-02-21 21:07:28.057146,shipped,70460,LA,VISA 16 digit
f7f5f8a2-d2af-431b-9445-ab31629d59e4,Manuel Armstrong,94754957,5,5,25,2024-05-07 08:39:26.378861,pending,70980,LA,JCB 16 digit
d403d0b3-a7b8-4008-b765-f9539a74a083,Kevin Sanchez,08189400,12,10,120,2024-08-23 05:13:18.012980,pending,70312,LA,American Express
