3e1dfc95-b083-4673-80c0-1c1c3bb15821,Sarah Taylor,42295808,50,2,100,2024-07-01 12:29:17.021976,delivered,99760,AK,American Express
e6c289a3-4efb-4d83-afe9-47007f68f654,Kimberly Phillips,02856612,92,3,276,2024-07-14 11:18:53.794980,pending,99765,AK,VISA 16 digit
42f6625e-3168-41bb-9afa-3be41bf7e236,Mr. Charles Lewis,09529434,34,2,68,2024-04-12 02:29:02.090433,pending,99807,AK,VISA 13 digit
1e36fc18-2602-4a4a-b703-360b22905186,Erin Carlson,20679590,76,9,684,2024-04-30 17:25:21.453648,shipped,99650,AK,Maestro
fe320e37-729e-47c0-b3ea-de571bc3ce5c,Richard Salas,45745249,26,4,104,2024-03-06 11:01:40.881062,shipped,99747,AK,VISA 16 digit
3fe2bd28-5284-4c9c-9ea7-d592cf37c458,Emma Harris,27754672,35,7,245,2024-02-26 02:54:08.666787,pending,99858,AK,VISA 19 digit
b26edc72-5731-426e-b19f-458a7710619c,David Russell,93462778,39,5,195,2024-05-18 07:21:15.907055,delivered,99621,AK,VISA 16 digit
6ca4ec96-c65c-4428-92eb-68163dc6ac1e,Madeline Baldwin,20489977,11,7,77,2024-09-06 09:45:52.272404,pending,99719,AK,VISA 16 digit
6e401eb9-ab1b-4b44-a5a4-ee0010387dd3,Luis Brown,45465970,79,1,79,2024-04-22 22:39:36.814122,delivered,99533,AK,VISA 13 digit
2c3cd8b3-78c2-4750-9666-4bda8473b8c5,Paul Tapia,47198074,14,4,56,2024-05-25 15:36:00.801797,delivered,99762,AK,VISA 19 digit
05f10188-eabf-41e8-95cc-0360c014be89,Caleb Jackson,30701335,13,1,13,2024-02-05 11:16:00.644017,shipped,99627,AK,VISA 16 digit
77b4da8b-979f-4c95-8b12-6f8b2013e78d,Jeremy Miller,53730589,24,1,24,2024-05-28 21:34:47.090193,delivered,99689,AK,JCB 16 digit
204ac32f-86a5-419d-b331-6ba5ece4b0b7,Zachary Schmidt,39042675,63,4,252,2024-05-21 22:44:11.922251,delivered,99895,AK,JCB 16 digit
e403cc17-885b-4e73-95c3-5d1c393515f2,Brian Cruz,27293959,94,1,94,2024-01-31 22:34:56.999270,delivered,99670,AK,American Express
331f0a21-7fbc-4fb8-9743-1b6860f0a613,Kimberly Phillips,88881706,56,5,280,2024-07-16 16:46:48.244484,pending,99765,AK,VISA 16 digit
572a7d37-1800-4f01-a6df-2d0d01341467,Andrew Marsh,60489968,25,7,175,2024-03-26 17:19:53.912648,pending,99822,AK,American Express
8a0ad4c8-501c-4e0e-baed-5143d63aae52,Stacey Gray,95212791,1,6,6,2024-06-08 12:43:35.351613,delivered,99649,AK,Discover
abe47bea-412a-49a1-b073-f4e9392e4203,Jack Smith,90782480,27,7,189,2024-06-11 14:58:33.748978,delivered,99727,AK,Discover
52720ba4-c362-4198-acc8-54cc0106a4d0,Kelly Brown,13762469,46,1,46,2024-06-03 08:03:08.122538,shipped,99919,AK,JCB 16 digit
2bc203a0-e8e4-4aa3-9073-0e16fa0bcdb4,Kirk Stevens,36055999,35,5,175,2024-03-12 13:49:55.900803,shipped,99562,AK,JCB 16 digit
ffd1cc0d-c598-440c-9a2b-db84d56fb378,Veronica Hall,05765690,35,4,140,2024-02-15 04:15:31.307050,shipped,99906,AK,Diners Club / Carte Blanche
87eedf65-1fd4-45dc-9dbc-5a1f7a7f7d29,Andrea Mata,35907411,30,8,240,2024-08-24 16:04:05.066729,pending,99855,AK,American Express
971b0e7d-8675-4418-9938-f09d46f93f58,Willie Gonzalez,12105137,16,1,16,2024-04-13 18:00:37.118701,shipped,99639,AK,JCB 16 digit
a6e6f76f-5a24-4bf7-bbb7-3223cd719d6b,Kayla Smith,90515088,85,2,170,2024-03-02 16:27:21.793196,pending,99781,AK,VISA 16 digit
54bba3aa-14cf-46c0-a6c7-ed03807e9432,Richard Salas,64573724,20,5,100,2024-01-24 09:57:01.066149,pending,99747,AK,VISA 16 digit
4b9a2d73-eb1f-4cc1-a54c-10596bd7fff0,Gilbert Spencer,56149531,70,1,70,2024-01-11 00:24:12.413190,pending,99622,AK,VISA 16 digit
96bcfead-c9b0-43cb-b732-282840740991,Kimberly Jimenez,58766415,54,5,270,2024-02-06 00:12:35.486878,pending,99753,AK,JCB 16 digit
60a90086-45ac-43b8-a843-7b99fde8518f,Elizabeth Robinson,43808311,35,8,280,2024-06-14 23:32:45.371372,delivered,99531,AK,Mastercard
e9de317d-9587-4e1e-bc3f-acc2ef941cdb,Caleb Jackson,48693707,48,2,96,2024-03-11 10:46:47.963623,delivered,99627,AK,VISA 16 digit
d968e54e-e63d-4998-85e8-4218144a3272,Erin Carlson,64653501,86,6,516,2024-05-21 15:57:45.747286,pending,99650,AK,Maestro
42908dcb-af0c-47f8-a12b-dfedcda6ae67,Belinda Ramirez,53730589,24,10,240,2024-03-27 06:38:41.711545,shipped,99940,AK,Mastercard
5104f682-a924-4e74-88de-1dc7eed90033,Roger Page,36055999,35,3,105,2024-03-30 17:03:47.107780,delivered,99774,AK,Maestro
552a1802-79cf-4a07-977a-7c3f5bbb0171,Veronica Hall,62609074,94,9,846,2024-02-02 19:33:10.143757,shipped,99906,AK,Diners Club / Carte Blanche
a1bf3bd0-6430-442f-9f80-571531bd1206,Shawn West,52098833,61,3,183,2024-07-18 05:52:03.228535,shipped,99509,AK,Mastercard
7abdaf38-3ed3-4af2-a6f2-5e2a44c06223,Caleb Jackson,88833811,96,5,480,2024-04-04 23:12:05.503166,shipped,99627,AK,VISA 16 digit
c933a776-985f-4d16-900f-1b4ab6fdcb10,Raymond Jones,27385432,91,4,364,2024-02-18 14:58:28.045272,delivered,99758,AK,Discover
cb6247c5-fad6-48dc-b145-f31834c9a091,Laura Massey,19947983,50,7,350,2024-02-25 22:17:43.777777,delivered,99781,AK,Discover
910b5582-59d0-4200-b849-d6c404b0cb67,Mr. Charles Lewis,13159122,73,7,511,2024-06-23 23:25:27.518700,pending,99807,AK,VISA 13 digit
6fbd3f59-4244-4bed-b3a3-46dc3e3570c5,Victoria Perez,27884720,88,1,88,2024-06-08 05:57:16.518736,delivered,99509,AK,Mastercard
5dac20b6-97dc-4b55-92ba-bdb891c3ba9e,Madeline Baldwin,13762469,46,1,46,2024-05-30 02:36:26.656495,delivered,99719,AK,VISA 16 digit
71c7429b-cd20-4660-a537-73638afcfb64,Jeremy Miller,74812677,88,1,88,2024-01-19 18:17:51.816819,delivered,99689,AK,JCB 16 digit
717b2de1-8f95-4b84-94ad-a45899a3f8dd,Dennis Ochoa,98772322,97,5,485,2024-06-22 21:25:19.656282,pending,99852,AK,Discover
38a19792-1d5b-45ff-9e54-76004718d662,Jeffrey Wright,57313627,47,1,47,2024-07-12 10:26:49.041796,delivered,99948,AK,VISA 13 digit
5a28b9b8-63f0-4a84-b6ed-2fc05fd31774,Tiffany Lewis,96094815,60,8,480,2024-04-01 20:43:45.432590,pending,99892,AK,VISA 19 digit
4cb55f2f-92c4-40a1-a8c8-7608097d29cd,Elizabeth Ward,21411557,37,2,74,2024-03-18 17:02:57.421605,shipped,99625,AK,Discover
becd3c29-811f-4958-a0f9-2ad196afb84d,Alexander Ramirez,57683386,10,10,100,2024-08-29 10:24:46.995568,shipped,99709,AK,Discover
86119ea5-967e-41e9-931f-0c6b8a5d4a1f,Carolyn Jones,99548780,50,7,350,2024-03-25 21:14:17.734436,shipped,99599,AK,Diners Club / Carte Blanche
d2d7a199-8e8a-425e-8261-41e217e6533e,Destiny Franklin,76571466,16,2,32,2024-05-21 17:06:56.393156,pending,99843,AK,JCB 16 digit
85b8f803-f818-4672-b68f-8efbb1ab8536,David Martinez,30471887,7,3,21,2024-07-31 21:20:40.785059,delivered,99663,AK,JCB 15 digit
df355f4e-bae6-4faf-91d1-09370ae015b2,Tony Gonzalez,31961219,23,9,207,2024-02-25 20:30:32.061255,pending,99785,AK,JCB 16 digit
8cffaa64-6047-45eb-9b93-23b84e88c8c2,Kimberly Jimenez,86657501,34,8,272,2024-01-22 18:14:16.618441,shipped,99753,AK,JCB 16 digit
e5f69de7-0bbc-41c5-a7dc-cf0b644d3edf,David Russell,81021239,8,2,16,2024-07-14 04:45:53.649213,shipped,99621,AK,VISA 16 digit
8203f4dd-92db-4ad6-a6b7-5878ca2309e3,Austin Gordon,42670520,37,3,111,2024-06-26 06:47:32.171275,pending,99617,AK,American Express
2f34b837-c5a4-43e2-a80a-c057e46a98a9,Luis Brown,75438852,11,5,55,2024-05-04 01:50:24.108861,delivered,99533,AK,VISA 13 digit
a693923e-de77-4d38-8381-591f98a36ccc,April Ramos,54929814,6,7,42,2024-03-26 22:45:33.583837,pending,99675,AK,Mastercard
133c0e16-c60e-4f39-ae4d-5936203c4506,Linda Cannon,86066860,26,8,208,2024-03-01 16:59:19.691767,delivered,99861,AK,VISA 16 digit
a4d80d99-1f7e-4e00-a8f9-12550f7fff5b,James Jones,31745550,77,6,462,2024-08-31 02:08:30.141216,pending,99574,AK,VISA 13 digit
b5186f0e-12ff-4e63-8723-5885198a1cfd,Eric Reid,22086945,62,9,558,2024-07-19 20:26:18.903636,pending,99505,AK,VISA 16 digit
bd0360bf-730d-4972-9778-576c08b6d230,Michael Carter,95914008,70,8,560,2024-03-04 23:14:58.669981,pending,99619,AK,Discover
9ec87739-835b-4314-95d3-716896d2b4c8,Jeremy Horton,16100480,69,9,621,2024-07-14 11:30:44.814490,shipped,99863,AK,Discover
4edaa3fc-bf08-4eb3-afa3-21b91ad1fe81,Kyle Young,61084681,100,6,600,2024-04-21 20:55:06.794686,shipped,99745,AK,JCB 16 digit
b7757686-a47f-49aa-bfd2-881b41e86570,Shawn West,69479175,64,8,512,2024-03-18 03:23:26.105466,pending,99509,AK,Mastercard
1c3e7f51-cd34-405d-95e4-eabb1d92391c,Edwin Graham,32742022,24,2,48,2024-03-09 09:17:03.492807,shipped,99590,AK,JCB 16 digit
28503212-677b-41aa-855c-c536ea6b7dc7,Destiny Franklin,78179325,83,2,166,2024-06-15 01:43:11.675071,delivered,99843,AK,JCB 16 digit
e79c41b2-b059-41b9-92ae-bb4e2f928c9e,Richard Salas,16567214,30,7,210,2024-08-15 22:45:03.567253,shipped,99747,AK,VISA 16 digit
eb87e667-3e7a-4e58-ad8e-ef3670e5343b,Sarah Lucas,28591924,78,4,312,2024-06-14 10:35:18.757865,pending,99883,AK,JCB 16 digit
ced3d41e-c739-4ee6-9051-ce5ab96d6842,Elizabeth Ward,08944856,95,9,855,2024-05-03 03:30:42.559558,shipped,99625,AK,Discover
16f4829c-fd3b-4743-bf82-40c94c653fa1,Brittany Vance,70328592,6,10,60,2024-06-09 03:43:41.164926,delivered,99658,AK,JCB 16 digit
0a92695e-163f-477e-8d36-bed071481b03,Melissa Osborn,31996723,69,9,621,2024-03-24 04:27:03.419819,shipped,99826,AK,JCB 16 digit
7a1e9084-931a-48ea-a1f3-ed0c4c644b63,Daniel Charles,96949542,80,7,560,2024-01-06 14:09:40.055747,pending,99782,AK,JCB 16 digit
b67e506a-4d49-4153-8274-ea8649719624,Carolyn Jones,83480300,10,4,40,2024-09-07 08:01:51.213005,shipped,99599,AK,Diners Club / Carte Blanche
f34456d4-aa28-41a6-a259-6d24683e5f50,Luis Brown,41743492,8,4,32,2024-03-28 14:49:33.769979,delivered,99533,AK,VISA 13 digit
9f930eaf-aca0-471a-b7c7-1ff9b189974e,Dwayne Wilson,91822451,10,5,50,2024-08-04 12:47:32.948799,delivered,99883,AK,JCB 16 digit
63b25a7f-5b7b-4e72-8300-35ca6ca09169,Veronica Hall,60286819,67,1,67,2024-02-14 16:07:22.562063,pending,99906,AK,Diners Club / Carte Blanche
23a0e791-2ce8-4f8f-8f41-e384c0c09d90,Christine Mosley,04025504,49,4,196,2024-02-23 11:51:19.760894,shipped,99909,AK,JCB 15 digit
e7703272-e7e2-4ee9-8c12-61740c2fdcca,Robert Griffith,78376038,10,2,20,2024-07-18 23:38:28.763325,pending,99911,AK,VISA 16 digit
9d47d667-4ff5-440f-8660-af7ef4bf7d86,Kimberly Jimenez,58994382,29,8,232,2024-03-31 08:51:48.629128,shipped,99753,AK,JCB 16 digit
59f2f5fb-5ad2-4c50-b16c-ae44c061b3ce,Laura Massey,87165999,45,1,45,2024-03-18 14:42:48.398594,pending,99781,AK,Discover
8a7666d9-cee4-44fb-8fe0-ad01e7970ed3,Madeline Baldwin,64795881,47,9,423,2024-02-23 11:14:42.792646,pending,99719,AK,VISA 16 digit
964e7b3a-6464-4c74-88fb-422ee8f9c874,Michael Carter,24670074,16,2,32,2024-05-11 15:00:07.089946,pending,99619,AK,Discover
7401d743-20af-48a4-9317-f2823d7f3e54,Brittany Diaz,31714778,24,1,24,2024-01-31 22:24:34.185222,delivered,99643,AK,Maestro
e2187778-6535-414e-9158-6be431c6b011,Austin Gordon,37038250,65,1,65,2024-01-30 21:05:45.343332,delivered,99617,AK,American Express
a6f30e01-5573-4400-9370-6d2e95c1b618,Kyle Young,79486026,41,10,410,2024-05-20 20:32:43.954576,pending,99745,AK,JCB 16 digit
1a80795e-5f4f-4785-9058-4e29389cef57,Joseph Salazar,12428557,14,7,98,2024-04-16 06:59:58.823029,shipped,99613,AK,VISA 13 digit
ea2a7f1e-217a-4bc8-9cb2-58c33de74234,Eric Reid,71977041,71,4,284,2024-05-30 00:06:36.601785,delivered,99505,AK,VISA 16 digit
128fdbe8-6d03-43f9-b407-a1998462d06e,Daniel Shields,69527593,67,3,201,2024-04-23 11:19:01.288270,shipped,99596,AK,VISA 16 digit
46d537a1-9d72-43ff-a6bc-e176912d7201,Lance Patel,47829510,17,7,119,2024-02-28 16:23:36.981854,pending,99805,AK,VISA 16 digit
bd4db6ba-b068-4053-b687-7b859236ecec,Jack Smith,22657527,32,2,64,2024-05-17 12:39:57.833312,delivered,99727,AK,Discover
4d214f75-1cb0-49e9-8720-4eea1bfa1d21,Richard Salas,88856070,67,1,67,2024-02-12 14:33:17.954209,delivered,99747,AK,VISA 16 digit
a9cb6b5f-5bfa-420c-b74c-9faecf38f1a1,Brian Chandler,49687545,40,9,360,2024-06-11 09:24:53.420198,pending,99898,AK,Discover
8143da2d-09a2-4603-ad88-b0b522b22392,Michael Gonzalez,13159122,73,1,73,2024-06-28 12:10:44.477828,pending,99853,AK,Maestro
f1a80a40-18f2-4b17-9d2a-d11a1c482543,Zachary Schmidt,19398990,22,10,220,2024-05-31 18:40:56.374572,shipped,99895,AK,JCB 16 digit
474db09f-7f28-413a-bc73-0d789569def2,Elizabeth Ward,57777573,27,2,54,2024-06-14 02:56:21.773474,pending,99625,AK,Discover
f121cbf3-c246-4d2f-ad34-f6a68e714f6f,Jeremy Miller,51103132,33,8,264,2024-05-08 20:50:46.933048,pending,99689,AK,JCB 16 digit
f2d4f784-bcbb-48ad-91ef-fdf8a05c5162,Jeffrey Wright,11549819,86,3,258,2024-02-15 22:53:06.535417,shipped,99948,AK,VISA 13 digit
44d3201b-95e7-4854-92cf-00e4597805b2,Alexa Dickerson,76741333,80,3,240,2024-05-21 04:50:11.102460,pending,99810,AK,American Express
b9aa0c71-2f2d-4092-9e46-8aece0a3a831,Luis Brown,68542153,87,8,696,2024-07-12 14:19:31.622993,shipped,99533,AK,VISA 13 digit
cea179e8-cc5a-44ed-ad04-8011d9d4f328,Linda Kim,02789897,9,5,45,2024-02-25 16:12:03.470773,pending,99763,AK,JCB 16 digit
65681496-6c29-464b-a113-1a21d8b1ec1b,Becky Wagner,91348210,35,2,70,2024-07-23 14:23:19.903032,pending,99719,AK,JCB 16 digit
ee0b8fa6-3e42-4900-90c6-92b611724ba6,David Martinez,12428557,14,2,28,2024-04-26 11:03:08.503937,delivered,99663,AK,JCB 15 digit
9f54e40d-3270-4775-8c90-1dd7e1148c13,Mr. Peter Diaz PhD,90725067,10,8,80,2024-02-07 12:31:27.680579,delivered,99747,AK,Diners Club / Carte Blanche
6ce49a4f-bfa1-4d42-bc1b-1911c8d9837e,Donna Nichols DDS,52609831,54,3,162,2024-04-26 01:36:14.536024,delivered,99531,AK,Mastercard
b3aeae21-713c-48c1-be8c-559af41c5b0d,Sabrina Crawford,28706434,68,3,204,2024-03-26 03:51:42.330537,pending,99873,AK,JCB 16 digit
a20e7d8f-9a2d-4bf2-8ff5-74acb87219f2,Kyle Young,83040504,72,1,72,2024-05-15 18:03:15.100850,pending,99745,AK,JCB 16 digit
39ed8289-5ca3-4bab-a341-9454caf31f91,Christine Mosley,38198151,46,9,414,2024-06-02 08:44:51.181267,shipped,99909,AK,JCB 15 digit
e9013bcf-3aea-475a-aef0-c125cafcb1df,Jeffrey Wright,19615943,6,5,30,2024-05-22 06:36:24.379169,shipped,99948,AK,VISA 13 digit
f189b7e3-8fc3-4ef7-8346-fd1ab3c83ac9,Stacey Gray,82438999,37,1,37,2024-02-24 17:37:41.512994,delivered,99649,AK,Discover
3d5ece28-8ff6-4c18-87fb-cd2bfa002996,Destiny Franklin,72492697,86,3,258,2024-08-10 17:04:30.372163,shipped,99843,AK,JCB 16 digit
26b842e3-1db9-43a9-aca6-671cf5ca5d21,Andrew Marsh,86376501,14,5,70,2024-08-02 09:45:16.924881,shipped,99822,AK,American Express
b067acb9-cd57-4b40-9754-f49861b590e3,Linda Cannon,46201379,54,5,270,2024-06-13 22:13:17.608522,pending,99861,AK,VISA 16 digit
8f2c4039-c478-4f5b-ba90-9e2e6e3a5bdf,Mr. Charles Lewis,15704122,15,1,15,2024-04-18 16:54:51.299742,pending,99807,AK,VISA 13 digit
280fc6fe-2bb8-40a9-86fa-ff0684df28e0,Mia Eaton,35336228,80,5,400,2024-01-31 08:25:21.802776,delivered,99907,AK,JCB 16 digit
8be38a05-de08-4ae5-8e76-a344cb3176ba,Marc Davis,26036328,74,1,74,2024-01-18 00:36:13.803270,delivered,99913,AK,JCB 16 digit
5401d50e-6799-43f9-b77c-40ed74550f20,Michael Gonzalez,09042827,77,5,385,2024-09-06 23:10:34.042073,delivered,99853,AK,Maestro
d0df68fa-9539-48be-b2b0-238bad39efe4,Edwin Graham,92262560,88,3,264,2024-05-12 10:01:08.348324,pending,99590,AK,JCB 16 digit
d7c986b8-0dd8-4dd9-8583-ae48d20cd113,Michael Warren,90782480,27,5,135,2024-01-01 04:46:38.246851,delivered,99547,AK,JCB 16 digit
11ec1bfa-84a9-4271-94d5-d50badc33783,Marc Davis,92499980,45,1,45,2024-05-06 11:37:30.248352,shipped,99913,AK,JCB 16 digit
21c0b01a-116e-4440-9533-7bcccfde4c8b,David Russell,83338090,66,6,396,2024-04-25 14:20:38.856693,delivered,99621,AK,VISA 16 digit
8df125dc-d175-4304-aebd-44c757d10972,Jeremy Jones,38316531,2,6,12,2024-05-05 00:17:25.492478,delivered,99596,AK,JCB 16 digit
06f62109-c8a6-4852-9a29-6f13de0bbfc1,Gabriela Washington MD,02381695,43,10,430,2024-08-28 04:39:27.373924,shipped,99739,AK,VISA 13 digit
326c8d43-9afe-4e2b-a009-cf45551f3101,Jonathan Osborne,99548780,50,4,200,2024-05-31 19:53:23.129389,shipped,99722,AK,American Express
1a0e0627-6a03-40f2-8d02-03eadbe1bc52,Richard Salas,38346316,46,4,184,2024-02-10 01:05:35.043034,pending,99747,AK,VISA 16 digit
a53f18ea-806d-4e92-acd3-1049a05d9989,Susan Harrison,79486026,41,8,328,2024-04-28 14:40:23.272434,delivered,99745,AK,VISA 16 digit
1d1103a3-b6a9-4b15-b27f-57da5bd49d04,Alexander Ramirez,04703549,58,6,348,2024-05-19 09:08:31.700342,delivered,99709,AK,Discover
beadd2aa-eb59-4cff-9530-4f8d67368d9b,David Martinez,24478960,99,6,594,2024-09-03 23:00:27.356785,shipped,99663,AK,JCB 15 digit
beb6c085-4d85-4d0e-a578-59ddf96c0568,Brittany Diaz,01437416,59,10,590,2024-05-18 20:50:31.059019,delivered,99643,AK,Maestro
5280cd34-4458-4232-954c-019e6a07302d,Daniel Charles,39046031,57,5,285,2024-05-08 05:04:28.639837,shipped,99782,AK,JCB 16 digit
4b61ec78-de5e-4d11-a1f5-bf20841987de,Laura Massey,86995122,89,5,445,2024-01-29 13:07:17.609433,shipped,99781,AK,Discover
54117d07-304e-4e38-9a5c-670b470e2a91,Samantha Munoz,62609074,94,1,94,2024-07-13 17:40:54.311853,shipped,99762,AK,VISA 13 digit
095fe682-ff64-435c-a07e-e8ae764116f0,Kimberly Ferrell,78483156,54,6,324,2024-06-13 00:55:02.510033,delivered,99510,AK,Maestro
be794304-1f3b-47a8-9ee1-bb3485fb7941,Shannon Roach,04732259,14,7,98,2024-02-24 23:11:59.485101,pending,99831,AK,VISA 19 digit
9bfd4712-b016-43b7-8d7b-1b35a8b02f51,Dennis Ochoa,73472674,53,2,106,2024-08-14 19:17:34.362148,pending,99852,AK,Discover
9a2b2b4c-b06e-431f-8afb-996b8f4fbda9,Roy Ruiz,06354794,85,10,850,2024-08-11 19:41:00.273300,delivered,99675,AK,JCB 15 digit
ccf20a6a-4d2b-4372-badb-738a788e162e,Donna Nichols DDS,84437860,7,6,42,2024-08-07 12:19:07.980486,delivered,99531,AK,Mastercard
616f27d1-9fe3-465b-8fc4-6c0519c0601a,Erin Carlson,69441578,72,8,576,2024-01-28 13:28:40.229537,shipped,99650,AK,Maestro
6406473e-43f8-4237-b696-c0f2ef74776f,Tiffany Lewis,98414277,66,3,198,2024-01-03 20:27:44.663099,delivered,99892,AK,VISA 19 digit
399dec2d-f612-44b8-951a-913a72a8b6d4,Marc Davis,25268904,24,10,240,2024-09-04 23:00:35.521273,delivered,99913,AK,JCB 16 digit
9d88d68a-0e82-4d95-8d28-86aff4f25d84,Vanessa Taylor,10050880,95,8,760,2024-01-15 03:26:29.617041,pending,99911,AK,Mastercard
d7794fe8-fae5-411d-8d03-6b0b820a081c,Elizabeth Robinson,79678032,19,8,152,2024-02-04 02:56:58.305240,pending,99531,AK,Mastercard
92f80310-fbcd-40ab-ab1a-f78559c50d1a,Roger Page,27443316,63,7,441,2024-05-07 19:36:59.730253,pending,99774,AK,Maestro
a60a29b2-f723-41cc-8ec0-ad4ab46ad4a5,David Russell,88833811,96,7,672,2024-02-13 14:23:21.974964,delivered,99621,AK,VISA 16 digit
93b0a7bc-bb4c-4f44-81a7-1a15d8879b70,Sabrina Crawford,67213733,37,10,370,2024-07-15 03:43:58.402025,shipped,99873,AK,JCB 16 digit
4e154163-d245-4a38-8cdf-f31a7b6f8149,Brittany Diaz,53730589,24,5,120,2024-06-09 12:50:03.500544,shipped,99643,AK,Maestro
a03dbc04-97bf-410b-84a6-d63471298820,Victoria Perez,84250360,88,4,352,2024-06-02 09:23:09.502460,delivered,99509,AK,Mastercard
58a49768-d3c1-405a-9828-179ef2f64f0a,Kirk Stevens,05903856,78,1,78,2024-04-19 09:56:33.367987,delivered,99562,AK,JCB 16 digit
b49ae995-c535-4f82-9237-7c4060ac05e2,Caleb Jackson,09086586,50,5,250,2024-03-19 17:52:29.694288,pending,99627,AK,VISA 16 digit
8b179f5a-ebd7-460f-8511-f4227ab2c8bd,Luis Brown,05241804,50,9,450,2024-03-07 15:13:19.805193,shipped,99533,AK,VISA 13 digit
f3771df6-6e61-4c0b-bfbf-1c2ac0c98273,Tiffany Lewis,86124782,64,1,64,2024-03-09 08:59:02.265619,delivered,99892,AK,VISA 19 digit
a177361c-fd1a-40d2-bc2c-55f94f64f1e4,Jeremy Miller,80515784,70,2,140,2024-02-12 07:39:58.197379,pending,99689,AK,JCB 16 digit
38beb22f-4ab3-42ca-9d59-5ad3a105069e,Gilbert Spencer,45247545,66,7,462,2024-06-10 06:22:16.007024,delivered,99622,AK,VISA 16 digit
83740190-749a-4a5a-9172-9a19bf43df97,Lance Patel,61886865,39,6,234,2024-07-04 19:58:44.631496,delivered,99805,AK,VISA 16 digit
5179f81d-7854-4e91-bd50-f5dfba6d59e0,Bryan Thomas,56557497,70,1,70,2024-03-06 16:22:01.715916,shipped,99844,AK,Mastercard
8c2a3117-4f5c-452d-9da7-e92f31659249,April Ramos,62609074,94,2,188,2024-08-03 02:56:33.688707,shipped,99675,AK,Mastercard
a61c2265-0cdc-4852-a999-caf2c5a6d4ee,Kimberly Jimenez,90725067,10,4,40,2024-03-01 03:37:26.548316,shipped,99753,AK,JCB 16 digit
38215fba-5d59-4852-a70f-86fcb36d47c2,Margaret Schmidt,75438852,11,2,22,2024-06-17 09:00:22.010022,shipped,99784,AK,American Express
94beda50-1bef-475f-8b4f-8ecca7929864,Andrea Mata,96620571,19,9,171,2024-02-04 09:04:10.561506,pending,99855,AK,American Express
b8c98660-d7d2-4d3e-86f1-b8558156e39c,Linda Cannon,97212294,99,5,495,2024-02-24 06:57:31.592593,shipped,99861,AK,VISA 16 digit
2288098c-d284-4e87-a4b0-bf85098441f0,Linda Kim,35336228,80,5,400,2024-07-07 21:56:45.716240,shipped,99763,AK,JCB 16 digit
31ffa536-d1de-4e59-ba0b-65510ece38e0,Destiny Franklin,05475049,84,8,672,2024-03-11 21:20:18.772957,delivered,99843,AK,JCB 16 digit
fb944c6f-6773-4990-9def-b91a892c67b4,Luis Brown,45760099,30,1,30,2024-04-06 00:17:59.440318,delivered,99533,AK,VISA 13 digit
6ff8d405-0f97-495a-9efd-ab8e1a166c45,Edwin Graham,20152871,8,6,48,2024-07-04 18:06:30.275076,pending,99590,AK,JCB 16 digit
65d2a9e3-44c9-4165-8320-27adae9a7cd5,Raymond Jones,52206405,69,5,345,2024-08-22 08:24:33.286195,shipped,99758,AK,Discover
6261bea3-b6e0-4bee-9ed8-333a26402c2d,Austin Gordon,16446342,16,8,128,2024-05-27 10:24:39.960215,shipped,99617,AK,American Express
d711df26-95df-4c31-aa2e-9a01caec0909,Christine Mosley,63175912,19,1,19,2024-01-31 21:17:10.624654,pending,99909,AK,JCB 15 digit
4e81857d-4bd3-41cc-89eb-e8395f7e23f9,Kimberly Phillips,33216805,28,7,196,2024-02-26 23:49:48.144139,pending,99765,AK,VISA 16 digit
5a65e895-7585-4be7-b78a-a384037fa968,Shannon Roach,19525204,80,8,640,2024-04-13 22:43:26.149186,shipped,99831,AK,VISA 19 digit
d44a398e-a90a-480a-83e5-22fe7d27e020,Bryan Thomas,78438347,63,1,63,2024-03-25 16:58:22.984821,shipped,99844,AK,Mastercard
31d57bb4-cef2-4a21-82d6-e1d0e2ce11f0,David Russell,12745470,92,3,276,2024-01-09 20:03:08.045163,pending,99621,AK,VISA 16 digit
9b287a16-a855-481b-9299-50acd46891b6,Carolyn Jones,88920542,90,8,720,2024-04-04 06:03:04.430319,delivered,99599,AK,Diners Club / Carte Blanche
0676215a-4fb8-4a6a-94b9-1f8fa2cf8c69,Jeremy Jones,15116055,38,3,114,2024-01-06 19:48:27.501499,shipped,99596,AK,JCB 16 digit
1be80243-a987-4d2f-99d2-34a73174c770,Mia Eaton,36538829,5,7,35,2024-02-22 05:45:37.722902,delivered,99907,AK,JCB 16 digit
d0756373-9d2c-4f62-9216-9c1796ef63c4,Laura Massey,42295808,50,1,50,2024-06-28 14:57:46.020900,delivered,99781,AK,Discover
191f8d12-bcaa-4fc1-b18e-4da2d33e62bf,Michael Gonzalez,93414500,61,6,366,2024-08-05 21:38:47.142135,delivered,99853,AK,Maestro
8592b09b-2352-4ae6-8e87-c26ece0a76a8,Zachary Schmidt,95450575,34,5,170,2024-01-28 04:21:24.048034,shipped,99895,AK,JCB 16 digit
