440cf9d3-e07c-42b1-b392-f35ca2fc33fb,Heidi Gonzales,47000438,43,2,86,2024-07-07 00:05:00.156561,delivered,68040,NE,JCB 16 digit
9470978f-5148-4950-a2fe-509e38a272cf,Timothy Cook,08310330,28,9,252,2024-07-24 20:24:44.811260,shipped,68020,NE,Mastercard
3bd0e105-1258-4898-983a-5bf3a10bc150,Madison Preston,83480300,10,9,90,2024-03-21 07:57:56.327978,shipped,68091,NE,Mastercard
80b84bf0-37c1-4099-b1ee-2daaed9721a8,Morgan Montoya,90782480,27,5,135,2024-09-03 18:57:08.113016,shipped,68089,NE,VISA 13 digit
ac691f55-2650-4caa-852d-98481d2658b9,Kyle Coleman,42990703,4,3,12,2024-07-17 10:35:13.016722,pending,68017,NE,VISA 13 digit
fffeff6f-e550-497d-a9a4-401e9299b67f,Kenneth Friedman,56557497,70,2,140,2024-07-20 06:26:24.521933,pending,68060,NE,VISA 16 digit
e6eec289-2601-47af-a8d0-07b74405df8d,Lisa Willis,05818778,61,4,244,2024-07-13 14:39:36.096083,pending,68057,NE,Discover
0d5a90b8-ebb3-449a-9423-c00f6fac3cca,Makayla Smith,20211868,36,4,144,2024-08-11 14:36:27.002915,pending,68032,NE,Diners Club / Carte Blanche
7ec55568-05b7-4a8b-8368-7d6dc00dcc1c,Matthew Lopez,56149531,70,1,70,2024-06-20 19:50:00.259784,delivered,68047,NE,VISA 16 digit
d4759d47-98b4-43b0-af47-f7540dea98b3,Ronald Hill,05966127,30,3,90,2024-06-23 23:12:58.811764,delivered,68002,NE,JCB 15 digit
1baf3049-fd87-43e5-acfc-623884101661,Megan Cobb,19018935,60,7,420,2024-07-15 12:00:41.756152,shipped,68053,NE,VISA 16 digit
e5ffde49-2f93-4803-9b44-7cfc62af280c,George Harris,67213733,37,8,296,2024-05-24 15:05:59.788262,pending,68006,NE,Mastercard
c4de730d-d3aa-49bf-b719-daa5e40603cc,Eric Perez,61617346,13,1,13,2024-01-05 10:24:12.307389,pending,68011,NE,JCB 15 digit
6901cf93-5a4c-4d20-a7b6-1427e1532add,Kathleen Charles,71411989,2,9,18,2024-07-31 01:43:49.089699,delivered,68001,NE,JCB 16 digit
c75417c7-686b-4682-a763-3ebf336224b5,Robert Olson,30211889,59,4,236,2024-04-11 13:27:40.080213,pending,68036,NE,JCB 16 digit
b76ce43d-09b7-4c85-8d13-7aaa7a9f8948,Michele Pruitt,60286819,67,8,536,2024-07-03 18:34:51.418189,shipped,68023,NE,VISA 16 digit
af2a54d5-247f-459e-9447-7c3b3676f392,Jasmine Edwards,00133319,53,4,212,2024-04-21 22:36:49.654600,delivered,68089,NE,Maestro
cfd54d27-f3a7-478c-942d-01230d7b070a,Timothy Cook,32628913,49,1,49,2024-03-09 06:22:01.084557,pending,68020,NE,Mastercard
91c6561b-5a79-447a-8c74-179e569327f3,Jasmine Edwards,00323802,55,10,550,2024-08-26 21:55:55.006201,shipped,68089,NE,Maestro
4478f710-5eb0-4970-9c09-8177aca3b71f,Jeffrey Herrera,96841693,98,1,98,2024-05-16 05:14:06.341624,delivered,68115,NE,VISA 13 digit
81ba9e74-595b-4d23-aa20-051161d21533,Dennis Trevino,69863455,7,4,28,2024-05-03 09:04:14.547340,pending,68036,NE,JCB 16 digit
06fd9d3e-21de-42c6-8df0-91a62c5ba7f8,Rebecca Mcdonald,89244463,51,10,510,2024-03-17 23:55:32.560551,pending,68042,NE,Diners Club / Carte Blanche
1f4a887f-1513-4d33-9528-fbdf248525c8,Andrea Watkins,05583669,76,8,608,2024-06-04 02:38:23.187890,shipped,68033,NE,VISA 16 digit
78294edf-b995-4146-8a1f-c0ce8de6746b,Robert Cruz,40839967,14,8,112,2024-03-05 06:14:38.182988,shipped,68066,NE,VISA 13 digit
ef8889da-5c13-4430-b7d1-cf01bb8853c7,Julia Nunez,29609239,59,4,236,2024-01-23 22:35:26.481565,pending,68097,NE,JCB 15 digit
951956bb-33c2-4e56-9a16-79c532dc89d3,Taylor Duncan,66541691,27,3,81,2024-05-17 19:57:25.942770,shipped,68117,NE,American Express
ca2eeb90-338e-49af-bb3e-ac654c97de04,Marcus Boyd,64573724,20,4,80,2024-05-05 04:47:56.744424,delivered,68067,NE,VISA 13 digit
01a9a403-38f0-463b-8e97-be7fd7eb1e4c,Michele Pruitt,24120920,87,3,261,2024-01-18 18:51:43.930698,shipped,68023,NE,VISA 16 digit
b9b0dca2-9265-4663-b4c3-c73c1ff09841,Tina Silva,87243000,9,8,72,2024-04-01 12:48:57.796929,pending,68082,NE,VISA 16 digit
94ced72d-814f-471c-952e-467849edbdd4,Rachel Newton,87775990,54,8,432,2024-02-15 02:14:13.550135,shipped,68117,NE,VISA 16 digit
418184c0-62d3-47f2-8e5b-44b1b609ef27,Whitney Preston,73820048,88,9,792,2024-04-26 00:59:19.260126,pending,68093,NE,American Express
55eaf7e4-c5d2-4131-8726-a43b9043ee00,Martin Abbott,51312442,11,10,110,2024-06-23 17:29:36.686790,pending,68062,NE,JCB 15 digit
151cdde6-ad6c-4991-bb30-f56523e9f0c8,Stephen Mcclure,72944042,94,1,94,2024-08-27 23:50:36.389579,delivered,68110,NE,Diners Club / Carte Blanche
cd7f8921-b756-4428-a88c-2587c1011035,Teresa Porter,45134432,99,10,990,2024-05-23 06:08:58.200850,pending,68038,NE,Diners Club / Carte Blanche
2a15a2a8-fba8-4d31-9582-a3feb7833c89,Angelica Valenzuela,46300195,41,4,164,2024-02-25 11:22:23.187212,shipped,68003,NE,JCB 16 digit
d700be65-9787-4c59-95e9-785f2b854757,Natalie Boyd,74350261,25,5,125,2024-06-14 19:29:28.794688,pending,68086,NE,Maestro
80e3cac1-f619-4ed6-a829-1edc431b9278,Ronald Hill,22681478,39,3,117,2024-03-17 14:16:01.395048,pending,68002,NE,JCB 15 digit
46b68b07-191a-4c61-b8e5-9f9be846eb2a,Makayla Smith,17139823,40,5,200,2024-07-01 06:29:37.370481,delivered,68032,NE,Diners Club / Carte Blanche
08cefa3b-e0dc-4b40-a480-c2be2f2e5a1f,Keith Fox,94730791,92,10,920,2024-03-10 00:25:08.224902,delivered,68041,NE,Maestro
1f1073d7-4570-4f78-a053-f53433445878,Andrew Hall,66920434,97,1,97,2024-08-09 12:48:06.582587,shipped,68014,NE,Maestro
54f973d6-c3bb-4f16-9a84-88c54ce3b2c5,Cristina Padilla,15468727,65,9,585,2024-04-01 22:48:49.748213,pending,68043,NE,Discover
4b58f33c-71e4-4dd3-b09d-89fa445f65ef,Joseph Rodriguez,69421945,80,9,720,2024-05-22 11:19:06.030505,delivered,68031,NE,JCB 15 digit
a7b4883a-b10c-4c09-94f2-1fc2fccc0a1f,Julie Griffin,67213733,37,6,222,2024-05-14 10:52:51.207585,delivered,68020,NE,VISA 13 digit
fe126884-c1bc-4671-8bd3-363e2ff602b7,Daniel Lin,27580707,43,5,215,2024-06-29 11:52:24.068788,pending,68063,NE,VISA 19 digit
6533a449-5269-4308-a3cb-66924cedf81e,Amanda Sims,19644202,34,5,170,2024-08-26 12:42:24.534976,pending,68043,NE,VISA 13 digit
b7de1e9b-24a5-4d51-ace1-36d687129135,Andrea Watkins,32565164,13,7,91,2024-02-17 00:59:46.832137,shipped,68033,NE,VISA 16 digit
34f2d688-b4dc-4d77-b2f7-55b1434db2a4,Karen Jackson,80526988,11,8,88,2024-05-30 23:26:31.671646,delivered,68002,NE,JCB 16 digit
8c9b837c-d95a-4211-a15c-2b5fede449d4,Julia Nunez,08928290,89,9,801,2024-06-13 05:44:26.603537,pending,68097,NE,JCB 15 digit
9d56d60a-2c28-4738-8bd4-4fc7ec37bebc,Teresa Porter,09608115,65,3,195,2024-05-09 14:59:46.324584,pending,68038,NE,Diners Club / Carte Blanche
9d266f14-ea3c-438d-bd6b-a56c0c621458,Christopher Jackson,51312442,11,6,66,2024-08-08 05:21:24.740523,shipped,68109,NE,VISA 16 digit
6221ef38-84fb-4947-b483-feb87a07087a,Maria Gibson,02492339,75,3,225,2024-08-29 02:56:39.180201,shipped,68062,NE,JCB 15 digit
aef47349-147b-445b-a739-65e89ac993e2,Courtney Yates,87363050,21,9,189,2024-02-10 13:04:46.785866,pending,68003,NE,JCB 16 digit
1bef3870-e047-4157-bef2-5dc4295faf1f,Barbara Salazar,95126470,77,1,77,2024-08-25 10:51:34.381330,shipped,68031,NE,Diners Club / Carte Blanche
055a22ce-f7b4-4900-94d0-734a58cb1d9e,Robert Cruz,54001336,18,2,36,2024-06-06 16:28:34.720976,shipped,68066,NE,VISA 13 digit
11463754-7006-40da-a24d-fe9d055b0b25,Judy Vega,91348210,35,10,350,2024-03-10 06:02:04.478971,pending,68105,NE,Maestro
fbf48fa8-16bb-4e28-9609-e102062898e9,Rachel Newton,19197111,9,5,45,2024-03-29 01:45:37.459743,delivered,68117,NE,VISA 16 digit
8d0a4fe8-b0a4-48de-b966-b745ddcca35a,Natasha Conrad,14856815,48,3,144,2024-05-22 04:56:27.276536,pending,68074,NE,VISA 19 digit
d1ef6bd9-1023-4968-a93e-a95ec97d998e,Amy Rodgers,68333256,85,8,680,2024-07-31 23:27:58.917716,delivered,68055,NE,JCB 16 digit
d52fba18-3572-4755-bbf1-17de2453512d,George Harris,85678569,58,4,232,2024-05-09 12:13:03.049923,shipped,68006,NE,Mastercard
c6fb2fb5-434e-4ffb-b8f6-0001c4eece1d,Heidi Gonzales,12105137,16,2,32,2024-01-09 23:53:09.850616,delivered,68040,NE,JCB 16 digit
d848035e-4007-49b6-8c94-5c25005fb228,Elizabeth Jackson DDS,46623232,21,8,168,2024-02-19 18:38:17.437982,shipped,68080,NE,VISA 19 digit
3bf0eb74-7176-4a95-b612-043abe2fd876,Kyle Coleman,46131904,40,3,120,2024-03-26 19:13:10.550502,pending,68017,NE,VISA 13 digit
f5a7a6ed-9ff3-4236-9ccd-985ada95219f,Rebecca Mcdonald,03690390,46,9,414,2024-08-29 06:32:59.986356,delivered,68042,NE,Diners Club / Carte Blanche
f188e67a-4658-4e07-b27d-3f6c33ed30a0,Charles Joyce,31534475,86,6,516,2024-06-10 17:54:08.885460,pending,68093,NE,Mastercard
00472ad1-1b5e-45c6-96d4-3b1656534892,Karen Jackson,51020477,55,5,275,2024-01-18 21:09:38.448047,shipped,68002,NE,JCB 16 digit
43154958-3685-4e09-936d-a7f2a88ad6ed,Robert Crawford PhD,37079307,81,10,810,2024-04-03 04:06:18.088662,delivered,68024,NE,VISA 13 digit
e7a2cd8d-598e-451b-be26-b9537144b8cd,Stacey Bennett DDS,32565164,13,9,117,2024-04-09 05:15:03.042387,delivered,68015,NE,JCB 16 digit
bba41e8c-a0cd-4551-844b-ce99c097ef04,Stephen Mcclure,31421065,43,4,172,2024-04-18 01:03:13.000628,pending,68110,NE,Diners Club / Carte Blanche
7ee67bbe-4792-4327-808a-eef5fd814b76,Steven Martinez,12598595,7,2,14,2024-05-09 06:38:56.725925,shipped,68027,NE,VISA 19 digit
4cc3a1d7-211a-433a-931c-0d882f2c8a94,Joshua Woodward,56557497,70,8,560,2024-09-01 02:47:13.735277,pending,68060,NE,JCB 15 digit
c9469873-0f5c-40ad-a28d-e3ca6ae213b1,Melissa Hogan,46201379,54,8,432,2024-07-09 14:29:32.498058,pending,68039,NE,VISA 13 digit
ca7618d6-f1a6-4ff0-b20b-964308322fe1,Leslie Moore,38077852,51,5,255,2024-02-19 04:16:28.830666,pending,68100,NE,Diners Club / Carte Blanche
8fdf7d44-9308-4a38-8f98-63bfce1406d0,Joseph Rodriguez,71413358,58,10,580,2024-01-30 09:41:19.533401,pending,68031,NE,JCB 15 digit
d5cc2f8e-780e-4833-bbc2-76c2ca920fe7,Natasha Conrad,02381695,43,5,215,2024-05-29 20:47:39.347618,pending,68074,NE,VISA 19 digit
bdd7a742-5b6f-4539-a561-48bc01b9ff06,Erica Cunningham,50343577,88,10,880,2024-03-28 17:52:00.923204,pending,68029,NE,JCB 16 digit
84ed9974-7ea6-4c06-b88a-99ebc6036905,Robert Cruz,06599447,66,10,660,2024-07-02 07:48:18.702062,delivered,68066,NE,VISA 13 digit
b75b7b12-1e4e-4bef-995d-a0afa7b88f7b,Alan Ware,40576183,50,5,250,2024-07-02 02:12:51.863387,delivered,68053,NE,VISA 19 digit
e7b9d3a3-9cb6-4686-ba42-d799b16afcfd,Barbara Salazar,29609239,59,10,590,2024-08-04 02:12:40.127555,pending,68031,NE,Diners Club / Carte Blanche
b73526d5-6115-4007-997c-75f1669b8824,Tammy Murphy,41094822,57,4,228,2024-06-12 00:47:17.714854,delivered,68069,NE,VISA 13 digit
9d31c877-1601-44a0-85b8-e57e037a9c47,Dennis Trevino,16382374,2,5,10,2024-01-01 08:23:20.625198,delivered,68036,NE,JCB 16 digit
61311456-caa5-4035-9d85-d9305a008a49,Timothy Cook,62413763,42,3,126,2024-01-07 07:29:53.810976,delivered,68020,NE,Mastercard
0536b2aa-25c5-487f-9459-5c4210e13757,Brandon Perkins,95549491,90,5,450,2024-04-12 10:48:59.185923,shipped,68079,NE,JCB 16 digit
b8881785-692c-46d7-9bf6-d3fb7c3b057d,Courtney Yates,96620571,19,4,76,2024-05-08 22:48:15.841758,shipped,68003,NE,JCB 16 digit
d5554339-30e6-45e9-825d-61bbb12722ba,Melissa Hogan,25421965,84,8,672,2024-08-28 08:45:18.400566,shipped,68039,NE,VISA 13 digit
75d63f1c-fdb8-4745-ab6e-4cbb929850d0,Colin Rodriguez,26177786,4,10,40,2024-05-23 13:41:40.430258,delivered,68081,NE,Diners Club / Carte Blanche
56fafa62-8f83-4ae5-9e89-0afe4c379beb,William Williams,68333256,85,4,340,2024-03-17 10:25:32.753102,shipped,68026,NE,Discover
a6ca9c05-a475-42f8-89dc-e2c27ca70c6a,Angelica Valenzuela,38045592,35,3,105,2024-06-09 19:30:35.661002,pending,68003,NE,JCB 16 digit
d2199e22-2df0-4ac3-b76a-1619334db597,Tiffany Cole,41509401,75,8,600,2024-05-18 13:13:19.514386,delivered,68012,NE,Maestro
cd78d83b-d65e-4ae5-a273-7d850b00a2d3,Whitney Preston,99332211,93,8,744,2024-01-12 21:00:30.869012,shipped,68093,NE,American Express
5f2c213e-0d52-423c-b2ca-6f36c88df4a2,Julie Griffin,27385432,91,1,91,2024-02-22 10:11:13.459058,pending,68020,NE,VISA 13 digit
e46bdb67-9d49-4103-be0c-68aa882d2119,Christopher Jackson,03648445,23,3,69,2024-04-18 15:07:54.318062,shipped,68109,NE,VISA 16 digit
6ec1630a-32f6-469d-b99c-9af9b396d30f,Michael Murphy,60784728,4,5,20,2024-05-06 18:19:20.275387,pending,68052,NE,Discover
32c59261-290d-48c5-852b-21082dfc109b,David Kelly,40155463,95,9,855,2024-04-09 16:19:40.612370,pending,68075,NE,VISA 19 digit
6a9fd64a-06d2-4053-b51a-7c1d5c8844ad,Daniel Lin,52098833,61,8,488,2024-02-18 00:43:30.321499,delivered,68063,NE,VISA 19 digit
db3a79a5-9fbb-45b0-a813-5d4bf3504d80,Morgan Montoya,05513697,34,7,238,2024-09-01 00:19:25.462382,delivered,68089,NE,VISA 13 digit
373b9f4d-72bc-4863-b2f4-4b374c36356c,Marcus Boyd,57383071,12,8,96,2024-04-24 02:03:08.689029,pending,68067,NE,VISA 13 digit
8ce58d5f-f645-4a6e-bc63-f5dc47aec4e4,Teresa Porter,23086234,17,9,153,2024-06-01 19:26:30.141010,delivered,68038,NE,Diners Club / Carte Blanche
41b79df7-4cfc-48f6-94b1-5e76d6831028,Michele Pruitt,30047976,44,1,44,2024-01-04 17:33:59.854825,delivered,68023,NE,VISA 16 digit
cf1737da-360c-46e0-a01e-880adf352771,Andrea Watkins,39867230,12,8,96,2024-08-30 05:11:42.883738,delivered,68033,NE,VISA 16 digit
5e667ce1-1a3f-4148-8391-449e38ba9931,Natasha Conrad,01383133,23,4,92,2024-01-03 05:07:34.313154,delivered,68074,NE,VISA 19 digit
67cc4122-22a6-4fca-aaee-5130b5deabf5,Heather Martinez MD,08841247,82,8,656,2024-08-16 11:30:48.318592,shipped,68035,NE,VISA 13 digit
04c40f70-7064-4f12-b16d-60b28f592721,Kenneth Friedman,76571466,16,3,48,2024-08-27 10:34:13.467186,shipped,68060,NE,VISA 16 digit
fec6f4cd-28de-4c3e-80d5-cd9d55a995ab,Christopher Jackson,49316414,25,1,25,2024-03-09 21:24:35.335717,delivered,68109,NE,VISA 16 digit
0f11410d-6fad-4539-9e0a-fbe68d1429f4,Erica Cunningham,92499980,45,6,270,2024-05-08 06:51:51.200730,delivered,68029,NE,JCB 16 digit
1e00a93a-3956-49eb-9c2a-ef9e2fdda952,Colin Rodriguez,43428038,79,6,474,2024-03-31 14:21:51.739740,pending,68081,NE,Diners Club / Carte Blanche
dd2e857a-eb1c-4260-a979-7013d769bb51,Karen Jackson,95211046,96,1,96,2024-07-16 07:27:39.241653,pending,68002,NE,JCB 16 digit
ad4d1f58-562b-4b39-ae02-b01a579f639f,Brittany Martin,36431311,52,9,468,2024-06-29 11:21:30.567701,delivered,68024,NE,Mastercard
cba50be0-b67c-402f-892f-77e9ccb40d83,Lisa Douglas,85153660,91,7,637,2024-08-29 06:07:53.461021,delivered,68080,NE,VISA 16 digit
ba7bd675-77fb-4f48-81bb-ebcbdc55d57e,Tammy Murphy,13179731,93,7,651,2024-03-22 11:22:27.110624,shipped,68069,NE,VISA 13 digit
4e17082d-0b47-4c65-82ad-12c25f64b0ac,Courtney Yates,64817033,45,2,90,2024-06-24 20:52:14.300003,pending,68003,NE,JCB 16 digit
b608f696-adf7-4914-8edf-72e6725b3646,Courtney Yates,77875242,85,1,85,2024-02-03 01:01:09.542493,pending,68003,NE,JCB 16 digit
eb6c57b5-7e95-4426-8654-1e7d3647b86d,Maria Gibson,01633719,41,9,369,2024-08-10 17:48:05.139808,delivered,68062,NE,JCB 15 digit
5ea61d59-8f07-4aec-bfd3-f905ed3e8dda,Elizabeth Jackson DDS,42600404,13,3,39,2024-03-09 16:09:11.826087,delivered,68080,NE,VISA 19 digit
30ea84a2-d307-414e-a4f8-1318cbd0d54a,Natasha Conrad,22406538,44,8,352,2024-01-23 20:08:56.527698,pending,68074,NE,VISA 19 digit
b6beb31b-02e3-47fe-9c6c-ae0e201be162,Tanner Holt,68248239,62,1,62,2024-05-06 05:47:17.061520,shipped,68082,NE,JCB 16 digit
9695ddc8-21e6-4a22-9ce9-af9226cb28d5,Makayla Smith,37016272,14,1,14,2024-05-05 11:38:28.875972,delivered,68032,NE,Diners Club / Carte Blanche
0e937143-445f-4e13-a3d4-bec5746d114a,Rebecca Mcdonald,19398990,22,5,110,2024-07-20 11:34:22.759089,delivered,68042,NE,Diners Club / Carte Blanche
fa68864c-4a04-4b90-9a5d-7ca38f7cecc7,Natalie Boyd,85353657,33,2,66,2024-05-30 06:04:21.636658,pending,68086,NE,Maestro
90b54e28-4544-4344-9b42-f8076f2abe23,Dennis Trevino,42619710,43,8,344,2024-02-16 08:01:14.732112,delivered,68036,NE,JCB 16 digit
476252e4-ea94-4338-b02b-fff0458e26b8,Daniel Lin,46131904,40,1,40,2024-03-16 06:06:15.971849,shipped,68063,NE,VISA 19 digit
f47b08e9-0a3a-4ccb-ac37-cb3cebce6931,Martin Abbott,90056994,39,10,390,2024-05-10 03:10:23.996466,shipped,68062,NE,JCB 15 digit
5ed675d5-2399-4712-98e8-8d267ffaa01f,Megan Cobb,42322214,27,5,135,2024-03-14 14:33:18.982269,delivered,68053,NE,VISA 16 digit
72d64f43-7dca-4e7a-a93b-f31cdd7d04a4,Karen Jackson,51098711,77,6,462,2024-08-16 04:51:26.401423,shipped,68002,NE,JCB 16 digit
ef69d5c0-5aa7-4557-af16-f286d7ea97f2,Karen Jackson,29743599,50,9,450,2024-07-25 16:45:20.530136,delivered,68002,NE,JCB 16 digit
c0223056-65b2-420d-bab8-3bf68dac7bc9,Brandon Perkins,53089717,82,7,574,2024-03-23 07:41:13.226311,shipped,68079,NE,JCB 16 digit
7e6c63de-280f-4a50-b16e-86606ef12d0f,Natalie Boyd,12321377,32,5,160,2024-04-18 05:33:54.828075,delivered,68086,NE,Maestro
e7d61d10-41a4-4850-ba02-d4ec8fc06841,Robert Crawford PhD,35907411,30,7,210,2024-02-02 11:30:58.962516,pending,68024,NE,VISA 13 digit
a1b60c79-1de0-46fb-bdca-e1267ff74850,Brittany Martin,73839620,49,7,343,2024-02-26 23:52:34.454983,delivered,68024,NE,Mastercard
60dd5cf4-2be4-453a-b98c-fe878dac5164,Andrea Watkins,42322214,27,2,54,2024-02-14 23:44:36.265533,pending,68033,NE,VISA 16 digit
22351f77-93c0-41d1-84d2-1b6f51f4cd46,Debra Stevens,06184490,28,1,28,2024-06-21 23:20:17.502033,pending,68039,NE,Mastercard
ea3193a7-1282-4d9e-bace-38992034c9de,Daniel Lin,71581866,26,4,104,2024-01-01 11:07:00.332022,shipped,68063,NE,VISA 19 digit
8d38af6f-0216-49a5-96c8-e24c20c4f370,Joseph Rodriguez,85153592,23,5,115,2024-04-14 11:36:00.094636,shipped,68031,NE,JCB 15 digit
d9f60f87-214d-4532-97b2-28a1e017009b,Amanda Sims,73969778,30,6,180,2024-09-04 21:24:26.101247,shipped,68043,NE,VISA 13 digit
484bf3a0-f8a0-4a9e-a2ca-0b2c17ce2e18,Karen Jackson,46300195,41,10,410,2024-02-15 20:04:58.215786,pending,68002,NE,JCB 16 digit
33ffe917-d91c-4b38-b5ea-cd572e13f936,Robert Olson,23713581,24,5,120,2024-08-13 11:42:02.559164,delivered,68036,NE,JCB 16 digit
639af3ce-1c32-4920-b598-47f0b402c4cc,Christopher Scott,68433376,19,7,133,2024-08-21 05:03:26.711687,pending,68033,NE,Mastercard
6a7514e4-2782-4a0f-bf6e-365ec88f6654,Edward Little MD,62276696,54,10,540,2024-07-17 16:17:41.201248,shipped,68072,NE,American Express
51884b94-3bbb-4194-bb20-1c9769bf2266,Antonio Mueller,57383071,12,3,36,2024-01-01 14:32:27.053214,delivered,68091,NE,Diners Club / Carte Blanche
a81b45cd-3cba-4278-900a-108d62034e67,Brian Todd,23960619,100,3,300,2024-09-06 00:39:02.216694,delivered,68047,NE,VISA 19 digit
e4b3802f-9ddf-4d68-92ca-182776e2bef0,Dylan King,13159122,73,3,219,2024-07-03 04:33:08.088094,delivered,68016,NE,Maestro
4cb6e910-dfc1-4e74-aa4c-971218f251b5,Lisa Burgess,04577096,37,4,148,2024-01-02 19:09:09.850023,pending,68034,NE,VISA 19 digit
3d459762-79e5-4d2d-b1ec-92ebacd89d1e,Morgan Montoya,61789067,5,9,45,2024-04-12 03:00:42.884939,pending,68089,NE,VISA 13 digit
05f80209-4004-44ba-825f-08c28e3b4758,Dylan King,86900478,9,8,72,2024-01-30 11:02:12.870532,delivered,68016,NE,Maestro
0b598190-f0d6-45fc-89f9-8666143d052c,Tanner Holt,52805509,57,3,171,2024-05-30 17:56:51.983099,shipped,68082,NE,JCB 16 digit
a3fe6bbb-2183-45c6-9035-7d93696c9a22,Robert Crawford PhD,94147346,83,10,830,2024-03-04 10:17:04.290104,delivered,68024,NE,VISA 13 digit
db68391b-02f5-4af2-806c-ecf0146b1d16,Leslie Moore,17663366,58,8,464,2024-03-22 21:14:13.139203,pending,68100,NE,Diners Club / Carte Blanche
f8da23e4-1a6b-4c15-b9db-696d7ceabe81,John Jensen,42508571,41,7,287,2024-02-03 11:54:01.119448,pending,68088,NE,American Express
60b25160-7e2e-4e49-acf5-070d5ffcd8e1,Robert Olson,07302893,6,2,12,2024-01-04 01:57:34.986791,delivered,68036,NE,JCB 16 digit
4bc958d5-bf60-4835-95f2-bbf46921bb6a,Calvin Golden,81186051,29,6,174,2024-07-04 13:34:12.580019,delivered,68023,NE,VISA 19 digit
657603d9-7695-46c8-9b48-53364b67905a,Donald Oconnor,62635417,6,7,42,2024-06-30 13:22:20.071585,shipped,68072,NE,VISA 19 digit
3084278c-4039-43d8-a696-340ed82e80f8,Matthew Lopez,54019225,67,6,402,2024-01-10 20:14:55.679282,shipped,68047,NE,VISA 16 digit
c5dfa345-53b4-41f7-ba42-be771a735319,Rebecca Mcdonald,64795881,47,9,423,2024-04-04 21:30:29.276722,delivered,68042,NE,Diners Club / Carte Blanche
e33a0e6a-b6b9-4e69-845a-a8d4b263a275,Edward Little MD,20938611,81,9,729,2024-09-02 15:48:47.040773,delivered,68072,NE,American Express
8d70fa3a-b950-4fda-b646-4cc31847172c,Raymond Joyce,85678569,58,6,348,2024-03-06 09:54:44.846309,delivered,68085,NE,JCB 15 digit
354f63bd-ea7a-4cd3-8640-db67fd4830d3,Maria Gibson,21897122,20,6,120,2024-02-12 08:40:34.863869,pending,68062,NE,JCB 15 digit
ff5205ec-def8-4fe3-98f7-3c3489ebd327,Elizabeth Jackson DDS,24670074,16,7,112,2024-06-26 17:11:18.944402,pending,68080,NE,VISA 19 digit
4f576fb5-52d3-420a-874e-c35b018e50f7,Marcus Boyd,43808311,35,3,105,2024-08-06 15:12:17.141916,delivered,68067,NE,VISA 13 digit
aca5a51e-161f-4144-9a86-64810aa50359,Makayla Smith,72494578,19,1,19,2024-06-02 09:38:10.636267,pending,68032,NE,Diners Club / Carte Blanche
44f500cf-3c09-431e-a7f4-5d9bf5f72650,Natalie Levine,94231854,20,6,120,2024-05-01 08:44:24.554330,delivered,68115,NE,VISA 16 digit
caf09567-5d65-4066-87d7-c6bd308d9320,Timothy Cook,57642840,15,5,75,2024-02-22 11:49:48.480280,delivered,68020,NE,Mastercard
5ad6a138-221e-4f1f-b643-b4d3f601b36b,Michael Serrano,71413358,58,10,580,2024-05-28 06:37:01.018390,shipped,68063,NE,Maestro
abf7e08f-eaac-4da3-8dff-aa24245d8ae9,Karen Jackson,15909879,28,2,56,2024-02-19 08:43:25.927526,delivered,68002,NE,JCB 16 digit
97c31431-dacd-487f-a72b-37dfe7bf45be,Jose Villarreal,14564741,95,6,570,2024-05-22 13:30:17.985917,pending,68095,NE,JCB 15 digit
a00c8b07-fae1-404f-b5c2-4b4e6f50f1a9,Rachel Newton,07541407,5,2,10,2024-04-22 15:10:54.298852,delivered,68117,NE,VISA 16 digit
129d280d-08ae-44e1-a367-c2f356bc09b9,Antonio Mueller,75438852,11,3,33,2024-07-03 17:55:27.263764,shipped,68091,NE,Diners Club / Carte Blanche
8ac9538f-1c1e-4874-a3e5-3b6558876ccb,Erica Cunningham,18289022,89,1,89,2024-07-14 03:56:53.706335,delivered,68029,NE,JCB 16 digit
818d0129-3dfa-4ea6-8d91-5fd2b269669a,Samantha Phillips,19682693,70,8,560,2024-08-10 22:46:09.155732,shipped,68109,NE,Maestro
fa013875-300e-42f5-80fc-f2c9c48f73a9,Charles Joyce,47842397,52,8,416,2024-03-01 18:24:10.515777,delivered,68093,NE,Mastercard
568bdbf1-3cfa-4a17-bb3a-6be5a2010c07,Whitney Preston,72176108,17,8,136,2024-02-16 17:31:42.017454,pending,68093,NE,American Express
06c73307-e7a5-4052-8f6b-15c600ac69d2,Melissa Cook,62413763,42,1,42,2024-05-28 03:27:01.752300,delivered,68084,NE,JCB 15 digit
72dc9466-8444-4c09-8f8b-339848c1d4da,Steven Anderson,84250360,88,9,792,2024-02-18 06:40:08.817482,delivered,68117,NE,JCB 15 digit
442733f0-c6bc-48e4-a5da-d0a58e2e7c45,Meghan Davis,60489968,25,3,75,2024-03-15 18:10:49.412863,pending,68068,NE,VISA 16 digit
6694a21a-89d4-4a47-a5fa-5bac49ecdf1f,Natasha Conrad,01448955,31,4,124,2024-07-11 12:48:40.225468,pending,68074,NE,VISA 19 digit
859f4663-964e-4b72-b9b3-4558cd4599aa,Peter Davis,35124047,77,7,539,2024-08-11 10:45:25.627954,delivered,68074,NE,Diners Club / Carte Blanche
0a5f174d-d8b7-44e4-8c01-c6d007dd0cad,Edward Rice,31194587,21,4,84,2024-09-01 03:42:24.474853,delivered,68113,NE,JCB 16 digit
91e1b002-7c54-4722-82d8-f475b4dd1a66,Natalie Boyd,71580661,65,5,325,2024-02-18 05:15:24.378443,shipped,68086,NE,Maestro
f20f4d66-2c5b-4f61-ab62-6b222b61f783,Lori Johnson,18550597,91,5,455,2024-06-30 15:30:39.766684,pending,68018,NE,VISA 16 digit
6873ddb3-085c-45b2-ae2a-67685335b413,Stacey Bennett DDS,84507785,40,4,160,2024-08-17 23:08:32.876624,delivered,68015,NE,JCB 16 digit
adf653f3-6bbb-4217-901e-0239ed41a1c4,Tanner Holt,44048341,77,4,308,2024-05-07 00:32:14.099671,delivered,68082,NE,JCB 16 digit
aef95857-fbc4-4394-a174-24ea33213fa5,William Williams,72944042,94,10,940,2024-03-13 20:02:18.055240,delivered,68026,NE,Discover
