70d01a3d-c7f6-4133-920d-99d3cb5a9e17,Michelle Barnes,54308336,24,2,48,2024-04-07 12:29:04.872426,shipped,96799,AS,Discover
81f6e2b3-ba08-4221-ac1e-31851b99f1b6,Andrew Obrien,99519056,78,1,78,2024-07-12 07:46:45.857938,shipped,96799,AS,JCB 15 digit
1e190d6d-1eb6-4534-846a-9751039670e5,Kathryn Baker,04787235,93,3,279,2024-01-25 15:55:23.434049,delivered,96799,AS,Diners Club / Carte Blanche
81e94a98-efc2-406c-9d8b-1a2ebd394d0c,Shawn Mcclure,41678800,46,5,230,2024-06-02 05:43:43.738447,shipped,96799,AS,Maestro
00d97c2d-b175-4e7c-8dd3-00c02e97f073,Cesar Turner,94637359,83,8,664,2024-05-15 18:05:33.818851,pending,96799,AS,Mastercard
634f6088-600c-44b2-b683-048c4b3f9ba1,Alexander Guerra,13894016,63,5,315,2024-01-23 02:46:58.741488,shipped,96799,AS,JCB 16 digit
2d0fa710-149d-4c0f-a405-b836761770e7,Karen Howard DVM,53941794,85,4,340,2024-06-08 03:54:34.368937,shipped,96799,AS,Maestro
0c96183b-b1c4-4ecb-b53f-a2e9fcf8bd60,Herbert King,37631833,94,6,564,2024-02-15 21:23:53.665210,pending,96799,AS,VISA 13 digit
48f0e5a4-ccfb-45cd-b37a-12b88b09656b,Sonya Collins,71855509,89,5,445,2024-06-06 16:53:37.455848,pending,96799,AS,VISA 13 digit
fe659485-3084-49fe-b282-50a7eee53490,Kelly Lowe,00380829,47,4,188,2024-05-23 11:00:55.016928,pending,96799,AS,American Express
ded2a4e0-3e0a-4d93-904c-24fa18c95574,Patricia Richardson,95549491,90,5,450,2024-04-07 04:28:03.647573,shipped,96799,AS,Mastercard
7b6c93af-11c6-406c-9358-5db11cc4b188,Corey Johnson,73132257,58,8,464,2024-08-24 23:55:03.899492,shipped,96799,AS,Maestro
9f696f03-37a6-4f0d-8cff-9c6b879c4d10,Richard Norris,22626073,81,7,567,2024-05-11 01:32:41.614128,shipped,96799,AS,VISA 19 digit
11abc7e2-aa9a-4ec0-8aa7-95216fdceb58,Jeffrey Ellis,64817033,45,9,405,2024-01-10 17:30:40.071583,pending,96799,AS,Maestro
4ff385a3-4cca-4c41-aac8-fb3898d7e7c2,Victoria Martinez,70849868,78,3,234,2024-08-12 08:37:31.180660,delivered,96799,AS,Mastercard
0f3819b0-e49d-4fd3-a9d7-53919f4dd224,Selena Calderon,38231483,41,2,82,2024-07-04 14:28:50.979208,delivered,96799,AS,Maestro
7f5b66f0-152c-49e7-852d-869d2a14cf2c,Samantha Mills,33594989,8,8,64,2024-08-18 04:17:17.551625,pending,96799,AS,JCB 15 digit
aed12dcd-535b-4865-b87e-02a68478ede2,Melissa Garza,30874664,47,3,141,2024-02-25 06:13:12.695175,pending,96799,AS,VISA 19 digit
2a27fe61-1ce4-4194-9d40-e28731ec6d82,Timothy Blackburn,24672085,59,1,59,2024-08-15 04:49:24.591095,delivered,96799,AS,Mastercard
7049fbcd-1a9e-4265-ac20-5b33d161ee82,Sean Griffin,64666624,92,7,644,2024-03-24 22:57:14.942283,shipped,96799,AS,VISA 16 digit
aa420044-6d65-4cec-86e2-76ac33752312,Daniel Hopkins,02738536,2,2,4,2024-02-28 15:51:08.401057,delivered,96799,AS,VISA 19 digit
a2f8199c-9e6d-46eb-8332-ccb0fe137609,Anita Peck,29743599,50,1,50,2024-02-27 05:44:26.988284,shipped,96799,AS,Discover
cc6a7c45-7e97-4180-92fd-db6c9d50eed0,Carl Williams,94147346,83,6,498,2024-01-20 08:29:53.824354,shipped,96799,AS,Discover
df45016b-3290-4084-a5a7-30be3894b031,Brenda Medina,39478894,61,4,244,2024-05-13 09:05:24.259024,pending,96799,AS,Diners Club / Carte Blanche
8f5a9fb0-b3e1-4548-a734-5063dd7f2d73,Jennifer Carr,33510491,9,1,9,2024-05-26 14:47:34.391926,delivered,96799,AS,VISA 16 digit
ef7ed03f-1889-4ffb-a298-cc96906d8412,Jacqueline Arellano,49317428,73,9,657,2024-06-02 17:36:25.647794,delivered,96799,AS,Mastercard
1dfdbd7e-d910-467d-ae80-20e1ac9a5079,Susan Brown,05241804,50,8,400,2024-03-23 00:35:41.574058,pending,96799,AS,JCB 16 digit
4cd43392-fd01-46a8-9476-38d8ee348107,Timothy Blackburn,63137255,57,2,114,2024-03-31 20:20:13.018450,shipped,96799,AS,Mastercard
4366eb1f-042f-4817-a886-22342575a83f,Kathleen Jackson,05966127,30,9,270,2024-04-27 11:25:11.030388,pending,96799,AS,VISA 13 digit
0af92c4b-d861-454c-99bd-5a48cfc2e401,Amy Carter,88291727,69,1,69,2024-08-16 13:53:52.868239,shipped,96799,AS,VISA 16 digit
b3982606-0150-4bba-9229-b6c8bc94917c,Brooke George,09086586,50,7,350,2024-07-18 10:55:15.973983,pending,96799,AS,Mastercard
90e8cbda-f8ec-44e3-a2a6-6799fe487569,Jessica Harrington,22571120,55,8,440,2024-06-19 08:31:35.565172,delivered,96799,AS,Mastercard
4c5bfa17-9da1-4dba-9871-028c34608fee,Laura Martinez,45247545,66,5,330,2024-08-12 23:05:27.638273,pending,96799,AS,Maestro
386586c6-1e0f-401a-aeb2-11dc54417464,Shawn Mcclure,57877402,87,5,435,2024-06-06 10:43:27.931375,delivered,96799,AS,Maestro
e2926791-1eb6-4f3f-9548-9b46f552b6cc,Matthew Gonzales,15896049,65,6,390,2024-08-14 12:41:28.073489,shipped,96799,AS,Maestro
986ac7ae-d33c-4d29-86b3-d98fadecceca,Mary Smith,51103132,33,1,33,2024-07-08 08:42:49.506896,shipped,96799,AS,Discover
9e2a05fe-8222-4db2-9376-ad7519ad5a55,Karen Howard DVM,23433403,30,10,300,2024-03-13 00:11:52.167676,delivered,96799,AS,Maestro
9d55fe05-3fa2-4339-8304-0efdf4de2d24,Rhonda Graham,11571834,9,9,81,2024-06-26 17:58:00.313612,pending,96799,AS,VISA 16 digit
540b9db1-ac81-494e-aa0f-f9d78886c7d5,Dr. Marisa Cooper,09362741,25,4,100,2024-08-26 15:36:43.169101,pending,96799,AS,Diners Club / Carte Blanche
e08cbe17-df07-439b-91cc-7a71e5368889,Lauren Garcia,59880158,64,1,64,2024-02-23 20:06:44.689247,shipped,96799,AS,JCB 16 digit
5bcffdad-537b-49c9-a00d-4f19b88f474e,Susan Brown,46599193,49,3,147,2024-08-21 11:37:53.774881,shipped,96799,AS,JCB 16 digit
6c8cf6c2-3335-441c-b6d0-f3e5e676829a,Erin Thompson,10367605,8,9,72,2024-07-23 05:59:17.988854,pending,96799,AS,Maestro
e2e3870f-b566-4c88-813c-d983611a144b,David Jackson,90782480,27,10,270,2024-02-06 14:28:14.635689,shipped,96799,AS,VISA 16 digit
62cf251c-cfbf-4941-8381-7dd8beed1921,Shannon Walters,61400313,89,1,89,2024-08-27 20:06:55.155919,pending,96799,AS,JCB 16 digit
26cbce88-f128-43a7-bd7b-f9bbc47ecb31,Matthew Gonzales,84992994,12,7,84,2024-05-15 22:57:24.384512,shipped,96799,AS,Maestro
d10a2ab0-8ff8-485b-9792-c61a5d08400e,Selena Calderon,84507785,40,7,280,2024-04-15 01:49:06.263613,shipped,96799,AS,Maestro
95fadd29-4e7a-459b-b38a-ef5d8bc87bae,Michelle Barnes,61435254,25,7,175,2024-02-08 18:48:48.201884,shipped,96799,AS,Discover
572378f2-2001-4985-b59d-8183a3f790a9,Sonya Collins,19463940,65,10,650,2024-05-25 17:35:13.549683,shipped,96799,AS,VISA 13 digit
69619eae-fda2-45cc-bebf-7e08a69d95e1,Fernando Wright,37028183,63,8,504,2024-08-04 01:56:28.123622,shipped,96799,AS,VISA 13 digit
657eff92-506f-4149-8807-acb9d06c8608,Stephen Meadows,36975310,29,2,58,2024-03-14 11:43:31.910840,shipped,96799,AS,Mastercard
d38d00a5-cf26-4734-9528-daca296d6cf8,Christian Garza,64168432,77,3,231,2024-01-15 03:02:39.297254,shipped,96799,AS,VISA 16 digit
b93f8ee4-9320-4d18-9ef0-0a59e9a87578,Melissa Garza,51103132,33,3,99,2024-04-30 07:40:05.128247,shipped,96799,AS,VISA 19 digit
62abd741-b048-4f3d-a5b3-254dc05dc61f,Carla Ford,41196380,27,3,81,2024-01-26 03:51:37.096664,pending,96799,AS,VISA 13 digit
decd402f-46ce-4666-850d-56e13960ff90,Benjamin Owens,06926359,51,3,153,2024-01-04 22:16:29.620106,pending,96799,AS,VISA 16 digit
7a3b857a-127f-4542-955e-e60bfbf9fbc1,Juan Sharp,57452043,14,8,112,2024-06-22 09:42:51.946860,pending,96799,AS,JCB 15 digit
425af1c7-b2fd-4b1a-88f3-645584801d3b,Jacqueline Arellano,42841654,90,7,630,2024-03-10 03:02:17.068440,pending,96799,AS,Mastercard
637c863a-61e4-49ed-acc8-d3bf6e50e1a6,Jason Ramirez,79968591,58,4,232,2024-01-06 06:36:47.804270,pending,96799,AS,VISA 16 digit
c708d251-12ba-4eff-a421-47d912092d4e,Sonya Collins,27293959,94,7,658,2024-06-27 15:58:00.116243,pending,96799,AS,VISA 13 digit
de407e65-b992-42a3-beaf-1a89904b81eb,Lauren Garcia,99315894,15,6,90,2024-02-26 06:15:11.293590,delivered,96799,AS,JCB 16 digit
55899fc5-4309-472e-8b9c-b5a7cf166cae,Victoria Martinez,58994344,7,10,70,2024-07-06 17:14:48.665709,delivered,96799,AS,Mastercard
971f766d-ea92-47a4-92fa-b02f87757615,Heather Rodriguez,51505653,9,5,45,2024-06-08 19:17:29.745662,delivered,96799,AS,Mastercard
b3393687-68c7-4bd1-9e88-5b4bff5e41a3,Joe Cohen,66642893,48,10,480,2024-03-27 23:45:18.596291,shipped,96799,AS,VISA 19 digit
f6e3d25b-df70-4112-9423-c5264f91ccb7,Jeffrey Ellis,85575318,82,4,328,2024-02-10 09:58:07.518298,pending,96799,AS,Maestro
9112201e-227c-4669-b6c7-48d66789b6d3,Cody Willis,78483156,54,10,540,2024-02-18 14:48:07.036958,delivered,96799,AS,JCB 15 digit
9651e84a-c6f5-4591-8050-538db06a2264,Marie Hester MD,97190424,81,4,324,2024-04-20 06:35:06.345665,delivered,96799,AS,Maestro
9c343be7-0e91-45a8-9de0-e88a6711974e,Jenna Stone,34542743,72,9,648,2024-02-22 16:22:00.748072,delivered,96799,AS,JCB 16 digit
3db63951-ff0f-47aa-b5be-b53f9b79aa81,Timothy Blackburn,46264275,94,4,376,2024-05-24 09:42:25.576318,shipped,96799,AS,Mastercard
bb3fcc46-b800-483e-b723-745ea8b5f8be,Jason Baker,94204964,76,5,380,2024-07-09 08:22:56.713905,shipped,96799,AS,JCB 16 digit
25766243-efc1-4dcb-ba9e-548dc08e61a1,Margaret Hernandez,42841654,90,9,810,2024-04-17 10:49:22.684705,shipped,96799,AS,JCB 16 digit
21e483f6-31a8-478b-ad72-93a43c353a81,Carla Ford,42322214,27,10,270,2024-07-27 05:27:58.335031,delivered,96799,AS,VISA 13 digit
e5b58021-b234-4bc9-bdfa-9be06550ed1d,Daniel Hopkins,69421945,80,6,480,2024-06-16 10:51:21.355850,pending,96799,AS,VISA 19 digit
00effbb1-d351-4aa6-b757-07fd67e3804d,Jeremy Oliver,87775990,54,5,270,2024-09-03 16:54:44.454072,delivered,96799,AS,VISA 19 digit
ba98fe4f-cccd-4950-bd13-dad2bc49ada7,Sonya Collins,78177321,20,2,40,2024-01-27 17:49:31.544164,pending,96799,AS,VISA 13 digit
4f1197ab-f89a-44ae-bed7-0dfdacf9d3f7,Cody Willis,79186070,79,6,474,2024-02-21 03:31:21.949707,delivered,96799,AS,JCB 15 digit
61781dfd-9581-4c3e-8966-ea93fca70ab5,Anita Peck,34656150,90,5,450,2024-07-01 08:50:41.091954,shipped,96799,AS,Discover
a5607125-3776-436c-ba0e-bf88b02bdbc5,Karen Houston,42322214,27,5,135,2024-02-12 07:27:36.917562,pending,96799,AS,American Express
451127e9-16c6-4b4d-a19d-6e1c0af0b63f,Katherine Cook,65931882,13,6,78,2024-01-12 07:44:04.703294,delivered,96799,AS,Discover
a0248ba3-4724-4488-b406-b635fa9fe9d6,Krystal Ryan,60623263,23,5,115,2024-08-31 20:26:34.752066,delivered,96799,AS,Mastercard
80273b03-4a79-457a-9765-daeca752c00a,Alexander Guerra,66920434,97,9,873,2024-01-20 23:15:49.816106,shipped,96799,AS,JCB 16 digit
b006c45c-9dce-4a54-b9eb-d5f8e264da8e,Jessica Harrington,81567065,54,8,432,2024-08-01 16:30:02.835035,pending,96799,AS,Mastercard
83e57187-49b2-4eec-873d-41e91e5caa26,Michelle Barnes,35381600,97,8,776,2024-05-29 23:07:24.467881,shipped,96799,AS,Discover
bec95e3a-c011-40f1-b281-bbc5f4f2e389,Fernando Wright,60489968,25,2,50,2024-06-29 10:25:09.500265,shipped,96799,AS,VISA 13 digit
a16ea443-7734-45ce-bcd5-9ab04b1731f7,John Ross,21497834,39,5,195,2024-04-21 22:41:59.499783,delivered,96799,AS,VISA 16 digit
a2e3f39c-8cc9-4648-855e-3b226a068aac,Douglas Griffin,36881925,30,1,30,2024-07-02 05:08:40.347478,pending,96799,AS,VISA 13 digit
8f8188d7-bb52-4c20-97f5-34099291050a,Brenda Medina,24746403,31,4,124,2024-03-14 22:10:46.592125,pending,96799,AS,Diners Club / Carte Blanche
9cb86eb5-53c1-401e-a207-b3e107eec528,Jacob Nguyen,54627123,82,8,656,2024-05-19 08:41:55.816750,pending,96799,AS,JCB 16 digit
a155f967-5077-4a67-92e6-411caaafafbd,Kathryn Baker,96560686,21,7,147,2024-04-23 21:40:25.855418,pending,96799,AS,Diners Club / Carte Blanche
c0788865-f999-404d-9f8d-7946f5ecceb9,Richard Norris,30531376,20,7,140,2024-05-28 07:21:27.056055,pending,96799,AS,VISA 19 digit
828d7831-d3ff-480d-b3ea-d1a563d783c2,Dean Adams,31996723,69,5,345,2024-01-01 02:03:52.863612,shipped,96799,AS,JCB 16 digit
ee9a70f6-d771-434b-b610-50e47471cd80,David King,90465420,26,1,26,2024-06-27 01:30:10.055639,pending,96799,AS,American Express
92b5f910-6073-409d-9bef-fb31353ec9a1,Amy Carter,71411989,2,4,8,2024-03-29 01:40:30.237081,delivered,96799,AS,VISA 16 digit
11cb45da-2f6c-4b74-8d9f-7cc24a6333e1,Chelsea Jones,51312442,11,3,33,2024-08-12 22:19:10.799508,pending,96799,AS,Diners Club / Carte Blanche
56cc4353-33af-40ae-a7f2-465ddf2616f9,Jacob Nguyen,19398990,22,6,132,2024-02-15 18:11:15.203629,shipped,96799,AS,JCB 16 digit
dbc29db5-6db1-4adf-a4f3-9818d5880cb5,Anita Peck,84507785,40,1,40,2024-04-05 04:29:44.746024,shipped,96799,AS,Discover
2d7ecd9c-9d22-49bc-8dbd-111cefe4b140,Melissa Garza,23316348,76,7,532,2024-08-14 20:15:38.083772,shipped,96799,AS,VISA 19 digit
1c05ccaa-2446-49c1-923f-b0e737a1393e,Jenna Stone,04373315,80,8,640,2024-02-16 11:28:10.593453,delivered,96799,AS,JCB 16 digit
846b38db-89c5-444a-ade7-5718c93cd263,Dr. Marisa Cooper,46252746,15,8,120,2024-04-21 00:42:00.255197,pending,96799,AS,Diners Club / Carte Blanche
c3a0d738-cb2b-439b-ac2b-b3b2cffe39be,Heather Rodriguez,29209644,71,9,639,2024-01-21 14:02:34.059431,delivered,96799,AS,Mastercard
da07acc2-c57b-4493-bf3a-6ee30939ecc6,Samantha Mills,12837397,73,6,438,2024-06-19 04:56:01.202023,delivered,96799,AS,JCB 15 digit
f6b63728-81de-49cf-a1ee-cf4ed271c7dc,Carl Williams,19947983,50,2,100,2024-01-02 14:22:11.225510,pending,96799,AS,Discover
b33c79b6-ced6-426a-aa64-01ac2a4068a9,Mary Smith,02041308,68,9,612,2024-04-21 08:55:28.488038,shipped,96799,AS,Discover
26ff9d33-7f22-414e-af50-d79afa9692d5,Jennifer Carr,11149415,73,4,292,2024-06-03 13:15:30.832263,shipped,96799,AS,VISA 16 digit
50f0558e-fe5f-420c-a2e0-ed9dbfceeaf1,Michelle Davis,32742022,24,2,48,2024-06-05 13:47:12.627597,delivered,96799,AS,Diners Club / Carte Blanche
f4112bff-3221-4e5e-925b-4765808ef08b,Benjamin Owens,92867284,97,7,679,2024-05-29 08:00:14.938369,delivered,96799,AS,VISA 16 digit
4715b1ce-a06c-482f-bccb-d3ff6268b692,Larry Sanchez,15468727,65,1,65,2024-07-05 11:23:02.494094,shipped,96799,AS,VISA 16 digit
ead3819a-de70-43ae-8de2-2535384c9588,Jennifer Carr,99885779,50,10,500,2024-02-26 21:18:01.963546,pending,96799,AS,VISA 16 digit
06138781-6699-4808-b415-843407a14ebb,Shannon Walters,55730501,78,4,312,2024-09-04 16:47:25.547931,pending,96799,AS,JCB 16 digit
e997e7e9-b871-49ff-b4a1-4fc036985c45,Patricia Richardson,44048341,77,10,770,2024-03-02 19:36:18.578027,delivered,96799,AS,Mastercard
9cdcf8be-55e0-4d81-9c6d-1fc461b2334e,Shawn Mcclure,70257670,38,3,114,2024-01-12 15:25:51.377113,delivered,96799,AS,Maestro
e0788237-932a-4d5d-91ee-985b0cb89e06,Benjamin Owens,31749145,15,5,75,2024-07-22 18:21:39.972722,pending,96799,AS,VISA 16 digit
3b55bec3-0802-4c45-9375-c750ac67f8ff,Paul Walker,07444456,61,6,366,2024-06-22 09:10:16.121044,delivered,96799,AS,VISA 13 digit
6111155f-4289-4b5a-992b-ee76df04f7b9,Kathryn Baker,20460075,90,9,810,2024-05-02 04:48:40.570734,pending,96799,AS,Diners Club / Carte Blanche
5ed36905-d417-42f7-a9d6-fb89c72409b7,Amy Roman,76487330,25,6,150,2024-01-26 05:11:52.237043,shipped,96799,AS,JCB 16 digit
3d6aebc2-e052-4154-b8ee-58f8748a72df,Dean Adams,45359187,47,2,94,2024-04-10 22:21:11.724829,delivered,96799,AS,JCB 16 digit
6774bffe-5d3f-4a4e-be46-94640001ddef,Jeremy Oliver,36538829,5,7,35,2024-08-22 00:16:10.202575,shipped,96799,AS,VISA 19 digit
8d514552-2bbb-4758-b882-552977e18789,Matthew Gonzales,32499124,30,6,180,2024-04-01 21:24:00.040375,shipped,96799,AS,Maestro
b8913b35-a8f4-411a-8769-614c5ccc3c1a,Erin Thompson,37895129,80,5,400,2024-02-20 02:42:40.824183,delivered,96799,AS,Maestro
c7d6317e-679b-4cbf-9fd1-ff59ad24890a,Michelle Davis,95264523,67,9,603,2024-06-02 10:24:57.358343,pending,96799,AS,Diners Club / Carte Blanche
35ea9822-b94d-4e87-bc79-828f75e8d9a5,Amy Carter,68233839,56,3,168,2024-05-17 18:53:25.532834,pending,96799,AS,VISA 16 digit
b33e88f2-dd39-4d40-9613-ab06e1bec1ed,Jacqueline Arellano,02328003,85,1,85,2024-09-03 14:26:27.750018,pending,96799,AS,Mastercard
2a5249ee-e707-4e9f-b811-46c3e265374f,Jacob Warren,33435015,36,8,288,2024-05-11 08:02:17.144572,delivered,96799,AS,Mastercard
eeb676f1-f2b5-467b-a50d-3c71848d6264,Jeffrey Ellis,20211868,36,9,324,2024-06-14 21:45:56.259471,pending,96799,AS,Maestro
d80085bb-a950-4af5-bfcf-e6b10dd2fc6d,Jason Baker,79205986,19,2,38,2024-01-08 12:40:27.521716,shipped,96799,AS,JCB 16 digit
fb54376b-f127-4e93-b604-637b7c529b89,William Hernandez,01181135,26,9,234,2024-05-23 10:17:52.561105,delivered,96799,AS,Discover
9b4e6395-3ba5-47b8-bf65-0cb1c445fabe,Stephen Meadows,05931316,61,3,183,2024-07-01 21:03:37.786045,delivered,96799,AS,Mastercard
93b4c22b-d231-4da8-bafd-429a1087ad39,Richard Norris,00316217,51,10,510,2024-08-09 19:06:06.178870,pending,96799,AS,VISA 19 digit
879b67bb-7145-444c-be6f-58e8c6c6b92c,Sean Griffin,31345132,57,6,342,2024-06-22 21:12:32.192174,pending,96799,AS,VISA 16 digit
bbfbaac3-4b6a-495b-99d3-74bcc5256847,Fernando Wright,57777573,27,7,189,2024-08-25 14:43:41.448201,shipped,96799,AS,VISA 13 digit
2dbf2b2f-9400-4e25-81b7-8291f6cc6c8d,Kenneth Williams,25005219,31,4,124,2024-07-20 19:34:09.177827,pending,96799,AS,JCB 16 digit
c1a037ff-af7f-4e34-8da9-4f241c5bd29e,Dean Adams,68988265,59,3,177,2024-02-25 16:48:58.110066,pending,96799,AS,JCB 16 digit
1fc1f543-6fe7-45b9-9085-a050bd499835,Nathan Anderson,34059036,71,3,213,2024-05-04 07:35:12.141055,shipped,96799,AS,VISA 16 digit
cf5a2fea-b87c-4327-bae2-57f56dd5f066,Christian Garza,29075430,44,3,132,2024-08-18 06:37:59.097870,delivered,96799,AS,VISA 16 digit
cc01a6ec-24c5-43ca-8769-dec57ade6d91,Rhonda Graham,37251017,58,4,232,2024-08-07 03:51:02.172345,shipped,96799,AS,VISA 16 digit
d50920c3-f16e-45a8-bc8e-0fe9475b8e4b,Carlos Smith,21128110,38,6,228,2024-07-05 14:18:57.578226,pending,96799,AS,Discover
055db504-c52e-453c-b9c4-90093d8b70dc,Susan Brown,21497834,39,5,195,2024-07-17 09:51:54.295497,pending,96799,AS,JCB 16 digit
0cc14dd3-e506-4f5e-a104-911fa520671b,Cesar Turner,13108496,81,3,243,2024-07-08 05:24:01.823241,pending,96799,AS,Mastercard
fa0a98ce-7110-4583-9eba-2be63db97dac,Michael Fisher,40345093,70,2,140,2024-01-04 19:47:47.023577,pending,96799,AS,VISA 16 digit
5bcf0e2d-cbca-4ec7-b250-9d63d0818e2f,Elizabeth Wright,21497834,39,7,273,2024-02-23 02:55:46.572912,shipped,96799,AS,VISA 16 digit
c00d2c60-1c33-4d59-8b04-a695378bb51b,Anita Peck,04787235,93,9,837,2024-06-18 02:59:06.143019,shipped,96799,AS,Discover
40bed328-5afc-48fb-8084-e7136a59fe45,Jason Ramirez,42737117,45,8,360,2024-08-28 19:36:56.456252,pending,96799,AS,VISA 16 digit
107c293d-552f-4dc8-ae8d-2514de97ea05,Cynthia Green,16100480,69,4,276,2024-06-09 14:40:05.506512,pending,96799,AS,JCB 15 digit
781ea935-f6ce-4140-bed5-3234403a78d6,Mary Smith,02856612,92,8,736,2024-03-18 08:01:54.905813,delivered,96799,AS,Discover
6f711672-3678-407d-9922-22e2c1c1a77d,Charles Jenkins,68988265,59,9,531,2024-06-21 10:21:16.250471,shipped,96799,AS,VISA 16 digit
ec48ad0a-de23-4b65-895a-f2458c92d57a,Omar Smith,13061043,18,9,162,2024-08-22 22:56:29.224014,pending,96799,AS,JCB 16 digit
ee209461-cc82-432f-9c62-0ada5683b88a,Dean Adams,07759826,67,9,603,2024-08-02 19:12:00.543115,pending,96799,AS,JCB 16 digit
7d68c7a3-39ab-4dae-9549-b4e44f09ff8e,Michelle Davis,57777573,27,8,216,2024-05-27 22:07:24.161019,delivered,96799,AS,Diners Club / Carte Blanche
dca9847e-2bf5-47de-9b8d-32dcd5f76319,Brenda Medina,47829510,17,1,17,2024-09-03 16:04:57.437726,pending,96799,AS,Diners Club / Carte Blanche
a59e57f6-55b5-46a8-a80c-b456cdff48ec,Shawn Cohen,58264171,25,3,75,2024-02-08 08:53:11.286810,delivered,96799,AS,VISA 16 digit
a3cc8ca1-4928-4e08-8b1a-dc085d23894d,Andrew Obrien,27385432,91,1,91,2024-04-07 12:11:00.317194,delivered,96799,AS,JCB 15 digit
9dc5fc9d-3140-4118-bbe7-a2082cba0891,Jason Ramirez,68927004,25,8,200,2024-03-24 21:32:12.850515,pending,96799,AS,VISA 16 digit
d00e8c76-1986-4a9d-8e74-a548eb599570,Nathan Anderson,72585160,44,7,308,2024-04-16 14:03:58.906940,shipped,96799,AS,VISA 16 digit
bff93b42-9e6b-473e-af64-64972197f144,William Hernandez,99791445,86,9,774,2024-03-01 10:50:50.781479,shipped,96799,AS,Discover
4739d85c-d8f5-4683-89d7-c6d33c99b1ae,Jeremy Oliver,90812620,78,1,78,2024-01-18 15:43:07.812935,delivered,96799,AS,VISA 19 digit
ecec3259-6fbd-4eba-a12b-2bd38b4e9403,David Aguirre,32081305,60,9,540,2024-08-17 19:14:20.850200,delivered,96799,AS,American Express
a8f2d680-a883-4fc0-bc94-5a65db538462,Jacob Warren,01060171,27,10,270,2024-05-20 12:37:34.646126,delivered,96799,AS,Mastercard
55e59f47-e022-4be6-b425-5c182a01c2a6,Joe Cohen,57877402,87,7,609,2024-01-03 11:44:26.644898,delivered,96799,AS,VISA 19 digit
dbdee6ee-bca2-42b2-93c1-117874e1695b,Jeffrey Ellis,02381695,43,2,86,2024-06-17 05:15:28.736097,shipped,96799,AS,Maestro
018f8c82-a312-4479-89fa-62f4c131da8c,Joe Cohen,51312442,11,4,44,2024-07-30 20:04:28.737978,pending,96799,AS,VISA 19 digit
1a3e2338-1c60-445b-992a-f14ba9eb0322,Cody Willis,84391049,58,2,116,2024-02-01 13:45:31.790960,shipped,96799,AS,JCB 15 digit
38cdecf3-6bbd-4936-aa85-7e7d661db9fc,Jeremy Oliver,93570381,19,7,133,2024-08-11 09:20:45.322562,pending,96799,AS,VISA 19 digit
84a711db-7c2a-41cf-bfc2-d971d0e68828,Gina York,57518336,61,7,427,2024-03-01 21:48:22.380116,pending,96799,AS,JCB 16 digit
9301cccb-9e42-4651-9e11-ffdaf1cf6fb1,Andrew Obrien,00316217,51,9,459,2024-03-05 17:49:31.366739,delivered,96799,AS,JCB 15 digit
feffd5f7-3e6c-4664-b998-cf62542c0f8f,Selena Calderon,20489977,11,9,99,2024-08-22 13:06:52.193632,shipped,96799,AS,Maestro
d8eacc31-61e9-44c9-ae8c-e58e2cf23231,Melissa Lee,24220491,37,8,296,2024-08-04 14:57:26.910669,delivered,96799,AS,Mastercard
eacbbaa3-618a-4518-9485-d9861c874d39,Carlos Smith,56540246,77,7,539,2024-04-25 08:55:32.197980,pending,96799,AS,Discover
edff70de-2444-4931-8da7-68176175b2a1,Paul Walker,40576183,50,3,150,2024-01-06 23:21:43.328891,pending,96799,AS,VISA 13 digit
ee9d4806-2ff3-4fc5-84eb-d9338b631a62,David Aguirre,39042675,63,5,315,2024-03-01 18:08:50.666199,pending,96799,AS,American Express
39751fcb-1562-4b52-bba4-cbfbcbbf8f0d,Amy Carter,18545135,75,7,525,2024-01-18 04:20:59.046433,pending,96799,AS,VISA 16 digit
ee0188db-0165-42db-a0d7-b88c3cfbc23f,Jennifer Hill,87243000,9,4,36,2024-07-06 05:57:24.694174,shipped,96799,AS,VISA 19 digit
2df33404-218c-4804-a1fc-a14af95f9dd7,Margaret Hernandez,61103443,27,9,243,2024-07-31 01:41:07.701752,pending,96799,AS,JCB 16 digit
67bd6479-d4fc-4360-b2fa-ff0189ab5517,Meghan Barrett,07838804,97,5,485,2024-01-01 00:59:43.596718,pending,96799,AS,VISA 16 digit
f77f6036-534a-4591-bf22-4336a5891078,Shawn Mcclure,21702433,12,3,36,2024-03-17 07:58:33.171041,delivered,96799,AS,Maestro
