e6bc7ad6-80a9-424d-8a12-d5225062f216,Alexander Steele,81282999,2,3,6,2024-02-18 12:21:50.296327,delivered,02823,RI,JCB 15 digit
aa5b8b12-affa-4c74-8dec-fa0ee43b1be1,Richard Krueger,09534995,42,7,294,2024-05-10 01:01:36.047354,delivered,02937,RI,Mastercard
a6f69ea9-53e8-4f3b-adc6-731486227593,Andre Reyes,24120920,87,2,174,2024-02-12 17:15:25.061997,shipped,02912,RI,JCB 15 digit
b0ac892a-d0ea-4a14-9764-8a7eed8cb6b5,Timothy Horton,50411498,15,2,30,2024-05-27 16:36:13.381971,shipped,02826,RI,JCB 16 digit
f4c600ba-1ba8-413f-8cb4-f5cc35d74b94,Angela Ramos,24478960,99,2,198,2024-03-08 09:18:27.696410,delivered,02896,RI,JCB 16 digit
5891170c-8fef-4a5d-a945-21191c24be35,Tiffany Smith,86995122,89,5,445,2024-04-24 20:29:49.535834,shipped,02871,RI,Maestro
245a7e2e-4cc9-45f5-be36-794ba64178ff,Calvin Houston,90056994,39,4,156,2024-07-18 10:30:08.212674,shipped,02873,RI,Diners Club / Carte Blanche
3e589b6c-9b5c-4215-9ca1-593d76dc6ffd,Alexis Valentine,65973905,80,10,800,2024-08-24 17:20:54.606712,shipped,02882,RI,JCB 16 digit
3769dd99-2f89-4897-aa11-86604877f8b9,Hannah Valdez,58919057,77,3,231,2024-03-06 00:11:55.275626,pending,02858,RI,American Express
0ee17e99-2c15-44ec-870c-5469da18e47d,Mark Wilson,70963083,79,5,395,2024-09-07 12:39:19.215029,shipped,02859,RI,Diners Club / Carte Blanche
60892582-6ab9-47ea-b25a-6bf2344c1951,Kevin Porter,93329965,51,8,408,2024-02-12 23:12:36.766685,delivered,02873,RI,Maestro
214f99dd-fd12-42bb-84d2-5b4c92e3248e,Carmen Gonzalez,20211868,36,3,108,2024-08-27 05:58:31.393181,shipped,02928,RI,JCB 16 digit
d1ef995c-e790-4f20-ac5e-de605e13cf02,Carlos Hernandez,55543330,86,10,860,2024-07-05 04:01:42.195056,pending,02929,RI,VISA 19 digit
20c6e3b4-f5b1-4718-9be7-b26fab85dd22,Yvette Gamble,41937266,87,3,261,2024-06-19 13:25:47.206535,delivered,02853,RI,JCB 15 digit
31ec9f15-5008-45e9-b5be-58a895a38355,Sherry Holland,38198151,46,10,460,2024-05-25 15:48:07.420057,pending,02926,RI,American Express
03c7f01c-81f3-4a1f-b0f0-fcec791e385f,Jordan Osborne,27385432,91,4,364,2024-01-14 05:40:58.380980,delivered,02864,RI,Maestro
43cbfa4a-5143-4ec3-94d7-ff57763da7aa,Patricia Stewart,28591924,78,4,312,2024-04-16 23:42:30.454711,pending,02841,RI,VISA 13 digit
af2fe71a-14cf-472e-add2-86065ba38341,Travis Rodriguez,64795881,47,6,282,2024-03-08 13:58:59.194418,shipped,02936,RI,JCB 15 digit
7a750345-c91e-4d96-b392-41497114b373,Kristin Miranda,01437416,59,1,59,2024-05-28 07:57:28.518043,delivered,02885,RI,Discover
119fd9fa-8e95-4864-b38d-abc28341e428,Peggy Harrison,45454479,15,5,75,2024-09-01 05:15:26.694193,pending,02827,RI,VISA 16 digit
b4af6b89-6d54-4637-b2fe-becbcaf656c7,Amber Parker,41743492,8,1,8,2024-05-14 00:51:27.091778,shipped,02838,RI,Diners Club / Carte Blanche
70f44a34-9511-4b39-8790-8f6d503b0d6c,Abigail Anderson,51098711,77,4,308,2024-03-27 00:18:37.404686,delivered,02832,RI,VISA 13 digit
a40459b6-3b70-43a3-b9b6-714eb30c0d9c,Carolyn Holmes,05818778,61,7,427,2024-01-29 15:58:17.191144,delivered,02887,RI,American Express
457cac60-422c-4ac1-9e6e-ef1010394b66,Casey Bullock,70849868,78,2,156,2024-05-26 04:09:35.443487,shipped,02914,RI,American Express
24738e71-2c18-460c-9667-58526bcb8edf,Laurie Shaw,14856815,48,2,96,2024-01-22 06:12:26.308519,delivered,02929,RI,VISA 16 digit
ba414a6d-de42-42b0-b7b3-02926129d658,Kenneth Diaz,45418761,44,9,396,2024-08-06 03:45:40.602738,delivered,02932,RI,Maestro
8994833f-d9fe-463d-9da3-8e3335fedfc0,Catherine Taylor,75257354,59,8,472,2024-01-06 11:43:56.811494,delivered,02819,RI,VISA 16 digit
55ae3eb6-a7ba-4509-b677-7195972cf51d,Christopher Hurley,45303715,53,9,477,2024-08-25 18:33:13.559601,pending,02807,RI,Maestro
d5b5170a-e31d-4975-bbb3-49cced191b12,Timothy Horton,45359187,47,2,94,2024-04-22 13:21:45.144015,delivered,02826,RI,JCB 16 digit
46b1744e-2227-4949-8c08-44557f48c838,Mark Wilson,86066860,26,4,104,2024-05-29 20:31:40.493217,shipped,02859,RI,Diners Club / Carte Blanche
59be367a-d8c4-4534-aee7-712c229964ca,Denise Taylor,79941105,75,9,675,2024-04-30 06:16:19.167076,pending,02818,RI,Diners Club / Carte Blanche
0aa7bfad-ec49-40de-bd82-6b1da85528f7,Connie Davis,19197111,9,9,81,2024-07-08 21:37:00.171147,shipped,02893,RI,VISA 13 digit
1b450a7b-5e87-4fa2-81e4-a15ea1bd442b,Raymond Mitchell,15721303,50,10,500,2024-07-18 22:09:37.007460,delivered,02892,RI,American Express
1924da01-60bf-451e-93b1-f49b629a78dd,Kayla Davis,18986211,24,8,192,2024-06-08 19:00:15.028681,pending,02839,RI,American Express
c30cda10-f2ca-41a1-9411-b8b1d5afd058,Kelly Morris,20711214,57,9,513,2024-06-30 03:48:54.980417,pending,02937,RI,JCB 16 digit
92ea6100-c7d2-485e-acab-cb5d08e88932,Gregory Cline,49725650,55,1,55,2024-03-21 13:41:28.846087,delivered,02923,RI,JCB 16 digit
0d13e805-e891-46de-8b28-9b3665e85666,Amber Hansen,81186051,29,3,87,2024-04-10 17:06:24.421721,delivered,02849,RI,JCB 15 digit
ffaa781d-47e2-4870-8496-040df8e07d15,Kimberly Avila,02492339,75,7,525,2024-08-15 19:49:08.904645,delivered,02872,RI,JCB 15 digit
b0a57590-7a99-4373-a43c-a46d586abec5,Jordan Osborne,68363130,85,3,255,2024-07-31 05:25:49.561923,delivered,02864,RI,Maestro
15e7e431-c6cb-4d22-8d24-843e0f119957,Joshua Ramirez,54308336,24,5,120,2024-01-01 10:08:15.664722,delivered,02879,RI,American Express
abff8f33-125d-4e8d-bc7f-9e4805b1d121,Amber Parker,63217124,13,7,91,2024-01-27 21:18:13.198141,pending,02838,RI,Diners Club / Carte Blanche
75d7d274-e153-40a8-9ef2-629ffff4227e,Connie Davis,68248239,62,6,372,2024-02-07 16:23:29.565405,pending,02893,RI,VISA 13 digit
89601b89-bf8b-45b8-9eac-5abe32cbfe6e,John Mccoy,88956947,64,2,128,2024-06-02 19:47:01.949336,shipped,02852,RI,Diners Club / Carte Blanche
60320970-153b-43c5-bef6-dda0aaa880f3,Kevin Porter,93712323,42,7,294,2024-02-10 07:41:25.924686,delivered,02873,RI,Maestro
d64e699f-5883-488e-9c21-1e0f68a17d70,Brittany Larsen,33372204,69,6,414,2024-07-06 08:29:11.700612,pending,02903,RI,American Express
87cdb29d-4c99-42fd-b277-b5008474c554,Katie Bradford,22571120,55,2,110,2024-08-29 09:29:58.282663,delivered,02871,RI,JCB 15 digit
0e355779-34d4-4185-946c-0bc40efd39c9,Laurie Shaw,31194587,21,9,189,2024-06-04 04:07:52.321266,pending,02929,RI,VISA 16 digit
a51db8a2-bbfa-457a-ba15-a10418be73cf,Stacy Haynes,68632649,97,9,873,2024-07-03 07:20:56.449657,delivered,02851,RI,VISA 16 digit
7da4fba1-1d09-4ada-b7d1-b779d72b765f,David Morales,05241804,50,7,350,2024-01-10 04:29:28.133144,delivered,02848,RI,Diners Club / Carte Blanche
ed299d50-e6ff-4b41-8ee8-0e7f09cbd44e,Carmen Gonzalez,31918824,7,5,35,2024-06-12 10:46:29.987074,pending,02928,RI,JCB 16 digit
38d9a273-75e5-41df-882c-b3c9a5091e0f,Jason Mayer,91316455,99,7,693,2024-06-24 11:24:28.910290,pending,02854,RI,JCB 15 digit
21886a99-319e-4ebd-b8cd-76a8b4c133f8,Travis Rodriguez,61238077,19,6,114,2024-05-28 07:02:14.080564,pending,02936,RI,JCB 15 digit
91ff2c29-0f08-41d4-a40e-b5cf6821f09b,Christopher Hurley,62413763,42,7,294,2024-09-01 22:28:26.065586,delivered,02807,RI,Maestro
5151f669-dfc4-4879-a604-d75174afd082,Ryan Holt,39046031,57,4,228,2024-06-10 09:41:29.800248,delivered,02906,RI,Diners Club / Carte Blanche
c98da602-53f7-4380-a3fa-734bddcc915d,Casey Bullock,27353332,12,3,36,2024-03-17 12:03:35.682795,delivered,02914,RI,American Express
61e98b53-bbb8-49da-9a25-1b5e86b77594,Michael Arnold,30874664,47,8,376,2024-04-12 04:41:07.851699,delivered,02853,RI,VISA 16 digit
3af52322-e2ee-4d84-9587-e47a6daed18f,Rebecca Sanders,48607711,22,8,176,2024-03-02 04:21:21.928480,delivered,02821,RI,Discover
345f9f8c-95e8-4c7a-a480-fd84ab39252e,Kelly Morris,33242811,96,10,960,2024-05-13 19:38:08.016517,pending,02937,RI,JCB 16 digit
c6151a5d-f232-40ac-b79a-46dd190a4a2e,Richard Krueger,90782480,27,1,27,2024-09-05 17:03:54.052928,delivered,02937,RI,Mastercard
f9add486-ab9b-4c32-87a0-95e2b1b60bba,Stacy Haynes,84717207,38,3,114,2024-03-07 05:39:27.197822,shipped,02851,RI,VISA 16 digit
f1c350e1-e3ca-436b-9118-b08d398e471a,Katrina Barnett,64795881,47,7,329,2024-02-13 10:06:58.461062,shipped,02860,RI,American Express
10a15dd2-38d1-4845-9512-4c2d2bf49535,Connie Davis,06345297,93,1,93,2024-04-06 05:54:38.172198,shipped,02893,RI,VISA 13 digit
d5950cca-3c9c-4b02-9c85-8662487998bb,Amber Johnson,70323191,52,2,104,2024-08-18 00:12:03.477437,shipped,02922,RI,Discover
11428f20-b3f4-4786-b3bd-4fbe8fcb8bcd,Travis Arias,68097943,22,9,198,2024-04-12 18:40:34.329508,shipped,02873,RI,JCB 16 digit
20f3d11e-fba0-4ffa-af8e-51d12e748d08,Dustin Montgomery,24120920,87,9,783,2024-03-27 08:46:33.006427,delivered,02904,RI,VISA 19 digit
7ac1bee5-ef35-4ffc-9d53-3583daf6fcef,John Nichols,37016272,14,7,98,2024-08-04 06:00:31.097855,pending,02807,RI,VISA 16 digit
4c857c3a-65fa-4087-a689-206b16135042,Kevin Porter,72176108,17,9,153,2024-09-02 03:51:16.506723,shipped,02873,RI,Maestro
bee27b9d-47d5-4d6e-8b87-e6918a68a2a4,Vanessa Knox,42295808,50,10,500,2024-04-16 17:32:13.745853,pending,02899,RI,Mastercard
1b2e923c-936d-4049-b12a-b11f807a5312,Amy Bush,72834107,65,10,650,2024-04-07 04:20:50.574261,delivered,02927,RI,American Express
5a66511d-a025-40c7-938e-ad2bc5dddb35,Nathaniel Love,75507817,60,3,180,2024-08-22 06:28:03.690748,pending,02874,RI,VISA 19 digit
467f5aa9-0c2f-4ffa-a99b-dc15d4f1ed11,Kellie Wilson,07541407,5,8,40,2024-06-24 16:23:36.261470,delivered,02822,RI,VISA 16 digit
56f9147c-84c5-4c88-b40a-0deaac662bad,Christopher Hurley,66193265,6,6,36,2024-06-19 18:29:47.321899,shipped,02807,RI,Maestro
ef96674e-50b6-42a7-9399-50a3908b8641,Rebecca Macdonald,24120920,87,5,435,2024-08-05 01:43:39.220182,delivered,02899,RI,JCB 16 digit
98cca8d1-fb4c-4bc1-b955-a829603ee4f9,Carlos Hernandez,12321377,32,4,128,2024-05-23 21:04:47.339935,delivered,02929,RI,VISA 19 digit
f569ddbe-6359-44f1-9009-51c82eb598e4,Kimberly Avila,88126630,86,5,430,2024-04-29 09:13:17.886783,delivered,02872,RI,JCB 15 digit
4e80c28d-b934-4200-9fd9-3a8066bcaa05,Raymond Mitchell,63197655,89,5,445,2024-05-07 01:19:21.497261,pending,02892,RI,American Express
6379ec91-b18d-44af-b9a0-e3eb14ec36be,Casey Bullock,32433036,36,1,36,2024-08-02 09:58:56.568238,delivered,02914,RI,American Express
27d93863-a5fc-4872-9429-e85c2ff157b1,Charles Bates,42903833,51,10,510,2024-05-27 04:49:42.006165,pending,02932,RI,American Express
d93f34f4-461c-453f-b790-4d1f78c113c3,David Morales,75038083,73,4,292,2024-01-14 13:04:18.330851,shipped,02848,RI,Diners Club / Carte Blanche
2179de90-6bed-4c24-a003-3bc92f6a5d33,Richard Blackburn,13894016,63,3,189,2024-03-16 15:51:58.708606,shipped,02810,RI,JCB 15 digit
817522b9-ccf1-4d92-b2df-00dadb238a75,Ryan Holt,31345132,57,3,171,2024-05-04 15:55:35.203880,shipped,02906,RI,Diners Club / Carte Blanche
becfe232-16c4-4837-82a7-b6aaa13db2cb,Mark Wilson,79678032,19,7,133,2024-08-07 23:56:04.254721,delivered,02859,RI,Diners Club / Carte Blanche
fc153528-4738-4c1b-bd88-ca1b67adebc1,Andre Reyes,68097943,22,8,176,2024-03-23 11:24:35.168709,shipped,02912,RI,JCB 15 digit
1f52d409-389d-46e8-9b43-7fdd6debc323,Susan Wilson,07302893,6,1,6,2024-06-15 19:42:34.884544,delivered,02816,RI,Discover
c396952d-d65d-46b5-8a6d-bb2cfbaecc28,Laurie Shaw,46252746,15,5,75,2024-04-24 16:43:36.343222,delivered,02929,RI,VISA 16 digit
691aae8a-11b4-4446-811e-b54215587ba9,Ricky Garrett,11609391,76,8,608,2024-04-27 11:25:17.038111,shipped,02817,RI,VISA 19 digit
ea4c2f4f-04d9-4033-bc45-6327044dd874,Kimberly Avila,58994382,29,3,87,2024-03-21 01:47:27.642597,pending,02872,RI,JCB 15 digit
64b1f299-b29f-4535-8e37-17f08b11e193,Justin Dean,15721303,50,3,150,2024-05-23 08:05:20.749983,delivered,02939,RI,American Express
c938979d-514c-4b98-8a72-289a1c3bf1eb,Thomas Meyer,22406538,44,3,132,2024-05-12 23:37:09.175893,shipped,02911,RI,Maestro
1841f32e-e3fc-4e45-b912-091e730f6c26,Catherine Taylor,83186523,96,2,192,2024-07-07 17:31:54.793515,shipped,02819,RI,VISA 16 digit
fe791517-aa11-47ca-bda5-30d87578a637,Jordan Osborne,91822451,10,10,100,2024-05-03 13:48:07.087517,shipped,02864,RI,Maestro
72a714ff-3af6-447b-a113-be853c5319a6,Mr. Robert Chase,41509401,75,2,150,2024-04-13 21:26:50.882885,pending,02855,RI,VISA 16 digit
be3d9d8a-3c83-46a6-a524-f737b6cdfb04,Joshua Ramirez,64573724,20,6,120,2024-05-26 10:47:47.147668,pending,02879,RI,American Express
2f059478-fdf4-4d8c-8025-f6e999a84cb3,Craig Johnson,07961809,18,9,162,2024-04-30 10:25:45.324951,delivered,02874,RI,VISA 16 digit
1807617a-da95-4f4e-b130-c5412f96bc2c,Alexis Valentine,70512649,37,10,370,2024-02-11 06:00:19.223843,pending,02882,RI,JCB 16 digit
507178e1-d5d2-4fde-a193-895b68e7ff63,Mark Wilson,35907411,30,4,120,2024-08-26 05:18:25.966616,shipped,02859,RI,Diners Club / Carte Blanche
448f7b10-74a0-4d53-b161-443f21531dd2,Kenneth Diaz,16567214,30,8,240,2024-01-21 05:22:53.424689,delivered,02932,RI,Maestro
042fe27e-ef40-4968-82d7-92c5271f7166,Peggy Harrison,84250360,88,9,792,2024-01-26 03:41:54.916346,delivered,02827,RI,VISA 16 digit
fcd39897-7854-40c3-af1f-05c18a939481,Richard Blackburn,97154129,38,2,76,2024-01-29 00:04:40.288432,delivered,02810,RI,JCB 15 digit
b1180c38-f528-4b4f-9a20-dccacb5c36a9,Alexander Steele,37631833,94,5,470,2024-04-08 02:16:47.372091,delivered,02823,RI,JCB 15 digit
36a09e78-72e9-4485-b3dc-a594e68f2cc2,Denise Taylor,16981652,89,8,712,2024-02-16 04:29:14.214311,shipped,02818,RI,Diners Club / Carte Blanche
2474a7fe-4906-47cd-94c1-3f7dd31ab765,John Mccoy,80323884,92,8,736,2024-05-16 21:00:19.416490,shipped,02852,RI,Diners Club / Carte Blanche
92b602ee-ad54-42fc-9429-0a16695c4cd9,Shelby Sherman,05281770,2,6,12,2024-01-11 04:09:16.421886,delivered,02835,RI,Mastercard
f0b9c967-8f6f-409d-84d4-a0310037a58d,Connie Davis,97946960,42,9,378,2024-04-03 22:07:01.841798,shipped,02893,RI,VISA 13 digit
cb77e056-4a1a-40e0-8db3-7ea01d64813f,Robert Gross,13894016,63,4,252,2024-06-14 04:40:45.200689,pending,02898,RI,VISA 19 digit
16b078cc-b35b-4b8d-a4f4-c0ffc4ecee8c,Richard Krueger,27293959,94,2,188,2024-01-22 22:31:01.678903,delivered,02937,RI,Mastercard
1014f502-5698-403e-8424-9b48490bb0a2,Rachael Singleton,71624204,18,10,180,2024-06-04 22:25:12.305903,delivered,02805,RI,Diners Club / Carte Blanche
d027fe11-b1af-4407-b87f-9d02288c9654,Anna Logan,05241804,50,2,100,2024-06-14 16:39:36.505491,shipped,02829,RI,VISA 13 digit
b7686494-9b87-4da5-ae86-94dd5f4c410d,Jessica Barber,39046031,57,10,570,2024-02-11 04:53:20.250154,shipped,02882,RI,JCB 16 digit
91c3fbca-2dfb-48e4-9df7-8b2bcdc04717,Kristi House,34656150,90,9,810,2024-06-12 21:55:25.547555,shipped,02883,RI,Diners Club / Carte Blanche
ef390064-bbb7-4cd9-8bcd-24e6c785870e,Susan Wilson,01060171,27,7,189,2024-07-23 05:19:35.177862,pending,02816,RI,Discover
f8f2ea8e-0666-4957-9fdc-723d076fd7f2,Stacy Haynes,23960619,100,7,700,2024-05-11 23:40:37.773697,pending,02851,RI,VISA 16 digit
be029b15-4eb4-4847-bf6e-551e74877656,Edwin Anderson,41094822,57,9,513,2024-04-25 10:21:53.881914,delivered,02921,RI,VISA 19 digit
1e9156b9-da14-4d26-a7d1-d8519ff52379,Denise Taylor,71581866,26,10,260,2024-02-06 20:19:02.658368,pending,02818,RI,Diners Club / Carte Blanche
2401c992-b757-498a-883d-ef9270c4f043,Jason Mayer,11660361,53,9,477,2024-08-17 12:17:24.261993,pending,02854,RI,JCB 15 digit
a4674474-fc67-4af6-8d8e-89d0d0eec969,Brandon Stewart,73969778,30,2,60,2024-02-13 09:35:20.220263,delivered,02826,RI,American Express
1560998c-32f2-48c7-9fc7-aa812f24a4eb,Casey Bullock,51312442,11,2,22,2024-06-10 03:13:15.143262,pending,02914,RI,American Express
835660f3-1dc6-40a4-8999-f5c6cb8c408d,Tony Todd,95450575,34,5,170,2024-03-13 07:39:49.165092,delivered,02831,RI,Diners Club / Carte Blanche
067c728e-028c-4e81-af4a-a7a01dc48099,Cheryl Perkins,11609391,76,10,760,2024-06-26 12:57:42.074997,pending,02884,RI,Diners Club / Carte Blanche
1e4abcac-e837-494d-b48b-921cc6c2a05a,Sherry Holland,45247545,66,8,528,2024-08-21 18:11:26.321518,delivered,02926,RI,American Express
796ccaa7-45cf-4dba-aee2-e45ee64f130f,Mark Wilson,01383133,23,1,23,2024-06-21 12:21:15.582335,shipped,02859,RI,Diners Club / Carte Blanche
6d9bf2ce-1455-4d2a-a9f7-1f458765b729,Denise Taylor,49808636,51,5,255,2024-05-22 17:56:15.270670,pending,02818,RI,Diners Club / Carte Blanche
8f8b08ad-bc75-4b50-8d3a-ef19acf071e9,Patricia Stewart,07302893,6,9,54,2024-01-22 19:33:46.145029,delivered,02841,RI,VISA 13 digit
33da989e-ec17-4224-a75e-f04dbe7aaefe,Kelly Jones,08845559,71,8,568,2024-08-15 07:57:06.359478,shipped,02890,RI,VISA 13 digit
21360b01-8ce5-4167-946d-2984bc6ff427,John Nichols,69536960,28,5,140,2024-06-10 17:04:01.253756,shipped,02807,RI,VISA 16 digit
25a4bc65-0f24-4022-9f48-e14dfed5f4e0,Amber Hansen,89993088,12,9,108,2024-07-19 03:58:38.688026,delivered,02849,RI,JCB 15 digit
414ed3b4-0786-471e-b733-3850bd1d2441,Kevin Porter,41094822,57,8,456,2024-08-01 01:26:46.545999,pending,02873,RI,Maestro
235a17e0-9369-4ecd-99af-dbfacb80c2d0,Tony Todd,02138701,1,9,9,2024-08-30 15:55:45.605697,delivered,02831,RI,Diners Club / Carte Blanche
550cffd4-d41c-4290-9746-95f53f0bf6a4,Mr. Robert Chase,75507817,60,9,540,2024-06-02 07:18:53.923550,pending,02855,RI,VISA 16 digit
f66e8375-f891-4117-8a03-92732abae733,Hannah Valdez,39073396,24,4,96,2024-08-01 22:42:58.073980,delivered,02858,RI,American Express
84b69906-9c9f-48b8-ab8c-87131ee0eaf6,John Mccoy,51020781,69,10,690,2024-03-19 00:03:38.511155,shipped,02852,RI,Diners Club / Carte Blanche
662eaffc-905d-424f-befc-47dafda493b7,Laurie Shaw,82782665,62,9,558,2024-01-17 00:10:04.611313,pending,02929,RI,VISA 16 digit
222da2a3-8387-4f7e-8756-fcba0050f2a9,Jennifer Baker,03648445,23,3,69,2024-04-01 03:24:58.103528,pending,02914,RI,VISA 13 digit
cf996db1-8352-41b4-b9a2-c961c8d8e53b,Anna Logan,73458609,67,9,603,2024-06-10 08:54:56.725576,pending,02829,RI,VISA 13 digit
e5b37808-2a4a-4bde-a4ef-a0adaa93b5fa,Carlos Hernandez,05891566,75,4,300,2024-08-25 20:30:41.549618,pending,02929,RI,VISA 19 digit
f9f6d4d4-6d4c-4621-9c20-3dcb842a9493,Kayla Davis,79340304,91,5,455,2024-08-15 05:40:53.368553,delivered,02839,RI,American Express
ffd7f779-9da4-488f-9c60-bb093e9256b7,Lindsey Shepard,12428557,14,7,98,2024-02-10 17:52:14.684093,shipped,02929,RI,VISA 16 digit
6c4a81a0-520d-430f-b1a0-01041aec6998,Christopher Hurley,76741333,80,4,320,2024-06-12 01:03:26.473442,pending,02807,RI,Maestro
ba56ee8e-f28a-419d-95ae-4b7d81ae98d6,Justin Dean,50277711,45,2,90,2024-07-30 17:16:41.262933,shipped,02939,RI,American Express
1ce9331b-3a96-4892-807e-9c5cf83e87a9,Amber Parker,46013538,55,9,495,2024-08-18 16:14:13.199672,shipped,02838,RI,Diners Club / Carte Blanche
f6b30aeb-14a3-45a0-87de-00dd3d01dbc2,Sherry Holland,22681478,39,2,78,2024-02-10 08:59:53.858672,delivered,02926,RI,American Express
a4d53f54-e5ae-41e5-a879-875ebe56d741,Kristin Miranda,60623263,23,6,138,2024-08-13 21:27:37.574907,shipped,02885,RI,Discover
ed7a01db-6109-4427-b98e-6503ae657e22,Connie Davis,45359187,47,2,94,2024-04-18 22:07:31.713624,shipped,02893,RI,VISA 13 digit
00cf524e-bc53-4834-b193-834f6dd8f7f5,Yvette Gamble,59880158,64,3,192,2024-08-18 04:03:09.152083,shipped,02853,RI,JCB 15 digit
dadf7479-35ac-4b2c-aa17-1a7a366b06cc,Amber Johnson,51020781,69,1,69,2024-04-17 07:08:50.764860,shipped,02922,RI,Discover
98ed3412-4d81-46a3-9a24-ecc55203541c,Kimberly Avila,84507785,40,5,200,2024-04-27 20:25:04.629414,delivered,02872,RI,JCB 15 digit
ebc8e1be-1cdf-4693-8403-1ff0071d077d,Joshua Ramirez,04593560,29,3,87,2024-05-20 18:10:11.604617,delivered,02879,RI,American Express
a46de184-0a03-4648-9975-3ce3a6234901,Amber Parker,09810693,97,9,873,2024-03-27 07:59:14.331863,pending,02838,RI,Diners Club / Carte Blanche
5bc7e5bb-dbdd-4ac2-bfac-4396a6659a63,Kevin Porter,86124782,64,6,384,2024-05-14 08:32:32.558451,shipped,02873,RI,Maestro
53a5ccb2-fb3d-4cd6-9de3-4d6111016632,Carlos Hernandez,52098833,61,3,183,2024-04-25 14:59:58.901745,pending,02929,RI,VISA 19 digit
142ff313-75b1-47c2-a034-6b86194c5ca3,Sherry Holland,12859658,24,7,168,2024-01-20 00:51:15.379412,pending,02926,RI,American Express
dd77b063-9961-485d-9b86-b2809be3dd65,Richard Krueger,96620571,19,8,152,2024-01-04 06:06:54.779272,shipped,02937,RI,Mastercard
a24c93bf-b641-40fe-923f-404bacde99b8,Jeanette Thomas,55096133,62,8,496,2024-06-03 22:35:36.605551,pending,02918,RI,American Express
457d0453-79c6-4a02-9806-54fb751e9b69,Jason Gibbs,73839620,49,3,147,2024-07-05 14:47:11.677480,pending,02818,RI,Discover
e11ab7e7-4af9-4104-b3dd-a1cc08ac0cd9,Casey Bullock,36975259,87,4,348,2024-03-22 08:20:33.205358,delivered,02914,RI,American Express
c8e24b09-7a8d-42aa-80ff-509b501597a4,Jason Mayer,66413905,100,9,900,2024-02-05 07:21:40.293561,delivered,02854,RI,JCB 15 digit
1ee7f138-60fc-448b-985f-fafbcdaa272a,Kristin Miranda,45134432,99,4,396,2024-06-03 04:28:50.404102,delivered,02885,RI,Discover
