0e97cfd6-f8b0-4773-8d34-97b42852a9d9,John Price,11567745,34,9,306,2024-01-29 18:53:01.946890,delivered,63058,MO,Mastercard
40a4a503-d5fd-400a-805b-77b71bcf98d3,Luis Rivera,12580491,21,3,63,2024-04-22 15:05:44.324158,delivered,64508,MO,JCB 16 digit
401c01b5-4342-4083-abbb-526d3fa96c82,Kimberly Estes,91316455,99,1,99,2024-05-24 23:27:01.291560,delivered,65447,MO,Maestro
5457e76e-ac06-4627-8249-055284ac010e,Juan Reed,68097943,22,5,110,2024-01-07 23:26:30.665971,pending,63888,MO,JCB 16 digit
8d74ab88-7e49-407e-8e8d-05b7a79121a0,Victoria Vance,66413905,100,4,400,2024-02-29 13:58:54.944764,delivered,65877,MO,VISA 13 digit
00b5c828-c8f5-45ce-b4c9-a8216272d8b4,Brian Mills,12105137,16,4,64,2024-06-25 19:14:00.799125,delivered,63321,MO,JCB 16 digit
e0184983-2af4-4798-b315-16187fb4a623,Kevin Morris,77133250,35,5,175,2024-07-28 21:30:47.028780,delivered,64881,MO,VISA 16 digit
8b061b44-7546-4d69-bcf7-fa7cda83fbbd,Gina Cox,42295808,50,3,150,2024-04-27 12:57:51.940731,delivered,65520,MO,American Express
23dc70b3-c12e-4d43-ac6d-313a4f90a955,Timothy Wilson,71076454,6,4,24,2024-04-24 21:51:51.039559,delivered,65254,MO,JCB 16 digit
9c4cc5b4-c01d-4876-82a9-43446ef5cec8,Michael Knight,41094822,57,8,456,2024-06-04 05:49:19.950257,pending,63460,MO,JCB 15 digit
6228f93d-b3d4-4968-855e-a74e608dc9b2,Matthew Garcia,41311363,77,6,462,2024-06-09 11:05:22.465885,pending,64389,MO,JCB 15 digit
c4ea6509-94ca-438a-a948-afb07d98031e,Felicia Booker,99548780,50,6,300,2024-01-05 18:23:30.602645,pending,65459,MO,JCB 15 digit
c25cc319-aee6-4f58-801c-3892d1d994e3,Mark Vance,58994344,7,2,14,2024-01-10 19:12:34.650379,pending,64889,MO,American Express
2060d442-cc8b-47ee-89a5-695ff113f555,Craig Parker,40576183,50,7,350,2024-03-14 16:04:44.487594,shipped,64236,MO,Discover
d869d6c6-dfb6-42fd-9c09-c0fd37acaed6,Julian Wong,88149424,17,10,170,2024-08-17 20:11:51.980054,delivered,65542,MO,JCB 15 digit
ceb2016b-a621-44e7-a0fc-ecea91972d54,Angela Avila,62566704,85,2,170,2024-03-15 01:30:01.647304,shipped,63360,MO,Mastercard
21900be5-0f63-49f6-b152-23d36efe4a30,Bryan Lane,91822451,10,3,30,2024-07-19 11:36:14.579206,delivered,65287,MO,VISA 16 digit
127d9730-f234-4345-a853-94be6dfdbbcc,Luis Rivera,06325756,90,7,630,2024-02-14 13:59:38.134234,pending,64508,MO,JCB 16 digit
f9c30f5e-913b-498b-9329-9b8f7ab54945,Keith Johnston,01563894,33,5,165,2024-07-06 16:21:16.009756,shipped,64967,MO,Maestro
45b8f8dd-881e-4bbf-bec1-1b1478d666ee,Sheryl Green,02247915,29,5,145,2024-08-24 13:47:44.149686,pending,63091,MO,Diners Club / Carte Blanche
0bc953cd-5dba-45ef-8a47-32f6d26c4f87,Randy Heath,10413562,14,1,14,2024-02-20 09:14:51.709630,shipped,65363,MO,Discover
d5c397fd-2380-4a29-ba03-470beb22c9af,Jordan Wilson,87474695,93,9,837,2024-01-03 18:42:14.918910,shipped,64312,MO,VISA 16 digit
ca520fc0-b897-48af-87c2-8c57d502d762,Bradley Roberts,75438852,11,7,77,2024-07-11 01:54:35.911699,pending,63926,MO,Discover
5b4c1a3c-ea94-4c25-9bea-2f755230b410,Brenda Owen,44953324,24,4,96,2024-01-29 22:32:56.125724,shipped,64050,MO,JCB 15 digit
7fbf7eac-2c65-4b23-90bf-08cf7f53eee5,Gina Cox,45247545,66,2,132,2024-04-08 01:11:08.492197,pending,65520,MO,American Express
3e437906-5f79-4033-9d54-ec437a4b064a,Claudia Gaines,55096133,62,5,310,2024-03-10 16:42:27.429193,shipped,65573,MO,VISA 19 digit
616b5077-56bc-4185-8978-e116f4e20fc8,Thomas Atkins,65577660,82,10,820,2024-07-30 01:43:36.714794,pending,64788,MO,Discover
6e5bd5a6-ab33-4d56-88c2-8b8f8fd06d50,Brian Mills,50066698,57,4,228,2024-06-17 09:37:54.941177,shipped,63321,MO,JCB 16 digit
c7013c1a-175b-4696-b33e-ce4030568a90,Mary Taylor,72286791,23,10,230,2024-06-03 17:04:04.380259,pending,64479,MO,Discover
69156e66-148b-46b2-9b13-cccec8dea17f,David Griffith,99302955,10,10,100,2024-02-01 10:54:13.390520,delivered,65875,MO,American Express
8a8ace5c-bed8-4f61-8538-454f571c4484,Jessica Watts,34059036,71,9,639,2024-06-18 09:15:53.942633,shipped,63189,MO,Discover
2f28b4d1-dab5-433b-a69e-31743c73d74c,Drew Bush,37079307,81,6,486,2024-04-25 12:43:13.847080,pending,65840,MO,JCB 16 digit
efae4e45-5edc-465f-b25e-da0dbdda0f75,Mark Vance,89112533,66,7,462,2024-05-25 03:46:51.953084,shipped,64889,MO,American Express
287c0db0-7bda-4d43-90d6-e0efcabdf5b8,Michelle White,42867289,12,2,24,2024-07-26 13:23:04.146811,shipped,64029,MO,VISA 13 digit
b44048af-700c-42d8-a8ff-b2f1db6f04f3,Michael King,19562841,38,5,190,2024-05-14 12:22:15.203913,delivered,63388,MO,Mastercard
27e2e7fd-8651-4de7-a537-83e185b690a4,Debbie Briggs,30179080,54,2,108,2024-04-26 16:33:17.514719,delivered,65576,MO,Maestro
70c1f1ca-7616-4507-a327-7f6bc40f8182,Brian Sullivan,27939017,89,10,890,2024-02-08 23:50:00.862333,shipped,63190,MO,Mastercard
99241383-ce16-4eea-a20b-fc88cfc43445,Julian Wong,98457434,38,4,152,2024-04-18 06:45:56.956014,pending,65542,MO,JCB 15 digit
992235ba-12a2-46d1-a948-4961d830fb2c,Christine Johnson,57665061,4,5,20,2024-04-27 20:18:04.869305,shipped,65625,MO,VISA 16 digit
fecc9a36-7eb1-4424-bafb-693cb9584491,Shelly Jones,80211990,39,7,273,2024-03-30 22:19:33.465054,pending,63504,MO,Maestro
edd2c9cd-bbb7-42dd-ae32-e62cac5f793e,Kylie Williams,86083300,70,5,350,2024-04-11 14:26:02.400347,pending,65698,MO,JCB 15 digit
a495d67b-332b-4d9e-bbdf-c970d029dbb3,Jesse Clark,28138518,86,2,172,2024-06-23 17:53:31.943469,delivered,64639,MO,VISA 13 digit
f1d6273d-55c8-4ef9-9ee1-cc3a5fd79efd,Jaclyn Mccarthy,64666624,92,6,552,2024-07-20 09:17:15.028403,pending,64912,MO,American Express
b9745293-6a8e-4d3f-a0de-818e5437699f,Jennifer Wells DDS,31918824,7,4,28,2024-05-07 14:29:16.623446,delivered,64828,MO,Discover
ebf96cd3-d483-4848-bb7d-7c107617cc35,Felicia Booker,14856815,48,5,240,2024-02-21 03:57:15.592100,delivered,65459,MO,JCB 15 digit
d5b7be33-d4c8-4808-8d34-37ed932924ef,Sheryl Green,17779852,80,10,800,2024-01-01 00:21:56.597566,shipped,63091,MO,Diners Club / Carte Blanche
ec5b4b96-89b9-4498-8eaa-e2718b5c9d86,Juan Reed,04206149,12,8,96,2024-06-04 03:54:12.368634,delivered,63888,MO,JCB 16 digit
c66927bc-03e5-4292-a972-ce67b7f72037,Craig Parker,92262560,88,4,352,2024-06-05 09:34:50.069813,delivered,64236,MO,Discover
83a1d6c4-72e2-4764-ae04-133ff4521ec7,William Booth,81282999,2,5,10,2024-05-31 23:36:42.591357,shipped,64203,MO,JCB 15 digit
2277c5c5-5009-4149-a81a-4d1e851774f3,Kylie Williams,74892365,85,7,595,2024-06-10 16:44:05.961835,pending,65698,MO,JCB 15 digit
03160867-4064-4759-9cc0-bc85bba8e7dc,Jordan Wilson,64945460,71,3,213,2024-04-15 01:41:07.503463,delivered,64312,MO,VISA 16 digit
d99a8ac2-50a3-4209-aa25-f54750d5bd59,Mrs. Sara Sutton,42867289,12,5,60,2024-06-21 18:29:55.614042,pending,63120,MO,VISA 19 digit
c9c8e300-0d36-4024-938e-3bc04405ed30,Claudia Gaines,94754957,5,10,50,2024-03-14 03:14:15.630424,delivered,65573,MO,VISA 19 digit
547ef9a6-8270-4064-8f9f-f9e1babe5b6c,Jessica Watts,43691128,46,7,322,2024-04-28 07:41:59.021525,pending,63189,MO,Discover
0b51ef6a-6baf-4932-a57d-6a806aa7776d,Jaclyn Mccarthy,92894587,55,8,440,2024-07-15 04:48:41.731706,pending,64912,MO,American Express
d9ed77de-c103-4e2e-ac57-efde6c42ed6f,Mr. Jose Rowland MD,49808636,51,9,459,2024-06-19 08:41:54.623257,pending,64851,MO,American Express
e674baed-342f-4628-8f3f-ec44dfec8d7d,Jesse Clark,54203228,92,7,644,2024-06-22 23:56:02.577219,delivered,64639,MO,VISA 13 digit
bac9583d-e430-47e8-8edc-8503631b6d22,Randy Heath,73458609,67,3,201,2024-07-24 19:35:09.674193,shipped,65363,MO,Discover
2174e05d-98af-417b-bffd-75f9d3d7d104,Charles Hall,11571834,9,10,90,2024-03-28 01:51:33.655018,delivered,64496,MO,Mastercard
1449cbe5-04fd-4879-b660-59d7599608b4,Casey Wong,16443280,33,10,330,2024-07-17 09:44:57.527395,shipped,63880,MO,JCB 15 digit
1b7090f9-1cea-46b0-8272-deb25b33a643,Michael Shaw,46047755,51,10,510,2024-07-17 10:34:43.098615,delivered,64778,MO,Maestro
c872b78c-c19d-4352-8d1f-30f75ac8c390,Marcus Simmons,14982026,67,4,268,2024-03-31 20:22:33.812199,delivered,65021,MO,American Express
66d37b86-c6b4-4070-8c3d-31ba49342da4,Robert Lee,84556066,23,6,138,2024-07-21 03:33:27.187820,pending,65861,MO,VISA 16 digit
ed340f02-23df-4147-9a35-8f8eae90ed01,Luis Rivera,94204964,76,6,456,2024-07-11 01:42:20.218566,pending,64508,MO,JCB 16 digit
1bc53686-6864-453a-9c75-bfca36b460c9,Rhonda Thomas,39930453,33,7,231,2024-04-18 10:08:04.988567,shipped,64836,MO,JCB 16 digit
d4583565-bac7-4218-8723-836f362b2b32,Mrs. Sara Sutton,57777573,27,2,54,2024-06-05 01:26:49.487668,delivered,63120,MO,VISA 19 digit
22204255-2f4e-42ce-81d6-caf0d0f801fd,Bryan Lane,92778177,55,9,495,2024-01-23 05:07:58.504031,delivered,65287,MO,VISA 16 digit
a86102a7-3f79-42ed-bfc5-b0a03d936edf,Shawn George,22571120,55,5,275,2024-05-14 20:51:02.549566,shipped,65057,MO,VISA 16 digit
3551fd75-f4fd-4506-a07d-d3eb9ef6c18d,Emily Miles,23199484,38,5,190,2024-05-19 08:47:59.106351,delivered,65255,MO,JCB 16 digit
d5ca2417-68c2-46b0-bd06-69bfb0e14f93,Jason Gibson,40759296,97,3,291,2024-04-05 21:13:54.802583,delivered,65328,MO,Mastercard
2c62017f-8cc0-4269-af8d-605f09d8ec04,Paul Davidson,96945209,18,1,18,2024-06-05 22:14:46.464780,pending,63822,MO,JCB 16 digit
64d720f9-2fee-47a0-a14e-2d1dec608cbb,Kelly Schultz,10450475,91,9,819,2024-08-03 14:16:36.320256,delivered,63859,MO,JCB 16 digit
ba024d1b-893b-4d73-870a-0767a56257fb,Craig Parker,94730791,92,1,92,2024-01-30 06:38:32.551103,pending,64236,MO,Discover
717044ac-39b4-4ea1-a2c2-e9330a63779f,John Price,62276696,54,3,162,2024-06-24 18:01:19.748753,delivered,63058,MO,Mastercard
6562e5e9-9f52-447d-bb98-9a5b133cb4a6,Jennifer Wells DDS,96841693,98,9,882,2024-08-02 02:28:08.436658,pending,64828,MO,Discover
679a8d71-c3b7-403d-8592-54d3b9f6fe0c,David Griffith,45760099,30,7,210,2024-04-06 18:21:08.302192,shipped,65875,MO,American Express
736a284a-a39d-4b76-a0df-72bf33316fba,Michael Shaw,00323802,55,9,495,2024-07-17 08:31:33.173002,pending,64778,MO,Maestro
1d850e3d-74e8-4d97-b351-9445d869ef14,Drew Bush,07827402,11,2,22,2024-05-26 06:13:57.233263,pending,65840,MO,JCB 16 digit
d5d53291-376a-4835-9ed8-b60eed32ae4f,Jessica Sawyer,11604495,28,7,196,2024-05-10 11:10:30.114192,pending,65857,MO,Maestro
fc5598a4-bf23-4e30-a24c-f2eb781b513b,Juan Reed,62566704,85,8,680,2024-02-10 16:45:57.883540,shipped,63888,MO,JCB 16 digit
aa69f5be-2007-4d37-a0f4-cbd42a67e9a7,Scott Robertson,38231483,41,2,82,2024-01-02 15:55:10.965131,shipped,63144,MO,Diners Club / Carte Blanche
cc6e8135-133c-4b0e-b150-1b92e6fe4843,Charles Hall,20916732,54,10,540,2024-08-27 08:35:49.124511,pending,64496,MO,Mastercard
0dabd5f6-bc56-47bb-b4b2-501c38fb7a9d,Michelle White,47893047,51,5,255,2024-06-19 22:38:25.663258,delivered,64029,MO,VISA 13 digit
b7cb8ffd-f8cd-4d0c-b1c6-1efcd1227f86,Mary Taylor,97162063,42,5,210,2024-06-18 21:48:53.715731,pending,64479,MO,Discover
d133befc-bf27-4099-8f9c-a8cf775e7afd,Janice Glenn,07859274,51,1,51,2024-03-04 21:58:39.402592,shipped,64495,MO,Discover
20705f11-cf67-492d-9ccc-37e55a5c87e5,Mrs. Sara Sutton,06325756,90,6,540,2024-06-08 07:16:06.941046,delivered,63120,MO,VISA 19 digit
f13fb804-a59a-495b-aa82-9c87b26c8056,Courtney Stevens,71008745,2,10,20,2024-07-20 17:55:28.745293,delivered,63459,MO,Discover
a5008d21-f0b4-4b21-bc9c-e0154333b804,Kylie Williams,81695935,90,8,720,2024-01-22 20:19:11.454000,shipped,65698,MO,JCB 15 digit
54dba883-fc24-4c35-aad4-141c16399952,Charles Hall,31714778,24,2,48,2024-01-11 21:15:17.505093,pending,64496,MO,Mastercard
ef5c5ee8-6fa6-4e7a-b782-3df159f36bf0,Drew Bush,91054203,42,7,294,2024-06-27 00:57:53.017149,pending,65840,MO,JCB 16 digit
387f8f3e-1498-4b54-a9fb-fef3a7d1aaaa,Michael Shelton,51141462,10,8,80,2024-01-25 14:26:41.562175,pending,64968,MO,VISA 16 digit
b85b1282-c656-4764-abc7-6890d8c0b15e,Scott Sanders,65210345,55,2,110,2024-08-02 21:56:00.168104,pending,64369,MO,VISA 13 digit
47ab06a2-a40d-4707-bab2-27a2a661fdf3,Michael Shaw,68333256,85,1,85,2024-08-23 13:44:14.615931,shipped,64778,MO,Maestro
4dd38f03-935f-4382-9c3a-0008782d641f,William Booth,41743492,8,8,64,2024-07-06 14:20:00.970818,shipped,64203,MO,JCB 15 digit
372e899b-e695-4c45-846f-90267b402049,Megan Andrews,61508521,50,6,300,2024-06-25 21:20:28.858382,pending,64692,MO,Discover
79eb9e1e-3c69-46e6-af1d-cb12ac092ad7,Thomas Atkins,00380829,47,6,282,2024-03-24 20:58:39.770305,shipped,64788,MO,Discover
6da800f2-38d0-4a0b-82a5-4766e6e7e32f,Michelle White,19018935,60,5,300,2024-08-18 06:09:39.391353,pending,64029,MO,VISA 13 digit
56910c1f-4eea-45b1-bcae-3c8637640f12,Brian Mills,16100480,69,1,69,2024-08-07 19:05:16.915352,delivered,63321,MO,JCB 16 digit
c131a619-81e7-4283-8c10-80c83aa0b2e4,Sarah Marsh,64573724,20,9,180,2024-07-31 09:43:36.950545,delivered,65146,MO,JCB 15 digit
6f0b1163-037c-4f55-beb9-d8979b046819,Craig Moore,24463393,88,7,616,2024-01-09 12:01:12.808118,delivered,63745,MO,Maestro
6498cc33-80ef-4252-9556-9197775342a4,Michael Cox,96110577,78,6,468,2024-01-19 18:49:17.913681,delivered,64313,MO,VISA 13 digit
e4f1c73d-7405-459d-8269-ba0e3bee1237,Jaclyn Mccarthy,52609831,54,10,540,2024-08-03 23:59:42.549201,delivered,64912,MO,American Express
17e9d2ff-e89f-409e-aca9-8791a6f5a0ce,Christine Johnson,87081923,9,3,27,2024-02-28 05:42:20.254861,delivered,65625,MO,VISA 16 digit
5b4e7a02-5f63-47b4-b7b1-51f2331cd62c,David Griffith,48260886,23,7,161,2024-06-22 22:23:28.852578,delivered,65875,MO,American Express
09e43923-7753-463f-9d7e-57d735e6cd4f,Craig Parker,67747283,5,3,15,2024-07-04 03:02:17.780305,pending,64236,MO,Discover
78eeda47-0db6-452d-9a05-42552e4e30de,Kevin Morris,08869234,22,10,220,2024-07-29 23:38:33.023552,shipped,64881,MO,VISA 16 digit
6d5f70cf-0fe3-4090-bbb7-df3ff293187e,Julie Hurst,39710987,12,1,12,2024-06-26 23:19:50.849175,delivered,63438,MO,VISA 13 digit
8bf596e4-3235-48cb-9423-2dff6693bfa4,Bradley Roberts,08928290,89,2,178,2024-05-18 21:03:20.879626,delivered,63926,MO,Discover
cae45c6c-5d58-46fc-b0a6-26756a008572,Janice Glenn,51103132,33,4,132,2024-07-24 08:33:23.627054,shipped,64495,MO,Discover
7f094222-e9f0-429a-bc5b-cfcc5666eae2,Paul Davidson,91348210,35,2,70,2024-06-23 03:09:30.972525,pending,63822,MO,JCB 16 digit
4c5d0afe-c243-41ce-9a5a-476e6d574704,Felicia Booker,65252901,74,6,444,2024-01-01 17:30:25.329940,delivered,65459,MO,JCB 15 digit
e12196bd-41eb-475b-8217-8b4f044d6cd9,Jaclyn Mccarthy,41343685,1,7,7,2024-03-02 20:15:40.468847,shipped,64912,MO,American Express
3c1676e3-8187-48ec-9296-b7cba0ed361d,Shane Black,34542743,72,2,144,2024-08-28 07:58:00.239143,shipped,63332,MO,VISA 16 digit
a7b7118b-1021-48a1-a931-881e0ec2c568,Jessica Sawyer,80211990,39,1,39,2024-05-22 22:44:10.746648,shipped,65857,MO,Maestro
1944c2d6-217c-46ea-9b78-69ebdd054b7b,Shelly Jones,15721303,50,10,500,2024-05-23 12:34:04.577646,shipped,63504,MO,Maestro
4810f5f9-89b5-4f76-aaa8-673a2bbec1b8,Michael Shaw,20679590,76,4,304,2024-05-11 17:29:18.583364,pending,64778,MO,Maestro
442194f0-b030-4d4f-b903-63bb4f9d5356,Drew Bush,74232345,72,7,504,2024-05-16 08:47:13.692563,shipped,65840,MO,JCB 16 digit
4918f979-7a98-407c-aab8-31cdbfd655ab,Michael Shaw,22406538,44,5,220,2024-04-01 03:10:00.571324,delivered,64778,MO,Maestro
48290cef-d435-42ae-9836-8fc7c64fdaeb,Megan Evans,24672085,59,3,177,2024-02-27 00:50:41.475225,shipped,65813,MO,VISA 16 digit
25c3f337-0f28-4758-bade-b845d908c01c,Jessica Christian,05887194,47,5,235,2024-08-27 10:44:43.317298,pending,64483,MO,Diners Club / Carte Blanche
5ea18c35-f926-458d-b14c-15e685fb2349,Mary Taylor,03690390,46,6,276,2024-05-24 22:49:23.463700,shipped,64479,MO,Discover
f3c25d12-5bf3-42c2-90b7-6366e914d1a4,Shirley Martinez,72034040,84,7,588,2024-06-07 00:23:02.148508,pending,64816,MO,American Express
27a5cd9d-f226-4019-b862-262b85027415,Debbie Briggs,22571120,55,7,385,2024-01-14 09:58:32.010312,shipped,65576,MO,Maestro
2bf38674-319b-49b3-bc70-e7783b272d4e,Michael Cox,39042675,63,5,315,2024-08-12 04:03:19.421722,delivered,64313,MO,VISA 13 digit
6b98b588-dd69-4ba1-be82-3c2cf49f7711,Juan Reed,88283210,31,5,155,2024-06-11 23:43:45.549852,delivered,63888,MO,JCB 16 digit
767479dc-489c-4e19-a304-010d65a0906b,Shane Black,85630918,58,7,406,2024-04-04 16:21:01.203357,pending,63332,MO,VISA 16 digit
2d6bbfe5-0140-449b-8d82-22b1107a862e,Michael Shelton,43808311,35,7,245,2024-06-10 01:22:23.034311,delivered,64968,MO,VISA 16 digit
dd3c3cde-22f0-4aa0-8b6c-4f10171e4ef1,Thomas Atkins,23665231,18,9,162,2024-04-05 15:16:26.121945,delivered,64788,MO,Discover
fc5f6b7f-9c25-46ea-b8e8-870881e1f969,Charles Hall,16548947,13,8,104,2024-06-18 23:45:47.127923,shipped,64496,MO,Mastercard
1638a2ce-9791-460a-95ba-5072bbceb44f,Claudia Gaines,89993088,12,8,96,2024-08-29 00:38:52.817258,pending,65573,MO,VISA 19 digit
8d25053d-7b4b-4179-8c28-b9cd297546e4,Jesse Clark,95496092,80,7,560,2024-04-25 12:27:17.195617,pending,64639,MO,VISA 13 digit
d32f8d68-a8b7-469b-b04e-62e9e9ac0fd0,Mrs. Caitlin Perez,07827402,11,9,99,2024-09-05 23:27:36.938217,delivered,64301,MO,Maestro
9c6fc05d-08ee-4a1f-8347-9f64592dd600,Kimberly Estes,54001336,18,3,54,2024-01-10 02:54:20.570499,delivered,65447,MO,Maestro
54bcb1e3-c256-46d1-ac39-923fb2bf6dd0,Jennifer Wells DDS,47842397,52,6,312,2024-08-17 20:28:45.008015,delivered,64828,MO,Discover
0d5bf2e2-3ead-4208-bd3a-66c3267beac3,Michelle White,78459496,55,4,220,2024-03-11 14:50:08.022141,shipped,64029,MO,VISA 13 digit
6c578ed3-d7aa-433c-8c5c-ac66fbed941b,Julie Hurst,69479175,64,10,640,2024-02-24 21:18:35.577191,pending,63438,MO,VISA 13 digit
9cd1f4e1-140a-458b-b4ed-bc4dcbf08fc2,Robert Lee,18279979,49,7,343,2024-03-24 22:37:45.072756,shipped,65861,MO,VISA 16 digit
c22e56c7-ee27-4713-805a-889ab14d6629,Megan Evans,82270858,49,3,147,2024-04-15 09:37:56.871400,delivered,65813,MO,VISA 16 digit
a6b47919-68e7-4939-be19-126acf53a839,Mary Taylor,51794682,74,4,296,2024-07-16 02:00:53.477067,pending,64479,MO,Discover
0fedb80d-5d22-4d2f-8bbd-b75b7d964d46,Melissa Garcia,68988265,59,1,59,2024-01-29 10:17:16.587894,delivered,65394,MO,Mastercard
af5e73b6-bdca-4ffb-9617-db7ca408c0f2,Janice Glenn,16446342,16,3,48,2024-08-12 00:11:12.122534,pending,64495,MO,Discover
31203628-76f5-4b65-9609-d18bfd5ed719,Sheryl Green,68542153,87,1,87,2024-08-20 07:34:23.317550,delivered,63091,MO,Diners Club / Carte Blanche
3e044043-9f9d-4c55-a3ba-3e389a938f45,Angela Avila,58994382,29,1,29,2024-09-05 13:06:25.970873,pending,63360,MO,Mastercard
b71c3cf7-f928-4792-b807-daca621c65e5,Julie Hurst,34339800,12,2,24,2024-01-06 11:46:48.344023,pending,63438,MO,VISA 13 digit
641ea0ec-9b89-45dd-a481-ec40e5560176,Mary Taylor,81853779,72,4,288,2024-05-03 18:59:45.826040,delivered,64479,MO,Discover
0224187c-ecbe-4142-9cca-bb2a4c4f4b57,Gregory Kent,42841654,90,2,180,2024-06-30 10:25:08.567428,pending,64894,MO,Discover
d44436c5-7906-482e-bb3a-75d8b68962d4,Megan Andrews,65536360,16,4,64,2024-02-16 22:07:59.066594,delivered,64692,MO,Discover
938bae70-d17a-4a84-814d-72994c58734c,Emily Miles,19525204,80,2,160,2024-01-01 23:15:34.313721,delivered,65255,MO,JCB 16 digit
4f8bbd99-d128-4edf-af08-9ad943de95d4,Charles Hall,02738536,2,7,14,2024-01-26 10:49:17.671340,pending,64496,MO,Mastercard
e8fcc072-8cfb-404e-8581-0e01361b7976,Shirley Martinez,08869234,22,6,132,2024-03-21 22:59:29.139887,delivered,64816,MO,American Express
0bdaa458-74a4-4564-988b-169fa621ef5c,Scott Robertson,05966127,30,6,180,2024-04-06 03:51:53.060765,delivered,63144,MO,Diners Club / Carte Blanche
ee96f919-d956-461b-8987-337d8389a1bf,Michael Shelton,42670520,37,1,37,2024-06-18 17:45:14.882540,shipped,64968,MO,VISA 16 digit
07c6b3c8-1be8-4c1d-9e8f-fe59a353bfcb,Brenda Owen,50034284,94,5,470,2024-01-16 08:36:13.419960,pending,64050,MO,JCB 15 digit
