3d7e4ea2-edbc-4519-a551-7e0b5dec6e91,Clayton Carson,22714022,68,5,340,2024-02-04 05:11:25.984864,delivered,23191,VA,Maestro
807acfc1-fc71-49f3-b0ed-d0dc6c0eb541,Lindsay Schroeder,03690390,46,10,460,2024-07-02 20:16:49.658318,pending,23882,VA,Mastercard
1a51ccf7-d88a-4e5f-84da-6a4271f2b614,Kaitlyn Hutchinson,97154129,38,4,152,2024-01-06 16:00:02.901756,shipped,24317,VA,JCB 16 digit
c0072b9f-50c1-459a-a720-317544e2f3c0,Jamie Austin,57877402,87,2,174,2024-02-10 12:52:50.536978,pending,22646,VA,VISA 13 digit
372824c3-b98e-473e-8273-ce8f250e5a98,Katrina Thompson,67747283,5,8,40,2024-04-01 18:17:34.446195,shipped,24438,VA,Maestro
c3acc393-b724-4e14-b1e8-950425237567,Lawrence Ray,22559784,4,9,36,2024-01-29 11:20:50.616479,pending,23220,VA,Discover
d097c526-60af-4695-b315-8b4e5c1ae382,Jackie Brown,23086234,17,2,34,2024-01-07 06:03:24.572454,delivered,23384,VA,American Express
3579c810-668b-4f77-8d85-29afb9d4428c,Renee Morris,41914731,72,6,432,2024-06-20 08:34:48.411509,shipped,24549,VA,VISA 16 digit
fbe1af8b-e421-4db4-b934-011999d153b1,Kara Collins,42737117,45,2,90,2024-06-17 09:07:22.444136,pending,23464,VA,VISA 16 digit
5185feac-58df-4081-a82b-a4dfa7ccaf24,Rita Ford,27693919,11,8,88,2024-02-18 00:50:21.279366,pending,22353,VA,Mastercard
78a05ea9-7878-401a-8795-3968f33a796a,William Brown,68511456,92,8,736,2024-01-25 09:21:40.465822,delivered,23109,VA,Diners Club / Carte Blanche
2aa2b548-0085-4f94-9858-2efd2daa7995,Robert Robbins,66642893,48,1,48,2024-06-10 18:02:25.905271,delivered,24139,VA,JCB 16 digit
b5186f3e-9455-463c-87d8-4dc853f85f03,Cynthia Turner,75507817,60,9,540,2024-02-03 04:24:25.858765,delivered,22977,VA,Mastercard
bfe6b82e-82c0-4ab2-911b-3dba24e793a7,Keith Brown,25421965,84,7,588,2024-05-23 15:20:36.800916,shipped,23508,VA,VISA 19 digit
0658a75f-6737-4d60-b68d-b255fb1b7bfe,Amy Collins,22524683,84,4,336,2024-09-06 20:45:09.821217,pending,23988,VA,VISA 16 digit
dc5d70a1-5ea5-4a80-85a4-47d86e6ccc86,Clayton Smith,86124782,64,4,256,2024-04-27 15:16:47.945937,delivered,23065,VA,American Express
f92d90d8-0151-48e3-ad13-218bfae9128c,John Gomez,22657527,32,4,128,2024-01-16 02:11:33.382635,shipped,23929,VA,VISA 16 digit
721b83dc-80e9-43a3-8f47-c0201c552a21,Julia Webb,53941794,85,1,85,2024-02-22 07:30:05.183067,delivered,24275,VA,VISA 16 digit
38bce3ee-06fe-412a-b359-fdbe7063388c,Melissa Mccann,09667280,91,8,728,2024-08-02 03:15:45.281186,delivered,23253,VA,Mastercard
646c3006-589d-424e-9bdf-207604b87a33,Juan Pollard,18289022,89,9,801,2024-08-22 13:08:24.867677,delivered,23552,VA,VISA 13 digit
716414e3-82ed-47f4-b6c0-dd2a2ddcf98b,Jamie Austin,23505155,19,1,19,2024-01-19 09:05:46.446751,pending,22646,VA,VISA 13 digit
8ccb5fad-92f6-41fa-afdc-a892cd89c787,Renee Davis,76571466,16,1,16,2024-06-14 13:20:47.533354,pending,22384,VA,VISA 13 digit
ba3bc973-5774-4583-af6b-82adb6b14c2e,Devin Calderon,28899518,9,6,54,2024-08-15 04:54:58.847163,shipped,22625,VA,JCB 15 digit
c91a62f5-2561-4e15-9ea4-929b4d4e33b9,Jackie Brown,54345232,26,10,260,2024-03-17 11:08:58.074590,shipped,23384,VA,American Express
8a0aa87d-8341-4e8e-bdca-191dc5291e86,Courtney Craig,19104171,94,7,658,2024-08-03 09:02:55.061532,delivered,24108,VA,VISA 13 digit
90556c97-bb8a-44e9-b828-24cd30a5b095,Kimberly Anderson,30471887,7,6,42,2024-03-30 18:24:08.148992,delivered,24622,VA,JCB 16 digit
c7d97790-97a0-47a0-be37-d80a2f64bf63,Kimberly Anderson,03690390,46,1,46,2024-02-20 18:20:51.258135,shipped,24622,VA,JCB 16 digit
d74aab4a-cd57-44f1-af51-be83f0fcf692,Tom Rodriguez,41838853,22,5,110,2024-05-23 14:58:40.636342,pending,24334,VA,American Express
350562d8-4ecf-4604-a50f-db7ac36eefc3,Jackie Brown,31235044,92,3,276,2024-06-29 13:16:14.044504,shipped,23384,VA,American Express
37418355-83c7-4cb1-b2e7-172ab8f0625c,Jessica Curtis,13061838,38,5,190,2024-03-09 21:48:40.971215,shipped,22654,VA,VISA 16 digit
482c17f3-8699-49d0-9ee8-3b41b9658875,Tara Lynch,37631833,94,3,282,2024-04-16 14:09:36.682984,pending,24354,VA,VISA 13 digit
463b66c2-3195-498a-b28b-bddb57b08431,Martin Peters,15721303,50,4,200,2024-09-01 20:24:27.119707,pending,23360,VA,JCB 16 digit
35c84436-7def-4833-adda-318ba79774bf,Ashley Gonzalez,60787217,60,1,60,2024-05-22 02:02:44.358375,pending,24068,VA,Diners Club / Carte Blanche
8ed919af-4615-4f85-a121-e0cdcaa435c7,Sharon Frye,37901165,46,5,230,2024-01-24 07:06:10.840497,shipped,23082,VA,JCB 16 digit
e4f3ed33-4bcf-4504-bcc4-3b88d8ccbdcf,Devin Calderon,31773683,11,9,99,2024-05-08 11:43:42.012491,delivered,22625,VA,JCB 15 digit
619cc6ad-5417-458e-a376-3d311d4e059c,Gabriela Young MD,47986534,96,10,960,2024-07-01 03:32:36.034011,pending,23143,VA,JCB 16 digit
d945586d-385f-4e62-a3bf-47a99ce1941d,Nicole Higgins,08841247,82,5,410,2024-01-05 04:27:22.922433,pending,23688,VA,JCB 16 digit
e3a7b822-a51f-406b-beac-b1778e5495fd,Victoria Frey,92499980,45,5,225,2024-05-04 03:40:58.292786,pending,23495,VA,Discover
8bb285b2-515c-4394-9a01-76ead933f661,James Gallagher,73458609,67,9,603,2024-02-23 23:36:43.654781,pending,22851,VA,Discover
b52d3bb8-6552-40f3-9df2-87195124f33e,Sharon Frye,83672521,75,8,600,2024-02-24 05:38:04.744846,shipped,23082,VA,JCB 16 digit
04726e46-3b47-486e-a0b3-c9ee7584258d,Kyle Kelly,45990113,56,9,504,2024-03-21 09:35:11.108958,shipped,22590,VA,American Express
c8c096d5-0c9c-458c-93e5-8c4c67734342,Kaitlyn Hutchinson,77484284,11,8,88,2024-04-17 18:20:06.176327,delivered,24317,VA,JCB 16 digit
3fb87226-e252-450d-9047-938e6d7072cf,Renee Morris,74563951,34,3,102,2024-02-29 23:37:40.653580,shipped,24549,VA,VISA 16 digit
d0b2e7b8-fa72-4828-8a05-242d2d86b989,Sandra Torres,83903830,52,9,468,2024-02-25 00:21:42.235465,pending,22371,VA,JCB 16 digit
077026a9-ef6d-4e12-99d7-3be309b6dd4c,Stephanie Cole,57225654,4,7,28,2024-09-04 08:14:12.304100,pending,23171,VA,VISA 19 digit
5b5a1c12-a8f2-48fc-aac9-1b119f4bd39d,Jill Weiss,52206405,69,5,345,2024-04-02 14:16:28.123586,shipped,23644,VA,VISA 13 digit
85e795b2-fb8d-4bfc-88f1-2e140ae24688,Madison Alvarado,75257354,59,8,472,2024-07-08 11:35:00.091784,pending,22505,VA,VISA 19 digit
2c11c0b0-b147-45cb-a4e3-47662ac2774f,Daniel Morgan,35124047,77,6,462,2024-07-18 20:10:38.895870,delivered,22743,VA,American Express
5045a1d0-958e-4e4b-aa01-f2f6693d2c88,Amy Collins,10450475,91,2,182,2024-04-22 16:33:07.513882,shipped,23988,VA,VISA 16 digit
b11a0c4b-692f-4ea9-a820-5fec013e219f,Jessica Moore,93212564,62,9,558,2024-08-09 10:54:47.589005,shipped,23030,VA,JCB 16 digit
01f8e2a3-543a-459f-b54b-9e0bcef47b8d,Pamela Gonzales,71624204,18,9,162,2024-02-19 11:47:07.894735,delivered,22699,VA,VISA 19 digit
9f696161-22d7-4872-9221-9235de564529,Nathan Curtis,80713432,71,3,213,2024-04-14 08:00:36.398185,shipped,23460,VA,Maestro
e80068c4-b378-4dba-a936-78f27139abbe,Marissa Parker,67754069,3,6,18,2024-08-16 06:11:43.244976,delivered,22613,VA,VISA 19 digit
550b0309-3f42-4e75-97a1-63d34578ee86,Clayton Smith,76741333,80,6,480,2024-09-02 14:54:25.218653,pending,23065,VA,American Express
b27ce306-0761-4e5b-bf3a-69b0afa1587c,Melissa Green,89442487,59,6,354,2024-02-21 01:27:02.200880,pending,22916,VA,Discover
6d14bffb-e1af-452b-95dc-65e33813d041,Renee Davis,19615943,6,2,12,2024-07-24 05:18:42.014210,pending,22384,VA,VISA 13 digit
3e41c750-6081-4dc7-a343-b92a0188993a,Clayton Carson,68363130,85,10,850,2024-01-15 09:55:44.790491,pending,23191,VA,Maestro
1fa712b1-0c22-487e-85c5-45927b625ace,Curtis Johnson,40759296,97,3,291,2024-06-28 22:24:12.223050,delivered,22778,VA,VISA 16 digit
f471950f-8461-4e5f-976b-6e77bf7ed712,Tara Lynch,37079307,81,9,729,2024-02-06 10:26:25.022371,pending,24354,VA,VISA 13 digit
419511df-380c-4d0b-a9c5-82151f036bfa,Daniel Morgan,30756618,18,7,126,2024-06-03 14:06:51.734262,pending,22743,VA,American Express
2315d948-5eda-4ff6-9402-b9f593185877,Ryan Taylor,38002595,42,1,42,2024-07-18 16:17:04.472116,delivered,23384,VA,Discover
78decb6d-65e5-49ac-a96e-5f0245c4752a,Tom Rodriguez,81132263,50,2,100,2024-03-16 19:21:05.524049,pending,24334,VA,American Express
0c16687c-5c48-40dd-bd71-e982e871d867,Jeremy Wood,10050880,95,8,760,2024-06-16 04:37:05.283389,delivered,23188,VA,Maestro
0d9234fc-0b80-409d-a9ca-44e5d36d4d51,Anna Allen,40660721,48,5,240,2024-02-24 14:52:57.554090,delivered,22305,VA,JCB 16 digit
92677825-5a6f-4643-8117-094a11b91533,Jessica Moore,43409280,82,1,82,2024-05-23 04:01:20.860987,pending,23030,VA,JCB 16 digit
7fd18c23-a6f5-49e7-8ffa-a58a71a42985,Jessica Houston,80362616,21,7,147,2024-07-04 15:17:03.482998,pending,24609,VA,VISA 16 digit
0effe429-0732-45e8-8a65-9112d7dd3909,Melissa Green,48878920,83,4,332,2024-07-01 11:18:02.627863,pending,22916,VA,Discover
c8d3cabc-44db-4e77-9773-1dcf6aab6faf,Pamela Gonzales,36139743,87,9,783,2024-03-31 22:25:23.083928,shipped,22699,VA,VISA 19 digit
d199402e-ac53-411c-9a8a-150685163c37,Eric Stewart,93462778,39,9,351,2024-01-12 17:53:20.533571,delivered,23690,VA,JCB 15 digit
e050611f-3a2c-4f3b-b64c-c0335f6764db,Victoria Frey,90659966,53,5,265,2024-08-02 18:27:53.578785,delivered,23495,VA,Discover
55587d17-5600-472a-af78-60df0f4d8acf,Christopher Bates,47350458,72,6,432,2024-05-22 22:11:47.551228,delivered,23830,VA,JCB 16 digit
40d2c980-6f43-4837-8a2a-4f84b977769d,Eric Mills,31918824,7,10,70,2024-04-23 19:45:22.883110,pending,23526,VA,JCB 16 digit
51c3bfcc-ae98-496e-9077-f9483d89fb08,Kara Collins,13061043,18,4,72,2024-08-13 07:27:51.216362,shipped,23464,VA,VISA 16 digit
695bb859-ec06-4011-9414-349d9e1b2cea,Sharon Wilson,50034284,94,4,376,2024-08-31 09:28:58.833905,delivered,22117,VA,VISA 16 digit
f3a4aa13-6fcb-4dfc-a706-2d74af5f0480,Brittany Smith,22086945,62,4,248,2024-06-21 12:44:32.657610,pending,22337,VA,VISA 16 digit
fd8c2542-b71e-4d0a-bdc9-7da7bc8c8aab,Lynn Brown,25421965,84,9,756,2024-01-05 13:44:30.563646,shipped,22854,VA,JCB 15 digit
387ded6e-4215-4c30-adbc-c3138d72640f,Daniel Morgan,14147876,98,9,882,2024-01-19 22:18:01.745189,pending,22743,VA,American Express
cc815eaa-f1ae-4489-9668-11b7bae04b10,Robert Robbins,07838804,97,4,388,2024-04-06 12:26:07.259098,delivered,24139,VA,JCB 16 digit
22516533-8b22-4211-b214-b6022b0abb14,Kyle Kelly,53030375,81,8,648,2024-01-24 08:13:12.141594,pending,22590,VA,American Express
90d0f204-4505-4308-9205-8a60e53d5cf5,Dawn Clark,33372204,69,5,345,2024-06-17 01:53:36.588769,shipped,23816,VA,VISA 16 digit
26d32e9a-d1b3-4cf1-8b11-a25633719648,Julia Webb,75846817,61,3,183,2024-02-20 20:05:41.270575,shipped,24275,VA,VISA 16 digit
43994896-ce02-4d54-b560-4031d31f1ff9,Eric Mills,54890657,6,5,30,2024-07-03 21:29:59.808487,pending,23526,VA,JCB 16 digit
18690133-95f8-465f-945b-0e4984b800d1,Rebecca Wells,46623232,21,8,168,2024-06-18 01:10:03.920182,delivered,22734,VA,VISA 16 digit
30b757cf-91eb-4049-b192-db6263913185,Jill Weiss,40345093,70,4,280,2024-05-10 08:27:32.956433,shipped,23644,VA,VISA 13 digit
6c6c758d-f0bf-483c-b50f-39097c26163b,Mrs. Megan Holmes,18078619,70,5,350,2024-03-25 14:00:07.007225,delivered,23388,VA,JCB 16 digit
2d0b22fd-660b-45a7-8ad5-d27926fb011c,Charles Reyes,64818986,12,7,84,2024-04-08 02:45:06.912850,delivered,24241,VA,Mastercard
3d4922e0-1a88-4a62-bbb0-cf1b13fac95b,Philip Lara,98414277,66,4,264,2024-02-07 00:04:02.171857,delivered,23455,VA,JCB 15 digit
de171595-6b81-4b3d-b9a2-385128f5c714,Julie Holmes,90178559,61,10,610,2024-03-09 08:57:59.116639,delivered,22088,VA,Discover
84fcb15e-a82b-4db6-9819-5ef9a4529cc0,Kara Collins,27293959,94,1,94,2024-05-17 09:40:51.390126,pending,23464,VA,VISA 16 digit
d7d9c373-d1aa-487e-bcfe-2d944cba23db,Renee Davis,45990113,56,10,560,2024-06-05 04:19:59.921571,pending,22384,VA,VISA 13 digit
8d59cf74-b6a0-4125-a252-bc329f23bbc4,Kyle Kelly,91948359,91,9,819,2024-03-19 18:58:31.606746,pending,22590,VA,American Express
52524677-40fd-46cd-b6ad-f8f39a903b51,Jerry Burnett,09667280,91,4,364,2024-01-29 22:55:00.193836,pending,24032,VA,American Express
dcca527d-d480-4455-bd8a-8f9903c882ed,Rebecca Wells,01060171,27,6,162,2024-02-16 11:54:41.225987,delivered,22734,VA,VISA 16 digit
1bf780f5-7ebb-489d-a7f8-500c145f8446,Rita Ford,54929814,6,3,18,2024-08-16 20:39:17.083783,shipped,22353,VA,Mastercard
6e16a869-70f0-4526-b57c-7537e3ac46b1,Ashley Gonzalez,02328003,85,10,850,2024-05-28 00:13:08.017821,pending,24068,VA,Diners Club / Carte Blanche
07a83388-3b98-4026-b577-fdc408dfea21,Martin Peters,24670074,16,3,48,2024-08-30 13:49:14.531469,shipped,23360,VA,JCB 16 digit
7725dc47-6651-44c7-8dcd-ce15d374d306,Eric Mills,70323191,52,3,156,2024-07-09 11:25:34.190300,pending,23526,VA,JCB 16 digit
6134202d-02fb-4bb2-bf0c-f245421647a3,Jacob Rollins,24478960,99,6,594,2024-02-21 03:02:14.027647,shipped,22772,VA,JCB 16 digit
903a5b10-1c84-4fde-82d4-3fd99eff883a,Jackie Smith,01624274,91,3,273,2024-05-12 23:26:44.932585,shipped,23685,VA,Discover
2f317557-30b3-4469-a566-648eb39170d3,Curtis Johnson,66330752,82,8,656,2024-06-06 12:55:46.569284,delivered,22778,VA,VISA 16 digit
49c99d4f-95c6-4216-b0bf-368612688bfd,Michael Reed,78177321,20,1,20,2024-08-28 07:28:49.343235,delivered,24176,VA,JCB 15 digit
5793fa11-8af8-4088-b0f2-845c408b1583,Paul Dawson,95212791,1,10,10,2024-01-24 22:41:14.965765,delivered,23782,VA,American Express
f1c0ac52-f837-4d29-a0d7-96690ed06634,Brian Cowan,00947725,92,9,828,2024-02-27 04:46:12.242435,pending,22246,VA,VISA 16 digit
bb1d414d-be79-44a9-b661-9a3725ed3fc8,Courtney Craig,09086586,50,8,400,2024-05-11 06:44:16.622915,pending,24108,VA,VISA 13 digit
dd168eaf-0a93-41fc-92eb-e32f6c63e29f,Sharon Frye,50277711,45,3,135,2024-05-05 08:55:02.774409,pending,23082,VA,JCB 16 digit
3bf5bd18-ca0e-4796-8db6-1c7ee6ad43df,Nicole Higgins,13179731,93,6,558,2024-02-29 13:51:40.034572,pending,23688,VA,JCB 16 digit
609073a4-df2c-4f4c-85a8-678c21dd94cb,Keith Brown,41838853,22,5,110,2024-09-02 19:07:59.565737,delivered,23508,VA,VISA 19 digit
ed814df0-5c6e-4c9c-9edb-153fc014185f,Matthew Allen,46599193,49,2,98,2024-07-20 10:52:23.791644,shipped,23725,VA,JCB 16 digit
98bdd7d2-27f9-41f6-90ed-212422abd55c,William Brown,31714778,24,5,120,2024-03-23 00:57:16.338139,shipped,23109,VA,Diners Club / Carte Blanche
c553243a-117c-4cb9-b03c-483638085518,Robert Robbins,41743492,8,5,40,2024-02-24 06:47:33.861456,delivered,24139,VA,JCB 16 digit
4270a1e5-9321-4bfe-9fbd-66173795ac55,Rachel Barnes,75055035,87,3,261,2024-01-31 04:30:18.203749,pending,22409,VA,Maestro
8a8c48e8-226f-4042-a130-29c0649dcac9,Jessica Moore,12105137,16,3,48,2024-05-20 05:23:51.680554,shipped,23030,VA,JCB 16 digit
64afddac-6c82-469e-821d-adc28d6eb288,Clayton Carson,50066698,57,1,57,2024-01-08 15:58:18.083875,pending,23191,VA,Maestro
6d262148-6c35-4094-8966-c9ec8af0a297,Tonya Ward,15116055,38,8,304,2024-08-14 18:15:21.215700,shipped,22447,VA,JCB 15 digit
70ad9299-f0ab-472e-91a7-231d771e0bdf,Kendra Davis,80323884,92,7,644,2024-04-04 03:36:29.213907,shipped,24380,VA,VISA 13 digit
e94cf8c4-49c7-40c0-960f-fac0de36e6cf,Monique Palmer,52204920,42,2,84,2024-01-21 14:04:24.292385,delivered,24615,VA,VISA 13 digit
fa834f1e-58dd-4032-bc00-d18b8ff0153a,Mrs. Megan Holmes,71008745,2,6,12,2024-03-14 07:04:09.132359,shipped,23388,VA,JCB 16 digit
1970a5ee-0e3c-4413-8292-3cf5273f2c5d,Thomas Phillips,45359187,47,5,235,2024-09-07 12:39:15.267940,delivered,23629,VA,JCB 16 digit
3452c779-8ba3-48f8-aaf9-f2f82cdef609,Victoria Frey,13151560,35,9,315,2024-02-19 14:27:41.996017,pending,23495,VA,Discover
1f0c10a6-6683-455a-882d-803ade0e284e,Mark Smith,33594989,8,3,24,2024-07-05 02:24:31.840746,pending,22240,VA,JCB 16 digit
dd7f7cfe-2c88-44b5-bde5-fe60239a041c,Brittany Smith,96949542,80,5,400,2024-08-13 14:38:52.746699,shipped,22337,VA,VISA 16 digit
ad52d4de-4186-48e4-ade6-12bd635cc59c,Mary Greer,05903856,78,7,546,2024-01-23 16:50:47.060343,shipped,24598,VA,VISA 16 digit
7822fbf9-ff74-4e71-8ef8-37021e8267bd,Katrina Thompson,42295808,50,10,500,2024-07-12 18:11:09.907265,pending,24438,VA,Maestro
e066ba9f-65ea-441f-9450-ceb97cf65ac0,Adam Waller,16378971,82,10,820,2024-01-31 09:26:41.596144,shipped,22233,VA,JCB 16 digit
ab328258-f4cf-4283-8c1d-47a005ef3111,Melissa Green,46047755,51,10,510,2024-05-16 14:19:03.560754,pending,22916,VA,Discover
a71534f3-382f-44e4-b61e-874758336f18,Sharon Wilson,21897122,20,5,100,2024-03-06 17:30:46.684934,pending,22117,VA,VISA 16 digit
f15b27a1-faee-4241-a6af-b6939335a465,Rita Ford,05887194,47,6,282,2024-02-23 19:34:59.828192,pending,22353,VA,Mastercard
df626d82-d2b5-4e44-ae58-518f1e32f177,Mark Smith,36881925,30,8,240,2024-01-26 17:24:50.598670,shipped,22240,VA,JCB 16 digit
45bcf499-df82-4763-9fb2-cd0eb9db4f9d,Bobby Sullivan,21119620,83,10,830,2024-06-16 04:36:01.745167,delivered,24118,VA,VISA 19 digit
ce2182d5-5c76-4b58-909d-fc44bc16f075,Jackie Smith,78225206,31,7,217,2024-05-17 14:26:11.993653,shipped,23685,VA,Discover
e0872d13-3593-4693-8298-e218946c9e06,Lynn Brown,63197655,89,3,267,2024-06-12 10:07:47.408641,shipped,22854,VA,JCB 15 digit
0b7221b8-6c81-4774-981a-e3ff946c2ef2,Walter Hamilton,58084281,7,4,28,2024-06-09 00:27:16.911531,shipped,23154,VA,JCB 15 digit
34de70a1-2152-40ff-af8f-959389bffd7c,Devin Calderon,54203228,92,1,92,2024-02-27 17:11:00.642190,shipped,22625,VA,JCB 15 digit
2bb5ed09-9a0b-480e-8629-c1dbdaca2a59,Brian Cowan,40660721,48,4,192,2024-01-22 07:26:47.475816,delivered,22246,VA,VISA 16 digit
bbafc73e-14cc-40e8-b8bd-a6530b12b23a,Anna Allen,00532075,7,2,14,2024-05-09 19:56:53.734707,pending,22305,VA,JCB 16 digit
9d747788-d9cf-414e-9bc3-1162c79a5593,Jason Hall,05765690,35,3,105,2024-04-08 11:05:40.563811,delivered,22646,VA,VISA 19 digit
7cd7d0b0-2a09-40a7-9a3e-c3cb3257bb81,Jonathan Harper,05281770,2,3,6,2024-02-15 20:47:45.872500,shipped,24035,VA,JCB 16 digit
fc428c7a-e712-4e1e-ae5c-ad583bb8c136,Devin Calderon,02381695,43,7,301,2024-05-10 21:34:51.903830,pending,22625,VA,JCB 15 digit
56a299a9-d340-4061-84b7-852cd387bfee,Rebecca Wells,91948359,91,4,364,2024-04-29 11:14:31.728876,delivered,22734,VA,VISA 16 digit
b2ee063b-8d6e-49ee-b5bf-f531cfb0995c,Jessica Moore,51794682,74,8,592,2024-04-26 12:38:40.255491,pending,23030,VA,JCB 16 digit
21b788a3-2490-4623-98f8-481aa2c2db95,Amy Petty,21128110,38,1,38,2024-01-04 15:48:28.175822,delivered,23130,VA,Discover
a3fe69f1-6370-451c-8057-473cc4fa9b16,Renee Morris,54929814,6,7,42,2024-03-18 14:47:59.454861,pending,24549,VA,VISA 16 digit
c92551e6-a1b1-404a-b515-d09ffd34f9e4,Sharon Frye,37853990,46,6,276,2024-03-12 00:59:05.081683,delivered,23082,VA,JCB 16 digit
23dcd9ff-0d76-40c9-a601-b74e0ab339b6,Nathan Curtis,32396980,24,4,96,2024-05-15 21:39:02.360552,pending,23460,VA,Maestro
bf510dcc-a6d5-4690-8ceb-fd536471979d,James Gallagher,73151104,51,10,510,2024-07-20 12:32:59.269494,pending,22851,VA,Discover
12961895-ebab-49ae-9ebd-69bfcb7e75d2,Tara Lynch,84381484,82,2,164,2024-01-13 15:37:15.420915,delivered,24354,VA,VISA 13 digit
fdbb8403-7b7f-42ce-90f1-4b7099d9a242,Philip Lara,17174275,43,1,43,2024-06-24 17:51:25.106681,delivered,23455,VA,JCB 15 digit
c781592f-4ef3-44df-8a47-2cb6aa049ab4,Renee Davis,41743492,8,6,48,2024-01-18 03:40:09.239309,shipped,22384,VA,VISA 13 digit
6e08a479-05f8-4cd0-89b5-6442e438172e,Theodore Williams,56149531,70,7,490,2024-05-01 09:15:28.627778,pending,22547,VA,Maestro
4d298bd0-c45e-4998-9ca5-afda05c2b84a,Lisa Sullivan,84295569,81,8,648,2024-05-11 02:56:35.255058,pending,23575,VA,American Express
004b7371-831a-4b30-b977-0190a8425d46,Jason Hall,68433376,19,10,190,2024-07-28 17:07:16.703742,shipped,22646,VA,VISA 19 digit
28ed4e41-c3f3-42ee-b5db-1f249f4dbd01,Brian Cowan,25341973,79,8,632,2024-09-03 23:11:49.917344,pending,22246,VA,VISA 16 digit
6cf63267-00f9-4209-a168-1fad2a94113b,Martin Peters,80526988,11,4,44,2024-08-14 21:33:34.361805,delivered,23360,VA,JCB 16 digit
6db6bbea-3e15-47c4-9b69-2f50b680987a,Jessica Curtis,05891566,75,7,525,2024-08-31 20:23:13.645735,delivered,22654,VA,VISA 16 digit
8242c93b-ee92-4024-8560-ded074862650,Gabriela Young MD,95549491,90,2,180,2024-02-06 05:30:48.655354,shipped,23143,VA,JCB 16 digit
a6740656-4c64-4e17-ae54-83c588d54a11,Tanya Ruiz,65536360,16,6,96,2024-03-21 17:39:26.896921,shipped,23168,VA,American Express
eb716213-2b51-442a-9336-5716aa8838c7,William Brown,24915106,94,3,282,2024-04-28 15:29:16.255086,pending,23109,VA,Diners Club / Carte Blanche
f8c68c8f-2c68-449d-b740-3c915a6793a9,Pamela Gonzales,89562956,76,6,456,2024-06-16 10:34:51.188835,pending,22699,VA,VISA 19 digit
9415556a-c836-4be7-b537-0b72e8251652,Lindsay Schroeder,00133319,53,4,212,2024-07-06 07:13:54.864518,shipped,23882,VA,Mastercard
