c020dbea-842c-45b1-9688-2939c61a23af,Dr. Elizabeth Cortez MD,27646076,2,8,16,2024-02-11 23:59:58.801204,pending,33799,FL,VISA 16 digit
47de4891-3a8b-4323-ba67-0d3b34ab009a,Andrew Strickland,34339800,12,4,48,2024-03-10 00:53:56.217731,shipped,33781,FL,Diners Club / Carte Blanche
db4b2ee8-5615-4972-97ee-4f3a512ef884,Jennifer Stanley,27884720,88,9,792,2024-04-07 04:22:47.561200,pending,34704,FL,VISA 13 digit
a6d3aece-dfeb-4577-8390-a77423151d90,Monica Fields,29911714,25,3,75,2024-05-14 20:49:32.804324,shipped,34478,FL,Mastercard
13b2a9b0-3146-46ff-877b-ac0c806fffa1,Cory Jones,52204920,42,8,336,2024-03-05 07:47:39.447298,pending,32846,FL,Mastercard
4b91f29c-73d6-42ce-bc3a-f9d4d0d2da9e,Jonathan Andersen,45303715,53,3,159,2024-01-23 12:38:31.294267,pending,32614,FL,Maestro
8116d88c-dfbd-4b1e-91ed-537b6f78990e,Joel Ellison,13061838,38,10,380,2024-03-15 03:38:56.793620,shipped,34208,FL,VISA 16 digit
5012b130-e7e5-4716-b35e-b14a1bfa94f0,Jenny Owens,68206659,42,10,420,2024-07-15 18:59:24.954744,delivered,33771,FL,JCB 16 digit
bad367e9-c94a-415b-b7cd-f39ab26ff7a1,Laurie Evans,95212791,1,2,2,2024-01-11 23:43:39.526024,delivered,34178,FL,Maestro
c5c516c4-2487-47df-99ab-ed88c8cdf11b,Stephen Richards,99791445,86,9,774,2024-01-10 07:16:04.049895,delivered,34888,FL,JCB 16 digit
b9564ba3-3963-4797-ac07-4d6dff90f682,Jamie Boyd,40120263,33,7,231,2024-01-13 09:55:08.230915,pending,32148,FL,VISA 19 digit
d4e5f758-0e6e-4f8d-b460-0b6839613d8f,Barry Valdez,11149415,73,6,438,2024-03-21 00:14:43.063953,delivered,34816,FL,VISA 16 digit
8fbf4b2a-e869-4ab5-aa6e-e1f176051d56,Barbara Simmons,95264523,67,5,335,2024-03-12 04:07:12.339840,shipped,32354,FL,American Express
2cbcdbfb-9630-4a20-8e56-42cb1dd63612,Stacy Phillips,27754672,35,10,350,2024-08-06 19:38:25.659443,shipped,32424,FL,JCB 16 digit
5f01ebd1-27bf-4894-b832-80f89ff3a84c,Gene Torres,19463940,65,1,65,2024-05-17 01:46:38.616196,delivered,34734,FL,VISA 13 digit
52531095-ef67-4395-a780-3b84d475ec40,Kimberly Cox,55963985,43,7,301,2024-03-12 18:10:31.766347,delivered,34937,FL,JCB 16 digit
f7ed613a-9d2d-4341-a9ad-3618efa3acfc,Samantha Carlson,50528134,81,7,567,2024-05-23 16:56:03.840001,shipped,34596,FL,Discover
0c70376b-aa01-4a61-a1b8-7d1b1c91c448,Catherine Cross,56877168,51,10,510,2024-02-27 13:32:01.991312,delivered,32727,FL,JCB 16 digit
952ada02-42e1-48b5-9153-ec962b2d933e,Clayton Edwards,49419498,23,10,230,2024-08-31 04:35:16.504835,delivered,33435,FL,American Express
01d0bfdc-9cb7-4dd9-af0d-af2c09504eea,Teresa Fuller,46300195,41,1,41,2024-07-02 00:52:54.424793,shipped,34228,FL,Discover
88af26f1-4d54-4d9e-a3bf-d4f9b51cfb7a,Betty Jones,05887194,47,3,141,2024-07-11 16:04:53.220884,delivered,34029,FL,VISA 13 digit
211651e4-71c7-42b7-986d-2183dec5393a,Samuel Aguilar,20460075,90,9,810,2024-06-27 10:25:30.065013,shipped,33424,FL,Discover
7252fb9d-070e-4e06-8b7d-621dc0ecc92c,April Mcconnell,21128110,38,9,342,2024-06-29 00:55:05.088316,shipped,33183,FL,JCB 16 digit
a8193f7d-94d1-482d-a5a8-22dc2d39dbe2,Amanda Kelley,58994382,29,7,203,2024-03-23 02:01:31.430843,pending,33700,FL,Diners Club / Carte Blanche
4ab138b9-ba2f-406a-b2b1-36d8f0444341,Corey Bishop,21411557,37,10,370,2024-05-03 08:01:07.282600,pending,33029,FL,VISA 16 digit
a4731cac-8a72-45db-a066-577aca7ba35a,Gina Johnson,45208539,63,3,189,2024-07-11 03:13:12.190831,shipped,34278,FL,American Express
f8aaaac3-a63c-474f-8c22-cae8f27deff2,Derek Hinton,88283210,31,7,217,2024-03-13 20:49:27.408568,pending,34579,FL,JCB 15 digit
656dc8c1-4eee-4acc-a719-6308b569d290,Brenda Jones,62276696,54,2,108,2024-03-22 18:53:18.571049,delivered,34339,FL,JCB 16 digit
61198574-6b22-40fe-b5c2-6d01e49b8384,Cameron Pope,00947725,92,6,552,2024-05-04 05:25:54.876173,pending,33509,FL,JCB 15 digit
aeb83763-a085-4834-bd6f-52c0db5edce7,April Simpson DVM,98457434,38,10,380,2024-06-22 03:40:37.227479,delivered,34346,FL,American Express
b5f87687-43c4-4c8a-8c43-3b0e2fecf46b,Kevin Davis,24478960,99,1,99,2024-04-08 01:50:26.191022,delivered,34910,FL,Diners Club / Carte Blanche
c0095999-2b60-4b33-8342-4dea2243f193,Stephanie Barrett,23199484,38,4,152,2024-07-11 04:59:45.531573,shipped,32697,FL,Maestro
56a735ad-4cc8-4a30-9c86-c670eb202bca,Andrew Becker,18986211,24,6,144,2024-01-27 02:57:01.066420,shipped,33469,FL,Maestro
7d477a66-16e1-44f8-9b63-f179f9e48af2,Christy Bryan,08944856,95,10,950,2024-03-18 19:06:47.184791,shipped,34041,FL,VISA 19 digit
0ce0ca48-417e-4f87-9593-bba3930dc590,Nathan Rogers,57383071,12,4,48,2024-05-14 03:45:20.158257,pending,34396,FL,American Express
c21d4ab3-0d45-443c-a26d-57435de8b60a,Wayne Leach,88956565,33,3,99,2024-09-04 22:15:35.866611,shipped,34092,FL,Diners Club / Carte Blanche
b994a444-4912-44e5-b11e-42f74f30e612,Kyle Byrd,24463393,88,6,528,2024-06-25 08:45:47.448255,pending,34688,FL,JCB 15 digit
3d854604-659d-4b1e-9889-1efaf613da97,William Ball,52412943,47,7,329,2024-04-21 10:41:23.576563,pending,32890,FL,VISA 16 digit
f0af0e21-8b2c-4cf3-a137-edc628f3482b,Dr. Scott Craig,29609239,59,10,590,2024-05-26 18:11:46.880267,pending,32726,FL,American Express
d70f6fca-9fd4-4486-8da8-342edd012e4c,Jordan Knight,16981652,89,5,445,2024-05-11 05:36:18.352334,pending,33572,FL,JCB 16 digit
a85d5c79-1e0f-4f9a-9f36-6e3867eec3d5,Lauren Adams,85153660,91,2,182,2024-03-02 06:14:13.654218,delivered,33249,FL,JCB 15 digit
9b40795f-5b58-4ae7-966f-2906941fbabd,Jennifer Stanley,06918538,61,10,610,2024-06-26 01:47:08.888964,delivered,34704,FL,VISA 13 digit
db97fc22-7b96-496e-b3ee-76fd7f1ea39b,Kyle Byrd,95496092,80,7,560,2024-02-20 01:27:09.515167,delivered,34688,FL,JCB 15 digit
ce5b3f03-2f96-4e0b-a893-dac85120cf53,Andrew Becker,98352470,97,2,194,2024-03-09 01:28:25.839197,delivered,33469,FL,Maestro
4a995335-adb9-4a10-bfb6-9237fd1cf334,Jenny Owens,04590750,51,7,357,2024-05-14 07:04:31.208223,pending,33771,FL,JCB 16 digit
7c24a9f8-e04a-4617-aee4-ebff84706cbf,Tyler Hill,38002595,42,2,84,2024-01-12 07:16:30.574572,shipped,34863,FL,VISA 13 digit
8df1ee95-8a7b-41d8-8ee7-c7da90d81aea,April Simpson DVM,33186610,95,9,855,2024-07-31 06:58:39.883877,shipped,34346,FL,American Express
1651d910-2d78-4f73-8815-e6082b2ccfe3,Derek Hinton,57970998,70,6,420,2024-01-12 00:16:21.534722,delivered,34579,FL,JCB 15 digit
b678a62e-60d7-41cf-b735-1e9954f12a7f,Cory Jones,12321377,32,6,192,2024-02-25 03:29:36.169148,shipped,32846,FL,Mastercard
5626dfc3-4271-4943-97a6-7ead8d183577,Micheal Lucero,40155463,95,7,665,2024-08-05 14:01:30.434858,pending,34885,FL,JCB 16 digit
cb6597c8-5ab7-4b8d-8163-4bc37ffc4327,Betty Jones,64573724,20,10,200,2024-08-13 08:18:15.050948,shipped,34029,FL,VISA 13 digit
b4511886-bd0d-4e10-82e2-91f6797a0ec6,Linda Mitchell,30756618,18,4,72,2024-05-17 06:52:20.663256,delivered,33540,FL,Mastercard
a5188646-9f8d-4f2a-b883-d5589784d416,Lauren Adams,16443280,33,7,231,2024-08-04 23:42:34.019872,pending,33249,FL,JCB 15 digit
4280c607-a0d8-4f08-93bf-e98e55f1ac06,Wendy Gregory,16548947,13,5,65,2024-05-14 02:41:59.721524,pending,33263,FL,Maestro
c439b073-be22-4f47-b01a-5832da7bd333,Brandon Alexander,35907411,30,4,120,2024-03-02 08:51:57.805037,shipped,33749,FL,Discover
552e2101-73f7-41e9-8d60-6a7e0e45ac17,Erika Lee,09810693,97,9,873,2024-08-28 14:40:30.393072,shipped,32352,FL,Diners Club / Carte Blanche
b0636ab7-1d4c-485a-9e62-86bb4d1ae5dd,Kenneth Shannon,79678032,19,6,114,2024-01-31 23:25:51.464578,delivered,33077,FL,Discover
b576ec3a-3dc1-4662-97d2-478d5b047ed9,Joel Ellison,62413763,42,1,42,2024-01-11 20:24:37.525395,shipped,34208,FL,VISA 16 digit
eeaa5ee3-0c94-4721-ab9b-4b9b21e5d2d1,Kevin Davis,37034559,9,6,54,2024-03-21 21:57:35.324443,delivered,34910,FL,Diners Club / Carte Blanche
e22bd27f-f530-4388-83f6-9ffce166556d,Allison Garcia,01181135,26,1,26,2024-06-07 00:58:22.258324,shipped,33624,FL,American Express
dbc71d2e-d9a3-4f8c-a362-5d5919f5777a,Jamie Boyd,31053280,22,10,220,2024-02-26 00:00:33.479802,delivered,32148,FL,VISA 19 digit
326efc13-b394-4e0b-8e1d-9b58d15a8f4e,Dr. Scott Craig,22681478,39,7,273,2024-03-09 07:42:36.168689,pending,32726,FL,American Express
c224cc7b-4a4b-4983-9e27-d9710b687b57,John Huerta,09362741,25,1,25,2024-01-05 16:39:25.521655,delivered,34567,FL,JCB 16 digit
3294e5d7-28d5-4536-b54a-6f2637567acc,Adrienne Harrison,02738536,2,3,6,2024-08-08 19:09:08.787325,shipped,32773,FL,VISA 19 digit
302a44cf-c509-47e5-92c9-84b0227962c2,Gina Johnson,43691128,46,5,230,2024-03-12 13:44:50.712191,pending,34278,FL,American Express
272da4c6-0986-4cb7-965e-152997311edc,April Mcconnell,46165756,81,8,648,2024-01-06 12:50:11.604068,pending,33183,FL,JCB 16 digit
95258d25-2ff8-468b-b0ea-500dec8a3387,David Price,96560686,21,3,63,2024-08-24 19:02:21.468304,delivered,32458,FL,Diners Club / Carte Blanche
c77a4ab4-4cc4-4859-8edc-6b1bf8731d23,Jamie Boyd,07164019,63,10,630,2024-05-23 14:19:13.856779,pending,32148,FL,VISA 19 digit
9b649550-d370-474c-9882-794f600592ca,Brandon Alexander,06184490,28,8,224,2024-03-23 00:24:05.436675,delivered,33749,FL,Discover
2d839514-6883-40a0-aedd-69bd122529fc,Lisa Johnson,50343577,88,1,88,2024-05-12 01:23:40.555978,shipped,33234,FL,Mastercard
9b0155bd-88e9-4589-853d-87a7975b1c8c,Amanda Kelley,39867230,12,5,60,2024-02-16 08:49:41.263059,pending,33700,FL,Diners Club / Carte Blanche
e11cc4c9-187d-48c9-a97e-9fa31db69434,Andrew Strickland,12837397,73,4,292,2024-07-07 12:27:33.775757,delivered,33781,FL,Diners Club / Carte Blanche
d8f496ea-7b80-4a11-b68d-7a5af170b57b,Patrick Woods,99332211,93,9,837,2024-07-05 16:31:21.553786,shipped,33623,FL,American Express
a8a38cb3-a1fe-430b-9efc-01fb2ea153b8,Felicia Hanson,99455262,40,10,400,2024-03-25 02:30:15.272153,pending,34618,FL,Discover
5762cafd-6967-4f2f-a324-d5cda315da1d,Abigail Price,47842397,52,3,156,2024-05-02 02:19:26.678618,pending,33745,FL,Diners Club / Carte Blanche
5409d3d6-558a-4943-9011-2cce3d55bae0,Barry Valdez,20460075,90,9,810,2024-08-22 17:15:19.296203,pending,34816,FL,VISA 16 digit
f0d2e237-a687-4621-9a39-273fd0f85bdf,Devon Suarez,81579419,87,2,174,2024-04-08 18:13:16.087401,pending,32476,FL,VISA 16 digit
850ac94e-5c67-4ac7-ab98-b499b14f50fc,Andrew Jacobson,50288472,86,8,688,2024-01-07 08:47:10.041849,pending,34821,FL,JCB 16 digit
6661362b-7415-4526-8f1d-0b6b658675c2,Brenda Jones,80515784,70,9,630,2024-08-28 13:10:57.286872,delivered,34339,FL,JCB 16 digit
5fa62e2a-b7aa-4633-9a21-0111cd213d31,Patricia Graham,41909515,98,3,294,2024-06-22 17:42:45.064591,delivered,34044,FL,Maestro
f3fefeae-07ba-4e85-b088-377af12240d1,Paige Bautista,83955846,38,10,380,2024-04-05 08:10:29.921955,delivered,32536,FL,JCB 16 digit
71e9212c-fe88-4e2b-96a4-8f3f2c1c50a9,Carl Maldonado,66469377,6,3,18,2024-02-13 07:04:39.907762,pending,33953,FL,JCB 16 digit
f8150d80-bf5a-4a61-86eb-bf9e4c8dfb58,Andrea Cunningham,51322502,71,3,213,2024-08-24 16:29:21.058124,shipped,32084,FL,American Express
5a0deb0e-d187-4e95-ab86-69127b572c2e,Yolanda Nichols,35124047,77,9,693,2024-01-07 10:35:39.760498,delivered,33229,FL,American Express
43fda253-5f7e-43dc-b8a8-227091e20c0a,Kevin Davis,40345093,70,8,560,2024-03-09 21:58:48.465571,delivered,34910,FL,Diners Club / Carte Blanche
b51971f9-244f-4a37-9f31-4530d9454ed7,Wayne Leach,81138647,11,7,77,2024-04-13 10:26:47.930132,pending,34092,FL,Diners Club / Carte Blanche
87a6ce16-625f-46c1-8a13-64d9f1debb45,Bryan Nelson,91948359,91,2,182,2024-05-07 01:23:41.735759,pending,32286,FL,Mastercard
7ba9a919-eacb-469c-99c4-5e5a46c5a9af,Adam Harris,07253331,33,3,99,2024-02-26 14:04:36.440015,pending,33246,FL,JCB 15 digit
148c8cd3-ef18-4d7f-b93f-70dc4278abdd,Karen Hunter,37016272,14,4,56,2024-04-01 09:06:13.860737,shipped,34423,FL,Mastercard
833cabed-b9e4-4c17-bcf8-59a250c18784,Zachary Mercado,63465686,72,5,360,2024-03-03 16:08:31.477112,shipped,33198,FL,American Express
d884c3ee-a8dc-4d51-9f03-ee524e91c595,Chad Burns,24915106,94,5,470,2024-05-13 22:15:28.430998,delivered,32562,FL,American Express
a57f7945-cb2c-423e-a068-436f5603d959,Lisa Johnson,05241804,50,1,50,2024-05-12 03:59:40.044400,shipped,33234,FL,Mastercard
ec77afff-299c-470b-aa1e-13d59f804f50,Allison Garcia,79340304,91,7,637,2024-04-21 14:15:41.207813,pending,33624,FL,American Express
bc88ce27-cdfc-4001-872a-5c50ab68ebcf,Gene Torres,73386353,29,9,261,2024-08-10 12:26:29.461815,pending,34734,FL,VISA 13 digit
cf4e7ffe-003d-4359-9907-21b716d5613e,Adrienne Harrison,67038640,80,7,560,2024-06-10 21:54:11.750009,delivered,32773,FL,VISA 19 digit
9fb926d4-ecd3-4826-8f07-b00990c5ce9f,Betty Jones,49316414,25,10,250,2024-03-02 16:22:26.807081,shipped,34029,FL,VISA 13 digit
41c6e755-e564-4d34-ac97-9d9598e531ed,Shelby Roth,12049646,71,6,426,2024-07-17 03:31:39.524386,delivered,32071,FL,VISA 13 digit
40977cf2-6497-4129-98f6-fdb243c0f79f,Nathan Stanley,89318805,80,3,240,2024-08-05 09:04:15.062945,shipped,33513,FL,Diners Club / Carte Blanche
2145ed81-f24a-4000-942e-d0bc679ad03c,William Hebert,77867261,57,7,399,2024-01-12 23:18:42.358385,delivered,32987,FL,Diners Club / Carte Blanche
b58e7ecd-196b-4918-a8ea-86da66ea54d5,Brenda Jones,78483156,54,10,540,2024-07-11 10:55:00.791562,pending,34339,FL,JCB 16 digit
2d868421-f375-4f29-9f45-461f9be0d5be,Bryan Sandoval,65577660,82,10,820,2024-08-04 10:14:12.105908,shipped,33092,FL,JCB 15 digit
4ba5c663-db16-4e89-ad72-84b63d09356f,Joel Ellison,29743599,50,7,350,2024-06-11 23:46:20.189976,delivered,34208,FL,VISA 16 digit
564fe829-0a16-47d4-90fd-8b1b949c9d31,Margaret Cole,03324752,64,8,512,2024-01-07 17:46:59.786350,delivered,32991,FL,JCB 16 digit
f642d2e4-7566-4eb7-bcff-0449c2d9d134,Andrew Strickland,54223837,62,4,248,2024-04-14 08:24:05.119301,shipped,33781,FL,Diners Club / Carte Blanche
dd53a6d6-1adb-41df-a2f6-7ac8e3e4f92b,Andrew Jacobson,66097181,68,3,204,2024-04-06 11:44:26.626584,pending,34821,FL,JCB 16 digit
ff92c5b1-24ef-4565-b8d5-d8622a0b54e9,Cameron Pope,47842397,52,1,52,2024-01-18 09:06:57.547853,shipped,33509,FL,JCB 15 digit
46361c5d-16b4-4370-878e-77310dd73710,Mr. Justin Chen,64573724,20,9,180,2024-05-28 09:20:44.324696,delivered,34342,FL,Maestro
a37f7e8a-2ef0-46cb-a0db-0df0c840bb77,Phillip Thomas,13108496,81,6,486,2024-01-20 01:22:44.242622,pending,33840,FL,VISA 16 digit
c10fc39c-ddda-47e1-a3f0-cdfd6fa7b6f7,April Simpson DVM,16250130,86,2,172,2024-08-19 16:46:45.947817,delivered,34346,FL,American Express
39458ca0-cbb8-4f77-91a0-34c083223219,Betty Jones,68927004,25,8,200,2024-03-18 08:26:06.312561,delivered,34029,FL,VISA 13 digit
f01feff7-a55b-4805-aa29-547d1c6aeab3,Micheal Lucero,65828045,22,2,44,2024-08-16 14:50:26.243129,pending,34885,FL,JCB 16 digit
ba71f440-4113-4840-b089-53ec1ed968c0,Brian Solomon,94730791,92,3,276,2024-04-19 05:50:59.321046,delivered,34843,FL,JCB 15 digit
2233f325-15f5-48f5-bcbf-c6ec4c0346dc,Gina Becker,75038083,73,5,365,2024-07-28 07:31:43.587912,shipped,33732,FL,VISA 16 digit
51fcbbb2-3df4-4df3-b715-e22c4baa0798,Lauren Adams,02041308,68,5,340,2024-01-24 05:28:37.355246,delivered,33249,FL,JCB 15 digit
63390e35-1948-4598-a285-01c309fe1101,Kenneth Shannon,15986115,6,1,6,2024-02-15 16:29:37.786155,pending,33077,FL,Discover
4cc93e08-9960-46a4-b8d2-9f13855b9995,Linda Mitchell,73969778,30,3,90,2024-07-09 20:47:15.311179,shipped,33540,FL,Mastercard
b0e59ace-bc39-4091-abb2-007012a215ed,Amanda Kelley,90782480,27,10,270,2024-01-07 19:05:15.704952,pending,33700,FL,Diners Club / Carte Blanche
42d240b3-83e8-46f6-b8c0-3ee0f9c167d5,Paige Bautista,84992994,12,2,24,2024-06-20 13:50:01.097475,pending,32536,FL,JCB 16 digit
c39c25d8-d90c-46af-b583-e529c44f02da,Gina Johnson,38077852,51,8,408,2024-08-29 06:26:24.274310,pending,34278,FL,American Express
c4f7aeb9-c39a-48ff-8ac2-bc626c475ba9,Rachael Morrison,01047004,78,5,390,2024-02-19 02:23:52.272529,delivered,34019,FL,VISA 13 digit
a0c96887-08e1-4381-bc4e-412e1af01944,Alexander Campbell,22559784,4,1,4,2024-07-19 03:38:25.226581,shipped,34639,FL,JCB 16 digit
93835c1f-bd0c-4f6f-bc1c-a12e87db6428,Elizabeth Figueroa,29911714,25,5,125,2024-06-26 06:08:04.873268,delivered,32095,FL,American Express
d3fe2f50-a1ac-43d2-ad6a-4886e435e2d7,Stephen Richards,47198074,14,7,98,2024-03-16 18:38:35.622998,pending,34888,FL,JCB 16 digit
634d882f-dc71-43c5-aad1-2cb113dd9dc5,Brenda Jones,55963985,43,4,172,2024-08-12 19:47:37.918207,delivered,34339,FL,JCB 16 digit
7d1c6778-7b09-489e-bb77-3b01b985d08e,Amanda Kelley,71855509,89,1,89,2024-02-23 10:41:22.851121,shipped,33700,FL,Diners Club / Carte Blanche
34b9a249-b166-4b05-a087-a48c851612be,Elizabeth Figueroa,46250025,3,8,24,2024-08-25 09:48:54.277835,shipped,32095,FL,American Express
449f7704-bbc9-4caa-a8a9-2ba82fc3809e,Nathan Rogers,39571243,73,1,73,2024-08-03 23:51:57.262892,shipped,34396,FL,American Express
a35e3c95-16c8-4219-961c-2e5e701cd0b0,Felicia Hanson,96110577,78,6,468,2024-07-07 17:18:25.902237,shipped,34618,FL,Discover
53cc5295-8b8e-460a-b345-45d4e25da576,Megan Alvarado,68206659,42,2,84,2024-03-05 19:14:18.150966,delivered,34963,FL,VISA 13 digit
8bcdb50b-8dad-44a2-a0f2-232470e06b32,Phillip Thomas,50678587,99,7,693,2024-08-01 06:29:12.022370,delivered,33840,FL,VISA 16 digit
522bdd4c-e650-4eaf-b289-9cf760b431e4,Yolanda Nichols,07838804,97,10,970,2024-04-15 23:06:59.606011,shipped,33229,FL,American Express
ef6edf4c-028a-4bef-980a-4d1516c15a8e,Rachael Morrison,15721303,50,3,150,2024-08-13 13:23:20.120862,pending,34019,FL,VISA 13 digit
098cb53c-6892-4ec2-8c1a-49e33d1f2c93,Travis Browning,42508571,41,6,246,2024-06-08 14:04:49.719656,pending,34326,FL,JCB 16 digit
1c0a37c4-c5bf-4976-87d1-f1caa0d7eadf,Christy Bryan,75255718,43,4,172,2024-07-29 04:59:27.974469,pending,34041,FL,VISA 19 digit
d457dfc4-5225-4016-8861-55c76bcc05ca,Kimberly Cox,60419347,91,5,455,2024-08-29 07:00:30.009109,shipped,34937,FL,JCB 16 digit
3a9d4bad-4f0d-4d2c-aaab-d8c47bd50cf1,Megan Scott,04577096,37,9,333,2024-01-22 14:48:58.778662,shipped,32633,FL,VISA 16 digit
70bdc1e9-4b18-43ad-a363-d12845ced879,Zachary Johnson,74563951,34,2,68,2024-06-11 02:51:54.634433,delivered,33435,FL,JCB 15 digit
c3744c5f-d54b-4ead-a96b-7be0d6d0cf1e,Carl Maldonado,88301730,76,1,76,2024-02-03 19:38:30.025253,shipped,33953,FL,JCB 16 digit
9db829c9-d620-4dbb-b88b-20ab5a8c2822,Linda Mitchell,57225654,4,3,12,2024-03-18 13:29:42.473157,delivered,33540,FL,Mastercard
6192b4ac-9e28-4f1c-a0e4-bff2da921222,Jennifer Stanley,44085315,49,7,343,2024-06-05 21:14:14.153305,shipped,34704,FL,VISA 13 digit
6db6f8f2-5452-4d25-a8e5-a1cbf6ec2eb5,Kimberly Fernandez,40759296,97,2,194,2024-06-02 12:20:58.505389,shipped,32895,FL,VISA 13 digit
7b1d06a5-0ee5-4b55-8733-cd8fadd0bb90,Bryan Nelson,28423782,72,5,360,2024-05-10 01:44:22.896449,pending,32286,FL,Mastercard
a25c9cc7-50df-4bd7-817c-14ca51ccb88f,Brandon Alexander,33594989,8,6,48,2024-07-07 00:19:03.703105,pending,33749,FL,Discover
e2798701-52e6-40b9-964d-22af5a54ccdf,Stacy Phillips,30874664,47,5,235,2024-03-08 23:54:38.931776,pending,32424,FL,JCB 16 digit
d622b21b-2b75-47e8-ba18-58f7a79e8d13,Zachary Mercado,05891566,75,9,675,2024-06-02 00:41:52.289297,shipped,33198,FL,American Express
f68a5b97-1f55-4caa-a666-52c1368f5290,Tony Lang,09810693,97,9,873,2024-08-22 14:05:39.114748,delivered,32766,FL,Diners Club / Carte Blanche
e10ebd9f-ca11-49e5-afec-35bd8e07a7ed,Brittany Parsons,29554256,38,1,38,2024-04-27 10:42:27.944419,shipped,32774,FL,Maestro
f5d9abbb-3033-49bf-bb11-64e2e9493317,Monica Fields,90659966,53,9,477,2024-01-14 16:12:52.745823,pending,34478,FL,Mastercard
d37df9c1-8f64-4ac4-8022-18547e175123,Micheal Lucero,56540246,77,7,539,2024-06-20 11:02:55.029071,shipped,34885,FL,JCB 16 digit
3cca7301-f3a0-4e29-b0df-412ba86d374d,Megan Scott,93414500,61,7,427,2024-05-14 14:13:35.166734,pending,32633,FL,VISA 16 digit
34c9b480-6eb4-45b5-a4d9-a062f5f967ca,Barbara Simmons,11676263,85,1,85,2024-01-30 10:10:10.078683,delivered,32354,FL,American Express
8015e789-744c-4277-9fd9-a2489a55e000,Misty Morales,10413562,14,2,28,2024-06-04 19:12:25.145102,shipped,34600,FL,JCB 16 digit
7557f1af-ead4-47ba-ab8b-de508e835a7b,Kevin Davis,64168432,77,3,231,2024-08-18 08:14:59.687687,shipped,34910,FL,Diners Club / Carte Blanche
60f817b8-14c4-4e96-83f6-64faef3a41fb,Brittany Lawson,54609228,20,4,80,2024-01-15 02:51:16.934079,shipped,33381,FL,VISA 13 digit
c5608822-8e77-4bef-b2d5-4b6e77ad3139,Amy Scott,39478894,61,9,549,2024-01-30 06:06:57.780184,delivered,33361,FL,JCB 16 digit
7ca767ef-5b60-42d0-b0b7-ea6108e870fb,Kyle Byrd,98772322,97,6,582,2024-03-03 07:31:48.368862,delivered,34688,FL,JCB 15 digit
ae0b5ffc-0cb6-4010-849b-eb9beb0a35a8,Brittany Parsons,07961809,18,2,36,2024-08-05 21:53:11.115146,delivered,32774,FL,Maestro
b7a7f017-822f-43ba-b1cd-d599c95df93d,Allison Garcia,14915338,32,8,256,2024-01-03 14:12:14.302470,delivered,33624,FL,American Express
4cb3698e-029e-4024-b372-5a26be1eac36,Wayne Leach,22657527,32,2,64,2024-03-12 06:54:58.991566,shipped,34092,FL,Diners Club / Carte Blanche
c1872025-a2a2-4d34-b7ba-3c5cde3d6e16,Brian Solomon,81579419,87,7,609,2024-05-08 15:26:02.763881,pending,34843,FL,JCB 15 digit
1bc5dc4c-c782-4a6f-a507-411c2ac582f9,Karen Hunter,96816684,73,3,219,2024-01-10 07:09:11.343456,shipped,34423,FL,Mastercard
0b27276f-6782-44b5-930a-ddc70553af1c,Amanda Kelley,19562841,38,8,304,2024-04-15 14:21:27.833012,delivered,33700,FL,Diners Club / Carte Blanche
27e312a6-1eae-48c1-8f13-57fd734a295d,Linda Mitchell,18986211,24,3,72,2024-05-30 15:41:05.719326,shipped,33540,FL,Mastercard
e3643d97-ea7e-4565-a9c4-a3d45acd74c6,Erika Lee,80328117,59,1,59,2024-03-14 14:39:02.709869,delivered,32352,FL,Diners Club / Carte Blanche
5ae72ab4-1119-4238-a702-7fccaed90a80,Jeffrey Baldwin,64573724,20,9,180,2024-07-21 19:58:42.702582,delivered,33333,FL,JCB 15 digit
4de8a5b5-0c12-411f-bc32-e389207d79cc,Joel Ellison,86467292,62,4,248,2024-06-20 22:40:31.503299,shipped,34208,FL,VISA 16 digit
b741de44-bfce-49d0-ab46-d772f1ebe9d5,Carl Maldonado,69863455,7,1,7,2024-01-21 04:36:06.021581,pending,33953,FL,JCB 16 digit
373b0bd0-59a3-42e6-bcf5-13b9b9885f75,Stephen Richards,72176108,17,10,170,2024-07-14 06:43:10.080081,shipped,34888,FL,JCB 16 digit
9ac03b38-60e6-4cf1-a186-bbff5ef34fd6,Zachary Johnson,34542743,72,1,72,2024-05-28 09:55:14.391026,shipped,33435,FL,JCB 15 digit
de99db64-4d42-4fab-9ef0-2bd58091e588,Catherine Cross,28591924,78,9,702,2024-05-24 20:28:09.936094,shipped,32727,FL,JCB 16 digit
ce959720-2be7-43bc-ac36-80d0dc305b79,Samantha Carlson,77875242,85,6,510,2024-01-04 00:33:34.849302,shipped,34596,FL,Discover
f39f25eb-4cf5-4d22-9561-7cecfd801226,Phillip Thomas,22681478,39,2,78,2024-03-13 00:03:49.491412,shipped,33840,FL,VISA 16 digit
59250210-1d46-41f5-bd92-6f5ada8f0050,Jennifer Stanley,36725847,49,10,490,2024-04-15 16:12:17.657507,shipped,34704,FL,VISA 13 digit
204b35cc-045e-403b-a5a9-6156a542681e,Devon Suarez,75438852,11,9,99,2024-01-21 04:34:12.927950,pending,32476,FL,VISA 16 digit
952a29cb-c1e5-49aa-a193-bba5f1d3cbc5,Tony Lang,59830078,42,10,420,2024-08-04 00:31:30.356141,shipped,32766,FL,Diners Club / Carte Blanche
9ba5cc22-c180-44c9-861a-c7dd1b735d4e,Kelly Miller,68363130,85,1,85,2024-03-16 04:15:33.196894,shipped,32666,FL,Discover
c1e8c41f-56ba-42cb-a0f0-e654855d9b2d,Adam Harris,07253331,33,9,297,2024-01-02 16:13:31.069113,delivered,33246,FL,JCB 15 digit
30201ac9-6a70-474d-aa2f-d790f66e4b6d,Nathan Rogers,75415037,68,8,544,2024-04-09 19:19:32.894151,pending,34396,FL,American Express
32ea2f40-531c-4b0b-88b0-45d9b22ee400,Felicia Hanson,46762818,54,5,270,2024-01-21 18:14:52.033006,pending,34618,FL,Discover
963773a8-921c-4116-b4ab-ffc9b8f4d68c,Clayton Edwards,24005821,77,7,539,2024-01-11 16:15:13.852853,pending,33435,FL,American Express
37603866-4a0b-44ef-b060-c8c0b124fcf2,Brandon Alexander,56540246,77,4,308,2024-03-25 15:28:31.215536,pending,33749,FL,Discover
347481fa-82bb-4a84-b53b-7086b1516b2f,Donna Ortega,43008452,32,3,96,2024-02-05 17:20:13.896176,shipped,32844,FL,Discover
1ab19f7c-ce53-4480-91be-add3739d4a1f,Shelby Roth,09534995,42,3,126,2024-07-14 02:25:34.057264,shipped,32071,FL,VISA 13 digit
b8fd17dc-b49d-42a5-806f-f6a5b4d79ca0,Andrew Jacobson,21497834,39,1,39,2024-09-06 07:45:32.887050,pending,34821,FL,JCB 16 digit
32e572b9-ba15-443e-9261-9eedab60b910,Derek Hinton,17613477,18,4,72,2024-08-25 01:22:37.179300,shipped,34579,FL,JCB 15 digit
fc5349ca-b0b2-4c42-993b-63145bb64b69,Catherine Cross,15896049,65,1,65,2024-07-24 04:48:33.604680,delivered,32727,FL,JCB 16 digit
2c4eb840-8b9a-4876-b820-2a92d8fa5422,Lauren Adams,09810693,97,3,291,2024-06-12 10:23:45.292876,pending,33249,FL,JCB 15 digit
cc95b09f-ad1a-4e30-8ba1-fbc4bbc10e2f,Phillip Thomas,77133250,35,9,315,2024-01-21 09:47:47.146323,pending,33840,FL,VISA 16 digit
e78a63de-7461-4ef7-99ee-3091b7ecf815,John Clark,66330752,82,8,656,2024-01-08 21:52:01.815857,delivered,34020,FL,VISA 13 digit
011ae9e4-06e1-4fbb-83f3-7109eb4e3fb6,David Mccann,33242811,96,2,192,2024-04-13 20:18:25.282242,shipped,34053,FL,Maestro
37effe96-f6be-43c2-a576-2b151827cbb3,Jamie Boyd,18561173,68,1,68,2024-06-01 12:59:57.764211,shipped,32148,FL,VISA 19 digit
9fff2b42-bf76-47f7-a417-bc2a6e71cfa4,Kimberly Fernandez,10367605,8,6,48,2024-04-29 07:41:36.667641,delivered,32895,FL,VISA 13 digit
704c0db3-5029-4e29-9eb2-8eec5ce88ca8,Paige Bautista,53267887,63,1,63,2024-08-31 10:39:35.790177,delivered,32536,FL,JCB 16 digit
9ca52a36-6189-45ff-9bae-c5ede91b5c16,James Nguyen,47350458,72,3,216,2024-05-16 23:32:24.686673,delivered,32906,FL,VISA 16 digit
57290d69-3423-4d20-aa7d-69f9027f07d8,Margaret Cole,87081923,9,1,9,2024-05-13 14:53:37.775157,shipped,32991,FL,JCB 16 digit
bae14c25-487f-4e0d-9b27-a27b54aa2b76,Adam Harris,30211889,59,9,531,2024-05-22 18:32:47.118667,pending,33246,FL,JCB 15 digit
3c050c26-2606-4ff0-af15-a17dcb5a88ed,Wendy Gregory,02468594,59,1,59,2024-05-19 19:27:58.858400,shipped,33263,FL,Maestro
fe6f96d7-9c58-42d6-9282-630c6adae113,Matthew Camacho,80323884,92,3,276,2024-02-10 16:41:21.550035,delivered,33440,FL,American Express
6ab1e082-998c-46f6-a708-6e9e11af3df0,Jamie Boyd,14282331,63,6,378,2024-02-03 13:38:19.811332,pending,32148,FL,VISA 19 digit
0a41294a-8109-44bb-a92f-90c2ffaa1c1c,Kimberly Cox,78353077,73,8,584,2024-02-23 07:45:43.485039,pending,34937,FL,JCB 16 digit
4aca0bc3-47df-46aa-a3c3-da8fd0b7391b,Mr. Justin Chen,89321447,91,6,546,2024-06-03 12:33:29.515027,shipped,34342,FL,Maestro
e83a37ee-f458-400f-b80d-9cd6745e5ebc,Gene Torres,76741333,80,1,80,2024-02-23 00:52:34.655986,delivered,34734,FL,VISA 13 digit
6678ecdf-6fb7-4373-a89a-d3a055ce93ed,Teresa Fuller,01624274,91,7,637,2024-08-09 15:46:56.828268,shipped,34228,FL,Discover
3071c848-0541-4a3e-8be6-f7216e398c3d,Samuel Aguilar,73274872,34,1,34,2024-08-17 16:57:01.899033,delivered,33424,FL,Discover
71dc41a4-6416-4cf8-83fd-c28e06576c73,Tracy Delgado,43075881,41,5,205,2024-08-25 00:36:40.929908,delivered,32091,FL,JCB 16 digit
c568440a-860d-4c03-95af-28b9709cc9fd,Andrew Becker,20679590,76,5,380,2024-05-30 19:37:26.221790,pending,33469,FL,Maestro
9b3169db-707f-4ca0-a5da-e7484b0f3e6f,Jenny Owens,49643077,93,8,744,2024-08-12 03:27:36.034692,delivered,33771,FL,JCB 16 digit
0a623dac-e40d-4d8f-ae53-c8b8261067b4,Cory Jones,74812677,88,6,528,2024-06-27 22:55:30.234183,shipped,32846,FL,Mastercard
75814c97-1d56-45ad-a4c0-63b4d51327cf,Kenneth Shannon,07253331,33,3,99,2024-03-21 05:24:38.625375,delivered,33077,FL,Discover
f8e5c45c-fd38-43c8-8565-1b34d85c3662,Austin Taylor,89278611,89,5,445,2024-08-17 23:22:03.439817,pending,34734,FL,JCB 16 digit
366dc7dc-7eda-42fe-8ea1-c35b15627634,Morgan Garcia,93712323,42,1,42,2024-07-15 17:57:22.567072,shipped,33179,FL,Mastercard
0d2dbbcd-3f1c-44ee-ab17-8675d6b1c7f7,Shelby Roth,20711214,57,9,513,2024-02-27 04:17:18.605063,delivered,32071,FL,VISA 13 digit
