fa5ceecf-981e-4492-b3fd-937c9dccb725,Gregory Evans,77867261,57,1,57,2024-06-21 07:11:09.314234,delivered,21547,MD,JCB 16 digit
c82f4f5a-797d-464c-a010-36d4fdf5d0af,Anthony Lewis,20460075,90,8,720,2024-09-06 09:09:12.271466,shipped,21733,MD,Diners Club / Carte Blanche
b8339a79-ca12-467d-8124-041b67b98834,Daniel Garcia,54548565,9,7,63,2024-05-11 01:10:04.293695,pending,21116,MD,VISA 13 digit
faa11410-3c72-4268-b29f-e78911a7872c,Sarah Baker,54206977,76,5,380,2024-02-07 00:39:41.953413,delivered,21488,MD,American Express
093119f2-6cc6-4a18-8ea9-5b4158486a57,Dr. Michael Richards II,64818986,12,8,96,2024-07-06 07:26:34.628402,delivered,21462,MD,VISA 13 digit
408874ea-12c9-4238-9016-c5897eb30fa4,Nicolas Young,27523414,52,10,520,2024-03-23 03:43:57.128747,shipped,21665,MD,American Express
f088f1d1-ea44-4b5c-b7b2-9f14530301e1,Susan Bender,51460853,28,2,56,2024-08-12 17:50:20.182309,delivered,21907,MD,VISA 16 digit
bd942700-2215-456b-97d1-89ee79eb0c13,Brandy Dudley,41909515,98,9,882,2024-02-06 16:49:46.995776,pending,21756,MD,JCB 16 digit
46eac2ab-1c56-4d47-88f3-690ce34bbaa2,Debra Schwartz,54303119,40,6,240,2024-01-22 14:42:53.766391,pending,21771,MD,JCB 15 digit
1e7e6b47-fb38-462f-a4ba-589b9fdc31cd,Maria Small,03648445,23,9,207,2024-06-03 09:50:57.928719,shipped,20846,MD,Diners Club / Carte Blanche
7ff516f0-fa1b-4bda-9f27-3c66ad1d78c3,Christopher Sanchez,45990113,56,6,336,2024-02-19 06:29:25.118768,delivered,20971,MD,JCB 16 digit
f94790df-791c-4cc0-9830-aee6a1da4b2d,Cynthia Smith,68433376,19,2,38,2024-09-04 16:43:27.790622,delivered,21118,MD,Discover
91e2f32c-12e1-430c-970d-44320ae69c13,Jesse Riley,06932480,82,3,246,2024-04-14 12:06:12.651090,pending,21819,MD,VISA 16 digit
87b6c344-8e18-41d3-b32e-0eb1088c9ca4,Ellen Santos,06325756,90,5,450,2024-02-11 23:54:10.976665,delivered,21061,MD,Discover
fc2d09a1-9480-4985-8bf8-02841a08766a,Mike Jennings,04787235,93,5,465,2024-01-08 15:46:07.074082,pending,21924,MD,VISA 16 digit
358d1f96-c3b1-4f94-ae51-82db2aa95534,Rebecca Zimmerman,56543667,46,9,414,2024-01-09 23:14:30.351774,delivered,21173,MD,JCB 16 digit
80a29521-0736-4a3c-b90c-1ac4babeeeeb,Kenneth Dennis,51460853,28,9,252,2024-04-08 11:24:18.410971,pending,21825,MD,JCB 15 digit
9712f650-7591-4301-bfd1-70640eb5bc6f,Jordan Caldwell,75038083,73,4,292,2024-04-28 22:07:33.919956,delivered,20851,MD,JCB 16 digit
367413ed-6c85-4871-bd76-6780b73889be,Brandon Miller,96094815,60,6,360,2024-03-08 04:47:57.247662,shipped,21019,MD,VISA 16 digit
61f25907-83d9-4e7d-8126-009b71cd318c,Janice Benjamin,10450475,91,4,364,2024-06-09 09:59:49.027762,shipped,21078,MD,Maestro
2b94c165-14c0-4e8e-9b8c-96726c3b2d0f,Kendra Hayes,62550376,44,10,440,2024-07-14 14:01:39.955110,pending,21531,MD,JCB 16 digit
f429a03a-e7ef-4971-8364-1f8db0c113a3,Lauren Gray,69863455,7,8,56,2024-08-10 08:44:13.338633,delivered,20842,MD,Mastercard
4a887322-49e0-4d8f-b226-309793cdfde5,Emily Munoz,45418761,44,6,264,2024-01-29 10:31:54.174237,pending,20950,MD,VISA 16 digit
ddd62fba-2866-424d-968d-d9174e34d0e6,Rose Singh,51020477,55,5,275,2024-08-18 13:17:37.538974,delivered,21928,MD,American Express
2ca548da-7ca4-4c06-a032-1b45efd12de3,Kelly Martinez,40937342,82,6,492,2024-09-06 22:20:51.901885,delivered,21475,MD,VISA 19 digit
9ff50a3b-c75e-469a-8a8a-113f504154a9,Joshua Le,78459496,55,3,165,2024-03-03 14:07:11.181173,shipped,21090,MD,VISA 19 digit
215a73b3-2f28-45e8-b810-1676862d8cc1,Brandy Dudley,04482017,71,9,639,2024-02-13 12:08:05.096944,delivered,21756,MD,JCB 16 digit
2a59681b-ad2e-46b0-8822-051ceba7f101,Mariah Ramirez,20152871,8,10,80,2024-08-04 13:45:47.602484,pending,21255,MD,Maestro
fdab74f2-0606-45c8-ac35-4ef4acff5da4,Nicolas Young,12428557,14,9,126,2024-06-23 12:32:40.612113,shipped,21665,MD,American Express
ee01fd13-cd68-447a-9eef-10927ba3bca3,Jesse Riley,37016272,14,4,56,2024-09-04 01:42:16.119064,shipped,21819,MD,VISA 16 digit
bd25d13f-0817-4197-b2e6-0ae206f7ad84,Anthony Lewis,68333256,85,10,850,2024-02-12 20:20:02.172216,shipped,21733,MD,Diners Club / Carte Blanche
ca0c5e54-02ed-4ace-92f9-5b9ba19788dc,Alexis Carter,37901165,46,9,414,2024-07-25 12:53:00.149496,shipped,21259,MD,Diners Club / Carte Blanche
9b4a0fbe-7d3e-441b-a553-b94947a88730,Brandon Miller,16382374,2,3,6,2024-06-15 10:03:19.480748,pending,21019,MD,VISA 16 digit
fd6d2b3f-da0d-4781-9159-32c3064ba05b,Douglas Rivera,51141462,10,5,50,2024-05-26 03:07:11.487662,pending,20972,MD,Discover
aad57858-432d-4f57-8364-f8964ea05120,Lisa Carroll,01959147,39,1,39,2024-04-01 23:24:58.657809,shipped,21057,MD,Maestro
37558eeb-de16-4647-a792-4beb0716c4a3,Molly West,12835126,26,5,130,2024-06-01 21:32:01.881715,pending,21207,MD,Discover
0fc6de8e-cd0a-40fc-a13b-bbd7efa97542,Rose Singh,42295808,50,1,50,2024-04-09 00:46:05.339624,delivered,21928,MD,American Express
b102698c-4beb-4425-8388-c603d386da9f,Stephanie Chen,55846998,46,7,322,2024-03-27 08:30:25.991537,pending,21471,MD,Discover
1f7eff15-091c-49f2-96ae-55938fccf450,Jared Glenn,78376038,10,7,70,2024-01-29 15:40:43.152653,pending,21662,MD,Diners Club / Carte Blanche
a53b03fe-cc4a-4d4c-8385-09cb601d9478,Parker Vasquez,39046031,57,7,399,2024-06-18 12:24:22.633062,pending,21473,MD,VISA 13 digit
88d650ac-6b35-43d5-9e60-f61dff67f133,Sarah Baker,54890657,6,3,18,2024-03-01 16:53:13.115020,shipped,21488,MD,American Express
007419e4-5d3e-4a9d-81c1-4efb0cb69965,Debra Schwartz,74981168,60,3,180,2024-05-19 21:51:09.672446,pending,21771,MD,JCB 15 digit
fd21d12c-3e52-41f1-acb8-699867785f4f,Dawn Norton,20679590,76,1,76,2024-09-05 11:46:43.041525,delivered,21472,MD,VISA 13 digit
e551e156-10bf-48b2-b380-72fee3a97f65,Leslie Hansen,96475249,95,8,760,2024-02-16 13:36:46.149334,shipped,21052,MD,VISA 19 digit
f571789b-4682-4fa8-a4bf-f531191566fb,Rose Singh,66003335,22,3,66,2024-08-10 02:07:52.563655,shipped,21928,MD,American Express
9e9fecdd-969e-4d61-b769-c2ca4533beb8,Mike Jennings,67148738,90,7,630,2024-03-12 10:32:40.127072,delivered,21924,MD,VISA 16 digit
ba1fbc83-ff83-4c34-b681-c772281d89a3,Kenneth Peterson,68613556,82,6,492,2024-08-04 14:10:14.369329,shipped,21048,MD,VISA 16 digit
134d82e3-6dd4-4447-9721-d4e142561aca,Emily Munoz,11609391,76,9,684,2024-03-07 03:42:01.517913,delivered,20950,MD,VISA 16 digit
ae888b75-b6bf-4f5a-9405-4e326df954a5,Dr. Michael Richards II,20711214,57,6,342,2024-01-23 16:25:01.131060,pending,21462,MD,VISA 13 digit
b7292f22-f6fa-4ec3-8547-c6498eb61886,Brandon Miller,89442487,59,2,118,2024-07-08 07:10:48.114402,pending,21019,MD,VISA 16 digit
3c21eb78-11fb-4af3-86de-f7f1a0e3eea1,Margaret Camacho,17663366,58,2,116,2024-01-02 19:22:24.812750,pending,20984,MD,Discover
238aced9-382c-4534-b6f2-7557497ceb0d,Lisa Carroll,69527593,67,8,536,2024-06-18 05:38:07.032047,pending,21057,MD,Maestro
4fd45e56-1b64-4889-981e-ba8ad89335f2,Robert Hawkins,58994382,29,9,261,2024-08-04 15:34:21.707736,shipped,21917,MD,Discover
93d197e0-9f30-4210-9a67-f302ba003546,Kendra Hayes,05891566,75,1,75,2024-03-15 21:18:35.047580,pending,21531,MD,JCB 16 digit
602070b7-575a-4d59-a76a-bf829253c728,Danielle Newton,54557642,60,7,420,2024-03-19 04:14:10.127891,delivered,21543,MD,JCB 16 digit
7f779a5c-4f05-46e8-b1a0-784b7c925c2d,Daniel Hernandez,88956565,33,9,297,2024-02-06 05:00:37.344502,pending,21503,MD,VISA 16 digit
4cb1dc60-ba0f-4ddf-a5ee-185860c0361a,Valerie Moore,35336228,80,1,80,2024-03-18 19:54:03.773148,pending,21340,MD,Discover
20961b73-08db-401c-9337-d2a5ab7e4e06,Brandon Miller,10934449,27,3,81,2024-07-17 02:12:52.563707,pending,21019,MD,VISA 16 digit
63f6e9e7-0852-4fa5-80d3-72c035b0acc6,Kenneth Dennis,25494013,43,8,344,2024-03-03 08:16:21.518207,pending,21825,MD,JCB 15 digit
91540def-b4d7-4ae8-b73f-127cff2333f1,Brandy Dudley,54308336,24,10,240,2024-02-12 08:17:20.617698,delivered,21756,MD,JCB 16 digit
0fb89749-374e-4232-af1c-ac34cc27540e,Gregory Evans,88956947,64,4,256,2024-01-13 00:47:15.347821,shipped,21547,MD,JCB 16 digit
da06454b-c012-4780-b563-41aa162ba727,Douglas Rivera,49419498,23,6,138,2024-03-19 09:07:31.567649,shipped,20972,MD,Discover
b0b0a823-156b-4324-a675-49c2dad77a30,Diane Jones,16378971,82,2,164,2024-05-25 00:15:09.468197,shipped,21326,MD,VISA 13 digit
e10aa97d-fa59-4aba-87fc-4f85fc5672ec,Jamie Edwards,53267887,63,6,378,2024-03-19 22:15:41.136684,delivered,20841,MD,JCB 15 digit
855dc846-86a0-491c-9bf1-b699e9fa72f3,Kelli Garcia,07653193,96,3,288,2024-01-29 17:43:09.678783,shipped,21022,MD,VISA 16 digit
609da37d-1f6e-46d9-bb46-ab2a0c7cb5f1,Brandon Miller,64945460,71,10,710,2024-02-05 10:11:40.852582,shipped,21019,MD,VISA 16 digit
f0746779-9734-450a-80f9-0e9ecf53a62c,Kenneth Peterson,52412943,47,1,47,2024-07-02 20:57:09.614123,shipped,21048,MD,VISA 16 digit
daf73296-6ad7-4c72-9edc-42aede2f8dfd,Molly West,48003827,34,5,170,2024-02-20 09:49:27.576859,shipped,21207,MD,Discover
ed347060-8cf2-47d4-a9ae-e7069f89609f,Mike Jennings,71710990,71,3,213,2024-04-25 00:42:01.128443,pending,21924,MD,VISA 16 digit
bcdfb6e8-bf3a-4f4c-b176-c9138e65ff9f,Michelle Dunn,74028917,49,1,49,2024-02-18 05:19:31.478436,pending,21552,MD,Diners Club / Carte Blanche
6ff230d1-5cee-4416-861f-b146cab954e7,Kim King,32479645,67,6,402,2024-03-22 08:31:56.843945,pending,21216,MD,JCB 16 digit
2737ab53-3953-486b-840f-8a0c698457de,Luis Williams,63445572,71,6,426,2024-07-10 06:11:11.660791,shipped,20878,MD,VISA 16 digit
6a2b5a5a-b24d-49f2-bc55-de51ad7b56cc,Nicholas Perry,67986309,42,1,42,2024-05-31 04:57:09.532119,delivered,21723,MD,JCB 16 digit
f7f3769c-2378-48a3-9e54-767f49a1a48c,Thomas Summers,49643077,93,3,279,2024-01-24 19:44:01.722255,pending,21639,MD,Mastercard
bf893890-6307-4071-9500-b2ab8f142a8a,Kim King,54019225,67,4,268,2024-05-27 06:55:00.537845,pending,21216,MD,JCB 16 digit
54d76d64-41bc-40ac-8d3b-c40df385cb37,Krista Gutierrez,52204920,42,3,126,2024-02-03 18:52:59.472004,shipped,21247,MD,VISA 16 digit
a21b3a3c-d54b-439d-87ba-b92b286732c3,Robert Hawkins,82270858,49,5,245,2024-04-07 12:05:29.072284,shipped,21917,MD,Discover
4c08bf87-f75e-462f-8c34-c656faace15d,Brandy Dudley,00237512,92,5,460,2024-03-25 19:44:36.168954,pending,21756,MD,JCB 16 digit
c831b220-c0f8-43e1-a1da-4116eeced4e1,Geoffrey Ross,45990113,56,4,224,2024-07-21 16:22:20.839057,pending,21447,MD,Mastercard
6caf32f2-08e4-4910-a49e-71218551c336,Diane Jones,92499980,45,1,45,2024-03-19 23:40:58.992254,delivered,21326,MD,VISA 13 digit
19595797-bf4f-4826-b171-665367e3aaa1,Donna Schmitt,14282331,63,4,252,2024-08-02 07:50:42.623677,pending,21576,MD,Discover
17836e8b-04f6-454e-97a8-556ec1307327,Gregg Blackburn,68097943,22,1,22,2024-05-24 11:19:31.783096,shipped,21408,MD,Diners Club / Carte Blanche
7ffc2068-23d7-472a-89fb-5d6d6076b75e,Kendra Hayes,66224938,79,3,237,2024-03-08 03:00:24.548378,pending,21531,MD,JCB 16 digit
c80dc5a9-c5b2-4b1e-8af4-a947487f58d2,Dawn Arias MD,05891566,75,2,150,2024-03-31 00:11:17.590189,shipped,21454,MD,VISA 16 digit
f47585e4-9cce-4e7e-a166-68716755ec3d,Susan Bender,71413358,58,10,580,2024-02-22 20:50:22.554593,delivered,21907,MD,VISA 16 digit
a3a2008e-7665-4dc1-932c-4cb64db2d2dc,Carlos Rasmussen,88856070,67,9,603,2024-04-30 05:38:33.442299,shipped,20849,MD,VISA 19 digit
4df5c4c1-cc5a-4140-a531-69dbb900e65f,Dawn Norton,05827992,99,8,792,2024-08-04 20:11:05.917650,delivered,21472,MD,VISA 13 digit
a90ab962-790a-4cc2-b783-6ee1a4a989d0,Matthew Gordon,81579419,87,1,87,2024-03-03 17:35:34.236183,delivered,21435,MD,JCB 16 digit
01df8df8-ff09-4bc2-9ab2-5b8f8477fc99,Brandon Miller,88283210,31,3,93,2024-06-14 19:18:45.203029,pending,21019,MD,VISA 16 digit
413b5d12-94ba-4b5d-8151-178384b4eecb,Rachel Miller,95496092,80,4,320,2024-05-26 10:41:45.303586,pending,21141,MD,Discover
0daf60e3-bd4d-41d9-a50e-f8d46eb0fdf3,Richard Webb,00532075,7,4,28,2024-04-03 19:27:29.368730,pending,21895,MD,VISA 16 digit
52def435-1479-4d3c-81fd-8b6af39ffeac,James Reynolds,98352470,97,1,97,2024-02-10 13:13:23.591878,shipped,21847,MD,Mastercard
61e023bf-d568-4f25-8ad0-0f25b50979aa,Joshua Roberson,08841247,82,5,410,2024-01-25 17:37:06.413222,shipped,21762,MD,JCB 15 digit
d8f74721-5c86-4cf7-9c5d-21055fb001c7,Jordan Caldwell,46300195,41,6,246,2024-03-22 03:56:27.897995,delivered,20851,MD,JCB 16 digit
67dbc5d1-eb2c-417e-905e-094a5b7f85ec,Alyssa Gillespie,07164019,63,9,567,2024-08-15 07:57:18.210754,delivered,21855,MD,JCB 16 digit
1c56fb8d-ffe2-43b4-aa60-975d457bd181,Douglas Rivera,40383439,41,2,82,2024-07-03 03:22:36.525124,pending,20972,MD,Discover
31668f55-c859-4206-9c0b-f0984639c95b,Mary Norman,74028917,49,7,343,2024-09-07 00:52:54.084210,delivered,21072,MD,Discover
19bfd211-ae61-4ff4-b4a6-27536548dcc3,Kathy Sampson,70323191,52,1,52,2024-07-24 08:29:29.600250,pending,21566,MD,Mastercard
cb2ff09f-2e09-4fb3-96d4-498fa57ff1d6,Dawn Arias MD,39001337,52,7,364,2024-02-08 12:18:02.823935,shipped,21454,MD,VISA 16 digit
6fb488fa-fd03-4df7-adad-de8abed81942,Matthew Gordon,83903830,52,2,104,2024-01-30 10:11:14.027620,shipped,21435,MD,JCB 16 digit
7ba5103c-8e98-47c1-913e-847dd115be9c,Samuel Banks,66807254,17,7,119,2024-03-09 00:26:57.308344,delivered,21256,MD,VISA 16 digit
95f5ad52-6888-4805-abdd-d73690bf5e4f,Kyle Austin,86908948,17,10,170,2024-01-03 21:24:54.737932,delivered,20894,MD,VISA 19 digit
9dcf7ba7-40a9-482b-9090-6f68e31ba2f7,Robert Hawkins,62490795,97,8,776,2024-09-01 21:29:44.075537,pending,21917,MD,Discover
97274a9f-2e63-4ab2-9151-2a8e3632f3c8,Janice Benjamin,46300195,41,4,164,2024-01-29 01:09:54.978181,pending,21078,MD,Maestro
04f6011b-5299-477e-b776-8778dbcbef96,Sarah Baker,74627462,7,7,49,2024-08-07 15:38:51.628100,pending,21488,MD,American Express
3900cb1d-aa9f-4d4f-8113-6e9459ddf00d,Diane Miles,85575318,82,9,738,2024-03-19 00:34:34.338887,pending,21463,MD,Diners Club / Carte Blanche
c39b579e-f0f4-4129-8483-bd3062a515e1,Robert Lopez,24220491,37,5,185,2024-05-29 20:28:24.034580,pending,20892,MD,JCB 15 digit
6aa80f4a-7b2e-4285-948a-3bbc32b585db,Cynthia Smith,32396980,24,3,72,2024-04-05 03:37:42.064395,delivered,21118,MD,Discover
4fdf4d10-99f0-433a-8785-809d43d3e4f1,Lauren Gray,92262560,88,8,704,2024-01-11 02:37:53.056379,pending,20842,MD,Mastercard
d2ba9255-968a-4534-a638-876fe81ec772,Donna Andrews,28899518,9,2,18,2024-01-30 15:56:05.853027,delivered,21656,MD,JCB 16 digit
30b8a890-cc91-496d-ad5b-e2274013111f,James Reynolds,23546233,87,4,348,2024-07-26 03:19:40.997645,pending,21847,MD,Mastercard
bbdf8659-2783-4e21-ad4d-afcb78b20662,Jordan Caldwell,61139398,83,9,747,2024-07-14 23:16:13.827952,pending,20851,MD,JCB 16 digit
68a5e1ed-0d21-49ad-9b72-753040a4c339,Kathy Sampson,37251017,58,2,116,2024-03-27 07:01:28.684054,shipped,21566,MD,Mastercard
aff5894a-898f-457d-9768-71b68925418c,Brenda Spears,01060171,27,1,27,2024-01-23 06:13:41.285270,pending,21892,MD,Mastercard
335ec323-a34e-4854-9779-7625dc1df9da,Samuel Banks,99455262,40,10,400,2024-02-01 00:35:44.436806,shipped,21256,MD,VISA 16 digit
4902008c-f4f8-4eae-91f3-59b77ba886a0,Alicia Galvan,01379884,2,7,14,2024-01-06 17:35:10.987653,pending,21623,MD,American Express
930f4829-93ad-4637-99a2-bd1c4a786c20,Alyssa Gillespie,64653501,86,6,516,2024-03-08 16:35:40.933162,shipped,21855,MD,JCB 16 digit
893fde62-581c-4b83-abce-c2c3e5e30270,Susan Bender,68333256,85,8,680,2024-01-14 04:07:29.384660,pending,21907,MD,VISA 16 digit
ed3c06cd-b308-4ca7-9fa6-7ff030b2e4ea,Thomas Summers,90812620,78,3,234,2024-07-19 07:35:55.898622,delivered,21639,MD,Mastercard
c001e4b2-a27a-40b6-a6b7-c2c28bc0c816,Travis Campos,00316217,51,9,459,2024-04-15 14:09:37.079664,delivered,21895,MD,Discover
b971d42b-c14f-4fe3-86d1-63900e5c2275,Richard Webb,53030375,81,1,81,2024-09-05 05:32:49.789280,shipped,21895,MD,VISA 16 digit
9e1c9dd8-e774-4384-aa95-1e7451df023d,Rose Singh,00947725,92,8,736,2024-05-18 08:07:22.266204,delivered,21928,MD,American Express
191c757f-30cb-473d-a2df-48dcf909901b,Matthew Gordon,72944042,94,3,282,2024-04-07 15:29:12.461907,pending,21435,MD,JCB 16 digit
d5e12f83-9de8-499a-a967-bb3315761c77,Mary Norman,94637359,83,2,166,2024-08-16 23:54:16.999569,shipped,21072,MD,Discover
b2ba6b06-03d6-4419-b031-2e32ebf19250,Krista Gutierrez,51020477,55,1,55,2024-05-30 19:55:33.386417,pending,21247,MD,VISA 16 digit
954d5143-8240-458d-af44-c71bca6c998a,Molly West,12835126,26,10,260,2024-02-29 23:53:53.235012,pending,21207,MD,Discover
9c23d86c-fbe9-42c7-8582-18ea6ca01952,Cynthia Smith,22524683,84,6,504,2024-01-10 10:37:58.868668,shipped,21118,MD,Discover
55130a8e-a6b9-4800-a4ff-446556986caf,Nicolas Young,60727800,65,5,325,2024-07-03 01:05:36.247358,pending,21665,MD,American Express
2782a152-e1cd-4c49-8e4f-61162bd27af6,Jordan Caldwell,19585079,64,10,640,2024-05-23 20:06:12.106415,pending,20851,MD,JCB 16 digit
856a6bec-c93e-4c4c-9fce-9fff982d2b34,Jennifer Johnson,80211990,39,6,234,2024-06-17 03:01:51.875516,delivered,20850,MD,Maestro
1391c260-854d-4bce-afa9-140933b3c4d0,Michelle Dunn,66097181,68,8,544,2024-05-05 19:04:09.665242,pending,21552,MD,Diners Club / Carte Blanche
e8a5cb5e-ced4-4aab-ae5a-11272c9acaea,Melanie Holden,73169963,6,10,60,2024-02-14 11:40:20.662871,pending,21527,MD,Discover
621e8051-c5c6-4d89-a3e5-679b40412c32,Maria Small,88283210,31,4,124,2024-07-05 17:39:53.207075,delivered,20846,MD,Diners Club / Carte Blanche
04d8c98c-3eed-4fa7-881f-92ceac263f23,Susan Hanna,19104171,94,4,376,2024-07-09 06:33:52.981355,shipped,21561,MD,American Express
9cceaf3a-b8d7-4a3d-9c7c-01198ad2d946,Gregory Evans,37774189,23,2,46,2024-02-26 09:53:51.762474,pending,21547,MD,JCB 16 digit
04436136-e089-4609-9c65-cfdae82abff0,Daniel Hernandez,93414500,61,2,122,2024-03-08 08:44:20.534660,shipped,21503,MD,VISA 16 digit
901568ec-6828-42a8-94a6-d90c280038fa,Gregg Blackburn,00133319,53,8,424,2024-04-10 11:06:49.961370,shipped,21408,MD,Diners Club / Carte Blanche
97de7de5-6aef-4780-b941-0b47f725939b,Donna Schmitt,55730501,78,6,468,2024-02-16 23:37:56.146348,pending,21576,MD,Discover
34f16af1-5fa1-49d9-b427-58e1605523b4,Brandon Miller,40759296,97,3,291,2024-02-26 13:06:35.499398,shipped,21019,MD,VISA 16 digit
285bccc6-0185-42cd-8c6d-ea59af48034c,Carlos Rasmussen,40839967,14,8,112,2024-01-22 17:23:20.618283,pending,20849,MD,VISA 19 digit
e205c863-3165-4fa6-9ffb-9f806117e70d,Maria Small,84437860,7,8,56,2024-07-15 11:17:02.656104,pending,20846,MD,Diners Club / Carte Blanche
757099cf-900b-4d14-8a20-441885c5ab90,Kenneth Lopez,53941794,85,9,765,2024-06-09 08:15:13.986568,delivered,21261,MD,VISA 19 digit
befabdd2-b24b-4565-a987-11e5d44d66ed,Jennifer Johnson,84981592,54,3,162,2024-06-27 10:20:00.775662,delivered,20850,MD,Maestro
adf9c478-7aa6-4ce9-a5bd-f6a4c5252e68,Sarah Baker,30874664,47,2,94,2024-07-06 15:13:08.284487,delivered,21488,MD,American Express
899fa164-67f8-49c0-a534-c87ad2c9287d,Teresa Reyes,31534475,86,3,258,2024-02-24 21:50:50.892713,pending,20815,MD,VISA 16 digit
5256b6d7-5f59-4329-9042-0be4b9544b31,Rebecca Zimmerman,63445572,71,2,142,2024-01-16 22:46:29.430647,pending,21173,MD,JCB 16 digit
8d7d3c4c-e3f4-4f0f-a6f0-65479f109e3f,Susan Bender,04590750,51,10,510,2024-04-20 07:29:13.608244,pending,21907,MD,VISA 16 digit
2ead7f7d-cd26-4de1-af97-8e2104b82d0c,Thomas Summers,08310330,28,1,28,2024-04-24 05:31:44.027870,delivered,21639,MD,Mastercard
0af9e2ca-d642-46ae-a470-d2e0e85d9b7c,Anthony Lewis,22657527,32,6,192,2024-02-24 17:08:45.952891,pending,21733,MD,Diners Club / Carte Blanche
8617dafd-3b15-44a4-a3dd-d58f6446304d,Ellen Santos,23199484,38,4,152,2024-05-17 17:55:43.150531,shipped,21061,MD,Discover
