48dd5a33-6b1b-4b36-be90-ecd7cc85466c,Carrie Anderson,40456362,67,2,134,2024-08-08 18:02:47.748151,shipped,57316,SD,VISA 19 digit
9830b571-2ee3-4627-a9ed-41ee5d67b01b,Brandon Daniels,74627462,7,8,56,2024-05-31 17:06:40.544412,delivered,57116,SD,VISA 19 digit
67d41cf9-3039-4bf1-8162-b1f8a7794ccd,Renee Grant,78459496,55,9,495,2024-07-06 10:48:03.521224,delivered,57204,SD,Diners Club / Carte Blanche
d4cadd2e-56b9-40b3-9f4a-67bc7583e7a3,Thomas Rodgers,45237584,67,6,402,2024-08-04 17:34:19.073754,shipped,57410,SD,Maestro
14076ab5-723e-42cd-b7ea-ee68de68b748,Renee Page,57621654,74,5,370,2024-02-07 07:40:33.759094,shipped,57763,SD,JCB 16 digit
61266d5d-6d48-4f34-b8a4-4d0938076816,Travis Walker,02138701,1,2,2,2024-05-16 21:57:19.136917,shipped,57516,SD,JCB 15 digit
6f5d2caf-9299-40fc-a53a-8a6846e19845,Marie Brown,72494578,19,2,38,2024-02-14 18:21:02.354382,pending,57544,SD,Maestro
90120953-d31a-4674-bc1a-bad54d8cdff3,Megan Hunter,73169963,6,10,60,2024-07-09 05:07:35.259559,pending,57210,SD,JCB 15 digit
192fd9ed-faf9-46ae-8721-572475583cdb,Erin Jenkins,42867289,12,3,36,2024-02-21 05:49:26.029382,shipped,57538,SD,Maestro
b39f0fc1-c4de-4bf6-a10a-f3e66f1ca30c,William Davis,01379884,2,3,6,2024-03-23 09:53:23.430798,delivered,57446,SD,VISA 13 digit
443a1bbf-3a47-40b6-8609-64530cd9cc9f,Mary Perez,19104171,94,5,470,2024-04-06 14:44:57.864302,delivered,57609,SD,VISA 19 digit
a702a216-ae72-444e-b8b5-e4132a98666a,Joel Dunn,54548565,9,6,54,2024-07-29 10:40:13.149539,shipped,57545,SD,JCB 15 digit
d57f93a5-0a6b-4778-bd21-92d36d173f8c,Adam Mitchell,78459496,55,9,495,2024-06-11 19:17:35.606042,shipped,57136,SD,VISA 16 digit
6bc21ea6-4852-49fa-b22f-5a4f50fecb7f,Holly Gilbert,50034284,94,5,470,2024-01-16 01:43:05.225011,pending,57217,SD,American Express
6e9d756d-5646-4bb1-bd9e-0b860c6ac19f,Gregory Adkins,01047004,78,6,468,2024-05-16 14:24:42.586544,delivered,57137,SD,Diners Club / Carte Blanche
fb4287ec-6b79-4bf5-a85b-14a7a54a34aa,Jason Gonzalez,27974162,95,1,95,2024-01-08 01:23:34.702043,pending,57303,SD,Maestro
8eca0e0f-5a3a-4393-9106-015d5d53ac3f,Aaron Sloan,81021239,8,2,16,2024-05-22 02:41:28.715662,delivered,57431,SD,Maestro
d43e48bc-a284-41d9-b23f-c163c3d71d5f,Tammy Rivera,74655717,80,7,560,2024-03-18 12:28:35.837231,shipped,57118,SD,Discover
3c49e7af-e522-45d6-8307-47b9a6935957,Erin Leblanc,57452043,14,3,42,2024-06-28 04:26:53.022707,delivered,57095,SD,Diners Club / Carte Blanche
fd36d7c6-42e6-4244-a240-7eccdee5879b,Megan Hendrix,71624204,18,3,54,2024-08-24 16:34:37.676237,shipped,57396,SD,Diners Club / Carte Blanche
68c5cc0c-fff5-4323-a0c6-a929ab430131,Heather Brooks,01060171,27,7,189,2024-08-30 03:51:13.344860,pending,57629,SD,American Express
c10aff32-33ba-47a2-b43a-fd50675c3eec,Rebecca Ramos,24672085,59,9,531,2024-04-05 01:23:37.983392,delivered,57158,SD,VISA 16 digit
5e25db7b-b9fd-42d6-b7b7-13bc939f2636,Kenneth Blanchard,27523414,52,5,260,2024-05-23 20:44:20.936252,pending,57101,SD,Discover
ae16074f-50f7-4d08-a755-fd381045841c,Jason Gonzalez,07253331,33,2,66,2024-01-26 09:54:09.685733,pending,57303,SD,Maestro
9cd6dfe0-11bb-4491-a6bc-67a838a46663,Terri Johnson,51794682,74,10,740,2024-06-03 05:38:00.226134,pending,57590,SD,JCB 16 digit
039910bd-49bd-4ef7-83f5-f328beb4d387,Brandon Daniels,63320763,42,3,126,2024-07-26 02:17:23.214478,pending,57116,SD,VISA 19 digit
7e8bb140-e05b-440b-a2b5-e5599417af72,Gregory Adkins,53030375,81,4,324,2024-01-04 01:26:54.252521,pending,57137,SD,Diners Club / Carte Blanche
282189c0-d1cd-4fda-9ece-c68bbab6760e,Adam Mitchell,04787235,93,7,651,2024-05-23 10:09:44.244214,pending,57136,SD,VISA 16 digit
2207beee-52bc-43cf-97e7-ae69db3b4922,David Taylor,54345232,26,10,260,2024-01-03 08:54:35.392451,delivered,57475,SD,JCB 16 digit
60592e31-1864-49f3-8573-cfaf1bc2a09b,Shannon Owens,39001337,52,6,312,2024-08-25 18:37:06.880463,delivered,57172,SD,JCB 16 digit
256bd13a-5dcb-425d-915e-5283ea3145c6,Catherine Hood,38346316,46,7,322,2024-08-27 20:00:38.358912,shipped,57749,SD,Diners Club / Carte Blanche
da72ee7b-d7bc-4a85-b958-732e38b2c1a8,Jacqueline Holland,96351406,48,10,480,2024-05-12 07:06:29.337451,pending,57156,SD,JCB 15 digit
53254d36-59df-44b9-a2ec-422c2d6a92d3,Shaun Reid,11549819,86,8,688,2024-08-13 18:11:46.043903,delivered,57204,SD,Maestro
f11ebf51-f222-4786-aa29-2af39867ef32,Tracy Bernard MD,07250989,60,4,240,2024-04-09 05:15:46.652706,shipped,57009,SD,American Express
13c30774-c69a-44e3-8ae0-035111d2ecc0,Deborah Dominguez,83672521,75,10,750,2024-05-21 09:02:41.154276,shipped,57616,SD,JCB 16 digit
03fb4b21-8631-4983-ab25-1a15e48397ab,Rebecca Boyer,85630918,58,5,290,2024-05-23 07:06:16.066051,shipped,57333,SD,VISA 16 digit
1e10b97c-c088-478c-a242-1a69494ee101,William Davis,33594989,8,3,24,2024-04-19 09:35:35.598656,delivered,57446,SD,VISA 13 digit
399d2625-81e3-48d5-96ea-8e53875c09ff,Kim Baker,22908018,60,7,420,2024-06-12 10:39:21.121042,pending,57771,SD,Discover
1011a0ad-e02d-4545-b454-17c0faaeb558,Darlene Long,50288472,86,9,774,2024-08-30 00:14:52.076660,pending,57744,SD,Diners Club / Carte Blanche
eec781c1-fa95-4dbe-b287-ee032be38656,Wesley Martinez,60784728,4,10,40,2024-03-13 19:26:55.332906,delivered,57069,SD,Discover
67d85b66-a0d0-4201-b90d-a09bcd34c6a1,Brandon Daniels,54019225,67,10,670,2024-01-30 16:47:40.062773,pending,57116,SD,VISA 19 digit
91b2fef6-bda3-4f29-be3e-2d60a76def66,Karen Holmes,37853990,46,10,460,2024-04-09 12:17:04.238109,delivered,57641,SD,JCB 16 digit
eab1db5c-ff25-4d9d-aa28-36dbf91e5b13,Stephanie Austin,30277441,78,10,780,2024-05-19 00:36:24.740014,delivered,57444,SD,VISA 16 digit
0410ca8d-7573-47f4-ad3e-30a88e8bc686,Caleb Norman,13627560,18,3,54,2024-05-10 09:52:12.816171,delivered,57015,SD,VISA 13 digit
0a6c8e09-38ec-480a-929f-de640e5ea4b9,Katrina Clark,95914008,70,2,140,2024-03-29 22:57:52.718099,pending,57188,SD,Mastercard
a92b3d67-9882-443a-bcda-f6bf2fdc620a,Leon Rios,33006932,55,7,385,2024-05-08 01:19:10.099782,delivered,57701,SD,VISA 16 digit
07060569-471c-4ac0-a425-3172b550d67f,Terrence Bender,54019225,67,2,134,2024-04-22 19:00:29.020922,delivered,57377,SD,JCB 16 digit
370deec5-ed2b-4298-a125-25b15ed78294,Tracy Bernard MD,94204964,76,9,684,2024-06-04 16:27:10.345744,delivered,57009,SD,American Express
06c683e7-560a-4765-9cc4-cfcdeab17aee,Deborah Mitchell,47842397,52,1,52,2024-04-16 18:57:54.367079,pending,57011,SD,JCB 15 digit
83992a49-ffeb-4242-ae7d-9f2b79bb9daf,Donald Riggs,56801491,57,7,399,2024-08-22 19:24:31.685279,shipped,57426,SD,JCB 16 digit
beeb77cf-54dd-4191-99dc-f475d1b9d583,Mary Parker,29209644,71,9,639,2024-06-09 02:09:54.591808,pending,57426,SD,American Express
e329a08e-ed2a-477b-a019-d5b168298c8c,Bob Fernandez,77875242,85,10,850,2024-08-11 19:42:41.025427,shipped,57469,SD,VISA 16 digit
522b8ca6-038c-4b77-b2bc-c8f8b13206d3,Erica Allen,57970998,70,2,140,2024-02-16 12:12:42.808121,pending,57422,SD,VISA 13 digit
58b3d5de-55be-44f6-95e4-ccbfd33f384c,Raven Shelton,39938688,12,7,84,2024-08-01 05:54:04.641056,delivered,57487,SD,JCB 16 digit
7817d0a7-38ef-4367-b3c9-2b58fe983be4,Alvin Snow,55181822,82,6,492,2024-04-01 03:42:10.882091,shipped,57040,SD,Maestro
2e05cfbb-653c-4dd9-8338-4cffe83070d0,Travis Walker,78179325,83,1,83,2024-07-07 12:57:04.823725,shipped,57516,SD,JCB 15 digit
62e69140-975c-492a-8003-38eea11d5f54,Mary Perez,57313627,47,1,47,2024-08-19 20:35:21.675189,delivered,57609,SD,VISA 19 digit
2f2573b5-9be0-4fc0-bca6-45b3368822f1,Denise Gray,08869234,22,9,198,2024-05-26 20:37:36.516971,pending,57314,SD,Mastercard
8eb7b914-7da0-4b0e-98cf-7bfeb11403b4,Erin Taylor,26036328,74,1,74,2024-04-14 03:02:28.100384,shipped,57376,SD,JCB 16 digit
11500817-a723-42ca-8f8d-f938f67b89e7,Ms. Melissa Jackson,40837253,67,5,335,2024-02-03 11:58:22.360565,delivered,57005,SD,JCB 16 digit
e6e3a989-56aa-4ccf-9da5-ce0cca2a130c,Katrina Clark,75038083,73,2,146,2024-06-13 06:32:02.228224,pending,57188,SD,Mastercard
d7c7b46a-77db-438e-b846-4db23a1fc2e9,Mary Perez,25421965,84,7,588,2024-09-04 07:17:37.175016,shipped,57609,SD,VISA 19 digit
c33c29c9-c2d4-4bc7-8a8f-8c3575e6c705,Rebecca Ramos,57777573,27,5,135,2024-06-20 01:42:18.893250,delivered,57158,SD,VISA 16 digit
83aa4269-d756-4911-8704-731c3911a58c,Stephanie Austin,48260886,23,9,207,2024-07-25 14:54:37.558186,shipped,57444,SD,VISA 16 digit
0a21efe1-86e7-455d-adb5-fd6315414a39,Gregory Adkins,68988265,59,8,472,2024-02-01 17:21:58.591927,shipped,57137,SD,Diners Club / Carte Blanche
7398a5a3-ea27-442c-b38b-1a7519cf1608,Justin Smith,81132263,50,9,450,2024-09-03 02:56:59.627682,pending,57701,SD,JCB 15 digit
43b14645-069b-42e9-8da7-c38a51b2f508,Tracy Bernard MD,05583669,76,3,228,2024-03-16 11:42:46.050322,delivered,57009,SD,American Express
d58d71bd-8930-4e60-8bdd-db3fa1bfc79b,Sara Rowland,95264523,67,4,268,2024-02-29 06:49:51.038627,shipped,57182,SD,Diners Club / Carte Blanche
86a2f958-56b6-48b4-804d-9f48dec39b08,Barry Ritter,09667280,91,10,910,2024-07-21 20:24:39.124270,pending,57487,SD,JCB 16 digit
d8228795-79b4-47f6-aeca-30dc3d3a6085,Mrs. Amanda Lucas,15704122,15,3,45,2024-05-03 13:18:55.373709,shipped,57238,SD,VISA 13 digit
155af6aa-7273-456d-ad1b-6189033a8c36,William Davis,51020477,55,4,220,2024-07-22 05:02:22.953579,pending,57446,SD,VISA 13 digit
af7b37d7-f751-4547-9c30-f2fe5ac1d0a0,Megan Hendrix,23722194,42,7,294,2024-02-06 03:50:50.471518,delivered,57396,SD,Diners Club / Carte Blanche
91adb127-56a6-49bb-97c2-e51cf65b1cf1,Kimberly Hill,95126470,77,7,539,2024-01-10 02:13:47.242242,shipped,57130,SD,Mastercard
bd4ad76f-03e6-4f1d-a910-57342651113b,Deborah Dominguez,08928290,89,9,801,2024-01-13 23:56:05.427748,delivered,57616,SD,JCB 16 digit
7c2dc27a-1154-4470-971f-0871ed61ee00,Megan Hunter,22332271,82,10,820,2024-03-25 04:39:13.962087,shipped,57210,SD,JCB 15 digit
391c4329-4816-4598-ad3f-80d3aff0f8eb,Thomas Rodgers,03399552,36,8,288,2024-08-11 12:44:21.992004,delivered,57410,SD,Maestro
8d526860-0e15-450f-8f6a-6dc71569206f,Carlos Massey,46252746,15,3,45,2024-01-23 09:34:35.945851,shipped,57376,SD,VISA 16 digit
0888031c-9af7-4792-9acb-7975aa4c1fc9,Aaron Sloan,97946960,42,10,420,2024-01-22 05:01:59.456330,shipped,57431,SD,Maestro
4df827ae-28d9-4cb2-b071-b87462b45568,Stephanie Austin,71073415,96,6,576,2024-08-05 04:51:03.420536,shipped,57444,SD,VISA 16 digit
6257d49a-87bd-4ab1-9c56-3fd8fdd89ce7,Kenneth Blanchard,11567745,34,9,306,2024-05-27 00:48:25.237041,shipped,57101,SD,Discover
e90af5a5-368c-4f19-acd3-c6cbe7f6a17b,Jason Gonzalez,90056994,39,8,312,2024-02-04 16:42:27.829479,pending,57303,SD,Maestro
e97182e6-a0a9-4207-bde0-e656742edef1,Terri Johnson,91316455,99,9,891,2024-06-09 13:32:38.235470,pending,57590,SD,JCB 16 digit
6e774f8a-3176-4168-a34f-7b5b3cceb6df,Lisa Torres,86165112,80,6,480,2024-03-01 10:52:14.658875,delivered,57038,SD,VISA 13 digit
8ee043a8-e057-4c23-b998-cb1b20cd25b0,Justin Smith,35124047,77,10,770,2024-09-03 00:10:21.209035,shipped,57701,SD,JCB 15 digit
794e471c-e6c2-4ade-b719-9706709539ef,Emily Rich,25341973,79,5,395,2024-02-23 05:31:04.162604,pending,57321,SD,VISA 16 digit
a75a2bdf-27c0-4444-9d03-f19338b03c2f,Megan Hendrix,63918083,50,5,250,2024-02-22 03:40:07.003208,pending,57396,SD,Diners Club / Carte Blanche
460eb7ff-326e-4874-bab8-635b57f0bd39,Mr. Joseph Dunlap,37631833,94,8,752,2024-01-15 14:13:20.081280,delivered,57007,SD,VISA 16 digit
1961f4a1-2f02-4389-95a7-4f5186b36342,Shawn Lucero,28423782,72,5,360,2024-05-11 19:16:16.723777,delivered,57264,SD,VISA 16 digit
9b641493-e7b9-4ef8-a7c5-90ac2b94489c,Sharon Martin,42322214,27,6,162,2024-05-30 03:50:47.386608,delivered,57654,SD,JCB 16 digit
7b9b689e-79b8-44d8-b755-2ba9734b9fc9,Alvin Snow,62276696,54,3,162,2024-05-24 07:50:52.521706,shipped,57040,SD,Maestro
baaa2896-a449-4158-ac8a-3182c2144f66,Joe Henry,83480300,10,10,100,2024-02-25 01:31:07.211998,shipped,57503,SD,American Express
7da7bebb-f0b5-41d7-a3b9-b3e00e05f8e7,Stephanie Austin,20938611,81,9,729,2024-06-20 08:09:25.260435,pending,57444,SD,VISA 16 digit
8e3c7d22-0cbb-41fb-a400-182055815278,Erin Taylor,00546454,94,7,658,2024-06-04 22:20:40.978927,shipped,57376,SD,JCB 16 digit
aca19b15-767f-4f34-b832-279574228f25,Cheryl Terry,49808636,51,10,510,2024-02-17 00:06:23.075266,shipped,57776,SD,VISA 16 digit
d71bff25-a681-424a-a2d5-827ebe7941d6,Carlos Massey,46131904,40,10,400,2024-04-22 20:36:20.434171,shipped,57376,SD,VISA 16 digit
bc10873d-0577-44ff-8d03-e23e16074269,Erin Jenkins,81853779,72,4,288,2024-02-02 20:11:51.240299,delivered,57538,SD,Maestro
c6308928-d00e-4698-8c87-d33fd7d70c9a,Jason Gonzalez,66920434,97,1,97,2024-04-29 03:00:39.528505,pending,57303,SD,Maestro
72765ce9-8699-45da-b816-0aa6c54fba19,Katrina Clark,08944856,95,7,665,2024-07-28 07:07:15.831105,pending,57188,SD,Mastercard
e91f0049-d83f-4878-bc44-85a981df9def,John Yates,57877402,87,4,348,2024-03-30 18:35:20.716454,shipped,57718,SD,Discover
f552776d-6fef-4044-a766-d4fe8f5d5c8a,Rebecca Boyer,08845559,71,3,213,2024-01-16 17:06:25.773956,shipped,57333,SD,VISA 16 digit
a04e1e75-8893-4dad-ba92-d5d8e901334a,Caleb Norman,72286791,23,5,115,2024-08-11 18:31:58.579199,delivered,57015,SD,VISA 13 digit
4c21826f-b6de-427c-9925-fc72f29a56f9,Brian Harrison,56543667,46,3,138,2024-01-27 18:49:37.334412,delivered,57404,SD,JCB 15 digit
e0047614-fbee-4c28-8c2d-97da5d6afad2,Maria Miller,28363781,9,7,63,2024-07-25 10:13:40.833719,shipped,57529,SD,Mastercard
14fb1a4a-bcc2-42e9-ab63-d77918dec9c2,Joel Dunn,84507785,40,2,80,2024-04-25 02:13:25.977836,pending,57545,SD,JCB 15 digit
7aa1729f-bbaf-4f28-b908-f5fd3caf736f,Shannon Owens,72944042,94,8,752,2024-02-25 21:34:09.991407,pending,57172,SD,JCB 16 digit
8900eec4-19f9-4a1a-bd36-bb8ba3e6cbee,John Pacheco,47060104,45,8,360,2024-04-22 02:52:53.521677,delivered,57422,SD,VISA 19 digit
6f3dd49e-d60e-4610-9b33-7f88e50b9ecb,Sara Rowland,61400313,89,9,801,2024-06-21 15:52:13.865826,delivered,57182,SD,Diners Club / Carte Blanche
3311a62d-2c62-441a-a165-08cf0f56e001,Terri Johnson,78353077,73,1,73,2024-05-17 22:16:46.589684,pending,57590,SD,JCB 16 digit
d9dbc1ff-b692-48aa-b4ff-ce5c03932b8e,Rebecca Ramos,68699697,10,1,10,2024-05-18 19:00:54.934757,pending,57158,SD,VISA 16 digit
f5c0a2a0-acdb-4cb9-856b-5281f43b5de9,Shawn Lucero,70323191,52,10,520,2024-03-10 03:17:24.312643,delivered,57264,SD,VISA 16 digit
8539f4e2-8af5-44a7-95e7-58269f4465bd,Stephanie Green,28363781,9,6,54,2024-02-11 14:07:33.338494,delivered,57249,SD,American Express
9889ac0c-3fbf-4e64-978e-e5eddc5b5036,Tina Reynolds,37895129,80,1,80,2024-07-14 11:58:56.742232,shipped,57112,SD,JCB 15 digit
1237e49a-4d90-4d4e-a255-08c86d99bb76,John Adkins,22714022,68,5,340,2024-02-03 10:21:13.216512,shipped,57377,SD,VISA 16 digit
e9ac6eff-e604-44ac-adaf-f76260390c13,Tammy Rivera,50343577,88,5,440,2024-07-22 16:17:40.421743,pending,57118,SD,Discover
b90f78c1-0915-48ec-9300-6324012b9b93,Emily Rich,50277711,45,5,225,2024-07-28 10:50:46.644218,shipped,57321,SD,VISA 16 digit
26d8a1f7-c103-404a-88a2-5e86687f0fb0,Tracy Bernard MD,50277711,45,6,270,2024-02-16 11:18:37.946850,shipped,57009,SD,American Express
acb3bf85-4ea4-40b1-83c2-f141c587d79b,Leon Rios,06599447,66,6,396,2024-08-07 13:13:53.725962,delivered,57701,SD,VISA 16 digit
7deff8ca-edff-4e5c-82fc-0ea32fd346fa,Tina Reynolds,89993088,12,7,84,2024-07-30 18:35:40.556738,pending,57112,SD,JCB 15 digit
f722bbb8-71c8-40e1-8197-2c3f512823e6,Ashley Walter PhD,33026503,55,8,440,2024-02-08 22:55:54.054929,shipped,57510,SD,VISA 16 digit
17308823-6841-440c-b159-da65c2a188b9,Brian Harrison,56149531,70,4,280,2024-07-25 17:13:40.019972,delivered,57404,SD,JCB 15 digit
42968035-c975-49b7-81b4-29825c980236,Richard Knight,40120263,33,2,66,2024-04-29 03:17:41.288420,shipped,57089,SD,Mastercard
e0f5e173-1380-4010-b883-32fdc973eb83,Stephanie Green,31421065,43,9,387,2024-03-01 11:34:20.659071,pending,57249,SD,American Express
07d24a39-4c26-41b5-a215-e33a2a1294e6,Travis Walker,30179080,54,7,378,2024-08-26 15:43:58.063963,delivered,57516,SD,JCB 15 digit
57c8a390-dcff-463d-a752-b26c4ff5e41a,Raven Shelton,55579193,25,5,125,2024-02-24 14:08:54.033259,delivered,57487,SD,JCB 16 digit
6dfac848-7aef-4093-b663-bdfe0219502c,Nancy Turner,66807254,17,1,17,2024-01-14 13:34:15.055000,shipped,57139,SD,JCB 16 digit
b7f5b57a-326c-4e60-9a0d-6140ba715e21,Courtney White,35491767,50,8,400,2024-06-24 03:53:35.526500,shipped,57660,SD,VISA 19 digit
f4d5b64f-92fa-45da-b0fd-60176a8ca15c,Kenneth Blanchard,69536960,28,5,140,2024-07-06 00:31:00.415885,delivered,57101,SD,Discover
a265e539-3a22-4696-b6e3-7ac2ec033aa1,Wesley Martinez,88126630,86,4,344,2024-09-04 20:32:47.665407,pending,57069,SD,Discover
ecc60ca5-e220-462a-a3ec-9c15c384f06f,Holly Gilbert,98075218,6,9,54,2024-02-08 13:30:05.036144,delivered,57217,SD,American Express
a51f2377-9067-4c98-80fe-7d5e48920bd0,John Yates,70328592,6,5,30,2024-01-30 07:58:59.284453,delivered,57718,SD,Discover
e2ac6207-4b65-49f1-981f-2986bdd3faf0,Mary Perez,87474695,93,8,744,2024-08-17 05:36:21.119113,pending,57609,SD,VISA 19 digit
44e66bea-7062-4848-93f0-7f7de26c5d5c,Rebecca Ramos,11609391,76,3,228,2024-03-19 01:58:38.560575,shipped,57158,SD,VISA 16 digit
0ae85a53-8e12-4b98-bdb2-43acdeff9e0d,Carrie Anderson,57877402,87,1,87,2024-08-20 06:35:47.124908,delivered,57316,SD,VISA 19 digit
07775cff-b2da-4aae-a9d4-814556343577,Jacqueline Holland,30179080,54,1,54,2024-02-22 11:27:36.107959,pending,57156,SD,JCB 15 digit
7f8fbfa8-503b-42e9-8c95-d62ef59c2396,Darlene Long,78376038,10,3,30,2024-05-18 23:34:18.614842,pending,57744,SD,Diners Club / Carte Blanche
72492116-bdb9-4be0-957d-e9fbbc329113,Ms. Melissa Jackson,89244463,51,4,204,2024-07-07 07:57:12.200308,shipped,57005,SD,JCB 16 digit
737a7332-9bb6-4081-bf85-d0fa1d8e5661,Destiny Williams,36308446,52,10,520,2024-07-22 13:45:07.638118,shipped,57581,SD,VISA 19 digit
4bea232b-65bd-4b82-a007-669bd1d0985d,Margaret Solis,01181135,26,8,208,2024-01-03 07:36:02.474933,pending,57061,SD,Diners Club / Carte Blanche
034a07a3-294e-436d-a426-31416c5ed574,Maria Miller,07541407,5,7,35,2024-03-12 06:22:26.857521,pending,57529,SD,Mastercard
80265707-b983-414a-b4ad-6a1a91aab642,Jaclyn Adkins,79941105,75,2,150,2024-01-25 06:41:20.907692,delivered,57264,SD,JCB 16 digit
6afc32af-e692-4b32-a790-4b54d6b840b6,Erica Allen,87363050,21,10,210,2024-08-08 11:50:21.936027,shipped,57422,SD,VISA 13 digit
d6bff277-ea7d-40b9-ad3f-8e169f938cce,Holly Gilbert,40383439,41,9,369,2024-02-11 15:07:32.704117,shipped,57217,SD,American Express
4f31be54-72b7-40e9-a9e8-f16fe8208a94,Ms. Melissa Jackson,24059947,87,3,261,2024-01-26 18:45:34.784896,delivered,57005,SD,JCB 16 digit
ba6dcd99-691b-4a44-9a0e-c7954da2efc1,Carol Wells,51460853,28,6,168,2024-08-15 08:56:41.856143,shipped,57667,SD,JCB 16 digit
5b919015-9dcd-4216-a5a3-e05a58bb42d9,Thomas Rodgers,47163959,74,2,148,2024-08-05 15:15:46.221124,delivered,57410,SD,Maestro
f91b5a8e-7116-4c1a-9148-23e99df627b2,Erin Jenkins,68233839,56,2,112,2024-08-05 15:26:59.787237,delivered,57538,SD,Maestro
5857958a-0b76-44e1-877e-047e25d453d0,Leon Rios,07653193,96,2,192,2024-07-25 09:44:54.298133,delivered,57701,SD,VISA 16 digit
a53a7ade-bdc9-477c-af19-c366d8035d53,Nathan Santos,11549819,86,5,430,2024-08-20 06:15:07.964369,shipped,57263,SD,American Express
b5212ba9-cde6-48f1-ac5a-5191e828acce,Renee Page,41909515,98,4,392,2024-01-05 07:54:24.159440,pending,57763,SD,JCB 16 digit
9e09a062-e618-4dfa-9e06-ec6fd0811b2b,Carrie Anderson,57621654,74,10,740,2024-03-18 21:36:16.985505,shipped,57316,SD,VISA 19 digit
df1f58c0-912c-4e09-a665-1e84dab8d668,Maria Nelson,51312442,11,8,88,2024-07-27 22:16:43.864787,pending,57210,SD,Maestro
262f4633-e776-45ef-8313-8168d2132c2e,Tracy Bernard MD,57970998,70,2,140,2024-05-28 17:40:47.132510,delivered,57009,SD,American Express
f195c9e3-19b2-4095-87cf-106212ca90b2,Sharon Martin,29554256,38,2,76,2024-04-13 18:48:23.052938,shipped,57654,SD,JCB 16 digit
84408342-53d6-4ab1-9703-4f14501f797f,Kimberly Hill,70930917,20,9,180,2024-07-17 08:22:59.447103,shipped,57130,SD,Mastercard
290af4fc-d294-4181-828e-6bc1ad0d6b68,Holly Gilbert,38231483,41,9,369,2024-07-29 00:56:47.165457,shipped,57217,SD,American Express
7fe08525-789c-45a6-a06f-a8c045c9df2b,Robin Miller,64573724,20,6,120,2024-08-24 00:22:47.037175,pending,57093,SD,VISA 16 digit
7944c689-5b5e-434e-b336-f7355aacb53c,Heather Brooks,08841247,82,5,410,2024-05-25 19:03:27.018044,shipped,57629,SD,American Express
be362120-8b01-4766-ac77-295cc9dcdec1,Elizabeth Chavez,18545135,75,5,375,2024-04-21 22:38:31.360244,pending,57351,SD,VISA 19 digit
b943c3c6-3233-467a-a0e1-1c76987f5b4a,Thomas Alexander,13151560,35,5,175,2024-05-19 13:24:44.273524,pending,57447,SD,JCB 16 digit
511640ec-3bd5-4449-8d33-5b2b7c2da4ae,Nancy Turner,00049108,72,10,720,2024-07-02 17:21:49.249137,delivered,57139,SD,JCB 16 digit
03988169-a0e0-4a58-96a2-f0c00ce47daa,Erica Allen,12580491,21,4,84,2024-02-14 11:11:20.670754,shipped,57422,SD,VISA 13 digit
67cced0f-30f9-4f15-9ae8-b143c2f69b99,Marie Brown,32742022,24,10,240,2024-06-19 23:38:52.777397,pending,57544,SD,Maestro
f5ab2d18-545d-469a-8fe6-e152151fd4f1,Erin Leblanc,36538829,5,9,45,2024-08-30 15:41:59.728861,shipped,57095,SD,Diners Club / Carte Blanche
eacc4ad3-7217-4848-847e-164291588954,Cheryl Terry,63059748,27,2,54,2024-07-12 10:27:48.727780,shipped,57776,SD,VISA 16 digit
705c5fef-c7ca-4bc5-80b5-f9a20ba24f9a,Alvin Snow,81132263,50,5,250,2024-04-02 03:07:51.180591,shipped,57040,SD,Maestro
61344f6d-f0db-4160-aab5-7c503ac2aac0,Joe Henry,22714022,68,1,68,2024-01-21 19:01:03.859358,pending,57503,SD,American Express
799ed916-dec4-44d4-85d5-70a563bf1ed2,Caleb Norman,55963985,43,7,301,2024-03-07 06:56:49.270461,pending,57015,SD,VISA 13 digit
29495dcd-40e3-494f-b4e0-1f231021c51e,Justin Smith,06932480,82,3,246,2024-04-09 08:03:12.967387,delivered,57701,SD,JCB 15 digit
5b49bc3e-ed97-4081-a571-1d6bafb9b9f5,Mary Mcintosh,68613556,82,5,410,2024-07-14 14:04:53.019520,shipped,57365,SD,Maestro
7a739b29-213f-44b1-91fc-85742099c563,Beth Day,02247915,29,2,58,2024-04-14 00:45:27.080329,shipped,57248,SD,VISA 16 digit
8a16df70-a3af-452d-a539-f19a631a7658,Ashley Walter PhD,07505393,84,10,840,2024-03-15 06:40:52.106199,shipped,57510,SD,VISA 16 digit
c3ca442e-bc64-43ec-9bb4-f21716160a25,Joel Dunn,42386896,54,6,324,2024-05-03 13:16:56.028753,delivered,57545,SD,JCB 15 digit
219ea18d-1d5b-44f2-b3b5-85b2612d9a8c,Rebecca Ramos,61617346,13,7,91,2024-03-26 16:08:23.973801,delivered,57158,SD,VISA 16 digit
350b5bb9-75b5-4104-bf27-750884f8b34b,Bradley Johnson,52568923,63,10,630,2024-04-22 06:35:11.994600,pending,57609,SD,Maestro
d45c125a-52f8-4f59-ad12-941929556393,Hailey Anderson,49725650,55,1,55,2024-03-23 14:27:00.996726,delivered,57057,SD,Diners Club / Carte Blanche
2a8b43fa-2f18-4928-a4e8-4514ca83ac01,Destiny Williams,29609239,59,6,354,2024-02-18 12:07:33.180039,pending,57581,SD,VISA 19 digit
a58894ca-9cc2-442b-b394-ec937819e47a,Erin Leblanc,16100480,69,3,207,2024-07-12 16:36:54.897552,delivered,57095,SD,Diners Club / Carte Blanche
c70dd0fb-14b3-449d-994b-749605df9bf0,Carrie Anderson,97154129,38,4,152,2024-08-16 17:22:37.791595,pending,57316,SD,VISA 19 digit
ffc31141-b66c-4f22-a2f9-c33d002ab00d,Kim Baker,97466741,91,2,182,2024-06-18 20:54:24.314977,delivered,57771,SD,Discover
7f1ab0ff-3241-45df-aa0b-f0c7a6955fbc,Wesley Martinez,92972964,36,10,360,2024-07-11 09:12:00.646047,delivered,57069,SD,Discover
36738aad-f6a5-4f05-afd7-43f14d5d1842,Evan Ryan,03690390,46,8,368,2024-07-01 06:44:31.619181,shipped,57708,SD,VISA 16 digit
e6b529df-3156-4611-87fe-ed71b739c38c,John Yates,66807254,17,10,170,2024-06-14 13:28:56.426487,shipped,57718,SD,Discover
1ba6885e-2cc3-4761-bcbf-060ec88f1f70,Janet Mendoza,04577096,37,10,370,2024-02-17 16:50:13.920249,pending,57144,SD,VISA 13 digit
9840613e-2172-4ecf-a6d0-699048de63a5,Corey Martinez,23665231,18,2,36,2024-07-05 14:07:38.476021,delivered,57350,SD,VISA 13 digit
870a8976-bcd7-448b-a179-60e3c6297934,Renee Grant,98649273,32,8,256,2024-04-16 07:19:17.589713,delivered,57204,SD,Diners Club / Carte Blanche
2bb43fa6-ecf6-4370-8f00-be1cac34dad5,Caleb Norman,90659966,53,8,424,2024-08-15 10:23:40.258613,shipped,57015,SD,VISA 13 digit
bf3cbc8b-be84-4d95-8322-9c880c885823,Reginald Bryant,22662309,16,9,144,2024-04-15 04:48:27.405257,shipped,57156,SD,VISA 19 digit
b4f83b03-0eeb-432c-a209-eb9bdf81ca8b,Zachary Carter,12321377,32,9,288,2024-01-12 14:25:27.704843,pending,57342,SD,JCB 15 digit
6ae1252e-6d1f-480e-948e-17b4936cd074,Catherine Hood,42867289,12,5,60,2024-07-05 18:16:30.383120,pending,57749,SD,Diners Club / Carte Blanche
b4e58df1-8b20-42fb-b0cb-e6c820fbab7f,Jason Gonzalez,08928290,89,6,534,2024-03-05 12:11:45.956170,pending,57303,SD,Maestro
89414e76-7738-4934-b68c-b983200d8dc4,William Davis,07859274,51,9,459,2024-05-31 19:54:43.793908,pending,57446,SD,VISA 13 digit
80db17a7-6898-4924-9abe-d859cb996823,Karen Holmes,02381695,43,4,172,2024-02-26 01:25:14.784273,shipped,57641,SD,JCB 16 digit
e868bd8d-5c95-4e2a-9e82-741be268252f,Angela Brown DVM,72492697,86,7,602,2024-01-13 14:13:38.669247,shipped,57731,SD,VISA 16 digit
79c1be6a-0e2b-409f-9b3e-48fadf5d62c1,Erica Allen,60286819,67,3,201,2024-06-07 21:37:29.143746,pending,57422,SD,VISA 13 digit
96af9655-7176-46ed-bc5a-b672675f8a15,Renee Page,15909879,28,9,252,2024-01-02 21:17:15.519794,pending,57763,SD,JCB 16 digit
b43a0598-949b-4299-8e67-1f6aebf8caec,Jaclyn Adkins,62635417,6,6,36,2024-01-21 15:53:01.263422,delivered,57264,SD,JCB 16 digit
bc05c59d-bc84-43b4-bcdb-3d455384ae36,Terrence Bender,18400908,31,7,217,2024-07-02 22:09:51.408030,pending,57377,SD,JCB 16 digit
