e245d50c-9cca-44bb-b62e-e9f28d007732,Sarah Mcdonald,19562841,38,2,76,2024-06-06 04:46:45.155587,shipped,29109,SC,JCB 15 digit
c1b390d5-8cdf-4bd0-820f-55e6a69bb445,Walter Huffman,99455262,40,4,160,2024-08-18 04:31:24.042619,pending,29834,SC,VISA 19 digit
5b46b378-20d2-4775-b2a8-900b8e3ee1bb,Patrick Lambert,31714778,24,9,216,2024-03-21 00:33:05.134922,pending,29714,SC,VISA 16 digit
cabe1c68-0a56-4c20-9b53-ff5370173770,Timothy Williams,12321377,32,6,192,2024-01-14 16:19:17.122898,pending,29461,SC,JCB 16 digit
a888413a-2d03-4787-87f7-ce51bba97958,Bill Johnson,88149424,17,10,170,2024-04-07 21:52:08.994388,shipped,29153,SC,JCB 16 digit
7241d066-c394-47a5-9dce-c3271ddee3b8,Robert Porter,34542743,72,1,72,2024-02-23 15:23:17.637333,pending,29240,SC,VISA 13 digit
ddbc597c-9487-4878-a693-9b19a62147a8,Zachary Barr,52741173,92,1,92,2024-06-29 00:39:50.451407,delivered,29092,SC,VISA 16 digit
068894d0-f2ea-4306-a7c9-a82834ecdc63,Rebecca Myers,66003335,22,8,176,2024-05-30 04:31:05.249682,pending,29673,SC,Mastercard
19a6ba50-2b21-4f9f-a372-9ebc2d95a2ff,Deanna Williamson,02008783,79,9,711,2024-01-30 13:58:48.808033,delivered,29262,SC,Maestro
0841912c-c53b-4ecd-bc21-2860343bc03b,Mr. Anthony Munoz,89442487,59,7,413,2024-02-18 21:43:48.423685,shipped,29315,SC,American Express
aad2af9b-d3ce-405c-a39f-c92407720aa4,Donald Riley,58783634,8,3,24,2024-01-08 13:37:53.828595,pending,29787,SC,Mastercard
d508b449-6f9c-4184-b033-f45e14869672,Charles Jordan,23505155,19,3,57,2024-01-13 03:46:22.940203,pending,29188,SC,Discover
6c63ce0d-5069-4ea2-a9ce-eb1ddd36e6f3,Paul Walters,05827992,99,8,792,2024-02-13 02:41:15.035025,pending,29556,SC,JCB 16 digit
8085e0c1-338a-4822-bcc8-c5617def9e0f,Nicholas Baker,63175912,19,10,190,2024-01-30 14:53:03.165004,shipped,29775,SC,Discover
3fe6b0a2-b978-4eb2-9e1e-dc5c97189ea2,Alexander Newton,02043258,84,9,756,2024-05-12 22:42:38.452917,pending,29114,SC,JCB 16 digit
e3316346-c060-4ac4-ad86-539507397d85,Erik Jones,41937266,87,8,696,2024-05-27 01:31:05.975170,pending,29605,SC,VISA 16 digit
620c8d80-05f5-4f47-969b-04ecc2c972f3,Jessica Carr,05903856,78,5,390,2024-03-13 20:29:48.248147,shipped,29016,SC,Discover
b38e1e31-c1af-42a2-b9b0-dc1ff3a2b79d,Dustin Anderson,14147876,98,4,392,2024-04-15 15:49:21.777132,shipped,29905,SC,JCB 16 digit
51428fbe-caf5-4872-99ab-255887dc28f1,Austin Howell,53267887,63,1,63,2024-07-16 06:43:51.318943,delivered,29826,SC,American Express
62fd5d26-ac15-47e5-8961-f6786f651ff3,Aaron Bennett,99315894,15,6,90,2024-01-02 16:39:14.828542,pending,29825,SC,Diners Club / Carte Blanche
ed75ee48-0a83-4f26-bf7c-8968a286385e,Jeremiah Sampson,61400313,89,7,623,2024-03-17 05:22:46.933696,pending,29909,SC,JCB 16 digit
818a9c8b-2c7f-4012-91a8-da48de2f3c2c,Matthew Brown,24005821,77,5,385,2024-08-18 16:36:38.082722,pending,29142,SC,Diners Club / Carte Blanche
ff091744-a441-4639-abd0-a3ad208cd0f3,Amy Barber,24220491,37,7,259,2024-04-04 11:41:38.028557,delivered,29885,SC,Mastercard
008c08f3-e89d-4dde-96e1-4cd6a282b3a7,Jessica King,45465970,79,7,553,2024-08-20 23:34:17.149194,shipped,29798,SC,Discover
c588fb10-8842-45da-89d5-a7749013c21b,Jennifer Edwards,60787217,60,3,180,2024-05-01 22:14:33.768794,shipped,29832,SC,Diners Club / Carte Blanche
7bb4bcc1-63ab-4c0d-930e-50b3ed32c489,Patricia Hall,10886991,4,7,28,2024-05-14 15:06:24.703719,shipped,29417,SC,VISA 13 digit
c6d7dcf4-09be-4c8d-96b1-2f73872f3201,Mark Clark,47198074,14,10,140,2024-03-07 22:50:35.406003,shipped,29339,SC,JCB 15 digit
f75dda3d-ee2d-4361-ab8a-14dd11a12d10,Michelle Williams,65210345,55,2,110,2024-07-10 07:06:00.650051,pending,29235,SC,VISA 19 digit
013dfeaa-bb10-4191-a28a-b793c3304215,Terri Hansen,48878920,83,1,83,2024-05-21 13:25:33.083737,delivered,29880,SC,American Express
c41e4779-4291-41db-9c53-0af8506576c0,Yolanda Rodriguez,92499980,45,7,315,2024-03-30 22:32:42.575279,delivered,29029,SC,JCB 16 digit
738236c1-0249-4603-b4bb-243f8d357063,Jacqueline Walker,69863455,7,2,14,2024-02-05 15:52:39.334668,shipped,29280,SC,JCB 16 digit
a4fbcd1d-7440-490c-a813-5c9e1033ff19,Rodney Higgins Jr.,39710987,12,10,120,2024-01-10 03:18:40.608591,pending,29598,SC,VISA 19 digit
2991a28d-d6bc-4231-a500-e6ca9e28eb82,Jasmine Sims DVM,88956565,33,3,99,2024-03-02 14:23:40.557516,shipped,29508,SC,VISA 16 digit
60dbafa2-def2-4276-9df9-c6b1dfb92a68,Sharon Carter,42386896,54,5,270,2024-01-11 09:14:45.027365,shipped,29066,SC,Discover
39fa4fa2-b1a6-41f0-99a6-a75d0608f573,Kimberly Burton,07653193,96,2,192,2024-02-09 13:17:44.734635,pending,29256,SC,VISA 19 digit
e82ea0d9-9d48-48e6-9705-d17625e40620,Jim Williams,71977041,71,8,568,2024-05-09 17:18:07.626552,pending,29453,SC,Mastercard
e1a414cd-fe29-4bbd-9112-3b412478a3bf,Mark Clark,82782665,62,5,310,2024-03-25 22:10:48.375767,pending,29339,SC,JCB 15 digit
77702601-e1d7-4056-ba52-9d33e8288f15,Austin Thomas,87363050,21,3,63,2024-02-29 23:36:12.529727,shipped,29440,SC,JCB 16 digit
32d9b026-3e66-4099-b2bc-70f8a5402724,Jessica King,86165112,80,8,640,2024-03-30 11:26:27.463069,shipped,29798,SC,Discover
c926502a-266a-4b6e-b2a8-4b9450ef19db,Patricia Hall,05475049,84,5,420,2024-06-18 09:10:59.310524,delivered,29417,SC,VISA 13 digit
1b57a532-9846-4d34-8c7b-4b75e52e4cd7,Michelle Obrien,50277711,45,8,360,2024-08-06 20:04:04.772398,delivered,29455,SC,JCB 15 digit
e0b36c5f-31d5-40a9-a888-de9e0886e1e5,Christina Williams,12598595,7,5,35,2024-03-07 21:10:51.316860,pending,29145,SC,American Express
729630bd-71ea-4a39-b781-c927861408f5,Robert Porter,45465970,79,4,316,2024-08-18 12:29:35.013648,pending,29240,SC,VISA 13 digit
df6fa4df-a0b6-40e7-8c8b-bf7b2b812320,Zachary Copeland,28363781,9,3,27,2024-04-18 09:35:40.613186,delivered,29527,SC,JCB 15 digit
38a0161b-43a6-4612-9d5d-b99d90a1f8ff,Shannon Morgan,57065519,51,1,51,2024-01-09 21:06:47.728547,pending,29405,SC,JCB 15 digit
76610aee-810b-4e5a-acee-9675b6cd771e,Gregory Wallace,82765989,38,2,76,2024-06-28 11:16:41.677887,delivered,29395,SC,VISA 16 digit
59a6d7e7-c6b6-4941-a770-4d2c3ff29dca,Mr. Brandon Jimenez,36055999,35,7,245,2024-06-23 23:41:45.959009,delivered,29691,SC,VISA 19 digit
d19085fc-17ba-4efe-aaf1-fecf640f6892,Alexander Newton,39001337,52,10,520,2024-04-16 02:37:24.460350,delivered,29114,SC,JCB 16 digit
56a33ce4-495d-4aa5-b92c-92eec86f6d08,Curtis White,22406538,44,9,396,2024-05-14 11:39:03.511894,pending,29602,SC,Discover
42129f8d-1fa1-464d-8feb-b8e7128e1279,Amy Barber,89112533,66,8,528,2024-04-26 07:01:01.718468,delivered,29885,SC,Mastercard
2c6cb2cb-a209-43bc-bc4b-4719b4146303,Hector Price Jr.,91224873,22,9,198,2024-02-10 00:02:29.072876,pending,29762,SC,Discover
eceab429-5c31-41f2-87d6-a23dc83bd275,Mr. Anthony Munoz,04314660,42,5,210,2024-07-10 03:53:44.634636,pending,29315,SC,American Express
481e9674-fbc9-4701-8e59-6ffec3a8e9ec,Kimberly Coleman,14178504,74,2,148,2024-04-27 19:03:24.348021,pending,29577,SC,VISA 13 digit
391018a7-68e5-458d-951d-7b823700bee1,Matthew Mccoy,74350261,25,2,50,2024-04-15 18:49:48.252531,delivered,29789,SC,American Express
1b1946d1-3107-4b46-93bc-97c246c71cb5,Jeremiah Sampson,49419498,23,9,207,2024-02-19 08:48:35.984085,delivered,29909,SC,JCB 16 digit
a4b6f270-e06c-49be-89de-3d46aed36b92,Austin Camacho,59830078,42,2,84,2024-01-05 01:21:53.470605,delivered,29115,SC,VISA 16 digit
b6fd3ffc-9dad-4146-9b91-1f6fb566d92c,Anthony Gutierrez,13108496,81,6,486,2024-08-25 08:56:01.992590,pending,29833,SC,JCB 16 digit
537d5145-b485-41cb-bd14-9f51a6cb488c,Gregory Wallace,01437416,59,6,354,2024-03-04 00:39:49.562688,shipped,29395,SC,VISA 16 digit
25d5d7f4-3dab-4f7b-99e0-0e28457ac790,Yolanda Rodriguez,37798376,81,5,405,2024-07-31 08:26:34.376453,delivered,29029,SC,JCB 16 digit
260af8c8-5599-448c-aeda-a1e57b5297ee,Bill Johnson,02043258,84,3,252,2024-03-03 00:30:05.482292,shipped,29153,SC,JCB 16 digit
416defc0-50f6-4780-9bae-91adfc3f8c51,Micheal Mercado,16567214,30,6,180,2024-07-23 20:32:55.435197,pending,29519,SC,JCB 15 digit
3610d2b3-b7f1-4160-aa55-faf0bfe88767,Erik Jones,31421065,43,4,172,2024-04-27 03:31:37.758079,delivered,29605,SC,VISA 16 digit
b2a579f6-5b97-4252-8469-22123e661152,Cassandra Gilbert,47350458,72,1,72,2024-01-01 00:43:32.469451,shipped,29287,SC,Discover
dfd3af28-6d16-4dff-8759-32fa239b48ee,Sarah Mcdonald,57383071,12,3,36,2024-08-30 01:15:05.359844,delivered,29109,SC,JCB 15 digit
967fe1b6-3102-40bd-9e3e-47869805b4da,David Campos,08189400,12,9,108,2024-07-31 12:37:43.496341,delivered,29499,SC,Mastercard
cd2dbffc-4115-4b07-b6ee-78a6e7b1e0fa,Michelle Obrien,45303715,53,6,318,2024-01-07 20:15:02.848067,shipped,29455,SC,JCB 15 digit
f8deb83d-6533-461b-a144-0415f2c802b8,Shannon Morgan,24463393,88,6,528,2024-01-20 23:48:43.541758,pending,29405,SC,JCB 15 digit
6c524049-2178-47e1-aad7-ec5badcf9877,Mario Frazier,74768998,21,6,126,2024-02-04 02:14:41.894686,pending,29368,SC,Mastercard
3b405536-a831-4ebd-a6ba-28f1f2c7c71c,Jason Anderson,70930917,20,4,80,2024-07-04 19:38:28.682758,delivered,29872,SC,American Express
2288d553-f182-4f3f-b587-5a2f42de661b,Jeremiah Sampson,88283210,31,10,310,2024-06-09 12:15:49.858184,delivered,29909,SC,JCB 16 digit
fc8fe2e9-5cb2-47e0-a14a-e9d94063fb83,Gabrielle Brown,40155463,95,9,855,2024-03-17 17:51:01.953048,shipped,29474,SC,Mastercard
a85db321-feb0-4449-8da6-a536b36a1b64,Rachel Palmer,45990113,56,1,56,2024-03-14 00:20:15.671131,pending,29160,SC,VISA 16 digit
bc539ae4-04e3-4907-ba31-7136036eeba2,Mark Clark,05966127,30,9,270,2024-06-29 09:29:08.742881,delivered,29339,SC,JCB 15 digit
2dbf61bb-4c64-48ca-afa3-25ec2fab295b,Sharon Carter,69421945,80,9,720,2024-01-22 00:10:17.919996,shipped,29066,SC,Discover
89f63aa4-85a7-4854-bdec-96131f31f7e9,Alexander Newton,24586764,62,10,620,2024-06-19 16:48:16.736303,pending,29114,SC,JCB 16 digit
874ceccb-a855-43d2-a339-63a03dc8a1f4,Aaron Bennett,24478960,99,7,693,2024-04-01 21:57:02.272423,pending,29825,SC,Diners Club / Carte Blanche
1ca858fd-ed54-4bd7-b1f9-9f2da0832583,Amy Barber,55096133,62,2,124,2024-04-22 16:58:45.251333,shipped,29885,SC,Mastercard
8eac0eea-861c-4b44-a5fe-23d924ec5549,Christina Williams,67038640,80,8,640,2024-03-04 11:57:57.807396,pending,29145,SC,American Express
3e975fcb-dd95-426c-be55-cd1c81340a3b,Judith Pennington MD,51312442,11,3,33,2024-01-31 18:03:24.208945,delivered,29492,SC,Discover
27345a15-ef61-4a51-9f29-b2863c9795f2,Michelle Williams,45134432,99,1,99,2024-03-31 06:16:54.325662,delivered,29235,SC,VISA 19 digit
e9007bb2-eef3-482e-b1fc-0db8a4fdc546,Hector Price Jr.,27293959,94,1,94,2024-08-27 22:44:34.021403,pending,29762,SC,Discover
405cc1ba-0353-4dad-b1fb-ac921d6f5dcf,Michelle Williams,55846998,46,6,276,2024-03-21 07:55:25.881898,shipped,29235,SC,VISA 19 digit
cb404ee4-1703-46ed-8366-7e6dc0501f6c,Jay Villanueva,82438999,37,7,259,2024-06-10 12:47:27.701842,delivered,29531,SC,Maestro
984dec35-0d5a-4bd0-b398-4957a6dc11ec,Mario Frazier,06926359,51,7,357,2024-06-21 01:25:04.760303,pending,29368,SC,Mastercard
69c74142-04de-40f5-90eb-11f889573016,Veronica Ingram,04732259,14,10,140,2024-02-25 06:50:08.450144,delivered,29853,SC,VISA 16 digit
a650d5e7-a7b8-4926-9b44-5961d94acf3f,Kylie Flores,71076454,6,4,24,2024-06-08 12:46:34.895882,shipped,29801,SC,VISA 19 digit
8fe23d16-4383-4199-b259-4d85308a257a,Felicia Peck,25501469,90,4,360,2024-03-29 10:54:28.673317,delivered,29347,SC,JCB 16 digit
8a7ae789-f772-4a81-9c7c-2472e4bbfb1c,Rebecca Myers,99455262,40,6,240,2024-01-21 23:34:43.150470,pending,29673,SC,Mastercard
e5ce150f-25d7-45c5-a052-12e133e257d8,Amy Rojas,86657501,34,8,272,2024-06-09 06:58:07.859213,shipped,29039,SC,VISA 16 digit
9470ae4b-06a7-400b-af07-483f6760b8ba,Brenda Howard,22532916,47,10,470,2024-02-15 11:56:55.604874,shipped,29538,SC,JCB 16 digit
8960dffc-a489-431c-8179-2133244ade67,Kimberly Norton,74232345,72,10,720,2024-08-12 09:24:24.070113,delivered,29374,SC,JCB 15 digit
cc8c955c-b90f-4a2f-a34e-ede126be81bc,Jeremiah Sampson,06918538,61,5,305,2024-01-08 02:44:29.304641,pending,29909,SC,JCB 16 digit
b556bf1c-b651-42b8-bd34-4b695ac151b8,Gregory Wallace,23199484,38,6,228,2024-07-23 06:13:34.104815,pending,29395,SC,VISA 16 digit
086d9e95-7adc-4758-8251-bcb02959174c,Tracy Collins,79941105,75,8,600,2024-04-30 17:03:07.102482,shipped,29745,SC,JCB 16 digit
cec26537-8819-412a-8510-fb95dcc9286e,Nicholas Baker,16378971,82,1,82,2024-04-26 14:14:54.561148,shipped,29775,SC,Discover
966c8a3c-7a7c-4287-b6ca-baa11880d4f6,Ryan Adams,38002595,42,1,42,2024-03-17 16:02:44.804452,delivered,29473,SC,VISA 19 digit
d0f0f030-374d-4051-8450-8e4c6e7c6138,Carol Brewer,39710987,12,7,84,2024-04-27 14:19:13.007233,pending,29264,SC,Maestro
e1c12a36-b4b9-4d2e-b157-f0ebfdb06a20,Jason Anderson,10413562,14,10,140,2024-05-02 15:10:55.705582,pending,29872,SC,American Express
c373ab7b-097f-4c3a-bdf3-c402af33febd,Rachel Palmer,56543667,46,10,460,2024-08-25 17:09:41.535111,pending,29160,SC,VISA 16 digit
9349e579-c1be-47ee-aa55-cbebde160943,Charles Jordan,25421965,84,4,336,2024-07-29 08:30:16.693448,shipped,29188,SC,Discover
511f8622-744b-4cd6-9509-70525e4d337d,Barbara Jackson,45465970,79,4,316,2024-04-27 10:27:48.057063,delivered,29275,SC,VISA 13 digit
b499f5d2-e67e-43f0-a034-5dbcf566509b,Micheal Mercado,81132263,50,10,500,2024-08-14 06:25:59.760779,delivered,29519,SC,JCB 15 digit
3ada8357-f107-4e86-97bf-0e28e2f29f8d,Andrew Lawrence,02138701,1,2,2,2024-03-23 19:02:14.392675,delivered,29451,SC,Discover
5d1622e8-3604-44fd-9db3-b4a0fb07b460,Todd House,90659966,53,7,371,2024-03-03 12:52:06.434319,delivered,29777,SC,JCB 15 digit
71121922-15b2-4f15-baa5-0dd05c737f9d,Kimberly Coleman,44085315,49,2,98,2024-03-28 22:06:37.381002,delivered,29577,SC,VISA 13 digit
8b2d41bd-6d43-4b61-83fb-bd76cc55f4f2,Rodney Higgins Jr.,41937266,87,6,522,2024-01-05 11:37:24.219110,delivered,29598,SC,VISA 19 digit
7b4a8fc0-c198-4d1a-aedc-d6ab8648aaac,Sarah Mcdonald,90286865,87,8,696,2024-03-25 14:56:57.274896,shipped,29109,SC,JCB 15 digit
b0834c2e-62cb-48fb-8408-8ac0836d1d54,Laura Ortiz,13151560,35,10,350,2024-05-29 11:41:04.533938,pending,29641,SC,American Express
c20c92cb-54ec-449b-afcb-c51fa01772d1,Yolanda Rodriguez,94204964,76,6,456,2024-06-13 13:09:14.538968,shipped,29029,SC,JCB 16 digit
5034b355-76e3-4178-a46f-b04bf2b8540d,Brenda Howard,14178504,74,6,444,2024-07-02 04:20:49.304541,pending,29538,SC,JCB 16 digit
9f2f0a7f-3033-46b1-b52a-b29982cbf333,Jennifer Edwards,58766415,54,4,216,2024-05-11 00:04:46.329185,shipped,29832,SC,Diners Club / Carte Blanche
24f4e077-6f22-4b97-a611-d383723c5bb8,Christina Williams,67754069,3,6,18,2024-09-07 01:24:34.612204,delivered,29145,SC,American Express
cbfdc07d-d101-4622-b17d-00fbc06fd501,Kylie Flores,51322502,71,7,497,2024-08-21 09:29:51.895505,shipped,29801,SC,VISA 19 digit
a42d2234-6591-4fee-bde1-5f09238a4ed7,Gabrielle Brown,33242811,96,9,864,2024-06-04 05:53:42.840845,shipped,29474,SC,Mastercard
4b40fb25-e9ca-4450-b8b1-0492a2e479d8,Tracy Collins,40576183,50,8,400,2024-08-06 13:58:03.720727,delivered,29745,SC,JCB 16 digit
1d121d86-e952-4099-96be-35b353811944,Jasmine Sims DVM,50796083,4,3,12,2024-05-25 11:23:03.245007,pending,29508,SC,VISA 16 digit
97be2b0e-2acc-4009-aeff-6542794f6dfa,Carol Brewer,79699181,23,6,138,2024-01-24 16:21:07.409507,delivered,29264,SC,Maestro
7faf89f7-2a1f-4e20-9ce8-203297b64bc9,Jeremiah Sampson,22524683,84,1,84,2024-01-05 04:09:45.621791,shipped,29909,SC,JCB 16 digit
dbdaa6b5-81b2-41b9-a32b-a4cbab20c52d,Jeffrey Smith,54345232,26,7,182,2024-03-27 06:40:03.002336,shipped,29719,SC,Discover
425fb6d1-0b0b-4529-abbc-a6b28e57b5cd,Lisa Dominguez,79968591,58,3,174,2024-06-12 05:58:57.626329,delivered,29111,SC,Maestro
307e34c4-b02b-45b7-a5c2-20af6c9f0fbe,Mark Clark,87243000,9,3,27,2024-02-11 07:34:31.559375,shipped,29339,SC,JCB 15 digit
634d6f88-db76-4634-9d41-21066ba1ffc3,Nicholas Giles,67792474,92,1,92,2024-02-18 06:13:05.467070,delivered,29873,SC,VISA 19 digit
90ad7a3a-b5a5-47fe-93e8-bdeaf394a07f,John Curtis,46700087,70,2,140,2024-08-06 07:59:44.257388,pending,29110,SC,JCB 16 digit
8642ed84-67dc-4697-95b2-570c71e89e61,David Moore,61789067,5,4,20,2024-06-13 12:02:56.603839,shipped,29422,SC,Maestro
0870c880-71f8-43b4-b45b-456a23775652,Janet Obrien,08928290,89,3,267,2024-02-02 03:15:26.901917,shipped,29794,SC,Mastercard
e443736d-5754-4de8-abb9-242c0eda2cc4,Veronica Ingram,29993581,71,7,497,2024-07-13 02:43:47.196879,pending,29853,SC,VISA 16 digit
97871781-cb31-4e8e-8bea-c90820aca9b8,Micheal Mercado,24005821,77,3,231,2024-07-29 21:25:15.123770,shipped,29519,SC,JCB 15 digit
cc3237fe-493a-41e8-b03a-08dbafee2476,Jasmine Sims DVM,12859658,24,1,24,2024-07-09 16:59:05.418422,shipped,29508,SC,VISA 16 digit
109a4d90-6198-4481-a722-2b3053d356ba,Rodney Higgins Jr.,01869279,87,7,609,2024-06-26 16:06:16.352243,pending,29598,SC,VISA 19 digit
8161478f-e05f-4e6e-a34f-29190c456cca,Todd House,64544106,7,5,35,2024-06-22 14:56:10.315872,shipped,29777,SC,JCB 15 digit
a2424984-99ee-4ee9-9eba-66df91d92b2b,Curtis White,67754069,3,6,18,2024-04-07 13:13:58.814180,shipped,29602,SC,Discover
92728305-85f3-4bb5-a87e-3795714766c8,Kimberly Norton,60787217,60,9,540,2024-03-29 15:35:05.616205,delivered,29374,SC,JCB 15 digit
8c5f7a19-472a-4808-aff7-6b9db14c8218,Zachary Copeland,84527486,47,5,235,2024-01-19 21:32:44.614707,shipped,29527,SC,JCB 15 digit
f5de6e67-a85c-45fd-9ff3-409c741171d9,Ryan Adams,16446342,16,5,80,2024-04-01 02:37:53.899924,pending,29473,SC,VISA 19 digit
8ff36175-ca69-438a-b9c9-d8da8fa552ae,Linda Clark,09362741,25,8,200,2024-05-14 09:44:52.469337,shipped,29467,SC,Discover
fd8e8243-6de5-4566-b9c0-56d246f72c8f,Katherine Fitzgerald,98457434,38,1,38,2024-06-14 04:54:12.602914,pending,29931,SC,Diners Club / Carte Blanche
572f654d-7add-4db3-a1c2-9620e46c9cf6,Kimberly Burton,54303119,40,1,40,2024-07-08 12:04:49.038086,pending,29256,SC,VISA 19 digit
8803ffd8-fb6f-438f-bfe5-1f1b583ed90b,Christopher Lynn,12049646,71,2,142,2024-09-02 02:54:43.809919,pending,29618,SC,American Express
dfe32783-dc3a-4a4c-80ad-649a985ebfca,Kimberly Coleman,55579193,25,3,75,2024-06-10 15:23:53.018970,shipped,29577,SC,VISA 13 digit
0d19928c-1c44-4b83-939e-f4a0ea53c9a6,Deanna Williamson,05931316,61,7,427,2024-03-10 22:54:14.130896,delivered,29262,SC,Maestro
c62a4043-791f-482a-9d76-c459f218ebf3,Jacqueline Walker,75415037,68,2,136,2024-04-29 20:47:29.327033,delivered,29280,SC,JCB 16 digit
d78c45c5-8a6d-443d-8ef0-a03d374d13a5,Brenda Howard,94204964,76,7,532,2024-01-17 09:09:22.434621,shipped,29538,SC,JCB 16 digit
c6d093be-2c3e-44b6-858d-eceb3dead9a5,Anthony Gutierrez,67747283,5,7,35,2024-04-02 13:31:05.368322,pending,29833,SC,JCB 16 digit
c062c8b6-2868-4e14-ac17-fb9d5d689406,Amanda Hicks,24005821,77,2,154,2024-01-20 12:59:54.945501,delivered,29434,SC,Maestro
ad089467-245b-4729-91fd-2cbb4758b038,Laura Ortiz,42903833,51,6,306,2024-02-07 04:27:16.291099,shipped,29641,SC,American Express
adcf0419-b1f2-4fe2-a094-e4b17f9e3e9a,Amber Brown,53089717,82,8,656,2024-08-24 04:34:50.923908,pending,29061,SC,Mastercard
0bc7cc4d-cb83-4017-8866-9a6bc98cc076,Veronica Ingram,99332211,93,6,558,2024-04-19 22:56:20.609736,shipped,29853,SC,VISA 16 digit
f3e5e86e-d9e8-4d26-b7bc-f605b2bdf7af,Yolanda Rodriguez,40937342,82,3,246,2024-06-19 01:15:42.939886,pending,29029,SC,JCB 16 digit
b13d2387-e337-4225-ada7-08070b309b3f,Nicholas Baker,74217670,28,7,196,2024-08-17 17:27:26.379099,shipped,29775,SC,Discover
e98adbe3-d7c0-4dd0-a30f-a1e6c3cf3355,Paul Davis DVM,66642893,48,10,480,2024-01-30 21:32:37.204279,delivered,29005,SC,Mastercard
4540c7ff-9ce5-489f-a001-f37971f122ea,Linda Williams,46700087,70,1,70,2024-06-21 23:24:13.678913,shipped,29561,SC,Maestro
a08e97b2-c3f4-41d3-aa5c-bde32e3be557,Heidi Holloway,88588179,48,7,336,2024-03-20 23:09:10.752713,pending,29004,SC,VISA 16 digit
4baedcff-88a6-4dc5-8012-867f739e521c,Robert Porter,99315894,15,3,45,2024-06-01 17:56:48.418107,pending,29240,SC,VISA 13 digit
1a75d236-6cfc-4e98-a992-5820551b04da,Rodney Higgins Jr.,12321377,32,5,160,2024-08-13 07:10:37.214038,delivered,29598,SC,VISA 19 digit
13e66ef1-7d9a-461f-819d-190a94d39561,Jennifer Edwards,52568923,63,6,378,2024-07-19 22:18:39.322775,delivered,29832,SC,Diners Club / Carte Blanche
8cadaff8-02c0-488f-b5fc-f0f93e83034e,Amber Brown,20152871,8,10,80,2024-06-05 18:27:00.386478,pending,29061,SC,Mastercard
d5df8087-d1ee-4d91-ba40-8b106940b972,Felicia Peck,96949542,80,10,800,2024-08-30 23:47:42.401113,shipped,29347,SC,JCB 16 digit
8b0255ad-1157-40d4-aea5-bcdc2ea04324,John Curtis,18289022,89,4,356,2024-06-10 14:50:58.213736,shipped,29110,SC,JCB 16 digit
1b8386cc-4e2e-4910-8b5f-70a10635ead4,Mr. Anthony Munoz,74812677,88,9,792,2024-08-23 23:33:24.479952,pending,29315,SC,American Express
84372841-5793-4768-b7c9-b137c14040be,Austin Howell,83480300,10,9,90,2024-07-06 11:26:49.254430,shipped,29826,SC,American Express
6a9f083d-613a-405f-a018-7f75bf74458d,Rebecca Myers,96351406,48,5,240,2024-04-24 01:18:49.908348,shipped,29673,SC,Mastercard
97979d7f-6df4-4b75-b2b6-ae002b928f2d,Wendy Farmer,82270858,49,6,294,2024-07-15 10:15:22.333925,delivered,29279,SC,Discover
17414453-fa31-4ba6-b744-7e0567d0bce2,Linda Watson,87165999,45,7,315,2024-06-22 17:16:39.494566,shipped,29820,SC,VISA 19 digit
286e1c0a-3ecc-4274-9a57-bae5e6b881af,Gabrielle Brown,23960619,100,2,200,2024-01-05 19:41:37.702375,shipped,29474,SC,Mastercard
5f2fff47-ff6e-400f-91a7-0c2fc94a53ca,Michelle Williams,58766415,54,10,540,2024-04-01 05:47:34.488687,pending,29235,SC,VISA 19 digit
585460fe-3308-44b4-8c21-e12f8276cfe4,Nicholas Giles,56877168,51,2,102,2024-04-28 22:02:33.436742,delivered,29873,SC,VISA 19 digit
1e852892-d9c7-44d8-9efb-f5eb12e70de3,Ronald Wheeler,60640383,8,7,56,2024-08-11 16:14:57.947153,pending,29279,SC,VISA 13 digit
3fa4a5e5-453f-4d6b-a111-fe8fe13f2473,Linda Clark,92499980,45,8,360,2024-04-03 05:02:52.458984,shipped,29467,SC,Discover
9ecee5ef-ad22-40c7-9309-621e200d6072,Ivan Edwards,89993088,12,3,36,2024-02-15 23:32:03.512329,shipped,29144,SC,JCB 16 digit
e2f0791b-023a-40f9-a788-5788a9da439d,Amy Rojas,42990703,4,1,4,2024-01-16 14:25:49.481101,pending,29039,SC,VISA 16 digit
04a18877-7bbc-4517-a640-acd076a1f25e,Katherine Fitzgerald,19463940,65,3,195,2024-07-05 10:08:25.500360,shipped,29931,SC,Diners Club / Carte Blanche
a01d7326-bdb4-442b-aca4-733c455a1a84,David Moore,39529879,23,8,184,2024-09-02 06:26:49.860310,shipped,29422,SC,Maestro
88d2062f-61ce-4a45-91ea-7d907d3f3ba3,Terri Hansen,04787235,93,2,186,2024-08-25 13:37:21.313047,delivered,29880,SC,American Express
fdd84629-486f-4e7b-9cf0-8994f85d52ce,Tracy Collins,03324752,64,5,320,2024-03-10 00:40:38.234762,delivered,29745,SC,JCB 16 digit
b3ed32f3-28c2-4ee3-9bc5-3a462888353a,Nicholas Baker,78177321,20,2,40,2024-02-13 19:46:18.330633,pending,29775,SC,Discover
c34ba960-4d2a-4665-b21c-c6a193e74b29,Amanda Hicks,36308446,52,2,104,2024-01-28 10:09:34.191668,shipped,29434,SC,Maestro
bd06ec5d-034f-4903-9a0c-d9801dac2a7b,Jonathan Wilkinson,80362616,21,2,42,2024-08-19 17:35:53.391222,shipped,29228,SC,VISA 19 digit
ab1c7b29-a013-4e4b-8ef5-072f50cda9c9,George Nolan,31918824,7,7,49,2024-05-31 02:12:15.604052,shipped,29240,SC,Discover
c5848582-31ad-4045-a244-957b657bd570,Amanda Cain,48003827,34,8,272,2024-08-07 16:15:30.983651,delivered,29590,SC,JCB 16 digit
f3257aee-e916-4e29-888c-b477b58be790,Jasmine Sims DVM,19615943,6,2,12,2024-05-26 01:16:18.463394,delivered,29508,SC,VISA 16 digit
f875adae-5cda-4c1d-8294-eb462faf636f,Veronica Ingram,32565164,13,5,65,2024-03-25 01:46:52.766443,delivered,29853,SC,VISA 16 digit
12f6d5f9-0c3e-4c48-9e4c-29eded06e558,Paul Davis DVM,28363781,9,3,27,2024-04-23 00:40:34.630676,delivered,29005,SC,Mastercard
7441c00b-286c-4ca9-b511-e563ffab03f4,Jeffrey Smith,02856612,92,6,552,2024-05-20 22:53:14.381744,shipped,29719,SC,Discover
93e91d48-197a-48fd-b830-4d412981cee9,Hector Price Jr.,04206149,12,4,48,2024-06-20 23:55:23.103204,shipped,29762,SC,Discover
