040cb138-66be-4578-abbe-bbbf213b2e26,Emily May,97212294,99,7,693,2024-06-18 23:24:10.551729,pending,72135,AR,Mastercard
31378389-a372-4c35-9e73-d8312c8ccb8b,Steven Lee,28899518,9,9,81,2024-01-04 14:35:20.545944,pending,71706,AR,VISA 16 digit
e56d0e29-2d73-489b-bec1-42aa20a88d6c,Justin Steele,92867284,97,1,97,2024-07-13 21:05:20.337605,delivered,72940,AR,VISA 16 digit
c028ee58-7fd8-4aee-86fe-74605de9e4f0,Erika Parker,89278611,89,9,801,2024-03-05 05:04:13.570434,shipped,72839,AR,VISA 13 digit
a48e5839-aa30-44ca-a17e-47a04869eb1d,Michelle Chapman,35907411,30,3,90,2024-01-07 09:44:05.207481,shipped,72047,AR,VISA 19 digit
66a4547c-2bd2-4dfd-8bbf-0df1879eb084,Ms. Tracy Byrd,37901165,46,2,92,2024-01-15 22:47:32.131931,shipped,72916,AR,Diners Club / Carte Blanche
025e0572-5308-4893-8949-bfad5c9e170c,Amanda Mathis,68433376,19,8,152,2024-01-31 15:04:53.009842,delivered,71762,AR,VISA 13 digit
5650d64a-c2e4-4c0c-8033-0381a605c9bf,Sharon Arnold,13627560,18,1,18,2024-01-07 12:18:17.672715,delivered,72380,AR,Maestro
50d8468c-8f32-40f2-93eb-021fe840c2c2,Nicholas Walker,87081923,9,1,9,2024-04-01 05:47:45.485348,shipped,72023,AR,VISA 16 digit
7bc69427-b131-4d86-9e9c-922f7d6bae25,Lisa Moore,00546454,94,1,94,2024-05-23 02:46:39.803661,shipped,71891,AR,Diners Club / Carte Blanche
b4c37589-ae86-41e9-8be6-579ac6680e9f,Marcus Caldwell,07164019,63,1,63,2024-02-04 21:20:43.841673,pending,72625,AR,Discover
03fe0275-7b66-4d63-a197-8f54c48ba16b,Caroline Cohen,28078845,73,5,365,2024-03-24 06:43:40.294773,pending,71816,AR,VISA 16 digit
213d48fa-49a9-4110-8635-8bd65c262c92,Daniel Williams,39930453,33,8,264,2024-05-09 05:40:17.403145,delivered,71667,AR,VISA 16 digit
eeed1ff5-04a9-4560-baca-c0da311e7591,William Shah,57665061,4,8,32,2024-06-02 18:35:10.268468,shipped,72691,AR,VISA 13 digit
0fec28bf-7f53-4c1b-8758-c4f8f5ef5d20,Amanda Mathis,06932480,82,6,492,2024-03-06 15:55:18.884373,pending,71762,AR,VISA 13 digit
be3220fc-3566-4713-906c-a21c9d79b712,Erika Parker,49808636,51,4,204,2024-04-03 07:02:24.307185,shipped,72839,AR,VISA 13 digit
7d83c19a-f0cc-436f-be86-cd2562717e2e,Katherine Willis,37631833,94,8,752,2024-08-23 16:15:23.870699,pending,72326,AR,Diners Club / Carte Blanche
39c44079-5ba0-4709-9395-efb307c1ae52,Shannon Jacobs,20711214,57,6,342,2024-01-19 19:55:00.818367,shipped,72175,AR,Discover
841a89c8-33ff-45e5-bc46-6945d123812b,Diana Sharp,43053414,72,5,360,2024-01-15 08:44:51.498666,pending,72706,AR,JCB 16 digit
63990e21-a2a3-4721-8167-0c95362ccb11,Patrick Martinez,99519056,78,6,468,2024-07-24 01:55:49.583542,delivered,72568,AR,American Express
b6a2db97-0757-407e-a148-d70ded1a9ff0,Allison Thomas,37798376,81,9,729,2024-03-25 02:17:37.548327,pending,71719,AR,VISA 13 digit
d57877af-d056-4a83-892a-cfd991188539,Sharon Arnold,84295569,81,5,405,2024-03-30 04:00:15.233526,delivered,72380,AR,Maestro
09dbc381-060c-4349-8749-eb7985e1a5cd,Michael Martinez,28423782,72,10,720,2024-07-03 05:35:16.405829,delivered,72467,AR,Maestro
ca9cac36-26ef-4c85-82b8-388817611634,Donna Wright,95549491,90,1,90,2024-06-08 17:57:04.465580,delivered,71678,AR,VISA 13 digit
902d1909-802c-4419-b5a1-967f5a30d858,Nicholas Clark,98823017,89,9,801,2024-04-21 00:56:37.619184,shipped,71874,AR,Maestro
57b3a88a-711b-481e-9fb3-7007f6a9ba28,Ricky Sanchez,01437416,59,2,118,2024-03-18 01:33:23.467186,pending,72641,AR,JCB 16 digit
e56a4841-3b17-47b3-a1a8-d208b4642745,Robert Lam,52206405,69,8,552,2024-01-17 03:56:42.800039,shipped,72144,AR,VISA 16 digit
75780a41-c6a2-4f82-b307-42fda8c519d7,Natalie Rangel,72379394,14,8,112,2024-07-24 10:19:14.128426,delivered,72203,AR,JCB 16 digit
2c7b4722-cc6f-4ed5-aba1-4efe68317f4b,Andrew Monroe,68433376,19,10,190,2024-08-29 06:46:06.181377,pending,72487,AR,JCB 16 digit
f1ffb843-b51a-43e4-9597-942b3c3581b2,Michelle Chapman,20916732,54,6,324,2024-07-10 15:28:19.743506,pending,72047,AR,VISA 19 digit
d1beb05a-6433-451b-b30e-0cf8580af245,Marcus Caldwell,19463940,65,7,455,2024-06-19 00:10:14.122350,shipped,72625,AR,Discover
aeeae866-d8c7-4084-ab51-940e9bb25e89,Christine Cobb,41029398,96,10,960,2024-02-23 17:11:22.031439,delivered,72823,AR,JCB 16 digit
6a8e51f3-6884-42a9-a99d-45c1af8f1e04,Cole Hardy,74655717,80,5,400,2024-05-29 04:53:17.916991,pending,72762,AR,American Express
a1d2ec11-1dcc-4a19-8afb-740222b30e1f,Dr. Christopher Schaefer,05583669,76,4,304,2024-07-05 18:04:54.675374,shipped,72110,AR,JCB 15 digit
e04c63b5-3a4d-41f9-b662-dcee97e463ad,Amy Ochoa,89244463,51,6,306,2024-05-09 16:14:09.363144,pending,72162,AR,Diners Club / Carte Blanche
3cb8e612-b25b-4495-90fb-8a2c7b22ad57,Anthony Johnson,81695935,90,6,540,2024-02-12 23:00:17.493788,pending,71729,AR,Mastercard
9f5fd0dd-1dab-42a2-9950-fb614f5354d4,John Daniels,72853054,83,3,249,2024-03-06 00:31:21.226640,shipped,72653,AR,Diners Club / Carte Blanche
25b4d7f0-b320-4fbe-baa4-3758c876aa01,Benjamin Randolph,62550376,44,6,264,2024-01-28 09:35:03.941564,delivered,72887,AR,JCB 16 digit
02cf93a1-edd9-4266-bfcf-79008391fe5e,Matthew Garcia Jr.,78179325,83,10,830,2024-06-27 05:49:08.567310,delivered,71822,AR,VISA 16 digit
c58a729d-4bbd-4e7d-bb16-28323312d154,Caroline Cohen,66193265,6,6,36,2024-03-11 16:03:14.667613,delivered,71816,AR,VISA 16 digit
4d1b888c-55d0-4e2b-9a5b-75eec782842a,Andre Joyce,75257354,59,10,590,2024-03-12 13:20:11.895676,shipped,72535,AR,VISA 13 digit
bc504bf5-c351-4464-a9f5-c4baacc800a8,Michael Castro,95211046,96,10,960,2024-07-06 19:02:54.549376,delivered,72882,AR,JCB 16 digit
7060737f-2547-482e-bd24-1a90c6d6e1b8,Christine Cobb,00963947,8,5,40,2024-03-15 12:06:44.472149,delivered,72823,AR,JCB 16 digit
50de9ed1-74a8-4dba-96d9-f0ea810daecc,Natalie Rangel,83903830,52,8,416,2024-06-09 05:25:06.571585,shipped,72203,AR,JCB 16 digit
067e4d18-7a31-4173-b01d-32f33cdebdd2,Terry Love,18545135,75,9,675,2024-02-23 19:06:17.908001,delivered,72790,AR,VISA 13 digit
7f520d9a-1fa3-43ff-a351-172615541cb0,Gail Walker,54815759,72,1,72,2024-07-25 16:02:39.914822,pending,72527,AR,Diners Club / Carte Blanche
beb1b84b-57fb-49fd-a799-6a0d61addd89,Andrew Cooper,53267887,63,1,63,2024-02-14 15:35:47.296033,pending,72640,AR,American Express
72dbec47-9dc4-4d9e-b40f-a342e9faf01d,Justin Steele,31534475,86,6,516,2024-05-11 07:33:09.002688,delivered,72940,AR,VISA 16 digit
7266e71d-91ba-490f-b521-23557b844867,Tracey Gomez,45418761,44,5,220,2024-03-20 02:30:51.259301,pending,72685,AR,Discover
f6e3eeb2-583e-4c0e-b216-de82a0d22571,Andrew Anderson,86908948,17,6,102,2024-01-01 10:34:48.845570,delivered,72955,AR,VISA 16 digit
7b7aa850-35e9-4b4d-9c29-dbbc530758cf,William Shah,88301730,76,5,380,2024-05-12 22:18:56.923305,shipped,72691,AR,VISA 13 digit
d805382d-ec38-4f87-8e18-5cf1d6730789,James Hernandez,23505155,19,2,38,2024-08-18 01:29:37.828678,pending,72814,AR,American Express
93fc5491-6fbd-4314-9fbb-289ca562dce6,Jessica Khan,39208774,30,5,150,2024-02-14 10:25:12.390038,shipped,71949,AR,Discover
2f390447-59b6-447e-9be3-7205c9ccc2f1,Kenneth Craig,97946960,42,8,336,2024-04-07 10:03:48.357294,delivered,72161,AR,Discover
453ae995-2e15-4e52-844a-8bf2b1ac6a6a,Daniel Williams,80713432,71,10,710,2024-04-25 09:11:24.612819,delivered,71667,AR,VISA 16 digit
178ff76c-07fb-43bb-b28d-30ace84f92bf,Brittany Stewart PhD,03837573,1,5,5,2024-03-05 14:33:13.350774,pending,72640,AR,American Express
1cdd75c7-4447-404b-a5d4-69fc8ea62496,Steven Lee,21119620,83,7,581,2024-04-04 21:41:10.498754,shipped,71706,AR,VISA 16 digit
d543165c-d618-4eef-a9a5-63fd437763dd,Laura Briggs,14982026,67,10,670,2024-04-07 05:15:17.187535,shipped,72666,AR,VISA 13 digit
15e06c73-da18-487a-812e-a0f927fa6cf2,Kathy Mendoza,03648445,23,8,184,2024-01-15 09:34:43.270940,pending,72914,AR,JCB 16 digit
1de2f31b-2cf5-48b1-b431-7eca99f1a496,Daniel Williams,10934449,27,3,81,2024-05-22 08:59:49.466328,shipped,71667,AR,VISA 16 digit
4cdbb428-4ee1-4828-ba1a-31ba100c4b41,Gail Walker,31745550,77,2,154,2024-09-01 18:05:31.615619,shipped,72527,AR,Diners Club / Carte Blanche
473d1c43-7d00-485a-ae33-7716207bc36f,Alex Farrell,22657527,32,2,64,2024-05-04 17:05:53.609745,shipped,71937,AR,VISA 19 digit
028571f9-b124-43ee-aa58-633200fb307e,Joshua Lee,03399552,36,1,36,2024-08-15 02:57:28.042204,delivered,72130,AR,Mastercard
e396d86a-f9ff-4946-a349-ca28e1d1403c,Megan Terrell,94147346,83,9,747,2024-04-30 01:22:32.294699,shipped,71751,AR,VISA 16 digit
50813762-4ad5-4802-9b84-e836d8ba27c3,Sierra Simmons,98772322,97,9,873,2024-07-17 16:27:13.847486,shipped,72320,AR,Maestro
c872f2a6-c921-4597-856a-02978befede3,Amy Ochoa,67792474,92,3,276,2024-06-27 11:32:03.152274,pending,72162,AR,Diners Club / Carte Blanche
463a637c-1f82-487a-85fc-9236400ebedd,Luke Mitchell,88588179,48,1,48,2024-08-16 20:56:14.185822,pending,71735,AR,VISA 19 digit
5a0c05ac-ded0-4e97-bec6-59a97a80d9ee,John Moon,49165883,49,3,147,2024-06-18 09:24:06.607391,pending,72905,AR,VISA 13 digit
5964afe5-6101-49d4-95b0-43cb229c4b41,Ms. Tracy Byrd,99937300,13,2,26,2024-08-19 21:46:16.379763,delivered,72916,AR,Diners Club / Carte Blanche
7ab2ac92-26af-41b4-a1ae-cb15ab7d4c84,Jeremy Baker,08845559,71,10,710,2024-09-06 08:06:47.140371,pending,71930,AR,VISA 16 digit
cdfe65db-7265-4881-bddb-7e85742731b5,Diana Sharp,23722194,42,1,42,2024-08-28 04:10:12.233733,delivered,72706,AR,JCB 16 digit
772e60f6-32d6-4c9a-ae69-fdc43a526973,Susan Smith,19104171,94,3,282,2024-06-20 15:14:34.973449,pending,72034,AR,Mastercard
7d0ab576-3fb9-4f61-87cb-83cdf2139784,Susan Smith,62413763,42,6,252,2024-07-13 03:53:26.546350,shipped,72034,AR,Mastercard
11517f96-97a8-42f2-8785-3b3818fead5a,Steven Lee,48224901,68,4,272,2024-04-07 01:55:44.882070,delivered,71706,AR,VISA 16 digit
501ba70d-3b1e-40e2-9ef3-d0e6c2259c2c,Gregory Scott,92641471,45,9,405,2024-04-02 03:54:25.175214,shipped,72898,AR,American Express
4f0e3699-2823-44e5-8fbd-4f4f8e8fe266,Lisa Long,25501469,90,3,270,2024-02-18 07:36:10.290696,delivered,72051,AR,Maestro
31b1b4cd-3500-4193-b147-df9ce69bd9c2,Robert Hart,01869279,87,2,174,2024-07-04 02:23:11.711845,shipped,72896,AR,JCB 16 digit
457a20dc-f748-4be2-a8f9-c24f6ed24f7a,Rhonda Castillo,13627560,18,6,108,2024-04-24 02:44:21.964709,delivered,71962,AR,JCB 16 digit
b89903ee-d222-4e60-94d6-f03b08ae2334,Mallory Williams,54627123,82,5,410,2024-01-20 13:47:23.047631,pending,72324,AR,JCB 15 digit
690ecefe-5ce4-4202-bb74-b86ad9840a3b,Dr. Christopher Schaefer,53730589,24,6,144,2024-07-29 05:14:17.474754,delivered,72110,AR,JCB 15 digit
c92ece52-d86b-4b87-9362-887bc2a04172,Anthony Johnson,46201379,54,4,216,2024-01-28 02:08:06.862552,shipped,71729,AR,Mastercard
559b6486-7954-4c48-9566-fdefaf8f7855,Andrea Mccarthy,30531376,20,4,80,2024-01-01 11:05:49.334136,pending,72742,AR,Diners Club / Carte Blanche
5d3a5bbd-8a2a-4b24-a4cd-50b4ca910d94,Luke Mitchell,28423782,72,2,144,2024-07-28 06:31:37.492092,pending,71735,AR,VISA 19 digit
495ebd5b-dc2c-4ec6-a12d-ae18299d416c,Nicholas Clark,32081305,60,1,60,2024-07-27 13:48:30.693221,delivered,71874,AR,Maestro
6f8902e2-fc26-4502-9346-7723750d47d7,Benjamin Randolph,23433403,30,2,60,2024-08-27 12:25:18.989237,pending,72887,AR,JCB 16 digit
51665796-8045-4d5f-8841-b7a69ef54a36,Jeremy Baker,82438999,37,5,185,2024-05-19 21:54:43.417912,pending,71930,AR,VISA 16 digit
57222b17-d9cc-4b0f-b653-f4a9e4531b79,Steven Lee,01869279,87,2,174,2024-03-13 21:42:46.660858,delivered,71706,AR,VISA 16 digit
9f248ece-63d7-4f12-835a-bc50536abf7e,Andrew Cooper,41914731,72,5,360,2024-02-23 01:54:21.633537,delivered,72640,AR,American Express
c6476cde-e0ae-495b-8c7c-790c5b5427ad,Dr. Christopher Schaefer,56540246,77,3,231,2024-05-01 04:44:09.486337,delivered,72110,AR,JCB 15 digit
af802168-e535-48b5-bb3d-b0b0e6aa6dd0,Sierra Simmons,30756618,18,9,162,2024-07-07 14:33:56.030927,delivered,72320,AR,Maestro
b58303a4-4da6-4657-95ec-3ad5511e2d30,Vickie Frost,51505653,9,7,63,2024-03-25 04:28:33.463087,shipped,72622,AR,Maestro
7765ae90-a49b-4847-b32d-2a40222de280,Andrew Anderson,49419498,23,4,92,2024-09-06 09:48:22.544612,delivered,72955,AR,VISA 16 digit
02193a6d-84f3-471c-968c-130b75181526,Richard Briggs,72727256,49,10,490,2024-01-06 22:01:55.909763,shipped,71769,AR,Diners Club / Carte Blanche
de45fd5c-3216-46a8-8943-18157df77d7a,Matthew Garcia Jr.,18078619,70,1,70,2024-07-14 04:27:21.870567,delivered,71822,AR,VISA 16 digit
fbb1cf01-6fe7-4882-b491-f0543ee12c5c,Katherine Willis,20916732,54,5,270,2024-05-21 10:23:02.288366,shipped,72326,AR,Diners Club / Carte Blanche
0b81ba52-be46-40e6-9ef9-9b1862884d0e,Mrs. Jennifer Casey,46250025,3,7,21,2024-04-18 10:48:28.420493,delivered,72810,AR,JCB 16 digit
2864c1ed-c468-451c-92e6-92f8b2c0347b,Susan Smith,10934449,27,4,108,2024-08-16 14:20:23.875550,delivered,72034,AR,Mastercard
ea1eafb5-5d28-4cd8-9b97-e76bbd4585b8,Mr. Frank Riddle,97190424,81,1,81,2024-08-18 18:09:44.403829,delivered,72764,AR,Diners Club / Carte Blanche
b4a53e42-1763-4701-9950-e680eaaf9331,Susan Smith,00323802,55,6,330,2024-04-26 23:28:10.904750,shipped,72034,AR,Mastercard
2c919976-e1cd-4f44-86b5-6b800d6b38d6,Mary Moore,47060104,45,10,450,2024-03-09 12:05:21.018626,shipped,72020,AR,Discover
1450ee18-7f13-48c1-985a-ca6eb13e0a0b,Mary Moore,04593560,29,7,203,2024-08-15 05:20:46.585650,shipped,72020,AR,Discover
8cbaf336-2ab6-48a5-8e28-004551f58587,Andrew Cooper,12321377,32,7,224,2024-04-29 13:39:57.614401,delivered,72640,AR,American Express
764161ee-e82a-45ed-b2c8-a16e9ae51c5f,Michelle Martinez,93374897,60,2,120,2024-07-08 05:48:00.335816,shipped,72195,AR,VISA 13 digit
885a025f-2688-4a3a-848c-f18ad1d7b66a,Holly Sanchez,07858789,80,4,320,2024-08-04 23:14:34.481668,pending,72538,AR,JCB 16 digit
ad2a383c-5a02-4936-957c-4d9f849f7dc5,Robert Elliott,87865653,44,3,132,2024-06-09 03:37:30.966205,pending,72724,AR,Diners Club / Carte Blanche
798422ef-de2e-4247-8410-11d8bf0123fd,Kathy Mendoza,10413562,14,3,42,2024-06-06 22:38:51.330461,shipped,72914,AR,JCB 16 digit
bb5adebc-0bf3-4149-835e-88f262d67556,Brittany Stewart PhD,02492339,75,5,375,2024-02-14 05:30:06.703695,shipped,72640,AR,American Express
c196ed3a-7a0e-4910-be51-fd98de21c665,Gregory Scott,16382374,2,10,20,2024-05-28 12:45:42.735213,pending,72898,AR,American Express
2d13e2f6-ff8d-4b79-ac2c-017529ba846f,Sierra Simmons,61892651,83,1,83,2024-06-01 01:56:41.162534,pending,72320,AR,Maestro
b3a37cb2-e7e5-455a-b29e-6f903ecb9221,Mary Melton,67213733,37,6,222,2024-08-30 08:34:46.981919,shipped,72423,AR,Mastercard
30825dee-1e11-47f9-a6b3-9e8fd25dc4c5,Christine Cobb,29743599,50,8,400,2024-08-03 05:49:23.861815,pending,72823,AR,JCB 16 digit
7cde62e3-5d2a-4a86-a41f-d4a54f662ff9,James Hodges,22626073,81,7,567,2024-07-14 15:57:27.941059,shipped,72586,AR,VISA 16 digit
0a06a1cd-eb8c-453d-8c71-fd9398b44baf,Susan Palmer,42322214,27,9,243,2024-07-18 20:12:40.415156,delivered,72313,AR,Maestro
de88e062-8960-4333-a000-867a52ca1dbc,Keith Thomas,59156048,22,6,132,2024-02-05 08:22:08.979539,pending,72203,AR,JCB 15 digit
be6961be-14cc-40f1-a6fb-e733b378ce12,Daniel Williams,39478894,61,4,244,2024-07-24 21:32:48.063997,pending,71667,AR,VISA 16 digit
81e2e5bb-54ed-48cf-b942-ad81dcdba701,Andrea Mccarthy,10143926,45,9,405,2024-08-20 13:26:07.262899,shipped,72742,AR,Diners Club / Carte Blanche
b577309d-1bee-4dab-ab42-7292d2ef93cf,Rhonda Castillo,89442487,59,1,59,2024-05-04 06:25:19.138912,delivered,71962,AR,JCB 16 digit
08310c18-4535-4cf1-9954-0f00f1bf22aa,Katherine Willis,64544106,7,10,70,2024-07-02 00:44:59.490934,pending,72326,AR,Diners Club / Carte Blanche
35bedbb7-8567-4930-8d44-554ba659012d,Katherine Willis,80526988,11,6,66,2024-03-07 10:37:53.579909,delivered,72326,AR,Diners Club / Carte Blanche
9c960941-4c36-4e4f-8b31-677007c38ea9,Michelle Chapman,63059748,27,1,27,2024-07-07 16:55:06.410756,delivered,72047,AR,VISA 19 digit
cc44a3b6-fca0-40e0-8ba1-de24e5d5f0ab,Terry Love,24220491,37,3,111,2024-06-17 22:40:29.439727,shipped,72790,AR,VISA 13 digit
d313287a-4529-4554-a18d-65e9b0d7eb1f,Caroline Cohen,21411557,37,1,37,2024-08-19 11:04:19.017507,shipped,71816,AR,VISA 16 digit
cbc58371-453a-4a80-b3cb-b6ae0eb173d7,Mallory Williams,51312442,11,10,110,2024-04-24 03:10:52.135837,pending,72324,AR,JCB 15 digit
35db49c8-90fd-455c-94e4-97515d320feb,Andrea Mccarthy,42527558,67,6,402,2024-03-21 16:03:02.694223,delivered,72742,AR,Diners Club / Carte Blanche
0ca0e9ba-816d-40aa-9395-1ff4efdfb0cf,Holly Sanchez,27646076,2,8,16,2024-07-23 02:37:27.049514,delivered,72538,AR,JCB 16 digit
540e1a8f-7d2f-4f51-9207-cfed4e1ba9cd,Kathy Mendoza,85575318,82,1,82,2024-07-12 01:56:59.000418,shipped,72914,AR,JCB 16 digit
d0a67b2f-bebe-4276-bfe5-e7a24e170c47,Adrian Jacobs,98457434,38,1,38,2024-07-22 14:17:19.923026,pending,71838,AR,VISA 13 digit
1934eca0-0948-4d94-a866-d31abf74ee05,Vincent Terry,22559784,4,5,20,2024-02-18 03:37:07.094456,shipped,72282,AR,VISA 16 digit
53435b34-6a29-4f2b-9829-18d4c784f079,Diana Sharp,65577660,82,3,246,2024-06-27 22:28:48.054169,delivered,72706,AR,JCB 16 digit
1682e48e-1977-4ab2-8c4c-8ccaca7f0817,Tracey Gomez,47350458,72,5,360,2024-07-19 05:12:08.275031,delivered,72685,AR,Discover
7925caab-99af-42ad-bb20-becab7698a23,Justin Steele,99937300,13,7,91,2024-05-11 19:29:57.373434,shipped,72940,AR,VISA 16 digit
b013da5d-82cc-43de-bdc9-4b2f065b106b,Mary Moore,74655717,80,3,240,2024-09-06 00:25:24.374484,shipped,72020,AR,Discover
7bfe30fa-4bf9-434f-8c34-ba2ff76127d9,Mary Melton,31034425,53,7,371,2024-09-03 14:56:23.914110,shipped,72423,AR,Mastercard
733d5e9a-a8bc-4923-895f-bf1bb2e9d604,Gregory Scott,57665061,4,5,20,2024-02-29 08:03:04.335270,delivered,72898,AR,American Express
643d5fed-abbe-4145-99b3-d488467e6ed8,Shannon Jacobs,80328117,59,2,118,2024-04-30 20:12:38.350510,delivered,72175,AR,Discover
e19abfc9-b16f-45e7-a727-75b928296747,Cynthia Compton,63091731,76,8,608,2024-05-07 17:41:03.927025,shipped,72261,AR,JCB 16 digit
de61c350-0028-42ca-a677-60f4880ecdd3,Rachel Gray,17663366,58,9,522,2024-01-04 05:25:39.530934,pending,72573,AR,VISA 19 digit
8fbcfe47-9b25-4eb2-961e-b5dfde120b9b,Amy Luna,97162063,42,8,336,2024-03-29 05:45:02.594233,delivered,72722,AR,VISA 16 digit
67cdd708-af0c-409e-b691-307d1afd9c62,John Moon,12419920,3,7,21,2024-01-08 13:51:56.674693,delivered,72905,AR,VISA 13 digit
34937728-5b5a-4749-a5d8-436e530c9962,Mark Hayes,74768998,21,1,21,2024-05-01 00:27:05.809985,shipped,72148,AR,JCB 16 digit
a93dd0fa-69b8-4df5-909e-ff7dd5228138,Vincent Terry,65210345,55,5,275,2024-09-02 23:01:12.600022,pending,72282,AR,VISA 16 digit
7e10f446-35fc-4b4e-9d40-15335e1f14d4,Amanda Mathis,96094815,60,2,120,2024-08-13 22:14:16.545279,delivered,71762,AR,VISA 13 digit
560e0acf-b29a-4297-addb-05f5e1c42f15,Keith Duncan,39208774,30,3,90,2024-08-25 00:37:50.848261,pending,72598,AR,Discover
ca010015-6b5f-4804-a1d2-515d93571df2,Tracey Gomez,79205986,19,8,152,2024-09-03 07:00:23.947066,shipped,72685,AR,Discover
9088c2f4-2886-4fb1-bdae-4e8b8f2e7084,Caroline Cohen,55543330,86,4,344,2024-08-03 06:35:42.974145,pending,71816,AR,VISA 16 digit
0d7dfaeb-c9eb-493a-b5ce-4597bbaf3f7f,Mr. Frank Riddle,65536360,16,1,16,2024-02-11 23:36:05.561591,pending,72764,AR,Diners Club / Carte Blanche
4cd84bd1-da2f-4c0b-b4ac-71197e3ae62b,Andrew Monroe,49419498,23,2,46,2024-06-24 21:20:01.822302,shipped,72487,AR,JCB 16 digit
435d723e-71a1-48b1-80a6-016507c84550,Jennifer Juarez,46599193,49,9,441,2024-06-29 10:53:51.434131,pending,72898,AR,JCB 16 digit
86a78213-c22b-446c-951c-0af90e6716a3,Sharon Arnold,26805344,56,1,56,2024-07-26 14:27:14.079645,delivered,72380,AR,Maestro
9cbe0580-2489-4a75-9ced-5f162e8f9b78,Michael Harris,08944856,95,1,95,2024-06-24 14:55:22.089204,shipped,72191,AR,American Express
eeb69c11-b395-49bf-869c-ad37ed88c2e8,Daniel Williams,74028917,49,5,245,2024-07-26 11:07:29.840065,pending,71667,AR,VISA 16 digit
227aae97-0d00-4064-99c7-0e5e39e74a52,Justin Steele,84717207,38,8,304,2024-06-02 09:30:59.419142,delivered,72940,AR,VISA 16 digit
63a3f413-4cb3-42aa-8aea-8f38724cf541,Marcus Caldwell,33103723,21,1,21,2024-03-07 00:06:26.146278,shipped,72625,AR,Discover
70dd5c5f-61e5-4317-98f5-d3f3a09ace35,Robert Elliott,84295569,81,1,81,2024-04-17 03:54:52.631056,delivered,72724,AR,Diners Club / Carte Blanche
b9a03873-954e-4541-89d4-3fa3ede4ea02,Dr. Christopher Schaefer,45418761,44,7,308,2024-01-20 22:30:48.709008,pending,72110,AR,JCB 15 digit
82253c9a-39fa-43bc-8112-d1f849fbebbf,Michael Martinez,06606350,53,10,530,2024-08-14 09:36:57.832835,pending,72467,AR,Maestro
f3332997-e994-499c-97eb-bce0eaf775f2,Laura Briggs,69441578,72,5,360,2024-07-01 03:45:59.774880,delivered,72666,AR,VISA 13 digit
5955c2ea-4c8a-4132-9553-251a8d2eccfa,Cheryl Blankenship,22521194,85,7,595,2024-04-20 21:15:17.971068,pending,72067,AR,Diners Club / Carte Blanche
68aecc4b-994e-409d-acaf-a582b5dcf0c8,Michelle Chapman,11676263,85,8,680,2024-07-04 16:04:02.809589,shipped,72047,AR,VISA 19 digit
eb594f6b-b03a-4404-a8cb-6320017134c5,Patrick Martinez,29993581,71,9,639,2024-02-09 20:06:21.620839,pending,72568,AR,American Express
a24dd870-e424-45ad-ae8f-730938005c71,Robert Hart,86376501,14,7,98,2024-03-19 21:25:31.606383,shipped,72896,AR,JCB 16 digit
00db5bc9-721e-4ffc-869c-f9bd0a580904,Michael Castro,85059108,91,9,819,2024-05-19 16:24:09.941113,shipped,72882,AR,JCB 16 digit
62f9aff9-66c8-4ec7-86a1-afe5b0a60cb7,Shannon Jacobs,30047976,44,1,44,2024-03-09 13:31:25.141523,shipped,72175,AR,Discover
9030b214-f5da-4be7-824b-ee4e18500175,Jeremy Baker,60623263,23,9,207,2024-04-23 00:29:48.712120,delivered,71930,AR,VISA 16 digit
15f4144b-1389-42e7-ad9a-bf2cdf3c6731,Olivia Smith,43428038,79,7,553,2024-09-03 04:37:33.051471,pending,71892,AR,Mastercard
7ca2ea28-5c6e-4ffd-96a4-2481e4f44ea2,Gregory Scott,85599208,1,8,8,2024-06-03 08:37:08.432060,shipped,72898,AR,American Express
d6480f0d-b54f-4114-91b3-5e1a9f778c1d,Luke Mitchell,19682693,70,5,350,2024-05-01 21:53:01.234618,delivered,71735,AR,VISA 19 digit
7463727e-5f8c-4c68-aba9-5d8aa8a25bd9,Cole Hardy,93888738,64,9,576,2024-01-15 10:39:12.232337,shipped,72762,AR,American Express
1fa91acf-1d48-43b3-88e3-f66644ca5648,Mary Melton,45454479,15,6,90,2024-08-08 07:22:59.908223,pending,72423,AR,Mastercard
637ac326-9b1b-416f-a847-c7bfefbd8cb3,Andrew Stevens,32742022,24,4,96,2024-07-03 01:37:56.023551,shipped,72889,AR,JCB 16 digit
2fbe98dd-54d1-41f2-a7a2-43b5a3dc4012,Katherine Willis,92262560,88,3,264,2024-05-12 16:36:14.060196,shipped,72326,AR,Diners Club / Carte Blanche
a258f1e5-1de9-4c2e-91fd-a54d1835a04a,Kenneth Craig,80362616,21,9,189,2024-02-19 11:32:17.991043,pending,72161,AR,Discover
9e2aaa17-ca09-48ed-990f-f783921fc41d,Jessica Hanson,54019225,67,5,335,2024-04-26 18:46:28.969714,pending,71707,AR,VISA 13 digit
dc8dfeea-ed78-4548-bdac-95f220700ff4,Erika Parker,40120263,33,1,33,2024-04-16 21:29:40.323559,shipped,72839,AR,VISA 13 digit
73030c53-7077-4547-8b85-22e6a062a918,Marc Smith,84391049,58,4,232,2024-07-13 05:29:01.899911,shipped,72870,AR,VISA 16 digit
9154b1aa-8315-4327-8d97-bca74307f9de,Molly Moore,87491890,42,1,42,2024-04-23 02:40:56.690024,pending,72945,AR,JCB 16 digit
7d46f005-632a-4720-b3ab-daf826bc4732,Lisa Moore,88126630,86,5,430,2024-06-07 15:23:58.122459,delivered,71891,AR,Diners Club / Carte Blanche
c285d477-c136-48a9-ad72-a075ef9a2e70,Alex Farrell,34543184,5,5,25,2024-05-17 09:37:25.088830,delivered,71937,AR,VISA 19 digit
a2448046-2a01-46b1-acc4-ab51d30dcc14,Cheryl Blankenship,41509401,75,5,375,2024-03-11 21:41:56.483045,delivered,72067,AR,Diners Club / Carte Blanche
97e8b7b7-3212-4636-94fe-9725ff430cbe,Melissa Riggs,89562956,76,6,456,2024-05-15 17:40:30.089999,shipped,72687,AR,VISA 16 digit
4dc0abbf-c23b-4369-b7c6-4a5b112e59a5,Mr. Frank Riddle,22571120,55,1,55,2024-06-10 10:05:26.094466,delivered,72764,AR,Diners Club / Carte Blanche
d38167f0-ef60-4ae7-86e3-102eb1eccfbe,Jeremy Baker,22908018,60,9,540,2024-02-26 12:26:56.902776,delivered,71930,AR,VISA 16 digit
9605a1f9-f17b-40e5-8af7-07ec166c3381,Matthew Garcia Jr.,20711214,57,9,513,2024-02-03 20:13:04.999357,shipped,71822,AR,VISA 16 digit
27cdd774-cda5-486d-bd76-b4f98e35ca07,Stephen Martinez,13159122,73,5,365,2024-05-20 06:08:09.090178,shipped,72250,AR,Maestro
2e87faef-6ef7-4319-8516-1fd3c72d82dc,Joshua Lee,96816684,73,9,657,2024-01-15 10:24:28.840945,pending,72130,AR,Mastercard
454d6ba6-bd9b-4a55-94ff-c53ae60b5634,Carrie Ferguson,43008452,32,6,192,2024-04-23 14:54:57.036868,pending,72061,AR,Discover
c3383013-b2bf-4a53-a2ae-52b52eb2c265,Emma Greer,10545225,49,3,147,2024-04-13 11:48:05.927244,delivered,72658,AR,VISA 16 digit
8de8bc12-db43-48c5-9aa4-2f0098023734,Katherine Willis,28591924,78,1,78,2024-06-06 17:25:59.000321,shipped,72326,AR,Diners Club / Carte Blanche
add4d7f3-ecd0-4443-b8c3-8d43e7735550,Kenneth Craig,33510491,9,5,45,2024-03-04 12:55:30.037140,shipped,72161,AR,Discover
9693381d-721a-4e4f-b502-9d629956d268,Tyler Vega,68206659,42,5,210,2024-05-23 11:07:06.039186,pending,71800,AR,Diners Club / Carte Blanche
0f2ccb5d-980c-492d-a868-f8150dcff97d,Donna Brown,75038083,73,5,365,2024-02-08 03:08:28.673642,delivered,71936,AR,JCB 16 digit
214908f5-620d-4183-99b0-902a755075d8,Courtney Green,52412943,47,9,423,2024-08-27 14:06:32.313540,pending,71602,AR,JCB 15 digit
3356c869-57e5-40af-8ff4-4ddbdf75abe1,Mary Melton,14958038,65,2,130,2024-04-08 12:36:50.432455,delivered,72423,AR,Mastercard
139bd334-bca7-4647-8818-a06947f88742,Benjamin Randolph,30874664,47,5,235,2024-02-04 13:18:16.899868,shipped,72887,AR,JCB 16 digit
50aad987-8e23-4137-8bf4-1aeea02673f4,Molly Moore,71581866,26,8,208,2024-04-12 20:10:32.826940,shipped,72945,AR,JCB 16 digit
371d0d37-d2d4-4511-8bb6-0ed262c1cb84,Katherine Willis,90725067,10,4,40,2024-05-09 08:40:31.730884,shipped,72326,AR,Diners Club / Carte Blanche
