62f5ba73-1f9d-4cde-b798-ec9cf2fdd74c,Carl King,27580707,43,6,258,2024-06-11 02:24:36.421812,pending,48980,MI,Diners Club / Carte Blanche
f166e475-9d16-4b1b-bd7e-865a73daf66f,Laura Peters,54815759,72,9,648,2024-02-11 07:12:56.164164,pending,48967,MI,Discover
6f5f9509-9223-4c76-875d-6cb42260900a,Joanne Schneider,14178504,74,1,74,2024-06-20 09:11:03.128227,shipped,48830,MI,JCB 16 digit
274ab86d-e276-4c0f-8305-de81df4819f7,Tracy Guerrero,72853054,83,9,747,2024-05-19 13:15:36.209682,shipped,48463,MI,JCB 16 digit
7ae82845-ae47-4ff2-a2d4-3eefa527d62b,James Mccormick,07505393,84,6,504,2024-07-14 02:00:23.078493,shipped,49768,MI,VISA 16 digit
5d3b118a-bba8-48cd-959f-efaf163ec393,Laura Strong,21897122,20,7,140,2024-05-27 09:07:50.402947,shipped,48394,MI,VISA 19 digit
44ce150c-8f80-406d-aff2-57e17da8a160,Megan Barton,12745470,92,4,368,2024-03-15 01:54:56.655389,shipped,49872,MI,American Express
2544b681-6ef2-40ab-a508-1527469e6960,Jorge Wilson,33216805,28,2,56,2024-06-15 09:12:25.304873,delivered,49068,MI,Maestro
5b718b2f-081b-4ac7-a97b-e0b9df6ea0f1,Pamela Peterson,74232345,72,5,360,2024-04-29 05:22:43.570385,pending,48809,MI,Discover
b3e8c934-e4cf-48ab-9250-f81ede40b779,Michael Richardson,36975259,87,8,696,2024-08-12 08:35:33.211385,shipped,49863,MI,JCB 16 digit
79c7745d-2433-40a2-a000-e487069986bb,Erica Harris,80515784,70,9,630,2024-02-25 09:57:45.369307,shipped,48363,MI,VISA 19 digit
09fcbc65-dcc6-4bf1-a26f-a98f4bf73bff,Eddie Benson,52498817,33,2,66,2024-07-24 18:13:55.754045,delivered,49154,MI,VISA 16 digit
f843a807-335f-4646-a75e-b889e15f6552,Linda Atkins,59337430,16,1,16,2024-07-31 22:54:10.038502,pending,48801,MI,JCB 16 digit
3d86a99b-831d-41d5-87e1-62fbd747af01,Frank Taylor,57473758,22,6,132,2024-05-28 12:48:54.638372,pending,48007,MI,Discover
44498e9c-8105-4de6-8485-914c856496d3,Dennis Pennington,75270933,85,1,85,2024-02-27 13:08:42.695593,shipped,48681,MI,JCB 16 digit
9f380ecc-5023-4653-8d17-05b5870207db,Christian Mayo,47350458,72,5,360,2024-05-09 20:36:01.711687,pending,48784,MI,Mastercard
49e96a67-c79a-432f-9b8e-743095bf19a5,Jesus Harris,71580661,65,2,130,2024-01-06 00:02:02.250379,shipped,49831,MI,Discover
e7b90d8d-a27d-4a9c-b160-0810b4b458db,James Wilson,56149531,70,6,420,2024-04-22 21:57:15.439833,shipped,48933,MI,VISA 16 digit
7622f690-f19a-4ed4-8233-1668f1f48e49,Joanne Schneider,90515088,85,3,255,2024-04-04 13:05:25.320454,shipped,48830,MI,JCB 16 digit
5b0ce25f-5ce6-46ab-b2ca-bdf84c9c126f,Michael Richardson,96110577,78,6,468,2024-01-28 20:31:16.739320,delivered,49863,MI,JCB 16 digit
d7580d77-1777-433b-9e6f-f2f8553398f6,Dr. Ryan Taylor,39529879,23,5,115,2024-08-22 11:53:32.814858,delivered,48167,MI,JCB 15 digit
0c722af6-9d4b-40b5-9c3d-bb1880913d5c,Gregory Baker,36431311,52,2,104,2024-05-06 01:28:23.481539,shipped,48686,MI,Discover
1c3b8d05-33b5-43f8-b934-8d29eac684d2,Gregory Jones,26980201,27,10,270,2024-07-28 01:14:10.079657,shipped,48139,MI,VISA 16 digit
1435cd8c-9a0c-4f9c-982b-36bff375107b,Clifford Ortega,31053280,22,3,66,2024-04-29 20:52:51.694419,shipped,49413,MI,VISA 13 digit
730f47ea-ecc5-4ca2-abfb-edff7d2bfc1d,Frank Taylor,28078845,73,1,73,2024-01-19 01:21:41.995754,shipped,48007,MI,Discover
2664c4c9-ab4a-4ec8-bbdf-83cb2f74eb7b,Linda Atkins,00049108,72,8,576,2024-07-26 13:16:24.783912,pending,48801,MI,JCB 16 digit
57e9336e-b69d-4b92-9bc7-cd8630b852e9,Carl King,64544106,7,1,7,2024-07-20 09:06:20.072073,shipped,48980,MI,Diners Club / Carte Blanche
859969d5-e68a-444f-bfeb-b27ec7d6d352,Anthony Macias,16250130,86,4,344,2024-05-13 08:09:14.486377,delivered,49556,MI,JCB 16 digit
afe29c52-1034-4d02-be41-284696101002,Diane Cummings,27653852,16,5,80,2024-05-26 18:27:45.719957,delivered,49971,MI,Diners Club / Carte Blanche
1722b9a8-5a69-4ce2-ba72-334e0f68c3e4,Tiffany Hudson,11540359,38,1,38,2024-07-04 22:41:53.243717,delivered,49276,MI,Mastercard
ce337922-03a8-45cf-9579-f3a925c710d6,James Mccormick,35021506,98,4,392,2024-03-31 23:15:48.099137,delivered,49768,MI,VISA 16 digit
1cd0abfb-fbfe-4947-9519-c27e0dc7754b,Marvin Weaver,37901165,46,2,92,2024-09-03 15:27:22.190687,shipped,48467,MI,JCB 16 digit
5bcbf13c-e00a-4996-9b5c-2950c31d5c0a,Antonio Riley,97190424,81,10,810,2024-04-21 04:35:39.085458,delivered,48415,MI,VISA 19 digit
6e541dd5-5a6f-4acc-8f55-4dd729d4679b,Stanley Warner,96841693,98,3,294,2024-03-18 07:36:12.350493,pending,48963,MI,VISA 19 digit
c30f0df1-7046-4b6a-8e6a-a3843ee79be0,Jeffrey Mcmahon,79486026,41,3,123,2024-07-14 07:59:47.177917,pending,49647,MI,JCB 16 digit
e080af2f-288d-4c8a-be34-00eb08fa3e68,Kevin Bender,19585079,64,2,128,2024-07-26 02:18:01.900325,delivered,49789,MI,Maestro
63f6f3b2-eb79-4fd0-8a45-c44c26e57ecd,Kara Montes,13151560,35,9,315,2024-04-30 13:12:46.063342,pending,49229,MI,JCB 15 digit
329f8e43-4857-4f84-a36c-c0048dd91b14,Katherine Torres,83227981,66,10,660,2024-08-10 03:06:14.438994,delivered,48578,MI,JCB 16 digit
3b915021-284c-414c-9d44-6e7a9f396c2d,Andrew Bolton,87491890,42,10,420,2024-04-07 02:02:30.505639,shipped,48247,MI,VISA 13 digit
9f425b51-7a62-483a-962b-4823d1c6f737,Erin Dean,89993088,12,10,120,2024-04-24 02:43:55.491974,delivered,49688,MI,Discover
a679a549-764d-4290-bbaf-f481725f085a,Megan Barton,11604495,28,8,224,2024-06-03 08:11:14.521527,shipped,49872,MI,American Express
ba3531a2-6f5c-42b7-91e8-14e2dd27cc7c,Kimberly Lang,37853990,46,2,92,2024-05-22 04:40:15.871557,delivered,48725,MI,Maestro
3711f88c-9a7f-49eb-9888-5e6476e7b1f0,Emily Blanchard,05818778,61,7,427,2024-02-14 22:17:34.974874,delivered,49225,MI,VISA 13 digit
056f4ffa-5c99-4e12-b18f-88f1332b3290,Jorge Wilson,38077852,51,1,51,2024-08-13 05:10:32.528733,shipped,49068,MI,Maestro
ef6fad9d-15b4-4544-9a24-d6d941f081ba,Patricia Johnson,70849868,78,4,312,2024-03-01 05:32:08.458592,delivered,49920,MI,JCB 16 digit
47037a26-458d-4a2c-9559-ee7e04b4ff1c,Gregory Jones,36379712,22,2,44,2024-01-14 04:57:48.914819,shipped,48139,MI,VISA 16 digit
f1126da0-9b67-4284-a99e-aa536199825b,Jade Guerrero,72332986,45,3,135,2024-01-26 13:10:11.652868,delivered,49202,MI,American Express
cff91314-ac53-42a7-bb49-d41fe39ef23f,William Boone,16981652,89,8,712,2024-04-07 03:15:53.798284,delivered,49952,MI,VISA 13 digit
0435acfe-6c94-4a8e-a5c1-a095fb9fbcef,Robert Burke,09086586,50,5,250,2024-05-24 03:58:37.307949,pending,49718,MI,VISA 13 digit
b8c40380-fb97-4f7c-9913-354bf60658bf,Chelsea Frost,00532075,7,10,70,2024-05-08 13:41:22.491994,pending,48694,MI,JCB 15 digit
c221630f-8471-4a58-8621-ea6b378df7f0,Michael Richardson,93784672,46,2,92,2024-06-29 07:29:00.575701,pending,49863,MI,JCB 16 digit
c9e804ce-c583-423f-b20e-04da6e8bdb78,Glenda Douglas,16443280,33,9,297,2024-06-20 18:40:51.554048,pending,48717,MI,Maestro
e58e3f1a-3967-4e40-b846-a4befe3291ef,Marvin Weaver,51322502,71,2,142,2024-02-03 02:00:24.228749,delivered,48467,MI,JCB 16 digit
85f27c0c-898a-4fb5-b37a-4b999c88062d,Gregory Williams,62276696,54,10,540,2024-01-01 04:44:33.226648,shipped,48731,MI,JCB 15 digit
7eafefc0-4785-46c8-9c6e-97960e775724,Tiffany Hudson,36139743,87,1,87,2024-01-12 11:05:13.099600,shipped,49276,MI,Mastercard
d2a986ea-a516-43f0-8293-e8c3c4569116,Kathleen Conner,47350458,72,6,432,2024-04-14 21:17:44.726457,pending,48482,MI,Maestro
155ffd4e-56b5-422a-9491-ee614bb1c14c,Danielle Davis,32479645,67,2,134,2024-03-22 21:00:02.602169,shipped,48723,MI,JCB 16 digit
50752b09-55c7-40d0-be0a-d3ce7c22dc54,Jackie Richardson,71413358,58,8,464,2024-07-19 18:11:40.270063,shipped,48367,MI,Maestro
75c18880-de0c-45f6-aaf4-9ee23cd33cfd,Danielle Moore,93329965,51,6,306,2024-06-14 07:06:51.938101,delivered,48939,MI,JCB 16 digit
84bb84e1-7ff1-499e-98de-c768ae224994,Billy Newman,23316348,76,9,684,2024-08-14 14:18:49.918168,pending,49568,MI,Diners Club / Carte Blanche
a001f764-ccbf-4a1a-a6ae-7872a709a90d,Anthony Henderson,10367605,8,4,32,2024-09-02 14:36:31.392843,pending,48635,MI,Discover
2a90771e-1774-4ca6-b296-2b748b5aa906,James Taylor,25268904,24,5,120,2024-05-09 20:17:24.104097,pending,49391,MI,VISA 16 digit
966ac026-7a59-4dbd-80b4-e23587547583,Joanne Schneider,73969778,30,7,210,2024-01-17 13:32:27.905413,pending,48830,MI,JCB 16 digit
c24a3252-686b-45db-8896-8287e35fbdb6,Carl King,72492697,86,10,860,2024-04-20 10:06:54.259061,delivered,48980,MI,Diners Club / Carte Blanche
4b29a15a-2278-4f84-b9cb-e807cc0fe1ed,Wendy Walker,68333256,85,9,765,2024-05-22 07:53:34.705159,shipped,48223,MI,Mastercard
53398414-4d36-4ca6-af13-1df39b4d4d89,Derek Miller,39938688,12,3,36,2024-02-03 11:26:01.918217,delivered,48898,MI,JCB 16 digit
4970b921-6772-4e3a-9343-562d9d623b72,Diane Cummings,00963947,8,7,56,2024-06-15 08:59:29.396630,delivered,49971,MI,Diners Club / Carte Blanche
942ad442-cbaa-4085-aeeb-f4c19a3d62fe,Gregory Williams,16548947,13,3,39,2024-03-22 11:53:34.210415,shipped,48731,MI,JCB 15 digit
8f253b5d-acb3-49c3-84d1-a2ca203be532,Karen Lang,81695935,90,9,810,2024-01-09 01:56:01.104116,pending,48428,MI,Diners Club / Carte Blanche
80cb9312-35fb-447f-bce2-39db965c2b21,Elizabeth Ramos,25494013,43,9,387,2024-05-06 16:58:40.226650,delivered,49672,MI,VISA 16 digit
9195a0b8-826e-48bb-b412-6bf0edaf727f,Eric Parker,16446342,16,5,80,2024-08-05 00:51:48.517917,delivered,49322,MI,Discover
ce2016a9-6ad5-443b-ba76-a2f4a1d2175c,Walter Thomas,19197111,9,1,9,2024-08-26 10:34:31.061499,pending,48122,MI,Mastercard
395c71c2-e0b0-47d3-ae6c-b85f13ec1a2b,Christopher Mills,78438347,63,9,567,2024-08-02 22:15:50.168113,pending,48889,MI,American Express
e39323d8-9577-4d40-af4b-7b60aedb424c,Erin Dean,52805509,57,10,570,2024-07-13 06:46:17.160565,shipped,49688,MI,Discover
4c25c7fb-5295-4f3a-b1d6-19d5ef040a4a,Victoria Russell,51098711,77,3,231,2024-08-29 23:00:55.813326,shipped,48740,MI,VISA 16 digit
1c1a44ff-f6c5-4872-a609-2a073ccf7d45,Julie Floyd,19682693,70,9,630,2024-06-07 11:15:48.260504,shipped,49789,MI,JCB 16 digit
79e5015a-b0aa-4081-aa0c-d72e4955f33f,Kathleen Conner,96945209,18,5,90,2024-03-24 21:26:08.532750,pending,48482,MI,Maestro
9eee9f4d-0665-41b7-8e80-d8fc50d20210,Jackie Richardson,91990150,65,7,455,2024-07-27 03:22:26.355425,shipped,48367,MI,Maestro
6f5a64f9-3cbb-4bc1-afa4-9ca3550a462f,Maria West,06918538,61,9,549,2024-08-02 08:15:25.147016,shipped,48724,MI,Mastercard
5444ab4b-ff75-4dfe-9033-3bd563b2e350,Eddie Benson,61084681,100,7,700,2024-01-22 09:57:45.743920,delivered,49154,MI,VISA 16 digit
9afd6c4c-1a3f-437c-9676-23d0f06ed368,Clifford Ortega,25037012,82,10,820,2024-04-07 19:09:56.265757,pending,49413,MI,VISA 13 digit
eaa72ef4-7c07-438a-960a-308f7e16c18b,Tracy Guerrero,89244463,51,2,102,2024-03-03 13:22:27.477371,pending,48463,MI,JCB 16 digit
50872b89-a861-489e-b7d0-84766ce10fc2,Michael Richardson,53941794,85,7,595,2024-07-09 21:34:53.930060,shipped,49863,MI,JCB 16 digit
8a7aaa9e-de15-468d-9f05-f33f507193a9,Chelsea Frost,82630683,65,5,325,2024-07-03 23:51:06.241346,delivered,48694,MI,JCB 15 digit
d403e9ec-df08-429d-9702-8dde116cf343,Gregory Baker,91316455,99,7,693,2024-02-16 19:07:51.196390,delivered,48686,MI,Discover
ac43db0b-de17-4008-ad75-96deddd4f27e,Christian Mayo,61238077,19,8,152,2024-04-13 21:18:56.369943,delivered,48784,MI,Mastercard
bb89a0ef-132c-4b23-bdb6-ac789cdd6c62,Mike Barber,05931316,61,6,366,2024-04-22 22:33:44.596652,shipped,48920,MI,American Express
949fe886-8212-4de6-8c2d-5df69c7f023a,Elizabeth Ramos,85575318,82,3,246,2024-02-29 00:24:01.504209,shipped,49672,MI,VISA 16 digit
2460cd4e-ec02-4c42-93a8-cc5bce7fac86,Jessica Lucero,38454936,82,8,656,2024-05-01 05:51:44.705301,shipped,49045,MI,Maestro
6e3f92c9-d66e-4761-9241-b1823c8e1390,Amanda Valencia,70963083,79,8,632,2024-05-29 18:44:06.030572,pending,48464,MI,VISA 19 digit
b8f34d38-5861-4655-9832-9d73f9099979,Linda Atkins,22626073,81,7,567,2024-06-01 00:04:00.017793,pending,48801,MI,JCB 16 digit
23d8ce00-4b53-463e-a099-e855c569b7a2,Dr. Paul Sanchez,99791445,86,1,86,2024-07-25 13:25:51.133736,pending,49317,MI,JCB 16 digit
41ffa6f8-efee-4fe2-a47b-146ad8da80ab,Kathleen Conner,39737175,8,1,8,2024-03-30 17:06:39.101328,shipped,48482,MI,Maestro
ed551330-99d4-44ba-90fe-fb02bd61e09e,Megan Murray,53089717,82,3,246,2024-06-07 20:05:04.935198,pending,49229,MI,VISA 16 digit
2f920820-0103-4178-a93e-d40d5b6bcffd,James Mccormick,22020284,72,2,144,2024-01-21 19:34:42.618037,shipped,49768,MI,VISA 16 digit
5c73cbc2-2eae-4313-ab3c-31b7cefad767,Sheryl Ryan,79699181,23,9,207,2024-03-01 19:05:55.992709,delivered,49605,MI,American Express
0339189f-84a4-4b0c-b5f4-48f3702fa7f6,Wendy Walker,90725067,10,3,30,2024-03-04 05:05:19.530028,shipped,48223,MI,Mastercard
b4e23cc5-e2eb-45bc-8dc0-49e1cb3a9178,Sarah Velasquez,67213733,37,1,37,2024-08-10 04:02:24.014178,delivered,49767,MI,VISA 16 digit
cca00ac9-c10a-47d9-a023-ae875395a483,Thomas Moreno,15721303,50,3,150,2024-06-29 10:52:13.842454,delivered,48116,MI,American Express
696a5c8a-baab-4b47-9f7c-4eabd9fee025,Maria West,99302955,10,3,30,2024-04-22 06:30:48.267510,delivered,48724,MI,Mastercard
6ce20e9e-9a57-4ab7-ba85-9bb90e3162ad,Robert Burke,22086945,62,8,496,2024-07-05 06:50:00.309080,pending,49718,MI,VISA 13 digit
47199922-1eac-4794-8add-fb2f931ec7d4,Gregory Baker,29911714,25,10,250,2024-01-29 00:22:29.417492,pending,48686,MI,Discover
e6505829-8943-4971-a8ec-bdff495aff31,Carl King,98352470,97,2,194,2024-07-01 04:21:43.652945,delivered,48980,MI,Diners Club / Carte Blanche
1540323e-1c76-470e-a4ee-595bcea35487,Darrell Mann,41937266,87,4,348,2024-08-15 17:51:20.181041,delivered,49352,MI,VISA 19 digit
fe1d8f05-3d3e-4c90-a177-cddbce7cf17b,Darrell Price,86165112,80,9,720,2024-09-04 11:12:16.945850,delivered,48015,MI,JCB 16 digit
804ea386-4226-47cc-bff8-f78de120ea3e,Darrell Mann,77875242,85,2,170,2024-07-31 11:45:19.745761,shipped,49352,MI,VISA 19 digit
b4fc8bce-be8e-441a-8fdb-c689f4796fed,Andrew Wallace,77484284,11,2,22,2024-02-27 17:03:03.247016,delivered,49484,MI,VISA 16 digit
e3929e16-3b5c-474a-b84d-ac2494718bca,Kelsey Hicks,85059108,91,3,273,2024-05-09 20:45:40.250882,pending,49502,MI,VISA 16 digit
4ff40dc5-e8d7-4c33-b97c-069f9ae98a97,Diane Cummings,15909879,28,9,252,2024-04-14 17:51:26.138672,pending,49971,MI,Diners Club / Carte Blanche
d72f90dd-9f93-45a6-bbbf-2df7dd0e252e,Mike Barber,31235044,92,7,644,2024-05-03 16:22:03.836437,shipped,48920,MI,American Express
a1c4e3b6-df89-409b-8592-80c2fdd9ff2c,David Brown,72176108,17,2,34,2024-01-05 14:03:18.644630,delivered,49763,MI,Diners Club / Carte Blanche
dab4cf27-609b-4d3e-982a-49ff68247f46,Adam Soto,40456362,67,7,469,2024-09-03 00:24:00.207479,delivered,49641,MI,Diners Club / Carte Blanche
8e18e23b-3af2-4265-8840-259cbd4367c6,Linda Atkins,31714778,24,5,120,2024-03-18 22:51:21.908068,shipped,48801,MI,JCB 16 digit
340d23a7-b8d5-4da9-a03a-c54ac1bf6bb4,Alyssa Riley,14958038,65,10,650,2024-08-07 01:02:21.181684,pending,48045,MI,VISA 19 digit
0eda6d15-e926-482e-8ae4-b23b7aa53f4d,Sheryl Ryan,09667280,91,7,637,2024-04-22 06:33:50.914326,pending,49605,MI,American Express
4506218a-3128-4ab1-bc52-02bf6beaf61b,Dennis Pennington,88881706,56,3,168,2024-04-10 17:40:45.447719,shipped,48681,MI,JCB 16 digit
7caee71e-845c-4394-8b8e-bacd65a32576,James Mccormick,64795881,47,10,470,2024-01-16 00:09:14.922670,shipped,49768,MI,VISA 16 digit
1b49341e-4d4e-426b-a5fd-8d365ad02501,Eric Parker,25590050,24,9,216,2024-04-15 01:06:16.222189,delivered,49322,MI,Discover
61262b58-794a-4de0-a145-08e833c98c00,Miguel Robinson,78177321,20,10,200,2024-07-19 05:52:36.230442,pending,48792,MI,Mastercard
54620c9d-3460-4748-b058-04a592da5eee,Jessica Morales,78353077,73,10,730,2024-05-29 11:38:48.470992,delivered,49085,MI,Diners Club / Carte Blanche
61ac3c72-7897-4a9a-b979-8dc7c1de5257,Amanda Valencia,37034559,9,1,9,2024-02-01 10:30:46.386566,pending,48464,MI,VISA 19 digit
4710c5d3-f208-4dfe-a696-4d6d9da26099,Carl King,94231854,20,4,80,2024-02-08 02:57:35.567788,pending,48980,MI,Diners Club / Carte Blanche
65fc5e7b-192d-4abd-8ff0-547fea543d3c,Laura Moore,33186610,95,3,285,2024-01-28 22:46:46.082427,shipped,48893,MI,VISA 16 digit
db162b49-1bd5-4067-bd68-a3b507d0cd4a,Billy Newman,78376038,10,3,30,2024-04-17 08:14:42.185298,shipped,49568,MI,Diners Club / Carte Blanche
5e887c5b-d71a-4acf-b0c5-e5d1bc60d8dc,Megan Murray,92972964,36,7,252,2024-01-09 17:17:08.509258,delivered,49229,MI,VISA 16 digit
4ef50f94-8681-4551-8b33-aebb279fb278,Darrell Mann,26747484,14,3,42,2024-07-19 06:54:28.098861,pending,49352,MI,VISA 19 digit
72dbbc6a-2067-48f0-9b22-2d81252c2f02,Nicholas Bell,90465420,26,5,130,2024-07-24 21:08:56.651717,delivered,48260,MI,JCB 16 digit
41647072-eeba-4c70-8439-1e12f78bc6b3,Kelsey Hicks,36881925,30,8,240,2024-09-03 01:26:59.698482,delivered,49502,MI,VISA 16 digit
d091e1f4-15fa-4df1-97d2-3fe6bd987175,Kimberly Lang,84527486,47,9,423,2024-06-15 17:32:12.818475,pending,48725,MI,Maestro
7fbb69f3-c623-4d6e-a7c0-e5dd7e463ac7,Kimberly Lang,18699517,51,3,153,2024-02-27 22:44:28.567382,delivered,48725,MI,Maestro
e519c781-b496-421f-8bb0-f19b34492921,Julie Floyd,94730791,92,2,184,2024-01-02 15:20:11.405482,pending,49789,MI,JCB 16 digit
91eaafdf-30fb-4fac-9785-c5d1c5b7afe3,Michael Richardson,20460075,90,5,450,2024-07-29 17:33:56.723531,pending,49863,MI,JCB 16 digit
9f06d1f7-5fb2-409a-a39e-b7aff617c91e,Amanda Holmes,25268904,24,4,96,2024-07-15 22:14:57.466662,pending,49408,MI,VISA 19 digit
094eae4f-2a38-4355-a645-26e087c1cdae,Mr. Jacob Ramirez,74232345,72,7,504,2024-03-24 11:06:19.299650,pending,49737,MI,VISA 13 digit
7757025d-90ce-4313-9553-9542a37c63fa,James Wilson,88588179,48,9,432,2024-06-14 06:59:30.509757,shipped,48933,MI,VISA 16 digit
0cc5d921-2ab7-4bed-9e8f-9341bebdf00e,Kevin Bender,99663650,70,10,700,2024-08-12 19:33:18.048127,pending,49789,MI,Maestro
45734caa-9cfe-4744-8611-1a5f4d92a951,Clifford Ortega,87491890,42,8,336,2024-06-01 00:48:15.262282,shipped,49413,MI,VISA 13 digit
33e0fa89-8ce2-4747-b623-1a79b8f7b8a6,Sheryl Ryan,56130959,27,10,270,2024-07-20 09:38:39.099744,delivered,49605,MI,American Express
4b900ff8-448d-4916-a947-8f5a2287ff3e,Erica Harris,63091731,76,2,152,2024-03-27 00:20:55.195626,pending,48363,MI,VISA 19 digit
1e595421-a9da-40b3-b55b-87ee18e6d29c,James Wilson,57683386,10,9,90,2024-02-25 01:25:15.204935,shipped,48933,MI,VISA 16 digit
89498cc3-eb0b-4142-89d2-1f35d0947a75,Destiny Hall,12835126,26,3,78,2024-05-30 00:58:53.812184,pending,49776,MI,Maestro
976d9ffd-b813-4311-b87b-93228bf5758f,Crystal Perry,60727800,65,1,65,2024-06-02 03:11:58.381201,delivered,48584,MI,VISA 19 digit
21c37d3c-c865-4a3a-b57d-78e9769efe18,Stanley Warner,15896049,65,3,195,2024-01-18 07:23:48.865150,pending,48963,MI,VISA 19 digit
80bedc9a-fed6-46b8-bf4b-1c055f0f7324,Tracy Guerrero,72492697,86,9,774,2024-09-05 12:06:36.986480,shipped,48463,MI,JCB 16 digit
0ac5033f-0dc1-4bcb-aeb8-da2e8bc77e72,Jesus Harris,90056994,39,3,117,2024-02-17 17:21:10.783428,delivered,49831,MI,Discover
a3c26319-75cc-4c33-b061-a5f2b4277e02,Megan Barton,90087110,16,1,16,2024-03-28 19:06:38.493447,pending,49872,MI,American Express
b26f7f0e-effb-4ee2-8102-b2ad0d7bc5c7,Laura Strong,30756618,18,7,126,2024-05-19 20:33:21.360058,shipped,48394,MI,VISA 19 digit
c30a693a-51ca-4b55-99fd-c3f79b5c04fa,Dr. Ryan Taylor,16567214,30,5,150,2024-06-07 19:30:37.837269,pending,48167,MI,JCB 15 digit
a521c9ff-3985-48fb-8927-d9ae9a93d9f1,Bianca Bowers,87081923,9,5,45,2024-01-01 13:34:47.992652,shipped,49064,MI,Mastercard
f11665f1-0185-4ab7-adac-4b02092b4344,Andrew Wallace,87363050,21,10,210,2024-02-05 23:48:45.872582,pending,49484,MI,VISA 16 digit
78c02a49-80e8-46b8-898d-a2807d6fad64,David Brown,86687287,99,6,594,2024-02-09 22:12:29.496690,shipped,49763,MI,Diners Club / Carte Blanche
9f2db80d-174f-4ede-aa52-f18233380f3e,Dr. Paul Sanchez,42867289,12,1,12,2024-02-03 02:24:14.400124,pending,49317,MI,JCB 16 digit
aaa30a49-75e1-4bed-8715-0050077fda1c,Robert Meyer,32433036,36,4,144,2024-08-31 23:40:19.052026,shipped,48227,MI,Discover
88304d1f-1b8a-4f83-bab2-3f3a627a0764,Taylor Austin,01383133,23,6,138,2024-04-25 06:19:16.372026,pending,49338,MI,Discover
70ce27b4-8fe5-44f0-9e2f-b73af76995b8,Dennis Pennington,56149531,70,1,70,2024-07-19 19:27:27.220751,delivered,48681,MI,JCB 16 digit
cbf808c6-6187-42d6-ab7a-a50b7ace56c6,Mary Campbell,01832440,74,8,592,2024-06-01 04:21:09.995975,shipped,48018,MI,Mastercard
84cecc6e-2339-4d9f-9aa1-53271d595613,Erin Dean,57665061,4,4,16,2024-02-13 04:07:42.072033,delivered,49688,MI,Discover
140d5c9d-65c0-40e7-b50d-5a9861ef1002,Melanie Ramirez,58766415,54,2,108,2024-06-29 09:07:39.520128,shipped,49275,MI,American Express
87977a7e-8acb-4a30-9e59-99ea898ada30,Karen Lang,02138701,1,8,8,2024-04-28 11:32:45.594804,pending,48428,MI,Diners Club / Carte Blanche
97c67b04-0986-42ea-bf4d-b86084261300,Jonathan Griffin,61103443,27,3,81,2024-05-17 12:55:59.575560,shipped,48703,MI,Discover
dbab22b7-7c39-4e9b-b246-8a396517e3c6,Julie Floyd,29911714,25,5,125,2024-01-23 07:38:05.062564,pending,49789,MI,JCB 16 digit
1af46a34-4042-40ac-8afa-fa26e8f413bf,James Wilson,74232345,72,6,432,2024-04-20 08:22:03.725975,delivered,48933,MI,VISA 16 digit
ef9d2b0c-5cdd-4ae1-925a-c1d1a6691ac3,Eddie Benson,17779852,80,4,320,2024-07-09 11:04:28.367280,delivered,49154,MI,VISA 16 digit
b73c2e7b-d789-4143-a81e-72a87f694b5c,Christian Mayo,41937266,87,9,783,2024-03-29 23:47:56.909503,delivered,48784,MI,Mastercard
3ca837ad-1e19-4a0c-9543-a104585261ab,Jacob Guerrero,84717207,38,3,114,2024-08-18 20:29:01.449138,shipped,48794,MI,Discover
7b751141-252b-416f-82b1-48d21accc80b,Kimberly Lang,86124782,64,6,384,2024-08-05 20:37:15.652434,shipped,48725,MI,Maestro
f0225f37-0b67-491d-9339-10eaa837de68,Diane Cummings,82765989,38,5,190,2024-07-09 00:03:24.658397,pending,49971,MI,Diners Club / Carte Blanche
caeff8a5-d4fe-4851-be93-7a3a46e3d616,William Boone,61915213,92,6,552,2024-04-04 09:07:59.273929,shipped,49952,MI,VISA 13 digit
ed0194ce-61df-4130-937e-46ee334f8916,Michael Richardson,83338090,66,1,66,2024-07-17 21:29:12.325192,pending,49863,MI,JCB 16 digit
2656d93f-b69f-4c0a-a193-60a5f9219a02,Mr. Jacob Ramirez,99885779,50,10,500,2024-01-20 08:23:17.929565,delivered,49737,MI,VISA 13 digit
e517ff9c-b819-4c1b-a7e6-1740f33c28a3,Crystal Perry,48878920,83,4,332,2024-02-10 00:00:33.886541,shipped,48584,MI,VISA 19 digit
0cb2f63d-5977-4373-b3e7-6c23a3ed2e21,Danielle Moore,57621654,74,1,74,2024-06-29 05:44:21.496168,shipped,48939,MI,JCB 16 digit
1b3d42a3-fec7-4bc8-a206-d26d300aee5f,Sarah Velasquez,94231854,20,9,180,2024-01-09 10:59:49.141070,delivered,49767,MI,VISA 16 digit
7bc70ba0-e4e3-46e7-a791-7a0a3097f8a7,Clifford Ortega,72176108,17,1,17,2024-09-03 21:55:29.898839,pending,49413,MI,VISA 13 digit
e82ca6c9-87df-45f6-9767-d37b90153c8a,Kara Montes,05931316,61,7,427,2024-04-09 20:05:33.753972,shipped,49229,MI,JCB 15 digit
cf2482c3-46dd-4efc-ae6a-bb6d561dc23a,Laura Peters,73132257,58,9,522,2024-05-21 09:39:35.577831,shipped,48967,MI,Discover
29495bd1-b4c2-46cc-8dd8-fed684450b99,Elizabeth Ramos,32742022,24,2,48,2024-03-23 19:55:57.847998,pending,49672,MI,VISA 16 digit
54e158cc-9732-44af-ad8f-90dad928129b,Karen Lang,29555789,44,3,132,2024-01-21 23:39:33.841843,pending,48428,MI,Diners Club / Carte Blanche
3d1f077b-0a5b-4954-943f-424945f3c4a9,Robert Meyer,34656150,90,2,180,2024-03-22 13:29:56.562883,shipped,48227,MI,Discover
5362e614-0eac-4d0a-ace9-9cfec1279e62,Dr. Eric Levy,22908018,60,2,120,2024-06-04 20:50:31.922266,shipped,48709,MI,JCB 16 digit
40246197-f413-434b-8269-19f46c7cda88,Dennis Pennington,01060171,27,6,162,2024-01-25 06:42:28.531652,delivered,48681,MI,JCB 16 digit
8ceec270-2e10-4697-8cb1-3ce0085c1770,Bianca Bowers,31714778,24,3,72,2024-03-05 23:40:43.369407,pending,49064,MI,Mastercard
