195d9f0b-518f-4e14-98c4-f9cb74fca84d,Jessica Davies,79205986,19,3,57,2024-04-26 08:47:07.225074,shipped,87913,NM,JCB 16 digit
13b44825-a9b0-4203-b496-becc83bd5fa9,Charles Roberts,28591924,78,7,546,2024-03-21 02:38:58.360355,pending,87692,NM,Mastercard
e73ecdd7-5236-4982-b64b-5631d6677e20,Ryan Turner,65210345,55,3,165,2024-05-10 19:09:05.653333,delivered,87008,NM,JCB 16 digit
d447be44-54e4-417b-9765-69a16c978e50,Taylor May,38045592,35,7,245,2024-05-10 21:38:23.033031,pending,87508,NM,Mastercard
7aab8b3f-b5e1-4482-adf1-36e37ac12283,Nicholas Griffin,29993581,71,7,497,2024-07-18 10:36:48.751704,delivered,87513,NM,JCB 16 digit
2b44d700-09d5-44ee-a3c4-f8760e53eed9,Marilyn Castaneda,38198151,46,2,92,2024-01-06 13:03:34.524836,delivered,87104,NM,JCB 16 digit
10448c30-71fb-48f3-8552-78cdea5b09d7,Chad Jordan,60286819,67,9,603,2024-08-12 12:19:28.596235,delivered,87339,NM,VISA 19 digit
9efa3c59-6576-4657-8f73-3064aaa37d65,Eric Tran,36725847,49,1,49,2024-05-01 12:12:55.477736,pending,88286,NM,VISA 13 digit
ad08527e-08b2-4b41-9a4c-b41e21f41da5,Nathan Smith,65577660,82,4,328,2024-04-01 05:45:47.869365,shipped,88377,NM,Maestro
9a89a44c-873a-4b17-8d71-d6878c45be70,Nicholas Thompson,14856815,48,1,48,2024-03-26 03:54:52.446311,pending,87653,NM,Maestro
d10fc160-b9fa-436b-8b19-7be239b1d317,Anne Green,29993581,71,6,426,2024-04-27 07:08:27.620417,shipped,87538,NM,Mastercard
404da716-7600-4c05-b278-5617576b85a1,Edgar Williams,00532075,7,10,70,2024-08-18 13:37:39.147220,delivered,87651,NM,JCB 15 digit
b1293c4a-4f12-40a2-bbec-c6a3d6d86b7e,Joann Clark,74065479,24,6,144,2024-03-14 03:31:05.662688,shipped,87203,NM,VISA 16 digit
4f65984f-cb4d-4691-bd95-39cffa42f41a,James Keith,52206405,69,5,345,2024-02-14 08:49:50.567269,delivered,87710,NM,JCB 15 digit
f07dc0af-b0a0-4b9c-8c8d-99511cc9add8,Samuel Buchanan,85575318,82,6,492,2024-09-05 06:00:39.196669,pending,87187,NM,JCB 16 digit
30836700-9736-4839-8d20-30b3b3da50e1,Ricky Parrish,59102731,81,9,729,2024-06-02 16:33:07.368535,pending,88005,NM,Discover
c13e33f0-4f1c-4055-82e2-02f58608bddd,Jason Maldonado,84527486,47,2,94,2024-07-09 21:44:52.449796,delivered,87644,NM,JCB 16 digit
66ec9171-50da-4777-99af-3d1f23121dc5,Sharon Miles,16250130,86,5,430,2024-05-22 04:46:19.208378,delivered,88369,NM,JCB 16 digit
2def63be-b6f6-4aab-8519-c21dae37b125,Heather Moody,17139823,40,10,400,2024-07-27 12:17:00.178073,delivered,88287,NM,VISA 16 digit
6563b1c0-4343-4729-8fb2-c9986618d508,Wesley Miranda,84437860,7,9,63,2024-07-05 16:05:01.943247,delivered,87523,NM,VISA 13 digit
bce1f81a-df0b-4d5c-8d59-41a30c398950,Shaun Contreras,94754957,5,1,5,2024-01-31 11:28:08.989232,delivered,88004,NM,VISA 13 digit
d46402ea-9345-4c4b-85dd-d6e7e9035fb4,Joseph Parker,39073396,24,8,192,2024-03-20 03:34:30.901382,shipped,87985,NM,VISA 16 digit
42841c63-0b0b-4469-a79d-b850eeea3766,Chad Jordan,19682693,70,2,140,2024-07-17 11:34:34.327177,pending,87339,NM,VISA 19 digit
a07ca879-d65e-4126-ab25-6b432c8fcc86,Brian Campbell,15704122,15,3,45,2024-04-22 22:10:32.724219,shipped,87989,NM,JCB 15 digit
94dcba5c-231d-408f-9b67-012d14f895b5,Dylan Chambers,31421065,43,8,344,2024-09-05 09:29:08.958899,pending,88089,NM,Discover
8e139974-c53a-45f1-b3ce-102f3e26bb4f,Joe Adams,98772322,97,2,194,2024-02-01 13:27:15.435381,pending,88267,NM,VISA 19 digit
2bb5b4cf-8ec2-4af7-a0ec-edebc1e490c2,Donald Fletcher,45990113,56,7,392,2024-09-05 21:13:12.498769,shipped,87534,NM,VISA 16 digit
ab5c0372-6a4e-496e-b270-91f90772885f,Angela Hayes,44083274,23,7,161,2024-04-03 05:38:53.988120,delivered,88292,NM,VISA 16 digit
f033430d-723e-4269-8aa8-9f5ff722bc96,April Griffin,84391049,58,1,58,2024-05-05 19:32:29.970130,shipped,87755,NM,JCB 16 digit
b6a83bdf-74e0-46ef-800d-2ae6901a681c,Tracy Taylor,85575318,82,5,410,2024-08-10 00:50:14.497260,delivered,87797,NM,VISA 16 digit
804a372c-0adf-4dfe-bb01-fb35a2e1c5ca,Juan Gordon,89278611,89,7,623,2024-01-29 13:25:51.041459,shipped,87342,NM,VISA 16 digit
28735a47-0ecc-41ad-915c-b121b6c6f9bd,Jessica Davies,48224901,68,7,476,2024-03-04 13:10:12.988329,pending,87913,NM,JCB 16 digit
b79c11d1-acd8-4b60-a85d-73da3c5b825a,Nathan Smith,72492697,86,4,344,2024-07-11 13:47:21.242625,pending,88377,NM,Maestro
973eabba-13bf-4614-8c2f-f552a6cdb399,Daniel Anderson,30848986,74,8,592,2024-03-11 13:17:43.961600,pending,88339,NM,JCB 16 digit
9d8eb826-70f7-482b-9a92-ff50a37e8980,Angela Smith,54206977,76,5,380,2024-07-27 19:07:10.088862,shipped,87809,NM,VISA 16 digit
f34c7efa-80d3-4694-b174-6c2f31c3a156,Michael Erickson,05241804,50,7,350,2024-07-14 00:59:18.892658,pending,87860,NM,Maestro
0311b555-9c2f-4982-8242-a4cc61552a89,Amanda Fowler,60489968,25,9,225,2024-04-09 06:00:00.862051,shipped,88093,NM,JCB 16 digit
a330769f-54e6-4005-9ce4-cb8642172dad,Angela Smith,26036328,74,7,518,2024-06-21 05:16:54.295322,shipped,87809,NM,VISA 16 digit
f6796dd9-91d7-43d1-83c9-680455ff3bcb,Robert Atkins,15986115,6,9,54,2024-07-22 23:01:53.717010,delivered,87161,NM,JCB 16 digit
3010d0c3-ea8b-4a09-9126-85d767958282,Cheryl Willis,02138701,1,5,5,2024-04-13 04:50:32.018753,delivered,88380,NM,VISA 19 digit
0e12cf85-5c85-4ee5-9e29-760339af745e,Jose Gould,37631833,94,3,282,2024-06-13 17:55:45.967607,shipped,88314,NM,JCB 15 digit
61113baa-739e-4890-8260-6985be8cd371,Eric Sanders,91054203,42,7,294,2024-06-30 16:28:10.588922,delivered,87638,NM,Discover
bcb1b408-99f1-4158-891a-23b7f3835418,Mr. Steven Ford,51794682,74,9,666,2024-03-01 07:34:01.965725,delivered,87900,NM,VISA 16 digit
8d8169a0-f401-4b71-82a3-db84421e338c,Jasmine Peters,88856070,67,9,603,2024-08-28 21:19:04.244292,pending,87165,NM,VISA 16 digit
f4b49b97-6af8-48d0-a4e6-026bfb8285ff,Lauren Fields,49165883,49,3,147,2024-04-21 10:33:34.023780,delivered,87575,NM,JCB 16 digit
32d88b40-d3d6-4828-be58-028370047556,Nicholas Griffin,60640383,8,5,40,2024-06-25 11:39:33.526559,pending,87513,NM,JCB 16 digit
b5671b21-0387-4706-bcc0-2d437fd76233,Amy Lane,42737117,45,8,360,2024-09-01 22:50:10.128999,delivered,87288,NM,Diners Club / Carte Blanche
3b005e5f-d7f2-4888-8434-ae62657379b1,April Thompson,41909515,98,9,882,2024-07-11 23:40:12.341964,pending,87983,NM,VISA 13 digit
569761a8-b075-48be-a253-02f1affb0672,Alyssa Henderson,26980201,27,2,54,2024-02-13 17:12:17.143642,delivered,87839,NM,VISA 16 digit
81359155-da8f-479e-bf8d-942ec472a4ed,Angela Smith,52598463,61,5,305,2024-01-11 20:35:01.974306,delivered,87809,NM,VISA 16 digit
e1803ec4-fc46-437a-bb43-20a6c44ece32,Melissa Sherman,37251017,58,10,580,2024-08-26 19:19:42.641804,delivered,88245,NM,Maestro
4f73d0ff-3ab6-4c95-b38b-618225145ae6,Lisa Murray,53030375,81,4,324,2024-04-08 05:45:04.796607,delivered,87250,NM,VISA 16 digit
35cf317e-d527-4701-8f28-d1f4e395bc38,Sharon Miles,73839620,49,4,196,2024-05-10 22:07:29.531885,shipped,88369,NM,JCB 16 digit
262613d4-c537-48a2-9d6c-79d586d4da97,Theresa Garcia,81186051,29,2,58,2024-02-19 10:40:16.439758,pending,88221,NM,VISA 16 digit
4edbe0cc-e41d-485b-b724-812609eac3b5,Krista Adkins,31996723,69,1,69,2024-02-22 14:44:21.410627,pending,88423,NM,Discover
d5b5b4cd-bdbb-4c65-85a5-7b172ea3ab62,Jasmine Peters,03324752,64,3,192,2024-06-25 02:27:42.970923,pending,87165,NM,VISA 16 digit
c799d123-4ff1-4503-b1f1-adb85cd3baef,Brenda Berry,08310330,28,2,56,2024-09-07 14:36:15.990125,shipped,87018,NM,VISA 19 digit
8d6024bb-9c0e-4eba-9384-bab3f6893d3a,Alyssa Henderson,72834107,65,7,455,2024-07-08 14:34:06.967084,shipped,87839,NM,VISA 16 digit
23c0acca-81cc-4cc9-93c1-a3591baa6a4f,Jessica Santiago,84527486,47,1,47,2024-01-15 20:16:47.976434,pending,87721,NM,VISA 16 digit
906fa8c7-3f0f-493f-a1e1-6b2fa16d878d,Christopher Mcdonald,13061043,18,6,108,2024-01-23 02:03:42.070591,pending,87802,NM,JCB 16 digit
9e52f66e-beb7-470a-9ba6-06aa45d5fa7e,Julie Daniel,37888732,42,3,126,2024-03-19 21:08:28.071283,delivered,87773,NM,Discover
06b52291-23d9-4fbe-80f3-bcdeabf6cef3,Andrew Novak,08986047,70,3,210,2024-01-27 02:17:41.729271,shipped,87566,NM,JCB 15 digit
b52e54c1-ee48-4380-be2c-8aa0f46c485c,Ricky Parrish,34059036,71,8,568,2024-04-27 07:10:25.649607,pending,88005,NM,Discover
bcf7b597-4749-48d3-a40e-980f3b068cf5,James Keith,95264523,67,9,603,2024-04-14 07:37:53.595908,delivered,87710,NM,JCB 15 digit
a52cda4f-813b-4553-99ea-6db17fc95236,Brenda Berry,62609074,94,9,846,2024-07-22 21:52:59.681065,pending,87018,NM,VISA 19 digit
3379ee06-9910-4052-bbce-acfad955d1f1,Kelly Mcdonald,97154129,38,8,304,2024-02-08 04:44:31.405834,shipped,88377,NM,JCB 16 digit
55f6fb53-42b6-4da4-a727-f26fe93c7711,William Hale,40759296,97,6,582,2024-08-05 10:44:18.626811,delivered,88072,NM,VISA 13 digit
266f75fd-64e2-4cbc-87a0-c336ca0097c2,Amanda Johnson,30471887,7,9,63,2024-05-29 07:18:16.602846,shipped,88275,NM,VISA 19 digit
2c0d3cb7-8dd8-4d41-b47c-bbd2983abf5b,Timothy Morris Jr.,29993581,71,3,213,2024-07-18 04:47:57.479416,pending,87734,NM,Diners Club / Carte Blanche
b4484dd7-f2fc-41b2-b5ee-d4557d6c62e5,Mary Lara,55579193,25,9,225,2024-09-07 03:04:12.390743,pending,88322,NM,JCB 15 digit
c182b268-108f-4c5f-bbeb-d415e5353a9f,Jonathan Lowe,88149424,17,1,17,2024-04-10 02:16:09.517144,delivered,87281,NM,Discover
0e1326ad-eac5-4583-8ccb-cbb2e7f14c8e,Jessica Davies,89993088,12,4,48,2024-05-29 23:06:38.694997,pending,87913,NM,JCB 16 digit
37047b01-3cc6-4fee-a300-59680e5836b8,Shaun Contreras,15468727,65,3,195,2024-01-28 04:21:57.368459,delivered,88004,NM,VISA 13 digit
bb2aafd7-7de0-4fc2-978a-11c299dd7be7,Joann Clark,59880158,64,7,448,2024-01-23 10:52:09.415264,pending,87203,NM,VISA 16 digit
1b9697b3-8a98-4078-b9bd-656dee63c236,April Griffin,17900133,75,6,450,2024-02-06 11:44:38.313200,delivered,87755,NM,JCB 16 digit
40f8aa95-1596-4465-86f0-085272359d1b,Amy Palmer MD,55181822,82,6,492,2024-06-15 23:32:10.162451,shipped,87196,NM,American Express
13baf36a-ac65-4be0-9387-806088022ca4,Ryan Vazquez,89278611,89,8,712,2024-06-29 15:18:34.993486,pending,88146,NM,American Express
1eb7ccf3-772a-4efd-92d5-d3a2f216ba93,Jason Maldonado,52741173,92,5,460,2024-08-03 06:58:21.060557,delivered,87644,NM,JCB 16 digit
785eaa0c-68ac-41ac-8473-5495db3dcfa6,Alyssa Henderson,88833811,96,4,384,2024-01-10 06:51:48.121590,delivered,87839,NM,VISA 16 digit
eb345b9d-ab7f-46bf-87a4-94820fc83a9a,Angela Smith,64666624,92,6,552,2024-02-02 02:15:12.822276,delivered,87809,NM,VISA 16 digit
be6797dc-68ba-4ad9-85ae-e9c7b2a7f97b,Madison Hampton,06325756,90,4,360,2024-04-21 06:22:19.616058,shipped,87954,NM,JCB 15 digit
bee62a75-e06c-4c16-b40b-eab855b93049,Emma Davies,90087110,16,6,96,2024-01-27 20:37:34.350107,pending,87583,NM,Diners Club / Carte Blanche
64e56c28-cade-4b2d-a419-51bf864a708d,Dana Robinson,71977041,71,9,639,2024-02-28 13:15:08.717212,delivered,88118,NM,Mastercard
027abbb6-ae11-4668-a30d-5e18382efce8,Christopher Mcdonald,70849868,78,2,156,2024-04-01 18:30:29.328710,delivered,87802,NM,JCB 16 digit
92c298c8-f889-430f-b25a-25a7f3f38733,James Wagner,74065479,24,10,240,2024-07-14 08:02:44.481564,pending,87317,NM,Discover
20e465b1-f819-4414-96bc-acf71fa65238,Benjamin Benton,66325383,29,5,145,2024-09-03 14:07:48.248270,delivered,87264,NM,VISA 16 digit
d899f5f9-a671-4c61-98fb-ab9aab0a8e13,Nicholas Thompson,30047976,44,4,176,2024-02-05 12:41:25.103802,delivered,87653,NM,Maestro
f3df152a-1438-48bd-beb4-f82ae0447120,Melissa Sherman,35021506,98,8,784,2024-03-03 01:46:18.475039,delivered,88245,NM,Maestro
ef2815ef-376e-468c-80a4-a9b4bf2579fa,Krista Adkins,30701335,13,9,117,2024-09-06 22:40:47.489983,pending,88423,NM,Discover
b563ae65-35c8-4046-8338-666e7bcfb562,Matthew Morales,16395183,34,5,170,2024-01-20 04:08:03.463350,pending,88035,NM,VISA 19 digit
1040a00b-573c-4986-b527-046ee473e7a0,Joe Adams,46013538,55,7,385,2024-04-14 14:56:49.984418,pending,88267,NM,VISA 19 digit
63ebc3d4-c9c8-466f-a9a0-040b95546150,Amanda Fowler,46201379,54,10,540,2024-06-08 10:30:03.088135,shipped,88093,NM,JCB 16 digit
daa55d90-f59c-4f86-80e9-3c1b6b1967ea,Edgar Williams,75270933,85,3,255,2024-01-29 11:00:06.048967,delivered,87651,NM,JCB 15 digit
29449ec8-22de-46fc-ae5e-2eaabbf15fc0,Jacob Hicks,10413562,14,4,56,2024-06-28 16:21:15.327229,pending,87307,NM,Mastercard
d77d784f-98be-4b7a-b2bd-7390d41f1bb6,Heather Moody,60301352,54,10,540,2024-08-23 03:19:12.228584,shipped,88287,NM,VISA 16 digit
1dcccaa5-eaf3-43c4-9c93-70d658a40c03,Angela Smith,62550376,44,6,264,2024-06-13 23:09:49.314423,shipped,87809,NM,VISA 16 digit
8b048cd4-ef2e-4afe-a530-dd4a083dcfc9,Lisa Schmidt,28582687,6,5,30,2024-07-21 05:29:15.316073,delivered,88415,NM,JCB 16 digit
0968f5e0-2aa7-4fb5-9061-5f6b6d7403ec,Lisa Macdonald,68699697,10,6,60,2024-03-31 16:38:29.160249,delivered,87579,NM,VISA 19 digit
e082f67f-120c-4e17-845c-2ee373bf84c8,Angela Smith,38198151,46,4,184,2024-01-01 22:01:30.700174,delivered,87809,NM,VISA 16 digit
8ddcc3a0-2e09-4914-98a7-0f223eb95f2b,Charles Roberts,90178559,61,1,61,2024-03-25 14:02:26.576681,pending,87692,NM,Mastercard
716339d4-0447-4c19-9edc-3cb713c29a0e,Ricky Parrish,86900478,9,10,90,2024-07-22 13:02:57.243762,pending,88005,NM,Discover
f50b3c13-08a1-434d-b0d0-74283cda97b2,Anne Green,35792888,29,5,145,2024-09-03 18:31:28.831935,delivered,87538,NM,Mastercard
6af0fa28-5ac8-4067-9517-089911ceb242,Erica Lara,93821285,15,10,150,2024-03-12 18:23:36.389196,pending,87544,NM,Mastercard
975c78aa-a0fa-4205-abbe-0cb4cfc3cb08,Marilyn Castaneda,16567214,30,5,150,2024-03-21 08:13:52.237149,shipped,87104,NM,JCB 16 digit
3a77d62e-0f9e-4438-aa3f-d0ad9ea34c8e,Edgar Williams,18400908,31,4,124,2024-07-21 13:42:48.355139,delivered,87651,NM,JCB 15 digit
4231b594-19f1-4deb-a7f7-7869cedf9f5b,Benjamin Benton,24670074,16,8,128,2024-02-20 06:22:48.804209,delivered,87264,NM,VISA 16 digit
30891b9d-41da-4e1a-9810-6e00a99c6fb1,Samuel Buchanan,11676263,85,3,255,2024-05-24 03:23:59.541505,shipped,87187,NM,JCB 16 digit
3b87303a-6713-4e89-95b7-11ddaf42310c,Sherri Schneider,80211990,39,10,390,2024-02-06 04:59:05.705729,delivered,87181,NM,Diners Club / Carte Blanche
58abbcd4-f291-4b89-9844-fbcf4aa27fbb,Tracy Taylor,84981592,54,9,486,2024-02-13 19:05:45.571938,shipped,87797,NM,VISA 16 digit
d2df2e1c-7459-4bac-b6f8-eaa9183442d0,Theresa Garcia,97946960,42,7,294,2024-05-13 01:11:55.885684,delivered,88221,NM,VISA 16 digit
7a1bae86-a941-41b4-9213-f4d794bdbf4f,Anna Lopez,03057827,79,9,711,2024-05-29 20:04:51.702600,shipped,87996,NM,American Express
f214bd60-de13-41cf-8164-92940edeb853,Lisa Murray,66325383,29,8,232,2024-03-02 02:05:36.263941,pending,87250,NM,VISA 16 digit
3749ce7d-5313-4917-8300-29d6f5fd615d,Jessica Hodge,52206405,69,6,414,2024-04-12 00:34:45.245950,delivered,87091,NM,VISA 16 digit
02bc8085-3e1b-452c-8a60-f64e0cbab090,Deborah Lawrence,06932480,82,7,574,2024-08-22 20:56:45.304343,shipped,87303,NM,VISA 16 digit
ef7c4644-7381-42da-851c-eaa6f12d3503,Nicholas Thompson,04061168,46,4,184,2024-08-20 18:34:01.952708,delivered,87653,NM,Maestro
08d1b789-8d55-46f1-9dbc-bd134bba6a30,Eric Sanders,51460853,28,9,252,2024-02-28 18:42:36.427164,delivered,87638,NM,Discover
72522e44-9170-4dd1-aff2-8463349b4973,Shaun Contreras,89112533,66,10,660,2024-04-08 23:51:10.202916,pending,88004,NM,VISA 13 digit
13562114-fa2c-4931-8b8c-130a1e15fac8,Jose Gould,76487330,25,4,100,2024-07-11 16:18:40.518737,pending,88314,NM,JCB 15 digit
af107830-c27c-4681-b693-cdb791a23a9a,Cheryl Willis,05966127,30,6,180,2024-07-03 12:23:51.305408,shipped,88380,NM,VISA 19 digit
e80a0432-8dd4-4e8d-9409-fcb6eac99acd,Taylor May,89321447,91,8,728,2024-09-02 00:24:40.886842,delivered,87508,NM,Mastercard
eb3d0b9c-dacd-46e3-a6a9-659551341497,April Griffin,25494013,43,8,344,2024-03-12 10:43:06.351439,shipped,87755,NM,JCB 16 digit
58f4d4f7-7b67-4690-a001-9f3103c2e292,Lauren Fields,17912020,95,3,285,2024-07-14 09:25:34.503821,delivered,87575,NM,JCB 16 digit
bfd84257-145c-479c-8490-2c7d35942368,Brenda Berry,82630683,65,1,65,2024-08-13 05:24:11.119627,pending,87018,NM,VISA 19 digit
e3136a31-49ec-4c95-af30-161d81996ba0,Michael Erickson,88588179,48,8,384,2024-04-12 22:38:52.023460,delivered,87860,NM,Maestro
3ac2e24a-2d8b-4bf9-a4c5-9c24ea523cc5,Emma Davies,00323802,55,1,55,2024-07-15 14:54:36.475351,shipped,87583,NM,Diners Club / Carte Blanche
eaf85c74-393e-4a85-88fc-8b95cb82486b,Heather Moody,46250025,3,5,15,2024-01-11 14:28:25.225343,delivered,88287,NM,VISA 16 digit
13b3d356-162e-4bcb-9f35-53df8ae0f84a,Sherri Schneider,09529434,34,2,68,2024-08-18 07:26:02.933577,delivered,87181,NM,Diners Club / Carte Blanche
cfb6700c-e786-4904-8d8c-56e627452c62,Amy Lane,40839967,14,8,112,2024-04-29 17:51:39.752756,shipped,87288,NM,Diners Club / Carte Blanche
1c6c6ab6-61e8-4f77-a91d-ae1c7682b7fe,Matthew King,06932480,82,4,328,2024-08-12 14:50:08.644042,delivered,87515,NM,JCB 15 digit
ff6d4e7e-2b9d-40ec-b491-20de64891062,Monica Bates,99332211,93,8,744,2024-09-01 11:15:39.138328,pending,87748,NM,VISA 13 digit
ae5417a9-3608-48b7-a3fd-4f257f728768,Julie Daniel,07858789,80,8,640,2024-08-01 07:53:39.801306,delivered,87773,NM,Discover
c6984070-285a-4ead-8a9c-1a9a8e50e437,Mary Lara,47829510,17,10,170,2024-06-30 22:42:24.374802,pending,88322,NM,JCB 15 digit
6d1cd9b2-7a8d-41e3-89a9-7f37b6180ea6,Melissa Sherman,73820048,88,8,704,2024-04-23 16:25:23.928198,delivered,88245,NM,Maestro
8f3a1798-1eb5-4073-a265-a69bbac6835e,Matthew Morales,86124782,64,1,64,2024-06-24 05:03:17.511385,delivered,88035,NM,VISA 19 digit
30efefc4-5d52-4c41-ad8c-16cadf8029b2,Dr. Cory Reynolds,78483156,54,1,54,2024-03-05 16:27:58.754402,delivered,88259,NM,VISA 13 digit
67e9afef-d10d-41fc-853e-db2c8864c5c7,Jessica Santiago,50343577,88,6,528,2024-01-13 12:52:47.521930,delivered,87721,NM,VISA 16 digit
d5bd4e2d-f9a8-479b-92b9-3067fbb68824,Lisa Murray,58994344,7,9,63,2024-07-04 18:34:59.593814,delivered,87250,NM,VISA 16 digit
e1af5ab5-b91c-4b89-aae8-897294121758,Jacob Hicks,46252746,15,6,90,2024-06-25 11:26:18.236884,delivered,87307,NM,Mastercard
8f692e0c-7eb4-46d6-abb1-23678397eb39,Jessica Santiago,11149415,73,10,730,2024-07-06 14:49:51.994190,pending,87721,NM,VISA 16 digit
80014eec-7bb0-418c-87ce-d48acfb03997,Angela Smith,39001337,52,5,260,2024-06-25 13:41:03.768567,shipped,87809,NM,VISA 16 digit
c6986157-00a5-41c6-b11b-c66f583ec390,Amy Palmer MD,07302893,6,4,24,2024-03-13 13:50:56.694976,delivered,87196,NM,American Express
07f07a7f-f22a-4410-ae9e-63ed06c79b23,Brianna Williams,86995122,89,6,534,2024-04-20 13:39:26.807361,pending,87174,NM,Diners Club / Carte Blanche
78d0b39f-8be3-42bb-823e-2ce87829a17f,Lisa Murray,73693680,14,6,84,2024-05-09 23:06:48.817560,pending,87250,NM,VISA 16 digit
21611ab8-a319-4b49-968b-c1df6df8a1ca,James Wagner,68699697,10,8,80,2024-08-15 16:43:04.332000,delivered,87317,NM,Discover
bdccd457-5f70-446f-959b-408044cf0cfd,Terri Patterson,50288472,86,9,774,2024-08-18 01:25:38.433859,shipped,87412,NM,VISA 19 digit
2e2f5331-eefd-43e1-afdc-b872adf135fb,Dr. Cory Reynolds,31745550,77,6,462,2024-01-21 23:06:27.054688,delivered,88259,NM,VISA 13 digit
508568c8-9b14-45b2-ac93-7ca3a861fffb,Amanda Johnson,64666624,92,4,368,2024-05-27 08:20:17.947806,pending,88275,NM,VISA 19 digit
2d379391-8f72-43f8-ab1f-4df4cf716fb6,Brian Todd PhD,58783634,8,1,8,2024-03-16 17:38:21.341763,pending,88357,NM,Discover
f7996612-d750-45d8-9a5c-c2680030470d,Jasmine Peters,07858789,80,1,80,2024-05-11 02:06:22.656928,shipped,87165,NM,VISA 16 digit
e8f2d306-6afe-4a96-a193-9efb67bf8efe,Timothy Morris,54308336,24,5,120,2024-06-06 01:53:15.862044,delivered,87331,NM,JCB 16 digit
1e2dfca1-95b0-46f1-a1c0-6dc4f7b3674c,Edward Phillips,18545135,75,2,150,2024-03-22 00:40:49.241739,delivered,87849,NM,American Express
f03ad672-cf43-413d-b948-364e9c02152a,Robert Atkins,10545225,49,5,245,2024-01-17 02:18:43.711436,delivered,87161,NM,JCB 16 digit
06f14603-d250-478e-9085-1bc41e79079b,Rebecca Hodges,51505653,9,2,18,2024-07-02 04:21:10.950073,pending,88200,NM,VISA 13 digit
fb6a0e7d-9e5d-4d7b-859c-f5bcadd2e52b,Ashley Rodriguez,83040504,72,1,72,2024-02-21 17:34:48.224587,delivered,87785,NM,Maestro
092b9ae1-1660-4075-aec9-c349e315a4a6,Angela Smith,31534475,86,3,258,2024-05-14 02:45:15.985223,pending,87809,NM,VISA 16 digit
946f2153-e92b-49d4-8558-0034c870ba5a,Lauren Fields,40299006,95,3,285,2024-08-23 08:43:39.007424,pending,87575,NM,JCB 16 digit
eafde7a4-4d6d-4463-a91f-3a6d2b2e784e,Dana Robinson,36355082,100,9,900,2024-08-13 21:28:47.952943,delivered,88118,NM,Mastercard
c4d06ee2-a9a9-4fd0-bc16-5b5f423d9037,Heather Wilson,43428038,79,2,158,2024-01-19 04:05:39.091412,delivered,88181,NM,VISA 13 digit
16615bed-009d-4f02-8413-6140e6224a11,Jennifer Ortiz,42527558,67,2,134,2024-03-07 16:05:47.369646,shipped,87690,NM,Diners Club / Carte Blanche
e9d9fbe3-c9e2-4c4c-bf95-ae98008970af,Jacob Hicks,95211046,96,4,384,2024-02-22 02:46:01.312817,pending,87307,NM,Mastercard
84576b6c-0300-4ac4-a01a-a8f2a67b3b29,Amanda Johnson,64817033,45,10,450,2024-04-11 11:04:18.931900,shipped,88275,NM,VISA 19 digit
c9b6bb77-d5c1-49db-b6e6-f440b914061a,Taylor May,02381695,43,9,387,2024-06-23 16:43:54.454122,shipped,87508,NM,Mastercard
5e6c49d3-e332-4f25-93e4-ef3943fa2dae,Kelly Mcdonald,17779852,80,6,480,2024-03-24 06:33:18.764157,pending,88377,NM,JCB 16 digit
f5ec4ca6-2261-4ba8-a8e6-addd0659e9d3,Angela Hayes,12745470,92,5,460,2024-04-23 10:24:30.216530,shipped,88292,NM,VISA 16 digit
02bfe8d4-21e2-493d-a611-636a31b6ea28,Christopher Mcdonald,51794682,74,8,592,2024-01-27 09:29:44.246500,delivered,87802,NM,JCB 16 digit
c24aea94-48bc-4582-96b3-a7ddf97efaf4,Heather Moody,68699697,10,1,10,2024-02-15 13:32:00.882935,delivered,88287,NM,VISA 16 digit
0c39498b-14a5-4d8a-8450-aa1d8f7daa32,Heather Wilson,69527593,67,4,268,2024-04-28 16:36:23.547318,shipped,88181,NM,VISA 13 digit
0dc31238-d693-4816-9118-0605aae4ce4f,Eric Sanders,00380829,47,9,423,2024-01-20 06:40:36.446604,pending,87638,NM,Discover
19f804e4-8ef1-4d34-8472-2edb2e47669a,Ryan Vazquez,68363130,85,5,425,2024-02-16 10:56:55.874154,pending,88146,NM,American Express
f4cfe72d-2e38-4986-8707-2378886f68c6,Krista Adkins,98772322,97,2,194,2024-02-18 11:32:25.588776,shipped,88423,NM,Discover
db6fbff1-e7b9-4658-a36f-37adb6d4eea9,Joe Adams,48129633,39,3,117,2024-05-18 22:40:34.352663,shipped,88267,NM,VISA 19 digit
0b98b459-41b1-44d7-a9c0-637442058612,Jessica Santiago,74350261,25,5,125,2024-03-04 00:07:55.303209,shipped,87721,NM,VISA 16 digit
6be100b2-9593-45a2-b29b-0cff79221da7,Dylan Chambers,85575318,82,9,738,2024-04-10 16:17:35.428398,delivered,88089,NM,Discover
57669994-6bed-498a-b198-fe68a68da90a,Lisa Murray,03927601,12,5,60,2024-04-21 00:01:48.975061,pending,87250,NM,VISA 16 digit
dd32a058-ad21-414f-b93b-fd139ac39168,Justin Lambert,34542743,72,7,504,2024-05-25 06:18:32.099479,delivered,87738,NM,VISA 16 digit
10f2f0a5-d8a8-4ce6-aa98-d682920e332b,Brian Todd PhD,99455262,40,7,280,2024-07-30 12:03:01.876512,shipped,88357,NM,Discover
d54a795b-82b3-4f30-af30-126789327ccc,Nicholas Griffin,78353077,73,10,730,2024-08-15 23:43:21.537880,pending,87513,NM,JCB 16 digit
dfb55187-1497-4708-ac59-b56af136081c,Chad Jordan,42527558,67,8,536,2024-09-01 03:31:42.644721,shipped,87339,NM,VISA 19 digit
a06df171-2831-4d47-895d-dc157507bf73,Sherri Schneider,28706434,68,6,408,2024-05-01 04:10:30.868146,shipped,87181,NM,Diners Club / Carte Blanche
e012cced-2cfb-4b16-bc01-74c52dd95f83,Erica Lara,33242811,96,6,576,2024-03-09 20:05:59.923404,pending,87544,NM,Mastercard
ec448f45-2912-49db-814a-b4c02d35a880,Julie Daniel,78125391,34,5,170,2024-05-30 23:37:52.691627,pending,87773,NM,Discover
b6c45021-9548-4464-9d42-76352753e0e8,Matthew King,17759854,32,6,192,2024-02-10 13:46:06.676755,delivered,87515,NM,JCB 15 digit
f7a49959-11df-4430-b9aa-9106d6f81b58,Lisa Macdonald,51098711,77,5,385,2024-02-15 14:41:27.334878,shipped,87579,NM,VISA 19 digit
d5b451a7-1cb3-45e5-8115-c4276426702c,Edgar Williams,19197111,9,4,36,2024-02-02 05:49:24.602640,delivered,87651,NM,JCB 15 digit
0ae12565-747f-4495-8385-07fa60ab12ba,Shaun Contreras,88833811,96,8,768,2024-02-06 23:13:04.140335,delivered,88004,NM,VISA 13 digit
ae957028-404d-498d-9d9f-24bee5da5f86,Kelly Mcdonald,74232345,72,8,576,2024-01-13 17:12:29.322285,pending,88377,NM,JCB 16 digit
d45a96aa-2a83-480b-9002-16ec8230162c,William Hale,55730501,78,5,390,2024-02-21 12:45:37.119858,pending,88072,NM,VISA 13 digit
85a00110-8af7-4fee-8915-718d4814aeac,Leslie Morse,98352470,97,10,970,2024-04-20 18:33:27.735671,delivered,88230,NM,Mastercard
1604c05a-d75e-4e18-b735-7683716bac43,Eric Sanders,92262560,88,7,616,2024-04-21 15:09:31.933607,shipped,87638,NM,Discover
c454de80-c1ab-4eb1-bdd3-9ef209965115,Heather Wilson,36308446,52,7,364,2024-04-03 01:45:03.245888,shipped,88181,NM,VISA 13 digit
e35d2e5d-51b3-4d96-9c06-2a8dbbc4a129,Jessica Santiago,97154129,38,8,304,2024-07-12 23:07:17.729599,delivered,87721,NM,VISA 16 digit
fa334d17-5e17-4558-9bda-2d9ab6a24fb7,Jennifer Ortiz,01624274,91,6,546,2024-08-07 15:02:04.812352,delivered,87690,NM,Diners Club / Carte Blanche
04ec8761-2d6a-4375-a09b-3e7975fb681a,Andrew Myers,37853990,46,3,138,2024-02-10 11:19:36.027336,shipped,88045,NM,JCB 16 digit
