fea559b9-3bfd-4c97-a9da-62b5ec522e5a,Richard Middleton,00532075,7,6,42,2024-04-23 21:13:24.343520,pending,96952,MP,Discover
7f6a682c-0b09-4530-8de2-b5ab97a4920e,Ryan Larson,03057827,79,7,553,2024-06-12 01:20:35.795344,shipped,96952,MP,Maestro
e054cd48-2af8-4e3f-884a-b239597d2b1f,Nicole Hayden,68333256,85,6,510,2024-01-07 01:53:04.727469,shipped,96951,MP,VISA 13 digit
9b8e6ad4-7a23-4729-b66e-2ddde6c05b87,Mary Tapia,02008783,79,6,474,2024-03-25 07:38:12.597579,pending,96950,MP,Diners Club / Carte Blanche
47890c1e-60a9-4443-8b15-bdcaaca4f56b,Stephanie Miller,49687545,40,9,360,2024-06-19 01:48:54.502842,shipped,96950,MP,VISA 16 digit
c3354ae5-c573-496f-9867-c5005d06d1e8,Sergio Gonzales,19644202,34,1,34,2024-04-10 18:23:19.514568,pending,96951,MP,JCB 15 digit
46bfaa55-f7a3-4897-9a39-7458b8ebdf5e,Daisy Rodgers,14856815,48,7,336,2024-05-22 21:56:09.603390,shipped,96952,MP,Discover
66b0535d-d22c-45ab-88ed-273bdba33555,Billy Jacobson,31194587,21,8,168,2024-02-06 23:59:16.430359,pending,96952,MP,Discover
e712663f-2c43-440a-b47e-eb24f599920c,Scott French,66330752,82,8,656,2024-08-16 15:15:36.574626,delivered,96951,MP,VISA 16 digit
4d8a1a9b-47a0-4915-86b7-ecaff83bd442,Amy Banks,77867261,57,3,171,2024-03-21 15:48:31.529321,shipped,96952,MP,VISA 16 digit
ce3e1ec0-632b-42ea-ac48-88c44a849dd2,Charles Smith,21497834,39,3,117,2024-02-07 03:57:29.396072,delivered,96951,MP,JCB 15 digit
081c4d0a-b71b-4c53-87dc-4f38b14e34e0,Brittney Garcia,42646518,100,2,200,2024-09-01 17:29:37.815998,delivered,96950,MP,Maestro
3c076f4a-3a71-4bc2-b000-e0468f894f06,Jeffrey Williams,42508571,41,5,205,2024-07-17 05:05:46.817667,delivered,96951,MP,Maestro
ede12675-bf27-4d6d-9414-480cabf7a1e7,Joshua Austin,98352470,97,1,97,2024-06-20 13:16:47.725420,pending,96950,MP,Diners Club / Carte Blanche
39914c88-704b-4b57-9e60-5c96cc3b8055,Philip Peterson,11549819,86,8,688,2024-03-19 15:38:25.918627,shipped,96951,MP,Mastercard
665c19cc-8ad4-46cf-a60c-56ec904eff9d,Jordan Vaughn,01181135,26,8,208,2024-05-16 02:51:45.415435,delivered,96952,MP,Diners Club / Carte Blanche
b2c46e66-53b7-4019-b564-08332f135503,Christopher Ray,24005821,77,6,462,2024-03-30 07:51:23.319823,shipped,96951,MP,Diners Club / Carte Blanche
4728ff0e-71c3-43a7-a319-6ae5412d0e3e,Jennifer Lewis,41029398,96,9,864,2024-07-20 22:24:50.823944,shipped,96950,MP,Maestro
422b4264-8c3d-4a7c-beb3-83d204491f74,Sherry Parks,31194587,21,8,168,2024-03-01 16:30:06.037451,delivered,96950,MP,VISA 16 digit
62887f54-6ab3-429d-b614-3d69702bb5e3,Lisa Crawford,48224901,68,3,204,2024-07-23 00:35:33.595072,delivered,96950,MP,Mastercard
74533385-e687-4b4c-90de-a2f02a54cead,Ariana House,91224873,22,9,198,2024-09-06 22:18:00.953067,shipped,96950,MP,Maestro
ce311e94-098a-4ffc-9875-02cb992883c7,Miss Traci Lewis,68433376,19,3,57,2024-05-08 22:50:18.209482,pending,96950,MP,VISA 16 digit
870d4fb2-9050-45a7-ad13-8eff53f4ced2,Vanessa Jimenez,57473758,22,1,22,2024-07-01 21:06:38.560481,pending,96951,MP,VISA 13 digit
5222ea14-9c02-4dd5-86b3-cc040f0d5d3a,Jackie Wood,97946960,42,2,84,2024-02-17 05:45:03.819813,delivered,96952,MP,JCB 16 digit
69dc9d59-22b8-4eea-ae9f-3f19ceb141b8,Joseph Taylor,58264171,25,9,225,2024-01-01 15:23:29.403410,delivered,96951,MP,VISA 16 digit
f7fb258e-1900-4552-a496-b16846cca49f,Michael Hendrix,08986047,70,1,70,2024-07-28 19:21:30.835748,shipped,96952,MP,Diners Club / Carte Blanche
617b46aa-0282-4e34-b9a5-90532ce2e3ca,Karen Horton,54223837,62,4,248,2024-05-14 20:22:27.244708,delivered,96950,MP,Mastercard
7f8d97b5-c0ca-4377-87ba-6ef5916f6ef4,Jennifer Campbell,43428038,79,8,632,2024-07-31 15:44:42.443289,pending,96952,MP,Mastercard
7786a526-16a2-4b88-a65d-dfde2ff6b379,Christopher Ray,34543184,5,3,15,2024-08-07 17:14:59.082191,delivered,96951,MP,Diners Club / Carte Blanche
6542d179-242f-400b-953a-3e5688b002f9,Charles Smith,18289022,89,4,356,2024-02-13 14:02:54.170762,shipped,96951,MP,JCB 15 digit
c64db8fe-f528-4b37-8ff6-a2641a44d7fe,Stefanie Clarke,50411498,15,4,60,2024-04-07 02:33:51.681780,pending,96951,MP,Diners Club / Carte Blanche
de56665a-4950-4e39-973a-5d5d38b849d5,Garrett Jones,71073415,96,10,960,2024-02-02 12:41:43.108375,delivered,96952,MP,Diners Club / Carte Blanche
69f1ea00-1a14-43a8-b4e8-1089ed9ea06f,Jocelyn Jenkins,45745249,26,10,260,2024-02-29 21:19:10.627585,shipped,96950,MP,Mastercard
2449befb-81f0-488a-82cd-8ada16bc3efa,Thomas Kennedy,31918824,7,1,7,2024-03-04 06:59:59.392477,shipped,96950,MP,Maestro
c05a125c-9f1b-4e7a-b3b8-04c4ca2d66ac,Bradley Rose,65828045,22,3,66,2024-04-08 23:23:31.191273,shipped,96952,MP,JCB 15 digit
02d16fd3-23ba-4a6c-966a-d9a542000225,Brandon Fitzgerald,12105137,16,4,64,2024-02-07 22:51:43.545890,pending,96952,MP,Maestro
3c9b204f-40e3-4492-b411-268fe276cfe2,Misty Fox,31345132,57,1,57,2024-08-09 03:10:49.196613,pending,96951,MP,VISA 19 digit
fec3c953-6830-422b-af53-75e297ddd07b,Denise Campbell,32499124,30,9,270,2024-02-02 14:20:38.116537,pending,96952,MP,JCB 15 digit
a940738c-9188-45a2-b35a-44f939be6682,Jordan Vaughn,52741173,92,1,92,2024-03-29 03:20:30.759755,delivered,96952,MP,Diners Club / Carte Blanche
84571a2c-1793-477e-a239-db253ad71add,Garrett Jones,78376038,10,5,50,2024-09-02 22:36:26.576710,shipped,96952,MP,Diners Club / Carte Blanche
b2392c91-606b-489e-af6a-28b5c94d5b20,Charles Smith,99315894,15,3,45,2024-01-16 18:24:37.316794,delivered,96951,MP,JCB 15 digit
6d2aaa27-c86c-4fa1-9ba6-84904d89ed2d,Philip Peterson,97946960,42,7,294,2024-07-28 17:34:52.993053,delivered,96951,MP,Mastercard
60ba34fb-d203-408d-88ad-ef354f2a0b6c,Danielle Fuller,07859274,51,7,357,2024-05-30 00:55:53.553298,pending,96952,MP,VISA 13 digit
e6e27660-ffc7-4792-8d1b-aadefb0ec43e,Ryan Larson,96949542,80,6,480,2024-07-06 18:19:42.548109,shipped,96952,MP,Maestro
3c0d2144-e0ea-4199-b62d-bb7eb5af1052,Michael Gray,71855509,89,2,178,2024-04-15 22:51:59.023844,shipped,96952,MP,Maestro
b2eb75de-d826-48c7-bac4-fc71e266305a,Patrick Johnson,17912020,95,3,285,2024-03-03 23:12:11.301031,delivered,96952,MP,JCB 16 digit
eea35b0c-b120-414c-afdf-a2d6f99fc6f3,Micheal Gonzalez,17174275,43,5,215,2024-03-27 10:13:10.956072,delivered,96950,MP,Maestro
50135437-dd76-4f02-b846-bc6519b8975d,Stephanie Miller,00312028,35,1,35,2024-01-25 15:39:05.991802,shipped,96950,MP,VISA 16 digit
59b05e28-38b5-4298-87c1-9da280160e71,Elizabeth Case,32413458,85,8,680,2024-07-06 07:39:57.031662,shipped,96951,MP,JCB 15 digit
c94e760e-abb2-4f44-9fe7-c91f68348cad,Jeffrey Williams,00133319,53,6,318,2024-05-02 08:39:12.753269,shipped,96951,MP,Maestro
dd317504-9c1d-4436-b91b-cd6e332c9051,Vicki Price,04787235,93,8,744,2024-08-03 02:33:50.462578,shipped,96952,MP,VISA 13 digit
4f3dc903-9293-4b2f-8dff-bcc929612702,Denise Williamson,04206149,12,4,48,2024-05-12 01:41:18.164175,delivered,96950,MP,Maestro
07f4cda6-e299-4caa-a56a-43ae2d2ae59d,Angela Miller,17174275,43,3,129,2024-01-23 10:05:30.444816,shipped,96950,MP,VISA 13 digit
147ca998-abce-473a-95c7-1dd73f7abf96,Brian Rogers,72332986,45,3,135,2024-07-31 13:05:26.886842,pending,96952,MP,VISA 13 digit
3466a75d-cf9a-419f-a2a2-433574fe9b7a,Jesus Ballard DDS,40576183,50,1,50,2024-06-25 16:21:40.913291,delivered,96952,MP,Maestro
694592e6-4e48-415c-8c2c-6ded1880bf1c,Nicholas Savage,13159122,73,8,584,2024-06-15 11:22:26.341764,shipped,96950,MP,Mastercard
d75b6b12-32cf-4c46-86dc-01189f8c9709,Jennifer Campbell,69441578,72,10,720,2024-08-09 18:23:48.833707,shipped,96952,MP,Mastercard
19dea650-4959-45fb-a821-142bfcc1bef7,Timothy Smith,20916732,54,3,162,2024-07-20 16:49:18.739608,shipped,96950,MP,VISA 16 digit
eda6281e-e417-452c-850e-78c07e6de3cf,Jeremy Warren,39478894,61,9,549,2024-08-08 10:14:24.753941,delivered,96951,MP,VISA 19 digit
1371f728-b057-4802-b2cf-b61753d5d5e2,Alan Sanchez,09086586,50,3,150,2024-02-14 21:14:47.444438,pending,96950,MP,VISA 13 digit
c5cdb080-ea9e-441f-a2f9-351ffdb06946,Lisa Crawford,73274872,34,4,136,2024-07-02 00:10:51.986223,delivered,96950,MP,Mastercard
ca98523e-a22d-4b7c-ae06-ee3a636c312d,Scott French,20489977,11,3,33,2024-09-03 12:57:45.151265,pending,96951,MP,VISA 16 digit
a7e366a0-172c-4997-a2bd-6576000bf822,Lisa Crawford,13108496,81,9,729,2024-01-20 09:37:53.664848,pending,96950,MP,Mastercard
d131e938-2e81-4773-b9a2-aeceaf8a3f11,Gabriella Phillips,93414500,61,8,488,2024-03-21 21:57:29.433832,delivered,96950,MP,VISA 16 digit
91707a2e-7e7e-454b-86e1-5157370caf02,Dr. Jason Thornton,05513697,34,3,102,2024-08-05 11:47:07.213401,delivered,96950,MP,JCB 16 digit
81e802b9-6522-4ca8-aaa7-6ef886e6a83a,Aimee Sanchez,28706434,68,6,408,2024-07-26 12:47:20.559423,delivered,96950,MP,JCB 16 digit
3f510903-066b-4de5-881f-a7aa50b90086,Fred Carter,55687379,1,6,6,2024-03-16 00:29:07.815467,shipped,96951,MP,VISA 19 digit
01eb3f96-90df-4308-8d49-91377b96f566,Amanda French,33186610,95,5,475,2024-01-17 16:54:50.357546,pending,96950,MP,JCB 15 digit
f1303856-96d0-4fb3-aaca-aab1af67295f,Patrick Johnson,14982026,67,7,469,2024-02-23 20:37:29.624969,pending,96952,MP,JCB 16 digit
067246b3-5926-4686-98db-3c23e00bf79e,Dana Hamilton,39867230,12,2,24,2024-06-27 17:53:10.496092,shipped,96951,MP,Discover
a7bdd7b3-6d92-4cec-9b99-c0b6967d092f,Brittney Garcia,13894016,63,3,189,2024-06-21 02:00:32.346149,shipped,96950,MP,Maestro
74361577-b8f9-4597-9b95-fab0f747afaa,Jeffrey Williams,29555789,44,4,176,2024-03-21 09:38:20.226993,shipped,96951,MP,Maestro
1c7df90e-90cb-4751-a42e-2bac4aade6ea,Stephanie Miller,28899518,9,5,45,2024-02-06 07:06:40.079645,delivered,96950,MP,VISA 16 digit
91d4fe1b-abdd-485b-9793-cc620cb4f948,Christopher Ray,85059108,91,7,637,2024-02-20 17:04:01.973708,shipped,96951,MP,Diners Club / Carte Blanche
b44544a9-1400-4487-9492-45e26b0dbe48,Michael Gray,04577096,37,8,296,2024-08-26 08:07:47.967978,pending,96952,MP,Maestro
3f003668-8e7d-4461-b246-899f3066720d,Ryan Larson,29911714,25,9,225,2024-09-06 15:47:33.014713,pending,96952,MP,Maestro
52df48c7-2d00-4a96-bcdb-10f5e54d4f07,Amanda Travis,92894587,55,3,165,2024-06-25 16:21:20.397811,delivered,96951,MP,Maestro
617dc793-344a-421e-af34-f80d7126d659,Timothy Smith,73839620,49,9,441,2024-07-27 01:09:13.456823,shipped,96950,MP,VISA 16 digit
b571bc48-e6c7-411e-ab33-4a2ee39e4b59,Sandra Stokes,04732259,14,6,84,2024-05-07 00:28:11.361691,shipped,96951,MP,VISA 16 digit
cbde1de9-dd39-4e0a-ae5c-eb4191b5173e,Christine Ellis,83856198,10,10,100,2024-03-09 22:52:39.071503,delivered,96951,MP,Discover
6ffd1cb5-1921-4103-b264-a71783c19e92,Joshua Moore,06926359,51,6,306,2024-01-15 10:23:41.037601,shipped,96952,MP,VISA 19 digit
6c033d63-e1fa-471b-b10f-9a85f170f2af,Jason Colon,88710105,1,10,10,2024-01-09 08:14:30.127620,delivered,96950,MP,Discover
e7fc73e6-cb4b-4782-bfbf-c56245e2e2b0,Richard Middleton,01633719,41,6,246,2024-06-24 15:27:51.954889,delivered,96952,MP,Discover
dd5dc9c8-7706-4e2d-8638-d7c2f0716ad9,Jesus Ballard DDS,64653501,86,1,86,2024-07-16 21:07:24.539947,delivered,96952,MP,Maestro
d406414f-88fe-4d5a-8c60-6574e1674710,Miss Traci Lewis,95264523,67,7,469,2024-02-02 14:59:23.449916,delivered,96950,MP,VISA 16 digit
09a9bcfd-ae90-4ce3-a6b7-34968b02cd84,Misty Fox,51020477,55,7,385,2024-04-12 05:54:02.906222,pending,96951,MP,VISA 19 digit
1966eaa3-7479-4b2c-8d79-a785eab88f59,Lindsay Valenzuela,12105137,16,1,16,2024-03-26 18:50:05.754891,shipped,96951,MP,VISA 19 digit
4bb7d66d-7f26-4f58-af49-68ee101317b8,Lawrence Costa,39938688,12,1,12,2024-05-07 21:32:34.626666,delivered,96951,MP,JCB 16 digit
d448af60-dfde-41f3-a488-9ec43d469e70,Andrew Harris,24120920,87,3,261,2024-08-04 14:04:47.868594,delivered,96952,MP,VISA 19 digit
ec8c9f99-a897-4886-81f1-0b93ac6253a0,Steven Parsons,18289022,89,9,801,2024-02-28 03:20:57.832557,delivered,96951,MP,VISA 13 digit
f7fce46c-35f3-4e54-825e-67461e01a4d3,Mark Hunt,51460853,28,4,112,2024-05-23 18:53:28.138826,shipped,96950,MP,Mastercard
1ff55f86-11c1-46e0-bdf2-65167f180df4,Heather Love,41174647,46,1,46,2024-04-12 10:53:00.786171,delivered,96950,MP,VISA 16 digit
52454762-ce93-4947-9499-14dc25538d15,Jocelyn Jenkins,88291727,69,5,345,2024-01-26 03:30:58.533683,pending,96950,MP,Mastercard
42572291-97d8-48bc-b6f2-e1802af8dc78,Ann Larson,73458609,67,3,201,2024-05-30 21:32:16.108157,pending,96952,MP,VISA 16 digit
adce031a-4361-454c-9ace-007d4d31c027,Timothy Smith,12049646,71,1,71,2024-01-19 12:59:54.246442,delivered,96950,MP,VISA 16 digit
93109759-e313-44ad-b296-e8cb02c88b68,Stefanie Clarke,29090228,62,3,186,2024-08-09 08:09:36.105461,pending,96951,MP,Diners Club / Carte Blanche
c710364b-7df3-40a2-a882-b2fa6b52d56c,Mark Hunt,77941282,12,2,24,2024-02-01 10:17:08.412068,delivered,96950,MP,Mastercard
4183b9d3-d4a3-4eb7-8dad-e2f2261dbc95,Alexandra Bailey,05827992,99,6,594,2024-08-01 01:55:14.285292,pending,96952,MP,VISA 16 digit
6a732dbb-7d6e-4d4c-a4b3-aed6857c05ed,Joyce Hayes,52568923,63,4,252,2024-03-24 14:28:58.198636,shipped,96950,MP,Diners Club / Carte Blanche
64562f57-80f3-456e-a6a2-6e4be7f8aa6b,Jennifer Campbell,54327139,22,6,132,2024-06-02 02:18:41.200215,shipped,96952,MP,Mastercard
3248977c-58e0-4371-80de-dfa9f29034f8,Julie Martinez,85153660,91,8,728,2024-06-26 02:36:11.916403,delivered,96951,MP,VISA 19 digit
8319f061-d8cd-4c3c-bd46-164d12826dc4,Jesus Ballard DDS,41029398,96,9,864,2024-06-02 20:03:47.202253,shipped,96952,MP,Maestro
a6cc72fb-ba65-4022-9de6-c1a2de750aeb,Joshua Crane,41914731,72,10,720,2024-07-21 07:35:30.419978,shipped,96950,MP,Discover
067f38bd-3186-4a20-985b-c4abb1734371,Erica Castaneda,23355934,84,3,252,2024-05-30 21:37:48.810642,shipped,96950,MP,JCB 16 digit
116b2eb6-a893-41fc-b520-abf5053bec78,Jeremy Warren,23955486,93,2,186,2024-06-19 03:36:48.004865,delivered,96951,MP,VISA 19 digit
5f63c3b5-acc7-4ecd-9cae-a4f9ffb8b380,Alan Sanchez,70328592,6,2,12,2024-01-15 04:56:32.833345,pending,96950,MP,VISA 13 digit
35a12d24-343b-4bd3-a324-ecd7731de4a0,Lawrence Costa,75055035,87,7,609,2024-09-06 20:20:28.505508,delivered,96951,MP,JCB 16 digit
245f79bf-0f1f-426d-a585-7495d3bae111,Timothy Smith,41311363,77,1,77,2024-03-28 17:54:49.378303,delivered,96950,MP,VISA 16 digit
f2b262bd-dc09-49b6-a385-40ee22d96308,Scott French,36355082,100,9,900,2024-07-29 20:02:07.781180,shipped,96951,MP,VISA 16 digit
22793744-3536-4fa7-9b5f-27699298d10f,Vanessa Jimenez,82270858,49,9,441,2024-06-19 23:07:37.965551,delivered,96951,MP,VISA 13 digit
17c0b92a-3313-47a6-a6b3-9664ebfd735e,Kristy Gomez,17503594,48,2,96,2024-06-05 00:47:06.562355,delivered,96950,MP,Maestro
5fb2b0b9-098c-479c-9dfa-95a52825b028,Benjamin Rangel,32565164,13,1,13,2024-07-26 14:11:53.692649,delivered,96951,MP,JCB 16 digit
2d13b245-74ca-422d-8a48-47a4ec76a323,Ryan Bowman,71411989,2,4,8,2024-08-03 13:18:36.493570,delivered,96950,MP,VISA 16 digit
24e06880-0cbe-4679-8220-b5378f8ea8a3,Andrew Harris,60787217,60,7,420,2024-07-12 22:45:22.735242,shipped,96952,MP,VISA 19 digit
2cc8dd71-1657-42b8-838b-d317c77e9916,Michael Gray,56557497,70,5,350,2024-02-08 17:41:46.955387,shipped,96952,MP,Maestro
a36d2b95-f72b-4ad5-a172-099426c4d1f8,Ariana House,30211889,59,2,118,2024-06-13 10:29:33.174997,pending,96950,MP,Maestro
e101a750-26a9-4118-96d0-cc807bac6e92,Mark Hunt,62490795,97,5,485,2024-02-07 15:33:21.047349,delivered,96950,MP,Mastercard
45fdf204-88c2-4479-93c6-4e62aa51a2c9,Gabriella Phillips,82765989,38,2,76,2024-09-07 12:04:51.811583,pending,96950,MP,VISA 16 digit
bd05fbf4-8681-43cb-8860-8ba759a0ca37,Ann Larson,30471887,7,3,21,2024-03-07 23:23:27.169646,shipped,96952,MP,VISA 16 digit
ea8898e7-62f8-4a17-8073-5dd1c2dcd223,Jason Colon,46013538,55,5,275,2024-07-25 15:01:08.712645,delivered,96950,MP,Discover
923edcfc-bf25-4d74-8f62-4569f64b8718,Alexandra Bailey,66920434,97,1,97,2024-04-30 19:23:27.610607,shipped,96952,MP,VISA 16 digit
dcc1e67d-ae3b-4d24-b5e1-a65f56689ac6,Joshua Stark,09529434,34,1,34,2024-01-06 17:26:30.935167,pending,96951,MP,JCB 16 digit
787ea871-31b8-4023-a84b-1d19d3b80aa7,James Estes,84535498,93,4,372,2024-03-08 03:00:06.876455,shipped,96951,MP,JCB 16 digit
9ad072c5-0803-46bb-8557-56b930dbe269,Erica Castaneda,66541691,27,5,135,2024-08-29 23:32:34.502020,delivered,96950,MP,JCB 16 digit
98a5383c-b7b4-4f6f-bb5a-39c4715b857d,Michael Gray,66469377,6,7,42,2024-09-04 17:25:52.394366,delivered,96952,MP,Maestro
911d88bc-f0bf-4012-af34-a46b7e6aa0e5,Jackie Wood,59337430,16,1,16,2024-02-20 04:09:39.780360,delivered,96952,MP,JCB 16 digit
faacf8c3-c3a0-4a10-bc74-e9a058b515e3,Cheryl Moreno,31194587,21,9,189,2024-09-05 23:12:20.474589,shipped,96951,MP,VISA 13 digit
c6ee36bf-c367-464a-92b1-781f89773679,Dr. Jason Thornton,06918538,61,8,488,2024-04-22 10:22:12.176629,pending,96950,MP,JCB 16 digit
ba755c6f-9ee7-4e76-b149-b86c91bc76ad,Michael Hendrix,94754957,5,2,10,2024-02-15 23:46:24.321054,pending,96952,MP,Diners Club / Carte Blanche
3236393b-e3ae-42ed-b3e8-0f792f3138bc,Alan Sanchez,75038083,73,7,511,2024-08-04 19:32:41.008806,delivered,96950,MP,VISA 13 digit
1f99f6c8-09c6-4337-84f7-e785f6df8fe2,Bradley Rose,12745470,92,2,184,2024-01-17 10:03:49.347269,shipped,96952,MP,JCB 15 digit
34337f4a-9ca8-42f3-9baf-19d9690b717d,Stacey Brown,18279979,49,4,196,2024-02-07 15:01:31.535035,pending,96950,MP,VISA 16 digit
3dd29fd6-5fb2-4e7b-a0b5-004a1c744c4f,Colleen Taylor,52741173,92,1,92,2024-05-09 21:04:21.417788,delivered,96950,MP,VISA 19 digit
c1d49b06-99d7-4e56-b99d-75117dd2ffe2,Zachary Fowler,74028917,49,6,294,2024-03-31 00:19:18.794389,delivered,96951,MP,JCB 16 digit
06ada2da-7513-4588-be1e-955f8e74f6ed,Benjamin Rangel,24059947,87,6,522,2024-08-30 11:03:50.679595,delivered,96951,MP,JCB 16 digit
c5c47971-af6c-41be-84da-7c0036c3cffc,Brittney Garcia,48003827,34,8,272,2024-05-21 05:46:50.036238,shipped,96950,MP,Maestro
5158a97d-b409-4a13-942e-4d57caeb35d5,Sergio Gonzales,50034284,94,5,470,2024-06-08 02:54:29.111665,delivered,96951,MP,JCB 15 digit
77504886-aa4e-4f9d-8240-7525237000ae,Kathleen Ingram,76741333,80,3,240,2024-01-23 12:36:02.717564,pending,96952,MP,VISA 16 digit
bdf0d815-ccdc-41d4-abbc-0e210c5ca78c,Thomas Kennedy,11149415,73,2,146,2024-01-08 18:43:32.374182,delivered,96950,MP,Maestro
bdf1a709-5dcc-4c5a-81f5-71ab4264467e,Richard Gentry,04061168,46,3,138,2024-03-23 10:21:07.372665,shipped,96951,MP,JCB 16 digit
6c7ba981-2a97-4005-ab78-123db0247515,Billy Jacobson,30701335,13,6,78,2024-06-03 00:35:42.941312,shipped,96952,MP,Discover
6c29577e-3df0-44b5-a10f-f155a3379f7c,Heather Love,36538829,5,8,40,2024-06-05 15:29:45.937802,pending,96950,MP,VISA 16 digit
47354d9a-04b0-4b9e-899d-0a1121805845,Amanda French,59880158,64,6,384,2024-05-31 16:05:56.025149,delivered,96950,MP,JCB 15 digit
63b6e04e-8d30-42ca-869a-64ceb508bbf4,Patrick Johnson,68542153,87,1,87,2024-03-06 02:58:48.648791,delivered,96952,MP,JCB 16 digit
9fe54ea6-150a-4625-baf5-3c10cd3c9b37,Lisa Crawford,04593560,29,4,116,2024-01-27 13:54:03.849569,shipped,96950,MP,Mastercard
8d4f5d1d-fd06-43be-a4a0-bf5cfd67964d,Jason Colon,25005219,31,3,93,2024-05-25 00:46:10.752789,delivered,96950,MP,Discover
cd248551-a4d8-444d-a512-fdba30d46024,Ann Larson,29090228,62,4,248,2024-05-10 18:24:03.147261,delivered,96952,MP,VISA 16 digit
97940e66-28f0-4e28-bcf7-e61e485a047c,Charles Smith,23433403,30,7,210,2024-05-30 03:17:12.973964,shipped,96951,MP,JCB 15 digit
34397df5-2643-4d9f-b5fa-385cda112ec7,Hayley Tyler,55730501,78,1,78,2024-05-02 08:28:50.839532,shipped,96952,MP,Mastercard
5a565f16-07cb-42db-9ec9-0539a4ee2362,Charles Young,35907411,30,3,90,2024-04-14 16:05:46.930820,shipped,96951,MP,VISA 16 digit
df824c79-71d4-49d7-939a-7eab0674893d,Lindsay Valenzuela,98457434,38,8,304,2024-04-06 23:17:15.743185,pending,96951,MP,VISA 19 digit
a3023220-7871-4ca3-8a7d-c04b900026b6,Cheryl Moreno,54815759,72,3,216,2024-09-02 00:36:49.376224,shipped,96951,MP,VISA 13 digit
d07ebb0f-c073-4ebc-b0bc-6728f5e62a22,Richard Middleton,50288472,86,4,344,2024-06-05 23:22:39.252301,delivered,96952,MP,Discover
215f365a-7812-4053-a0fa-d685d8fc23f5,Garrett Jones,65717424,31,5,155,2024-05-20 10:38:47.828353,pending,96952,MP,Diners Club / Carte Blanche
ccb21baf-46d9-45e2-a31e-c96d4a67ba29,Colleen Taylor,22571120,55,1,55,2024-04-21 17:36:27.914161,delivered,96950,MP,VISA 19 digit
a61d8503-9cb2-4a9c-b3bb-58d20b5a4fe0,Philip Peterson,17174275,43,9,387,2024-06-18 18:58:47.217707,shipped,96951,MP,Mastercard
0e772d49-6e79-4777-a140-bd938c7a728d,Zachary Fowler,06325756,90,9,810,2024-07-14 01:22:13.009030,pending,96951,MP,JCB 16 digit
e3706acd-ca55-467e-acf4-7d454a6e7178,Misty Fox,48260886,23,5,115,2024-04-03 20:44:36.924012,shipped,96951,MP,VISA 19 digit
447ee6bb-2222-4ee8-bf5a-771661100098,Bradley Rose,05281770,2,1,2,2024-06-25 00:47:52.432662,delivered,96952,MP,JCB 15 digit
43cebe70-9d82-4168-b26f-48cb7d837039,Kristy Gomez,02328003,85,2,170,2024-08-08 11:26:43.232748,pending,96950,MP,Maestro
2fe52eb6-81f8-4dad-847f-68d6ae7d61a1,Sergio Gonzales,88126630,86,3,258,2024-06-22 13:10:23.665709,delivered,96951,MP,JCB 15 digit
58124f5e-13b1-48bc-a3b7-e4da08bb2796,Jackie Wood,77484284,11,2,22,2024-05-01 03:31:24.828774,shipped,96952,MP,JCB 16 digit
b3a9d746-36e4-4f47-a891-34cc0222fbce,Heather Love,52598463,61,8,488,2024-01-31 01:13:23.800287,pending,96950,MP,VISA 16 digit
031f9db0-517a-41ed-ae10-92007d56bead,Julie Martinez,59830078,42,6,252,2024-05-08 21:19:41.717936,shipped,96951,MP,VISA 19 digit
298284a3-65eb-4c45-858b-1e029f6bf0d8,Jason Richardson,99455262,40,2,80,2024-06-30 04:27:53.471996,shipped,96951,MP,Discover
e9c7238e-efd3-4e2a-b6c9-7e1458b7f8ee,Charles Smith,27385432,91,1,91,2024-04-17 23:18:27.847227,pending,96951,MP,JCB 15 digit
4986c5a3-5f17-446f-b8cf-cfabfef1881b,Lindsay Valenzuela,40299006,95,8,760,2024-09-03 19:05:01.011851,delivered,96951,MP,VISA 19 digit
d8fa9655-982d-4682-bad4-8f1947e71013,Benjamin Rangel,38316531,2,9,18,2024-02-04 05:28:29.482557,delivered,96951,MP,JCB 16 digit
c6569528-1bd5-4798-a4a7-3479786e55f8,Amanda Travis,45465970,79,8,632,2024-06-04 18:56:29.585436,shipped,96951,MP,Maestro
