7495e0a2-1615-4d97-bc52-59eee7f6bb4e,Mr. Michael Oconnell MD,46252746,15,5,75,2024-07-14 06:54:31.177145,delivered,55439,MN,VISA 16 digit
fd18f955-9e87-4190-b4de-6c5520f03f5b,Dr. Becky Walker,63197655,89,3,267,2024-07-09 05:34:53.085417,delivered,55918,MN,Diners Club / Carte Blanche
a8daa6fd-9248-4cd6-b42c-4c041cf97a1e,Samuel Everett,87491890,42,4,168,2024-04-25 06:20:49.753338,pending,55433,MN,VISA 16 digit
02c80683-5c2f-43cf-ac59-bec632898311,Tyler Lewis,71624204,18,3,54,2024-06-05 07:27:48.740796,pending,56386,MN,VISA 19 digit
fbf39261-ed00-4328-a6d0-5982b1d051a5,Charles Cobb,39867230,12,6,72,2024-01-17 00:10:14.730242,shipped,56090,MN,Diners Club / Carte Blanche
3e766690-c2ca-4e48-a7e9-2665353051e1,Mitchell Kelly,26805344,56,9,504,2024-06-24 23:53:43.869156,pending,56605,MN,VISA 13 digit
716d76f0-365e-448e-b5a8-8f4c4d61b9d0,Robin Patterson,01379884,2,3,6,2024-03-29 00:56:20.528468,pending,56268,MN,VISA 16 digit
382c55ac-97bd-4ccd-8b4f-ecd91ea957b0,Mr. Jason Craig II,04061168,46,4,184,2024-04-26 19:14:51.520657,pending,55583,MN,Maestro
f874010c-01af-4cf1-80f3-e1ab3b1fde3d,Michael York,24586764,62,8,496,2024-05-30 16:01:07.230935,delivered,56274,MN,JCB 15 digit
e400b247-355b-4966-b337-4208651475a8,Anthony Rogers,58477519,53,5,265,2024-01-08 05:28:11.911860,pending,55141,MN,VISA 16 digit
8a23fec7-04db-4743-b81e-4cf177530bbc,Christina Moore,05891566,75,5,375,2024-02-07 22:41:31.666296,shipped,55466,MN,VISA 13 digit
f928f6d4-2922-445f-b0f1-856be3bebce1,David Valenzuela,22406538,44,3,132,2024-04-06 22:26:58.361441,pending,56007,MN,VISA 16 digit
3d0d3e21-b0dc-4f8d-97eb-5a8eecf5c1fc,Andrew Rosales,44048341,77,4,308,2024-05-25 16:06:04.182384,shipped,56371,MN,VISA 13 digit
84a7b3fe-dc2d-49f3-aa28-ce747bf48842,Cody Baker,71624204,18,2,36,2024-03-20 04:22:33.129123,pending,56262,MN,American Express
058ee299-e093-4f1b-90ae-c7bbb7fd6e31,Charles Harvey,51312442,11,4,44,2024-07-30 17:26:54.156659,pending,56744,MN,VISA 19 digit
6cb50e74-b3a9-40bf-a6c4-36bca55ba2e9,Ryan Smith,73820048,88,8,704,2024-04-29 01:20:40.146721,shipped,55449,MN,JCB 15 digit
c83335ec-7e96-47a3-8a64-9fef339fc900,Charles Gonzalez,15116055,38,3,114,2024-02-23 02:37:40.453060,pending,55670,MN,VISA 13 digit
092b66bb-a492-479a-8124-0d6df938a6e5,Kristin Miller,31918824,7,7,49,2024-05-17 18:55:42.505488,delivered,56587,MN,VISA 16 digit
d70ab34e-340e-43a1-a749-ea42b356de85,Marcia Carroll,51322502,71,10,710,2024-08-07 01:19:53.128428,shipped,56554,MN,VISA 13 digit
dffa0994-42e7-4551-bd91-986f29b669d3,Dr. Becky Walker,28138518,86,2,172,2024-08-07 11:29:46.256611,pending,55918,MN,Diners Club / Carte Blanche
55cb5409-0e52-417d-ab3f-cd6c457de911,Thomas Benson,76422768,1,1,1,2024-01-12 20:47:17.933709,delivered,55828,MN,Maestro
3b0aae63-613a-4fe5-b7da-65da19ca8594,Amber Becker,93462778,39,3,117,2024-08-29 04:26:21.644165,pending,55687,MN,Maestro
4611cd43-7b58-4f10-8dc9-ee5bfd56b137,Michael York,66920434,97,9,873,2024-06-29 22:18:09.922422,pending,56274,MN,JCB 15 digit
2cf9fed7-e838-4b0b-845e-46600c392be5,Larry Williams,87474695,93,2,186,2024-07-23 13:28:53.414000,delivered,56173,MN,VISA 16 digit
e20668e5-7a3c-437b-b44f-9ef9ad73edb1,Kimberly Solis,97190424,81,8,648,2024-07-17 06:52:20.638652,shipped,55905,MN,JCB 16 digit
1febf608-1a14-46d5-ae0c-042000298080,Elizabeth Gray,09042827,77,3,231,2024-01-24 12:19:59.673152,pending,55554,MN,VISA 16 digit
bbf46d09-5af6-4530-9da3-08648ed1a49a,Brian Allen,50034284,94,6,564,2024-02-24 02:46:10.962001,shipped,55071,MN,JCB 15 digit
c3a65fb7-c1c4-4a24-a90c-43268ba1bbd7,Charles Cobb,42867289,12,7,84,2024-04-10 06:40:42.383559,delivered,56090,MN,Diners Club / Carte Blanche
1496981c-66af-4287-b164-f3bd3ba233f9,Mr. Jason Craig II,54609228,20,10,200,2024-05-16 20:08:19.641526,delivered,55583,MN,Maestro
420cdeea-61ed-447e-b1f3-a00b986944d9,John Cummings,42508571,41,5,205,2024-06-09 22:52:53.589663,delivered,56406,MN,JCB 16 digit
8982ef09-3a9b-47ae-87c4-4c9e49b1781a,Paul Arnold,95212791,1,9,9,2024-04-16 10:25:35.570099,shipped,55024,MN,VISA 19 digit
791f7da5-4673-4e1f-a49a-bfd0cbc02e70,Diane Brown,18550597,91,6,546,2024-04-02 00:13:53.859288,delivered,56517,MN,VISA 16 digit
1ea73695-1f28-4fc6-a16b-26b34599aa68,Robert Tran,66003335,22,6,132,2024-08-25 14:16:39.306318,delivered,55750,MN,JCB 16 digit
9e9a8b97-79cb-4be9-99a9-d7f3600a86b2,Amanda King,46131904,40,9,360,2024-08-18 06:05:30.786964,shipped,56530,MN,VISA 16 digit
70745e25-514b-4afb-b03a-ab46c7758f44,Susan Hodge,96560686,21,2,42,2024-01-31 06:14:16.788386,pending,56414,MN,VISA 16 digit
f4f500a1-624a-4cc1-9f6c-ab4e52e8055f,Robert Duncan,61886865,39,4,156,2024-07-16 11:31:31.496464,pending,55858,MN,Diners Club / Carte Blanche
730e76c0-180d-411b-8a55-a988d87f9b87,Kayla Edwards,27523414,52,9,468,2024-04-13 04:08:28.036233,delivered,55277,MN,Discover
30676c3c-736e-49dc-a50f-ac5fcf41f26a,Alfred Hill,25883008,44,3,132,2024-03-12 16:19:20.294749,pending,55591,MN,JCB 16 digit
9043b34c-60bc-430a-b8d6-23618b6978fb,David Valenzuela,71581866,26,8,208,2024-02-08 21:48:36.090890,shipped,56007,MN,VISA 16 digit
54086767-1988-4cc6-94ee-fa4dc8d98fda,Ms. Taylor Bowers DDS,62490795,97,4,388,2024-06-11 20:36:29.874419,delivered,56613,MN,JCB 15 digit
9eecb88e-5f64-4443-a354-6235f5f99d21,Marcia Carroll,64573724,20,6,120,2024-08-19 22:46:41.207854,shipped,56554,MN,VISA 13 digit
500f5e5a-c3dd-4eef-87ac-ff4592fa8287,Marissa Davis,96790861,73,8,584,2024-08-02 12:08:13.267744,delivered,56314,MN,VISA 13 digit
f9e9634c-95c7-47e0-a48e-06a91d7dd740,Robert Tran,06184490,28,6,168,2024-01-07 11:26:09.983421,delivered,55750,MN,JCB 16 digit
4117d257-8599-4db9-82ff-4e3d404c4eae,Carolyn Townsend,48260886,23,5,115,2024-08-27 11:48:30.510679,delivered,55153,MN,JCB 16 digit
9e91a6ba-1918-4be5-9fce-ff363d052411,Amber Becker,14147876,98,2,196,2024-07-24 19:31:51.855363,pending,55687,MN,Maestro
f3e1cf21-7fb9-4d05-bcf9-5872b382180f,Kathleen Fuentes,22908018,60,1,60,2024-07-19 00:41:14.791688,shipped,55852,MN,JCB 16 digit
4f67fa6c-ee52-4229-9468-87b439a01a49,Phillip Alexander,90515088,85,9,765,2024-01-14 10:29:39.540974,pending,55414,MN,VISA 16 digit
4fbae56c-3bd2-45c8-9359-32ecf03c16d7,Kaitlin Meyer,01379884,2,3,6,2024-01-01 02:31:06.871084,shipped,55994,MN,Mastercard
74b657d6-256a-45bf-8d93-062ed0c1e24e,James Allen,39042675,63,2,126,2024-03-14 05:48:47.425368,pending,56178,MN,Mastercard
c2a9a9ff-6a6c-474c-8140-5d210c8a0b14,Kristin Miller,54609228,20,6,120,2024-04-08 16:34:02.434718,pending,56587,MN,VISA 16 digit
ee33e79e-3987-4a79-b994-f7f7492fc1ad,Peter Manning,06599447,66,3,198,2024-05-20 05:00:27.974422,pending,55844,MN,VISA 19 digit
f93d96d9-24ed-4b84-8126-02a2fa353134,Grace Perez,79205986,19,10,190,2024-01-26 08:22:28.261757,pending,55735,MN,VISA 13 digit
53e05807-a7db-47eb-bc4f-61a69b2cae9d,Ryan Smith,03714348,60,8,480,2024-04-04 17:01:29.536537,pending,55449,MN,JCB 15 digit
066220a9-9bcb-461f-8dbb-352be9543897,Marcia Carroll,85599208,1,1,1,2024-09-01 00:18:38.015167,shipped,56554,MN,VISA 13 digit
5e85709d-8edf-46f1-a3e4-a1ac917f9a8b,Andre Palmer,70930917,20,1,20,2024-03-20 03:46:55.229858,delivered,55938,MN,VISA 19 digit
2259bb3d-c39a-4f95-ae96-03e2b58c2a2c,Paula Bradley,05281770,2,4,8,2024-06-20 19:13:12.704739,delivered,55539,MN,JCB 15 digit
0af93b0d-62b8-40e1-b9a9-01a45dff50ca,David Valenzuela,43428038,79,7,553,2024-04-24 11:00:37.002819,pending,56007,MN,VISA 16 digit
030f1823-5093-426f-a628-814fe0553570,Julia Barrett,27884720,88,6,528,2024-08-17 22:20:12.627656,shipped,56444,MN,Diners Club / Carte Blanche
f5393c45-84ff-4849-ac47-b2d3fc07c0e2,Kaitlin Meyer,77941282,12,8,96,2024-04-11 00:30:02.917115,pending,55994,MN,Mastercard
4ae1af11-1d20-4d1a-a72c-2b909e9a6ed2,Melissa Diaz,11540359,38,1,38,2024-03-28 18:37:52.317521,pending,56685,MN,American Express
511c0cf4-534e-40c5-bad9-646c521f53d2,Kevin Curtis,87491890,42,5,210,2024-02-19 18:47:56.214961,pending,55818,MN,JCB 16 digit
98df6f42-4be2-43dc-8fa3-9f993f83b759,Catherine Dickerson,34059036,71,4,284,2024-01-26 07:00:43.048191,pending,56577,MN,JCB 15 digit
69e1b6f6-9e9b-4ca4-80b4-cd4caf7c4692,Mitchell Kelly,79941105,75,2,150,2024-05-14 09:11:03.802281,delivered,56605,MN,VISA 13 digit
b244a6a8-b065-4bd4-b5bc-a0275cc42004,Brian Allen,24059947,87,2,174,2024-03-15 11:29:25.317905,pending,55071,MN,JCB 15 digit
200172b9-cf5e-44fe-82ca-f9073f4b60b4,Thomas Benson,02328003,85,10,850,2024-02-17 17:13:21.306892,delivered,55828,MN,Maestro
38b224c6-9c06-4e99-9740-888485084fb1,Adam Miller,97162063,42,6,252,2024-03-29 12:09:56.549960,shipped,55072,MN,JCB 16 digit
c995183e-d896-4560-b928-23c2cefe085e,Krista Barrett,34866016,87,10,870,2024-06-30 03:32:13.998499,delivered,55281,MN,Discover
9a2f25bf-ceb2-4217-b5ff-b31e34c4c9a5,Ms. Taylor Bowers DDS,54223837,62,5,310,2024-02-21 15:24:01.864795,delivered,56613,MN,JCB 15 digit
ed99abfd-18e8-49ee-bbc9-7df1731b2f82,Caitlin Forbes,73969778,30,10,300,2024-04-22 16:45:24.382081,pending,55696,MN,Maestro
ca31318f-3088-49b1-88cd-24be799780b3,Matthew Roberts,31918824,7,4,28,2024-02-19 20:09:07.449171,delivered,56356,MN,VISA 19 digit
3f6a99a2-cdad-4c6d-b7fd-abf4230716b5,Javier Taylor,39208774,30,5,150,2024-04-27 18:34:03.501153,delivered,55418,MN,VISA 13 digit
ccf1b166-b830-4d53-b3fa-bc7b2620935e,Lauren Mclaughlin,02328003,85,9,765,2024-05-24 14:41:46.493044,shipped,55568,MN,JCB 15 digit
6c5af296-0d91-4140-889c-981e95fdea3c,Alex Garrett,74892365,85,10,850,2024-02-08 23:59:43.773739,delivered,56686,MN,VISA 13 digit
a2a5b19c-efb5-4f05-8804-c3288e7d9731,Brian Allen,78376038,10,6,60,2024-03-26 17:57:41.486379,shipped,55071,MN,JCB 15 digit
b7ca0409-dd4a-4420-9fbc-e57e5a337207,Victor Meyer,79205986,19,8,152,2024-02-12 14:49:26.786149,shipped,55821,MN,JCB 16 digit
0dc0ec54-c463-4281-9138-3766249e90a4,Daniel Gillespie,13061838,38,3,114,2024-03-19 23:25:19.149848,shipped,56317,MN,VISA 19 digit
a928c095-5674-4f1c-83f1-0e30a76c9322,Ricky Sanders,80515784,70,4,280,2024-05-14 14:46:16.424704,delivered,56000,MN,Diners Club / Carte Blanche
7ebe519e-46e4-4217-bdaa-77d32f792add,Peter Manning,00049108,72,1,72,2024-02-04 17:07:41.939497,delivered,55844,MN,VISA 19 digit
f41dc364-5934-42ac-ab8d-bf767b3f5773,Johnny Clark,57970998,70,10,700,2024-01-06 21:56:47.275461,pending,55930,MN,Diners Club / Carte Blanche
418ea0bd-062f-418c-81eb-8103999b2780,Anthony Rogers,31749145,15,8,120,2024-04-21 05:07:50.135749,delivered,55141,MN,VISA 16 digit
6dfe710f-56c7-4f1c-89eb-c8d00de81fed,Alexandria Little,42841654,90,10,900,2024-04-12 08:48:54.257011,pending,55704,MN,Diners Club / Carte Blanche
89b5d61f-b4a4-4c2c-a1ad-53be9fa85898,Charles Harvey,50288472,86,7,602,2024-01-06 14:35:50.903188,pending,56744,MN,VISA 19 digit
9d90d2be-2068-4113-84bb-b445be5a6060,Gregory Berry,23665231,18,7,126,2024-07-28 10:56:02.386449,delivered,55967,MN,VISA 16 digit
17f608b1-8f68-4744-9b4d-33fa6ff0fc7b,Jessica Sampson,63217124,13,7,91,2024-04-01 07:28:34.064819,pending,55491,MN,JCB 16 digit
33b1311d-b3df-49f0-ba8f-841de7fd9490,Melissa Diaz,46013538,55,7,385,2024-01-06 19:42:44.840711,shipped,56685,MN,American Express
c6c02ac1-4750-4564-8014-aebdec24c85f,Tyler Lewis,02381695,43,9,387,2024-05-19 09:08:15.448292,delivered,56386,MN,VISA 19 digit
dba47afe-930d-44cb-a2da-a7daf538368f,Samuel Everett,19061542,69,9,621,2024-05-14 05:50:34.109525,shipped,55433,MN,VISA 16 digit
3d60e98b-36cc-4728-ad0b-d500ea8ee7f6,Peter Manning,97466741,91,8,728,2024-09-06 00:59:54.942815,pending,55844,MN,VISA 19 digit
8ca694dd-2a5c-4dc3-a90f-9750cbb97e20,Andrew Rosales,06345297,93,9,837,2024-03-22 05:30:50.041806,shipped,56371,MN,VISA 13 digit
027155a3-eb65-47dc-9f36-781be31f4ff3,Thomas Benson,74627462,7,5,35,2024-03-07 21:26:17.298836,pending,55828,MN,Maestro
d95aa27d-f2d6-49d6-8c68-396fab6a2ba1,Ricky Sanders,78953321,88,4,352,2024-08-22 04:39:50.646333,shipped,56000,MN,Diners Club / Carte Blanche
fd2b9031-5248-443c-9380-2281f9f297f0,Maureen Thomas,07759826,67,7,469,2024-08-27 04:26:39.056799,pending,56265,MN,JCB 15 digit
0dba50aa-dbfd-4cf6-a390-44fca618c0ae,Maureen Thomas,55687379,1,10,10,2024-06-13 04:32:48.970290,delivered,56265,MN,JCB 15 digit
8d46cfc6-fbb3-445c-8ae7-6d047c031bae,Paul Arnold,68632649,97,10,970,2024-01-10 22:31:41.140073,pending,55024,MN,VISA 19 digit
07a06680-90c6-459a-bced-c50e4fd29cd1,Robert Duncan,85153592,23,8,184,2024-02-24 03:54:26.328438,delivered,55858,MN,Diners Club / Carte Blanche
f4cae085-1a20-4745-8fd6-17dffb31fad3,Brian Alvarez,09534995,42,10,420,2024-08-25 11:19:25.731108,shipped,56033,MN,Diners Club / Carte Blanche
3201adf4-e6c9-47a1-b347-6e0bc1f648fe,Amanda King,18078312,30,6,180,2024-06-22 15:27:50.518188,shipped,56530,MN,VISA 16 digit
ccd78419-c9be-446a-87d2-b002287a5b38,Cody Lawson,04373315,80,2,160,2024-03-25 01:46:56.748546,shipped,55810,MN,JCB 15 digit
9c317046-86e3-4c2c-923e-a0433ca643d4,Kaitlin Meyer,89351796,37,1,37,2024-01-03 22:01:58.690051,delivered,55994,MN,Mastercard
28d38386-9c98-4ac0-9258-9012f402c23a,Carolyn Townsend,05281770,2,4,8,2024-01-18 18:23:21.499709,delivered,55153,MN,JCB 16 digit
61c25a5f-7758-41d5-b586-3290abab5f55,Richard Richmond,72853054,83,10,830,2024-05-02 16:42:55.598778,delivered,55002,MN,Maestro
d61739b3-ee91-4e84-be88-925d827341af,Andre Palmer,90725067,10,6,60,2024-06-23 08:28:10.772868,pending,55938,MN,VISA 19 digit
140a05e3-df55-42da-8850-199f33b2bbd9,Leslie Salazar Jr.,81567065,54,9,486,2024-02-12 22:42:01.596824,delivered,56103,MN,VISA 16 digit
bee212d0-c6f3-47d5-a534-71ad596789b1,Charles Harvey,07302893,6,7,42,2024-04-01 01:05:18.833326,delivered,56744,MN,VISA 19 digit
f5a1e433-edde-4fca-9ea5-ec0ca86a8539,Michael York,23086234,17,3,51,2024-05-28 21:11:56.561821,delivered,56274,MN,JCB 15 digit
d03e9866-20de-456f-a9d6-1a5d725d479f,Phillip Alexander,43008452,32,5,160,2024-08-19 18:33:56.602731,pending,55414,MN,VISA 16 digit
7b71580d-86e2-48ee-9d97-1613d8b35da5,David Lee,63197655,89,9,801,2024-08-19 04:03:51.071105,pending,55048,MN,JCB 16 digit
ce9ffcc1-b1b3-4a51-a69d-d5c4ca1cc02d,James Allen,37798376,81,5,405,2024-04-25 11:52:12.684873,delivered,56178,MN,Mastercard
12e4d2b8-e659-48a6-b0d6-ffd64afccb5a,Carol Barber,00312028,35,5,175,2024-03-07 13:31:21.797278,shipped,56501,MN,Discover
d5e26e3e-47f6-4192-b8ad-4e8831c29596,Kevin Calhoun,88881706,56,9,504,2024-07-29 07:05:03.414316,shipped,56232,MN,VISA 16 digit
9ef82d90-4145-454c-9f8c-ce939dbdc7ec,Mitchell Kelly,26177786,4,7,28,2024-01-19 02:51:13.595481,shipped,56605,MN,VISA 13 digit
27f8170b-bf97-426a-9f5f-ecc6ab6d1dc9,Kimberly Solis,93712323,42,1,42,2024-06-02 19:34:20.010102,delivered,55905,MN,JCB 16 digit
1a14a82c-d159-457f-b06c-cdc303ac7d12,Alexandria Little,90178559,61,3,183,2024-04-25 19:44:38.878592,pending,55704,MN,Diners Club / Carte Blanche
00d107a5-ddfd-467a-be77-63847c4767ea,Cody Baker,05583669,76,2,152,2024-02-26 18:46:44.355018,delivered,56262,MN,American Express
1551d3fd-abfe-4e8b-bdc9-88a1fc3efe32,Andrew Rosales,06599447,66,1,66,2024-08-07 20:56:10.027529,pending,56371,MN,VISA 13 digit
bab11fb9-e243-4191-9ffb-2ab347e468a6,Daniel Gillespie,32413458,85,5,425,2024-06-04 04:46:59.572294,delivered,56317,MN,VISA 19 digit
7b6c54bb-706c-44a4-9153-2c77e18129b2,Thomas Benson,83338090,66,4,264,2024-08-30 05:39:36.321038,pending,55828,MN,Maestro
13a3ab7d-33fb-4e0e-864b-eeb0524d2dfe,Connor Stevens,13322663,86,7,602,2024-06-11 09:31:52.972269,delivered,56205,MN,JCB 16 digit
b2af8d28-ea22-4206-9c10-021c9bb83c20,Brian Allen,66325383,29,4,116,2024-05-08 09:08:35.581333,delivered,55071,MN,JCB 15 digit
e02aff51-ff0a-4235-b956-18b65f9e5c25,Amber Becker,65210345,55,6,330,2024-07-21 20:04:28.375775,pending,55687,MN,Maestro
8602adef-6aa2-4e35-9795-a12cd460b82d,Maureen Thomas,10545225,49,1,49,2024-06-09 01:32:54.809369,shipped,56265,MN,JCB 15 digit
22e2f413-9829-4dc2-9fac-589bb9d50ddc,Elijah Mccarty,61892651,83,10,830,2024-04-11 12:55:26.245155,delivered,55597,MN,American Express
9e400817-314d-4ae5-8aa3-943013f45f5e,Johnny Clark,14147876,98,7,686,2024-06-07 03:06:15.391207,pending,55930,MN,Diners Club / Carte Blanche
09b0955a-a6b7-4107-b140-5427902ceaea,Anthony Rogers,31961219,23,4,92,2024-07-30 00:55:21.637883,delivered,55141,MN,VISA 16 digit
b6c0ffb6-abbf-4d5b-8b50-ee19603dad0e,Connor Stevens,81132263,50,3,150,2024-05-08 19:05:23.934427,pending,56205,MN,JCB 16 digit
eff89cff-fec1-4681-9310-568adac6cb9f,Elizabeth Gray,04482017,71,4,284,2024-03-06 03:13:20.595211,pending,55554,MN,VISA 16 digit
876b3e63-fc9c-4a70-a25a-9313e79fb04a,Anthony Burns,02468594,59,5,295,2024-08-11 16:03:32.971462,pending,56322,MN,Mastercard
8005cf70-cb92-4570-acde-a7a5ca9af706,Victor Meyer,07653193,96,1,96,2024-01-25 12:11:47.823853,shipped,55821,MN,JCB 16 digit
118314f2-cd35-4e70-b5b6-a9e992192fb1,Brian Allen,64945460,71,2,142,2024-01-22 21:09:47.969400,pending,55071,MN,JCB 15 digit
b8eaaab7-bb75-498f-953d-844712a46ada,Cody Lawson,66193265,6,10,60,2024-02-27 14:50:51.125869,delivered,55810,MN,JCB 15 digit
9bf5cd83-d72c-435f-95d7-a5bd1c8215e3,Dean Grant,24120920,87,10,870,2024-06-03 20:33:06.864681,pending,56228,MN,VISA 13 digit
c29f6db8-ca46-46f7-8a2a-c71981264ee9,Richard Richmond,69479175,64,7,448,2024-06-04 15:15:59.388782,shipped,55002,MN,Maestro
6968a0b7-0672-416c-9cfd-f2a925b4d601,Kevin Calhoun,19197111,9,6,54,2024-05-16 03:01:00.244406,pending,56232,MN,VISA 16 digit
f3302934-243e-42e4-9122-47a2a9e0b5d1,Marcia Carroll,43075881,41,7,287,2024-02-05 10:39:39.355944,pending,56554,MN,VISA 13 digit
a1650113-7516-4f14-bd3c-52df99217753,Andrew Rosales,00049108,72,5,360,2024-07-25 05:40:49.286473,shipped,56371,MN,VISA 13 digit
b33d9e29-9559-4ff3-89d3-1e5fe4cbaa55,Michael Gaines,41678800,46,5,230,2024-03-27 15:03:17.000961,shipped,56573,MN,JCB 15 digit
f1c6fbae-da1b-41b2-9fae-f465bb2f569f,Daniel Gillespie,63320763,42,4,168,2024-02-16 08:31:09.039156,pending,56317,MN,VISA 19 digit
1e4cc71f-1191-49b4-8aeb-4aef70d0ff30,Kevin Curtis,88126630,86,4,344,2024-08-10 12:58:03.201033,shipped,55818,MN,JCB 16 digit
a72ffb77-8009-4cfe-8957-063ecedc2713,Elijah Mccarty,23316348,76,3,228,2024-01-16 18:35:48.144351,shipped,55597,MN,American Express
9ea58d1a-14bf-463f-8605-de11b7974cde,Maureen Thomas,88291727,69,9,621,2024-02-08 03:51:31.961092,shipped,56265,MN,JCB 15 digit
d76013dd-a6b0-43e3-92b3-575f48afc47f,Michael Pittman,73169963,6,3,18,2024-07-13 06:32:55.809974,pending,56648,MN,Diners Club / Carte Blanche
0e3ac08d-1af2-4c68-80d5-54a60362977a,Matthew Roberts,93329965,51,6,306,2024-01-29 06:59:41.794515,delivered,56356,MN,VISA 19 digit
0c0f5113-aa9f-46ed-8330-e3c33fddf891,Maureen Thomas,93462778,39,4,156,2024-03-22 01:56:46.436868,pending,56265,MN,JCB 15 digit
e371308f-068d-4afa-9cf8-7fcd3952d073,Michael Gaines,74028917,49,9,441,2024-04-18 16:04:10.442250,delivered,56573,MN,JCB 15 digit
5c2a7611-1de1-4932-a840-611114636d96,Phillip Alexander,95211046,96,8,768,2024-04-09 14:52:34.629443,shipped,55414,MN,VISA 16 digit
fe80a271-6cc1-4c5e-b0b7-b9e40c5a3bc5,Patrick Watson,67792474,92,7,644,2024-03-06 21:31:26.755897,shipped,55906,MN,VISA 13 digit
ea24c846-7195-4440-90c5-0473f3ab2060,Javier Taylor,98414277,66,3,198,2024-01-30 20:53:46.833386,pending,55418,MN,VISA 13 digit
06d0d127-d309-4231-a0a8-5d47bca30ba3,Anthony Rogers,68097943,22,10,220,2024-06-27 03:02:44.747315,delivered,55141,MN,VISA 16 digit
fb563a8e-e48b-42b7-a93a-e7fefff970f6,James Butler,31421065,43,9,387,2024-07-17 01:02:47.498786,shipped,55874,MN,Maestro
365c4e02-1ec0-4301-b414-7240f4bda795,Cody Baker,76571466,16,2,32,2024-01-07 10:46:16.217528,shipped,56262,MN,American Express
3f1c7161-c0d7-4b43-91cf-8c317e79b9f4,Alexandria Little,66807254,17,6,102,2024-07-08 14:55:16.081211,pending,55704,MN,Diners Club / Carte Blanche
e26fc18b-6de9-47b0-9fcb-7548a0f2b46d,Julia Barrett,07961809,18,7,126,2024-06-06 18:50:50.253732,pending,56444,MN,Diners Club / Carte Blanche
8f81a62d-3957-44c4-bc02-364139c84009,Catherine Dickerson,03399552,36,1,36,2024-08-18 09:31:31.114148,pending,56577,MN,JCB 15 digit
ab131cd3-9a91-495f-98e3-cf2f2b70e48f,Robert Tran,63918083,50,9,450,2024-02-19 06:44:39.448744,shipped,55750,MN,JCB 16 digit
332acb0c-ff41-4fd3-bfda-fe6e6aa20f64,Zachary Bennett,74892365,85,8,680,2024-07-20 16:46:17.019375,shipped,56434,MN,JCB 16 digit
34e6bec3-6e1f-47c5-996a-6039efcbdb94,Charles Harvey,78953321,88,9,792,2024-01-05 03:59:17.784462,pending,56744,MN,VISA 19 digit
53a46d89-e32b-4c2d-bb6c-794248d650bf,Ms. Taylor Bowers DDS,90056994,39,3,117,2024-02-22 07:27:59.808418,pending,56613,MN,JCB 15 digit
8c6c6f23-1940-45ac-bcbe-9ae86cea2424,Maureen Thomas,81695935,90,6,540,2024-04-19 11:53:25.657559,pending,56265,MN,JCB 15 digit
b8fb6345-0ce0-4700-87e1-b8f121a1a122,Desiree Guerra,02127798,81,7,567,2024-01-15 07:16:19.770095,delivered,55847,MN,JCB 16 digit
0e8126b5-9dfb-4823-bea1-295953d4d7b1,Ashley Brooks,41678800,46,2,92,2024-05-04 16:11:27.683975,pending,55509,MN,JCB 16 digit
f4407408-a7ec-42fd-937c-b89885eb850b,Jessica Sampson,15896049,65,1,65,2024-03-14 22:41:35.459290,delivered,55491,MN,JCB 16 digit
80bb5ea6-8d90-4e64-9b9e-e914772ff9a7,Anthony Burns,07253331,33,1,33,2024-05-15 12:29:21.941030,pending,56322,MN,Mastercard
2d2cbb8a-e131-49fe-83ad-caa5455663de,Paul Arnold,22020284,72,5,360,2024-05-24 22:37:51.471967,shipped,55024,MN,VISA 19 digit
43dfedf7-f400-427b-9645-af568a0e6e41,Michael Pittman,11676263,85,6,510,2024-04-25 07:56:29.279621,delivered,56648,MN,Diners Club / Carte Blanche
3fceeef3-405e-44f8-9e0a-6b7f27da7d44,Elijah Mccarty,10050880,95,1,95,2024-08-14 14:42:58.510921,shipped,55597,MN,American Express
dc75d1b1-c6b9-4a3b-814c-06fe183918c4,Mitchell Kelly,90286865,87,9,783,2024-09-06 07:23:40.092929,shipped,56605,MN,VISA 13 digit
e61ae0ff-58f4-454c-862b-1fa15fd29f16,Marcia Carroll,63091731,76,8,608,2024-08-31 20:55:29.554594,pending,56554,MN,VISA 13 digit
8d2d9537-1b0c-4a93-8807-08540ac52ccf,Samuel Everett,60301352,54,7,378,2024-03-31 18:13:35.320778,pending,55433,MN,VISA 16 digit
4400c3a8-ffec-4f4c-9d8b-510e4899f72b,Susan Hodge,89321447,91,10,910,2024-02-19 20:30:58.757442,pending,56414,MN,VISA 16 digit
ef3f5d5a-8f10-4626-a821-62bec6417614,Patrick Watson,87491890,42,2,84,2024-08-08 01:38:43.289483,shipped,55906,MN,VISA 13 digit
5f18710c-3e13-438f-a1fc-a9c24b3bcba0,Leslie Salazar Jr.,87775990,54,2,108,2024-02-08 13:41:09.611583,delivered,56103,MN,VISA 16 digit
