f19c7762-e4c3-4cfa-a39e-535f6a102f06,Spencer Valenzuela,50288472,86,8,688,2024-01-24 00:13:50.363680,shipped,67880,KS,JCB 16 digit
68eaa651-f007-43db-957f-faaf28895269,Sara Brown,69421945,80,2,160,2024-02-25 19:04:01.505360,delivered,66629,KS,Diners Club / Carte Blanche
a50f282b-7e8e-4167-b9b6-cef531b2e2aa,Ashley Woods,64573724,20,7,140,2024-08-23 02:27:59.289114,shipped,66073,KS,Maestro
6951a8ee-20f1-4e61-ab0f-a58c4bca9900,Virginia Greene,91990150,65,5,325,2024-08-03 17:56:01.268797,pending,67542,KS,VISA 16 digit
a3ca4d8e-6aac-47c0-b346-05c19d9635fa,Sarah Mora,59030669,27,10,270,2024-01-16 22:12:20.573072,pending,67436,KS,Mastercard
9cdb9026-0d27-41a0-9334-1d2ca7640637,James Gibson,56540246,77,9,693,2024-01-03 07:33:52.915681,delivered,66316,KS,Diners Club / Carte Blanche
41270193-3fe2-42d1-87c9-5de5aa486a54,Laura Chavez,77941282,12,2,24,2024-02-23 07:54:12.753078,pending,66009,KS,JCB 16 digit
cdbec092-28f8-4d06-b33d-984a8525a441,Tracey Love,57665061,4,9,36,2024-03-12 15:14:16.134099,delivered,66134,KS,Maestro
ff42f65d-7971-4315-a69d-9e0a0072f909,Vincent Nguyen,04590750,51,4,204,2024-07-18 05:56:25.937402,shipped,67003,KS,Maestro
078d5ee0-f3a0-4d25-aa04-8f08e99aafb7,Stephanie Jones,90782480,27,5,135,2024-05-23 18:48:41.964126,pending,66707,KS,JCB 15 digit
c3e8ebf0-8553-4d17-a551-78bdc78743cd,Aaron Sandoval,91822451,10,3,30,2024-06-04 17:49:58.172094,pending,67729,KS,JCB 16 digit
1cfd47d2-fdd0-473e-b2c7-fbd100e59a25,Kathy Woods,26036328,74,10,740,2024-06-15 23:22:59.733806,pending,66375,KS,JCB 16 digit
c708c3e2-9e6a-411c-8df7-4b5e2f12d1b3,Katherine Fields,64544106,7,6,42,2024-06-07 18:33:28.462681,shipped,67522,KS,American Express
b5a9e7a6-49ce-4fe3-aa1d-f2c074a27e64,Mariah Krueger,25883008,44,10,440,2024-07-25 00:19:04.324636,pending,66920,KS,JCB 15 digit
dbb6cbcd-c42f-4df3-bcdd-341732be924f,Kristina Molina,28591924,78,7,546,2024-03-30 11:27:32.055707,shipped,67810,KS,JCB 15 digit
58c8ff91-edeb-4bb7-b10e-34be99fdc695,Eric Salazar,14048357,35,2,70,2024-08-18 12:32:00.030068,shipped,67292,KS,Mastercard
ff731d94-271a-45e9-b886-71e0d29f2345,William Gutierrez,92499980,45,6,270,2024-06-26 03:25:00.260307,shipped,67023,KS,Diners Club / Carte Blanche
8d73845c-52db-4ba8-9f12-1d46d46a004c,Amanda Fisher,81282999,2,7,14,2024-05-21 14:16:01.538694,shipped,66909,KS,Diners Club / Carte Blanche
e6558975-87c7-4ce3-9460-641a00692c96,Bryan Ray,08869234,22,10,220,2024-06-21 05:09:45.783600,shipped,66915,KS,American Express
a9e914a2-091c-409f-9336-d686077b9d8d,Monica Harrison,61892651,83,4,332,2024-08-03 20:29:44.684529,pending,67116,KS,American Express
13813eb8-311e-4f43-bded-ea7f855df17c,Sandra Barnes,47893047,51,2,102,2024-08-08 11:18:37.442631,pending,67070,KS,Diners Club / Carte Blanche
eb9103b4-efb5-4c11-8172-c3193e712b6e,Kimberly Barnett,81132263,50,9,450,2024-02-12 13:20:33.932833,delivered,66718,KS,Discover
5a2e93e0-10c8-484c-8158-7f5ad3349799,Christopher Reynolds,28582687,6,4,24,2024-08-19 03:09:25.604358,delivered,67373,KS,VISA 16 digit
f7065e4a-ae3f-49b8-b799-3313aab211f1,Kathy Woods,64817033,45,6,270,2024-06-05 20:00:40.323020,shipped,66375,KS,JCB 16 digit
ad5b9382-1c73-41e5-9efa-c6bbe2230e8e,Crystal Mathis,78177321,20,10,200,2024-01-11 06:16:31.862808,shipped,66646,KS,Mastercard
9c079bb2-86a5-43d4-bc38-b3e4387fa28f,Stephanie Jones,31534475,86,7,602,2024-04-01 11:44:29.828055,shipped,66707,KS,JCB 15 digit
b01e4aa0-ce71-4847-9966-93e2f4091fe6,Brian Andrade,17174275,43,7,301,2024-09-04 12:52:01.721157,delivered,67655,KS,American Express
06dfbfb1-7fe7-49d5-919f-0d5b1c48d8e3,Christopher Bray,99937300,13,1,13,2024-08-20 12:20:27.589044,delivered,66700,KS,VISA 13 digit
907615d2-da6c-4dc2-9457-0a289caf8341,Sandra Carlson,33026503,55,2,110,2024-08-18 01:14:24.792670,delivered,66353,KS,Mastercard
8a081994-d950-4d32-98b5-ba16ab9bbd2b,Kimberly Chan,46013538,55,6,330,2024-07-29 12:38:03.192802,delivered,66829,KS,JCB 16 digit
a921d91d-5770-4289-b9b9-9e2c0c4d591b,Christian Bishop,38198151,46,9,414,2024-07-19 18:01:07.413595,pending,66393,KS,VISA 16 digit
26605f2a-7df1-4fd5-8ca7-d7d487b62884,Jeffrey Carroll,49725650,55,9,495,2024-08-06 12:30:37.224818,delivered,66145,KS,JCB 16 digit
119784d8-9a4a-4bca-948f-44d67608f542,Eric Salazar,63445572,71,8,568,2024-03-19 11:16:25.782528,shipped,67292,KS,Mastercard
a0b23e47-9678-46a5-ad1f-32b5d8dfd24e,Terri King,82270858,49,10,490,2024-04-06 11:09:13.445368,shipped,67293,KS,JCB 16 digit
94cb6e5b-80ae-481f-a9b7-532c201f7f16,Katherine Fields,30277441,78,10,780,2024-04-05 20:36:26.463465,pending,67522,KS,American Express
ca59026d-0812-4955-8e96-fb5b29afac74,Mariah Krueger,48129633,39,7,273,2024-08-30 06:27:15.371328,pending,66920,KS,JCB 15 digit
17d2165e-c9ae-4751-a17a-edc68b205324,Kristina Molina,54019225,67,2,134,2024-07-09 17:15:01.312764,delivered,67810,KS,JCB 15 digit
6c108b7b-8412-46a2-b424-1449e9201064,Timothy Contreras,57452043,14,1,14,2024-05-16 08:22:45.321155,pending,66401,KS,VISA 16 digit
32b90881-4469-45fa-b929-61245aab4da6,Stephanie Jones,27754672,35,9,315,2024-03-04 14:57:34.695667,shipped,66707,KS,JCB 15 digit
27b76730-1bd3-49eb-b4fc-ab6b9259aff1,Mark Davis,71807263,34,9,306,2024-03-21 21:51:59.181061,pending,66393,KS,VISA 19 digit
7c512065-525b-4bd2-a27e-4fa104b3cf8c,Michelle Stephens,63197655,89,7,623,2024-04-03 19:47:06.086864,pending,67639,KS,VISA 16 digit
bcfab3b2-c94e-40fc-9b5c-997ff1236122,Teresa Harris,86083300,70,9,630,2024-01-12 19:21:40.428794,delivered,66127,KS,VISA 16 digit
f85075d7-2d0c-46d1-8067-9c839ebc3bea,John Ortiz,55730501,78,1,78,2024-08-31 16:22:14.897292,pending,67274,KS,Discover
d94614b7-7e29-4b9a-8b9c-37327e935cb9,Sandra Carlson,54627123,82,5,410,2024-07-06 09:45:48.421646,pending,66353,KS,Mastercard
ec3f3add-fee6-4ca3-85ab-2c5249caadf1,Kimberly Dennis,45745249,26,9,234,2024-03-10 01:59:13.817274,pending,67619,KS,American Express
77b93521-ab59-49e0-9256-94dafd7ce452,Jennifer Bowen,35381600,97,6,582,2024-01-26 01:50:57.022924,delivered,67947,KS,JCB 16 digit
0a0a00d1-0367-42c3-9563-84ef9b0e10ef,Justin Ford,85059108,91,7,637,2024-02-22 05:43:58.211293,shipped,67324,KS,Diners Club / Carte Blanche
6839d523-196d-422f-b101-746e94bfd59f,Marie Meadows,39930453,33,1,33,2024-06-06 19:14:31.991649,shipped,67322,KS,Diners Club / Carte Blanche
51445d5c-91d5-4547-bd9b-c49a5c7de06e,Kent Miller,79968591,58,9,522,2024-06-07 08:00:31.034718,pending,67913,KS,Diners Club / Carte Blanche
4559672f-07ba-4e20-9725-10237d3683d7,Mrs. Dominique Wallace,65536360,16,6,96,2024-01-19 23:36:54.839879,delivered,67286,KS,Diners Club / Carte Blanche
e43e55c3-08d9-4422-bb91-5e86459b2e6f,Katherine Fields,05887194,47,7,329,2024-03-27 01:55:19.686632,pending,67522,KS,American Express
9b815c03-08e0-4fd6-80e0-6ca87023777a,Charles Campbell,74627462,7,1,7,2024-05-16 04:54:33.244151,pending,67543,KS,JCB 16 digit
8bdac147-9a8f-4481-9c47-5ae39b05dd6b,Spencer Valenzuela,83186523,96,2,192,2024-07-25 08:12:53.629922,delivered,67880,KS,JCB 16 digit
d2762d0f-9e1a-43be-b16a-73ed678096a8,Ashley Woods,42990703,4,3,12,2024-04-13 14:14:39.577796,pending,66073,KS,Maestro
1d553b0c-cacc-40b5-929a-d73711d9e42f,Sarah Mora,13627560,18,3,54,2024-02-17 22:52:05.210688,pending,67436,KS,Mastercard
ae64c7dc-acfe-4427-822e-29ab20a0a45e,Diana Bond,83856198,10,1,10,2024-01-31 16:00:24.882554,shipped,66363,KS,American Express
5293f0d6-b612-47b8-8231-6b8dc385ef77,Kevin Robles,05765690,35,1,35,2024-04-18 04:31:00.842025,shipped,67444,KS,Discover
21ee6f65-b0e5-44f3-bc07-ea246cbdccc1,Sara Brown,95496092,80,2,160,2024-06-24 16:37:43.797442,shipped,66629,KS,Diners Club / Carte Blanche
9df0f346-c262-4e34-9590-da36025f47f4,Suzanne Reyes,84556066,23,3,69,2024-02-12 05:30:25.007746,pending,66229,KS,Mastercard
d987620d-a500-401a-b733-143e9bfc180a,Madison Watson,02008783,79,1,79,2024-01-03 03:21:06.784431,pending,67210,KS,VISA 16 digit
6ab2ca73-5455-4606-84e6-04109473ccaf,Cynthia Saunders,84391049,58,3,174,2024-03-17 17:27:19.068364,delivered,67249,KS,Mastercard
83239cc3-8edf-46c2-9e27-0c5672837b43,Lee Andersen,17900133,75,3,225,2024-08-04 01:43:32.638291,pending,66371,KS,American Express
3d842327-5471-4a80-ac28-94c554bfadb5,Michelle Stephens,19562841,38,8,304,2024-01-12 22:40:37.344677,delivered,67639,KS,VISA 16 digit
aba2a8a8-c6fd-4c6f-80ee-acda5a6740e2,Stephanie Jones,11660361,53,1,53,2024-04-17 16:28:38.803091,shipped,66707,KS,JCB 15 digit
2550802f-ad9e-41df-ac17-22c84d545b7a,Jessica Rubio,21497834,39,3,117,2024-08-14 01:52:20.384690,pending,66151,KS,Maestro
4a4742b5-18b2-4deb-b2ac-604068e000f7,Christopher Bray,25883008,44,1,44,2024-04-22 21:05:39.396991,delivered,66700,KS,VISA 13 digit
a7613dd5-8b75-4a5c-b9fa-d77f54d06fb0,Stephanie Jones,01959147,39,6,234,2024-05-23 08:06:50.199143,pending,66707,KS,JCB 15 digit
dae504a5-2ff5-475b-b04e-b1b85da16857,Lee Andersen,99885779,50,4,200,2024-01-24 04:35:52.080543,shipped,66371,KS,American Express
4af43110-72e7-4205-bb79-ef9f6dbd37e7,Peter Berry,51020781,69,10,690,2024-06-04 16:55:17.790447,delivered,66115,KS,Mastercard
85d198bf-d983-45bc-b008-5a453ac45ccf,Sandra Barnes,98772322,97,8,776,2024-03-15 22:35:36.399866,shipped,67070,KS,Diners Club / Carte Blanche
47744a04-4c95-43ab-a5a7-d3b4561080ef,Seth Lara,94147346,83,4,332,2024-02-11 10:35:45.329084,delivered,66239,KS,VISA 19 digit
ec56d309-1a56-43be-a378-933a2eb94bd5,Kendra Franco,89278611,89,3,267,2024-02-29 21:08:05.442801,delivered,67104,KS,American Express
5fbd190d-43e3-45f4-af02-3fc316c423c6,Bryan Ray,89993088,12,9,108,2024-02-22 04:24:44.346817,pending,66915,KS,American Express
6a04ceb3-6bfa-4f4f-b47f-16cb4bfd102e,Laura Chavez,27939017,89,4,356,2024-08-23 17:16:28.049974,pending,66009,KS,JCB 16 digit
29c7087a-d84f-4a27-be7f-287e3ae7d84a,Jason Mccarthy,37774189,23,1,23,2024-02-16 13:16:20.197704,shipped,67952,KS,JCB 16 digit
6f9f55cd-3f73-40fb-bcb8-7d11785f8f33,Eric Bass,08944856,95,3,285,2024-07-24 15:28:06.931010,pending,66496,KS,American Express
fa77a2b4-20a4-4c26-81a5-09e3c29a8848,Tammy Stevens,99315894,15,6,90,2024-01-10 02:30:42.994224,shipped,67138,KS,VISA 19 digit
8346a522-8a7b-4ee9-bc41-717706b7458b,Mark Davis,45247545,66,1,66,2024-07-11 18:58:47.449294,pending,66393,KS,VISA 19 digit
78088d05-ba03-4ba4-97dc-a351075d4ddd,Kaitlyn Wong,84381484,82,7,574,2024-03-28 22:31:53.865895,shipped,66447,KS,Maestro
69b85330-177c-472a-99eb-fefc50065302,Sarah Wilson,39529879,23,6,138,2024-05-23 16:45:00.730292,pending,67495,KS,American Express
767842bd-7cc2-4740-9de1-89da14f7cc44,Suzanne Reyes,45745249,26,4,104,2024-03-12 11:49:10.645135,delivered,66229,KS,Mastercard
aa6dfaed-6221-4561-bf92-f5ff505af4e1,Kent Miller,66330752,82,8,656,2024-06-24 17:37:21.773224,delivered,67913,KS,Diners Club / Carte Blanche
684abc72-0eea-428a-ade2-878bd7e020ba,Rebecca James,84250360,88,1,88,2024-04-25 20:32:56.469662,pending,67464,KS,VISA 19 digit
b05b854b-aefc-4ed1-a5dd-b95f77eac070,Dawn Atkinson,86124782,64,5,320,2024-04-04 13:56:46.316974,delivered,66368,KS,Discover
3f1d0f6f-064a-4fa1-aa3e-4eea716b7fa2,Chad Horton,47986534,96,3,288,2024-01-22 00:27:40.776518,delivered,67407,KS,JCB 16 digit
2c8365ad-5dda-4792-8894-f3ea70d97af8,Elizabeth Kelley,41937266,87,3,261,2024-06-23 14:23:42.250546,delivered,67279,KS,JCB 16 digit
c7ff05f4-1765-4dbe-9713-96255eb1d5a0,Madison Watson,05583669,76,1,76,2024-07-30 02:37:46.364840,shipped,67210,KS,VISA 16 digit
99c0ef9b-7c36-41c0-9b69-dd5fafc931a0,Johnny Wells,61103443,27,10,270,2024-04-02 21:44:28.289202,pending,67124,KS,VISA 19 digit
5d969ef8-36b7-4028-b4d4-2c6e494ddae0,Luis Howard,65767740,62,6,372,2024-08-15 07:08:29.945553,pending,67683,KS,VISA 16 digit
75fc84ad-0d72-4fbd-829f-f82fc640f51a,Crystal Mathis,01437416,59,5,295,2024-03-23 10:11:33.722218,shipped,66646,KS,Mastercard
4704944c-4651-4354-825e-cf7aa76be335,Dawn Atkinson,56149531,70,9,630,2024-07-26 17:24:54.163326,delivered,66368,KS,Discover
1b7cb477-ec0f-43b4-a38b-5922e931f8f8,Sandra Carlson,90659966,53,6,318,2024-07-11 21:41:46.725777,shipped,66353,KS,Mastercard
98231d48-7ec0-43fc-9fd8-34e9c1c2ac31,Monica Harrison,95264523,67,9,603,2024-08-28 05:08:06.110567,shipped,67116,KS,American Express
0888f965-88c4-445e-9d03-e28d50f4d6da,Joseph Guzman,33026503,55,1,55,2024-05-11 05:34:14.196740,delivered,66330,KS,VISA 16 digit
b49cf396-8bba-481a-9f30-e2658439cd43,Charles Campbell,57225654,4,10,40,2024-06-21 01:51:48.828940,pending,67543,KS,JCB 16 digit
eb052115-361e-48ed-9dfc-d3fca87aeb04,Justin Ford,11501145,15,7,105,2024-01-11 15:24:06.455270,delivered,67324,KS,Diners Club / Carte Blanche
49148d11-03ba-4e05-a838-909cd214445b,Amanda Fisher,73693680,14,9,126,2024-04-12 09:56:59.463954,delivered,66909,KS,Diners Club / Carte Blanche
d3334876-ab14-4925-a9bb-374cfc8aa69d,Tara Cox,63091731,76,6,456,2024-02-13 15:36:19.889965,shipped,67596,KS,JCB 15 digit
5078f26f-9307-4446-897a-f4438994f1f0,Richard Ryan,65973905,80,2,160,2024-01-24 13:31:03.505488,shipped,67518,KS,American Express
0aac890d-7fae-4220-9af8-98f8cb78de52,Deborah Edwards,20152871,8,5,40,2024-02-26 09:10:10.762543,pending,66098,KS,Diners Club / Carte Blanche
b3903c1f-d273-4830-82fc-5a2f4a73e7aa,Sarah Wilson,65577660,82,1,82,2024-05-19 10:57:13.914874,pending,67495,KS,American Express
078a2282-bc97-4eb0-a562-c2252b0a7495,Michelle Stephens,38045592,35,5,175,2024-02-22 15:34:46.961452,shipped,67639,KS,VISA 16 digit
f36d5f6e-ad9a-467d-8622-5b271e5cc414,Lee Andersen,85630918,58,7,406,2024-06-01 01:41:36.811226,pending,66371,KS,American Express
7acaa0a8-ea08-45d4-9b29-ac6ad7ecc20b,Destiny Gibson,78125391,34,9,306,2024-07-26 10:40:33.437939,shipped,67182,KS,VISA 13 digit
76148fc9-ea2c-4513-93b0-64186f491493,Kathy Woods,39478894,61,7,427,2024-02-19 17:21:38.430857,pending,66375,KS,JCB 16 digit
1ceff846-4c4d-4087-9905-b6ba79a4ae09,Sara Brown,48607711,22,5,110,2024-03-27 01:26:39.556497,pending,66629,KS,Diners Club / Carte Blanche
e7ef4c65-fc9a-4b0e-9260-75414cce804d,Kristina Molina,04593560,29,9,261,2024-09-02 01:28:14.243926,shipped,67810,KS,JCB 15 digit
8bd9686c-7a70-458c-ba5d-3a6da8adaf2d,Amanda Fisher,58477519,53,1,53,2024-08-13 23:01:20.926211,delivered,66909,KS,Diners Club / Carte Blanche
393264a7-dc8f-4645-ba4e-587c70c490ef,Kendra Franco,39208774,30,6,180,2024-07-15 04:55:26.332221,pending,67104,KS,American Express
19920a7a-9516-4668-8278-5e49ea994b0d,Melissa Powell,12745470,92,1,92,2024-06-22 12:33:34.121216,delivered,67301,KS,JCB 16 digit
6ad9e053-3d81-4b87-8482-db47b222d846,Richard Ryan,59102731,81,2,162,2024-03-31 02:32:07.321846,pending,67518,KS,American Express
75ea1c1f-e799-4f11-969b-dcae3a6204c5,Jeffrey Carroll,25421965,84,3,252,2024-01-10 15:34:11.331793,delivered,66145,KS,JCB 16 digit
3bf7d9f3-e872-4c41-a637-fe76e0b05fed,Cathy May,23955486,93,3,279,2024-04-29 09:49:12.038726,pending,67018,KS,Diners Club / Carte Blanche
414fcada-85db-4c3c-9341-fe32e8b7189d,Stephanie Jones,01832440,74,6,444,2024-02-12 02:36:54.262851,pending,66707,KS,JCB 15 digit
c86d4d42-dc2f-419b-baa0-ac0365e9c2db,Ryan Moore,81567065,54,5,270,2024-04-22 21:39:45.141752,shipped,67748,KS,Diners Club / Carte Blanche
50f536d6-df3b-452d-b52a-02be9b74788b,Mrs. Brittany Campos MD,10402085,92,2,184,2024-06-17 17:47:11.445366,delivered,67712,KS,VISA 16 digit
bd504033-207b-4691-ad5e-c0eaae2e269b,Marie Meadows,15704122,15,1,15,2024-03-01 12:00:38.642578,delivered,67322,KS,Diners Club / Carte Blanche
181922ba-4ef3-43db-9696-8e1d938794b0,Luis Howard,45134432,99,4,396,2024-05-04 03:37:29.975731,pending,67683,KS,VISA 16 digit
7fd70028-c684-4d3b-85ff-4a7f82a9d7eb,Sarah Wilson,98352470,97,5,485,2024-09-06 21:45:53.913667,pending,67495,KS,American Express
c822b0bc-7405-45b2-ba2c-be3373207685,Scott Hoffman,06932480,82,3,246,2024-06-04 19:15:20.417478,pending,67232,KS,JCB 16 digit
ee664fd3-0803-48a5-ac3b-6fac091dfaed,Aaron Sandoval,38346316,46,6,276,2024-04-30 15:57:50.736731,pending,67729,KS,JCB 16 digit
2c61e955-a434-47af-bb27-6654ec51e633,Dean Davis,20152871,8,9,72,2024-08-28 03:18:19.347950,delivered,67561,KS,VISA 19 digit
1ce764ed-ac6b-4d2c-95d5-4d7e5ce16726,Jennifer Bowen,06918538,61,2,122,2024-07-12 11:34:34.066835,delivered,67947,KS,JCB 16 digit
a1e82914-2c31-4a50-b7a5-e4284e09fccc,Jason Frank,39571243,73,3,219,2024-08-04 23:08:39.878773,pending,66499,KS,Mastercard
1eb79ae2-8c96-48bd-909e-5ae7f7882cde,Stephanie Jones,63137255,57,1,57,2024-02-07 11:27:07.497721,delivered,66707,KS,JCB 15 digit
6fe1f6bb-3c87-4936-bc85-4d4b14cb9c73,Deborah Edwards,62489164,52,7,364,2024-02-27 00:32:23.521768,pending,66098,KS,Diners Club / Carte Blanche
a7ee0e41-8c99-4c05-99ec-70c0facc7651,Andrew Edwards,51141462,10,5,50,2024-09-05 11:32:15.920148,shipped,66326,KS,American Express
41c3c33f-f87c-474d-8fd9-ec010661e3ae,Michael Pearson,37028183,63,9,567,2024-03-03 09:36:07.198630,delivered,67282,KS,Diners Club / Carte Blanche
581d4801-8a94-41c0-ad04-4fac1769707c,Tara Cox,16567214,30,7,210,2024-08-05 08:15:32.845176,shipped,67596,KS,JCB 15 digit
6a905540-b36f-459e-a08a-7092236f52aa,Cathy May,89112533,66,4,264,2024-03-21 13:56:47.616395,shipped,67018,KS,Diners Club / Carte Blanche
6dc85034-9007-4927-b768-acf5798f8b8d,Suzanne Reyes,19197111,9,9,81,2024-02-12 14:06:01.692187,delivered,66229,KS,Mastercard
93826bf1-6216-498b-ac49-f346c16e0574,Madison Watson,47350458,72,4,288,2024-02-06 05:11:47.445898,shipped,67210,KS,VISA 16 digit
76a4cd19-97e5-446d-89be-13d63e50f336,Christian Bishop,01959147,39,10,390,2024-05-04 19:20:43.843022,shipped,66393,KS,VISA 16 digit
ec86a649-daa4-4835-b927-9c489297192f,Tracey Love,64653501,86,8,688,2024-06-14 05:37:54.225303,delivered,66134,KS,Maestro
584a22be-06a5-413d-a6b1-8c7ed1440342,Rebecca James,54303119,40,10,400,2024-06-16 18:16:14.452774,delivered,67464,KS,VISA 19 digit
cfc65638-5c66-49e2-b139-02f6062b4704,Kent Miller,52741173,92,7,644,2024-08-05 04:37:17.119570,shipped,67913,KS,Diners Club / Carte Blanche
bef7529e-d268-42fe-a19c-c79badbff3bb,Monica Harrison,97190424,81,9,729,2024-02-04 18:19:26.666826,shipped,67116,KS,American Express
402d5c1f-98a6-4b44-80e4-3a6a21057c7b,James Gibson,40299006,95,1,95,2024-08-08 05:47:43.671890,shipped,66316,KS,Diners Club / Carte Blanche
5cf38bb5-bbde-4550-87b5-affd28d16526,Angela Knight,35336228,80,10,800,2024-06-20 23:49:31.012848,shipped,67211,KS,VISA 19 digit
00e1f33c-3fd7-4012-a4cf-fb4a591e8cd2,Kaitlyn Wong,75255718,43,8,344,2024-05-28 03:28:20.374240,delivered,66447,KS,Maestro
22e0478a-d1fa-49e5-9a3b-b676ca058b15,Jessica Rubio,30531376,20,5,100,2024-02-13 13:26:00.607362,delivered,66151,KS,Maestro
80579138-2795-4c65-80df-ed846e2c34ef,Troy Jones,00476058,83,7,581,2024-07-31 08:55:42.382207,pending,67474,KS,VISA 13 digit
1ff76e69-71e5-4d09-9460-d10e550a3698,Ronald Fields,72176108,17,4,68,2024-09-02 15:12:29.070842,shipped,66437,KS,VISA 16 digit
71a33c46-cb55-4f2b-b6c2-7646208955ee,Seth Lara,02287669,75,5,375,2024-05-31 16:28:27.020936,delivered,66239,KS,VISA 19 digit
bd6a5388-438f-44a3-bdca-75fea6586c3c,Kendra Blake,20916732,54,7,378,2024-07-28 11:07:44.597456,pending,67271,KS,JCB 16 digit
d926b37a-59c6-4c87-886a-db9fc7c39773,Crystal Mathis,22559784,4,4,16,2024-05-18 22:52:13.779392,delivered,66646,KS,Mastercard
70f7a53c-77f8-47a9-8c1e-b68c4bb6aa70,Joseph Guzman,25590050,24,3,72,2024-01-04 08:28:16.432008,pending,66330,KS,VISA 16 digit
6868bfb4-0d47-4879-bbac-95b7fd1b73b5,Laura Chavez,57642840,15,8,120,2024-01-16 11:20:03.366753,delivered,66009,KS,JCB 16 digit
df074282-396f-430e-a6fd-382587d6eb9a,Crystal Mathis,46047755,51,2,102,2024-07-17 01:03:36.828206,pending,66646,KS,Mastercard
54ba9aad-eee6-447f-ae20-039f02590043,Tara Cox,35491767,50,1,50,2024-07-06 03:58:09.648139,pending,67596,KS,JCB 15 digit
76f33681-5346-419b-8f15-cac66c8a6b18,Jessica Rubio,54303119,40,9,360,2024-05-12 03:43:18.202146,shipped,66151,KS,Maestro
dc14c54d-3a8c-4d99-8e7c-f6755bfcf3d9,Ashley Woods,47829510,17,4,68,2024-07-12 18:15:06.943746,pending,66073,KS,Maestro
0a929ac1-8c84-4d67-8403-6b651f9b8e8c,Katherine Fields,36379712,22,3,66,2024-05-05 18:58:11.701111,shipped,67522,KS,American Express
9b3464bb-e2be-41bb-94bc-54b020c18c62,Jennifer Bowen,50288472,86,9,774,2024-05-22 21:13:02.328627,shipped,67947,KS,JCB 16 digit
3ee10cb6-98e1-4657-a03c-6c994975a5c8,David Reynolds,50796083,4,7,28,2024-02-06 21:54:32.491773,delivered,66537,KS,Maestro
ee47b006-1d19-4a82-8939-45a039fbdcb5,Terri King,72585160,44,2,88,2024-01-12 18:19:29.679744,delivered,67293,KS,JCB 16 digit
85d85353-80b0-4b2d-bbd5-b66d57acfe25,William Gutierrez,74350261,25,6,150,2024-06-13 01:09:49.335288,delivered,67023,KS,Diners Club / Carte Blanche
