3fa012e0-aacf-4273-b465-a821409cf4db,Adrienne Zamora,52498817,33,7,231,2024-07-03 16:42:56.314776,pending,36832,AL,JCB 16 digit
872ffa35-604e-4645-b6e1-37eff0288828,Linda Martinez,13762469,46,10,460,2024-05-14 00:44:13.956273,shipped,36698,AL,VISA 16 digit
e11c7adf-10d8-4aa0-bb61-156e69b58888,John Walker,73274872,34,7,238,2024-08-11 17:49:21.915136,pending,35470,AL,VISA 13 digit
8f39f2c3-0eca-47a2-b513-335d4c9a1a5c,Kari Eaton,97162063,42,3,126,2024-01-22 22:30:49.916017,delivered,36194,AL,VISA 16 digit
983e5ec0-9d8d-4d86-bb4a-ce07ff06ee37,Joshua Hobbs,22662309,16,4,64,2024-02-22 01:41:27.690690,shipped,36809,AL,American Express
dc65cf46-a3f6-4a40-81f0-c0df24352b83,Kevin Fleming,47893047,51,5,255,2024-04-14 08:41:19.353593,pending,36339,AL,JCB 15 digit
48433ab0-2066-4fab-aa64-538ec631590b,Austin Moore,96841693,98,4,392,2024-05-31 05:35:01.573402,pending,35454,AL,VISA 13 digit
4fa112bc-a580-41a6-808e-a91998bfb599,James Edwards,50343577,88,7,616,2024-06-16 19:28:29.494729,pending,36235,AL,Discover
8499918f-6a81-4b31-a1bf-b448ebf86d71,Anne Bailey,93888738,64,7,448,2024-01-16 23:16:12.087470,pending,35338,AL,VISA 13 digit
c15be448-6d98-44e4-bef9-fe7416693ffc,Jacob Peck,85059108,91,3,273,2024-07-02 20:42:51.852978,pending,36807,AL,JCB 16 digit
9e13f959-6bdc-46fe-9e99-8da978a8ad4e,Elizabeth Davis,23665231,18,2,36,2024-01-12 10:31:31.218709,shipped,35373,AL,Discover
d89f7719-8283-491a-b732-6c52f6607775,Linda Chambers,11676263,85,10,850,2024-03-08 06:34:50.563896,pending,35089,AL,Discover
99e24821-7d3d-49b3-bdef-ef5198d41bcb,Brittany Jackson,37251017,58,7,406,2024-02-12 18:12:29.363068,delivered,36869,AL,Mastercard
215b142b-119e-4055-bfed-f1cdf83ed59c,Timothy Barrera,78483156,54,1,54,2024-07-12 13:56:07.897062,pending,36377,AL,Diners Club / Carte Blanche
73d3bf66-7f18-41cf-a8b5-3c6e3960a21b,Miranda Davis,10934449,27,9,243,2024-02-24 22:48:50.851774,shipped,35838,AL,Maestro
c6315328-dd88-4548-917c-b370b4f6d405,Jacob Curtis,86124782,64,3,192,2024-08-15 07:41:09.487808,delivered,36740,AL,Maestro
ad440beb-a6ce-4624-a24f-ccc34b32d427,Felicia Hamilton,87165999,45,1,45,2024-01-20 08:25:24.744002,shipped,35789,AL,VISA 16 digit
1622162c-dc63-464b-a5b0-cf63c171c18e,Glenn Marquez,63091731,76,8,608,2024-08-18 15:40:24.129606,pending,35616,AL,JCB 16 digit
01a8aa72-ba2d-4bed-b3dc-a91356785d21,Jacqueline Mckee,47163959,74,10,740,2024-05-14 19:46:16.009479,delivered,36070,AL,American Express
cab5176f-b350-48ac-8eb7-f696990b2174,Connor Goodwin,01563894,33,5,165,2024-04-05 02:52:13.390466,pending,36498,AL,Diners Club / Carte Blanche
cea1da20-ce90-48b6-9e98-d36298dbbd4a,Jacob Smith,15468727,65,3,195,2024-06-19 09:28:39.446701,pending,36618,AL,VISA 16 digit
0cffa59f-c657-4925-918b-627a583a7193,Norman Riggs,26288567,77,6,462,2024-01-17 04:51:24.428076,shipped,36698,AL,Maestro
d71a043f-e99d-4f86-ac77-88edbab1f09c,James Hendricks,17613477,18,8,144,2024-02-11 06:10:42.000334,pending,36317,AL,Discover
bd38ca96-1238-4faf-a181-8c2c7029bff5,Nicole Alvarez,66920434,97,6,582,2024-05-14 00:06:34.364992,pending,36300,AL,Mastercard
1fe6985d-81a6-433d-896f-81b1ea5c99b2,James Little,95212791,1,7,7,2024-07-13 18:31:32.625888,shipped,35441,AL,JCB 16 digit
3691d0e2-fa9d-419f-bc3e-52d150b1e249,Linda Martinez,25494013,43,7,301,2024-03-07 12:09:14.933104,pending,36698,AL,VISA 16 digit
495e2711-5516-42b3-80f1-b1c854f93ca7,Jacob Curtis,56130959,27,1,27,2024-05-03 14:46:42.423430,delivered,36740,AL,Maestro
fc1f5d8f-faaf-40ad-a2a6-dbaf93041bf5,Cynthia Phillips,86908948,17,6,102,2024-03-12 21:20:25.685648,shipped,35066,AL,VISA 16 digit
80af0b4e-6a53-4f3f-be34-4f09d35bde98,Anne Bailey,85678569,58,1,58,2024-08-06 21:36:39.450294,shipped,35338,AL,VISA 13 digit
6c6a2899-aaed-47ca-980c-1410f6d0b018,Christy Zamora,44953324,24,2,48,2024-05-14 14:42:31.466397,pending,36078,AL,JCB 16 digit
b6215b13-c5af-4224-b4e9-b288d9ae83cc,Joshua Spence,05931316,61,4,244,2024-01-10 07:45:30.181849,delivered,36394,AL,JCB 15 digit
e63f6a01-d1cb-498e-837a-d29a34cb29a2,Jacob Smith,09362741,25,8,200,2024-02-24 00:02:30.131005,delivered,36618,AL,VISA 16 digit
7e0d33a7-d4e0-47c6-89b8-0dd49301bbfc,Carolyn Nichols,23546233,87,1,87,2024-01-30 18:58:25.810453,pending,35507,AL,American Express
1f84df0f-584b-4e07-9aef-73ba5b261de8,Christopher Warren,56877168,51,8,408,2024-05-14 06:57:44.802514,pending,35911,AL,Mastercard
41162646-777d-454a-8bb4-8c217af82b3e,Victoria Lamb,58477519,53,2,106,2024-04-04 00:29:07.971737,pending,35094,AL,Discover
20b9f26c-b312-499b-96fe-814fceb50a8a,Kevin Fleming,87775990,54,7,378,2024-03-23 11:17:41.705402,delivered,36339,AL,JCB 15 digit
c16da51b-039b-43a2-8c99-e3db1ab74aa3,Colleen Walker,83480300,10,8,80,2024-01-24 06:20:47.506047,delivered,36134,AL,VISA 13 digit
205c547b-f1ea-40cc-87fc-fef7801fb30b,Ruben Hernandez,34866016,87,9,783,2024-01-15 04:06:04.931650,delivered,36303,AL,JCB 15 digit
5ec43bf9-c147-443b-a3c4-1072adddf962,Wesley Pham,93712323,42,10,420,2024-06-24 20:01:08.079520,delivered,35330,AL,VISA 19 digit
8a34ff77-6837-4168-bbeb-2d936ebe4250,Tony Chan,21411557,37,1,37,2024-03-14 22:42:50.519553,shipped,35394,AL,Mastercard
3cb54211-0a3c-486c-a525-ba03131f17e3,Antonio Morgan,04206149,12,10,120,2024-02-02 20:25:16.609271,shipped,35239,AL,JCB 16 digit
788537a1-c00d-46ff-bdbb-f32155717e44,Elizabeth Davis,61789067,5,3,15,2024-08-27 02:26:05.591140,pending,35373,AL,Discover
bacfbb8b-c63f-4162-abd0-9d320954bd31,Dawn Scott,57065519,51,7,357,2024-01-01 10:14:08.868766,pending,35317,AL,Maestro
8e5838ce-57c0-4696-8d1e-1f210721cec5,Maureen Lawson,00546454,94,2,188,2024-08-08 21:16:37.869524,pending,36266,AL,Discover
b11f7846-962a-40fb-af52-4d7c7e32de2a,Brandon Perez,07653193,96,4,384,2024-08-20 10:20:58.374778,pending,35805,AL,Diners Club / Carte Blanche
5d1486db-ab68-4efb-88a8-79f4a8876569,Melissa Bradley,58264171,25,3,75,2024-08-31 04:30:06.249046,pending,36086,AL,JCB 16 digit
b851a43e-6e98-48f3-b31f-e6a54a1d5769,Jacob Curtis,86995122,89,4,356,2024-08-26 06:44:20.024945,shipped,36740,AL,Maestro
1a0abc27-824a-40bf-bf90-e556e71da1e5,Austin Moore,10413562,14,9,126,2024-03-23 21:02:24.291524,pending,35454,AL,VISA 13 digit
eda28142-9186-405b-bcc3-b1ee85e50499,James Hendricks,00323802,55,9,495,2024-07-31 16:26:11.540906,pending,36317,AL,Discover
a2376adb-a7f9-480b-a12a-1c843d642dfd,Julia Jones,52568923,63,2,126,2024-05-28 07:32:52.901170,pending,35991,AL,American Express
00c352c5-69f8-480b-8a7b-5d19b820d5da,Anthony Moore,52206405,69,3,207,2024-07-03 00:54:15.427560,delivered,35165,AL,American Express
8432651d-f1ca-4db6-a052-98e3a452fe90,Alexis Miller,47060104,45,7,315,2024-04-03 13:33:20.988511,delivered,36411,AL,Diners Club / Carte Blanche
6a95a870-cab8-4b63-98b6-9224d5bd6370,Jimmy Horton,19615943,6,3,18,2024-08-02 12:08:27.354188,shipped,35291,AL,VISA 16 digit
e8e76f31-0d9c-4f19-b298-8d3947c1647e,Craig Castro,04373315,80,3,240,2024-08-18 19:14:29.344119,delivered,35236,AL,Maestro
3f3b03ee-315f-42e0-a757-e14336928be3,Miranda Davis,15896049,65,7,455,2024-07-14 10:26:15.780593,pending,35838,AL,Maestro
d762b597-ecc8-45c0-bcdc-b03eeef41bd4,James Edwards,83903830,52,5,260,2024-08-02 02:07:52.859697,shipped,36235,AL,Discover
736ac0c2-b28c-4b48-84c3-98afc9af92b9,Julie Sanders,68233839,56,4,224,2024-08-28 21:19:41.043470,shipped,36903,AL,VISA 16 digit
dfdbc902-14b4-4a72-a383-bcbfb1c57f8e,Darlene Ortiz,87243000,9,2,18,2024-07-25 00:24:34.386130,pending,35304,AL,Diners Club / Carte Blanche
c8d4307c-f7a0-490f-925b-34fcae4f0ed7,Ruben Hernandez,50528134,81,8,648,2024-01-15 03:48:00.550119,pending,36303,AL,JCB 15 digit
c5f3006b-1eab-42d9-983d-9dff8754106c,Stephanie Fuller,42600404,13,10,130,2024-01-13 22:15:35.873719,shipped,35130,AL,VISA 16 digit
dfef3f1e-abf6-4435-9f15-2c1f5dca8a89,Elizabeth Davis,23955486,93,6,558,2024-01-27 10:17:53.621073,pending,35373,AL,Discover
9a1e3388-7372-442a-8cc0-8c690467ae0f,Michelle Hoffman,56540246,77,5,385,2024-07-26 08:32:46.813148,shipped,36040,AL,VISA 16 digit
b1d1c69b-541d-4e91-a1c5-d51bd3925850,Patricia Thompson,51460853,28,7,196,2024-06-27 07:45:01.409845,shipped,35007,AL,Diners Club / Carte Blanche
50a142af-7131-475d-ab8e-00a47b7ecfa8,Timothy Ellis,71581866,26,1,26,2024-05-22 16:25:02.607446,shipped,35541,AL,Maestro
bb6353a3-8eea-4ad4-84c3-636e6819af6a,Kristin Patel,25590050,24,3,72,2024-07-06 02:32:05.733131,shipped,36730,AL,Discover
e20a794d-b669-4802-b1cb-ed87fbc04600,Brandon Perez,88920542,90,8,720,2024-07-22 22:01:01.534289,pending,35805,AL,Diners Club / Carte Blanche
3896390e-4c36-44d3-9db6-ee81bfcb402e,Jimmy Horton,35021506,98,4,392,2024-03-09 18:27:55.781288,pending,35291,AL,VISA 16 digit
44b64700-ae3d-4895-b619-3fde7343d21b,Nicole Alvarez,93570381,19,5,95,2024-09-05 02:59:28.739268,delivered,36300,AL,Mastercard
0cef2b40-658f-4a50-bcd9-07476345f638,Christopher Valdez,17912020,95,8,760,2024-08-13 23:56:34.950928,pending,36785,AL,VISA 16 digit
fe962afa-0801-4765-89d6-e7bdc7279462,Tony Chan,27693919,11,2,22,2024-01-11 22:27:09.979277,delivered,35394,AL,Mastercard
4ae4279f-8ebe-4c9c-bee7-f9e8d9ae701c,Robert Harvey,33761671,4,9,36,2024-06-27 23:22:04.798937,pending,36186,AL,VISA 16 digit
42f636bb-0266-4a05-be0f-b9cc781b0388,Jacob Smith,99937300,13,9,117,2024-08-21 00:01:45.823539,delivered,36618,AL,VISA 16 digit
7b35d98a-69ef-4755-88d8-ca15bf08d4a3,Maureen Lawson,86995122,89,3,267,2024-01-12 01:46:08.144503,pending,36266,AL,Discover
ad32e2c4-8597-4443-9d90-6f994527e8fb,Jacob Peck,68988265,59,7,413,2024-01-02 00:16:43.948274,pending,36807,AL,JCB 16 digit
de5809f5-950b-4c02-91c0-bbc8582665a5,Kyle Dyer,56557497,70,4,280,2024-05-31 01:26:48.401952,delivered,35962,AL,JCB 15 digit
0bde14b4-132a-4c8a-9304-6c1802d3b3e5,Troy Ibarra,95450575,34,4,136,2024-07-28 11:58:07.087224,pending,36610,AL,Mastercard
8ac0b156-e0c0-4248-902e-93ccb9f47711,Mary Wilson,73386353,29,6,174,2024-07-20 19:02:39.983021,pending,35495,AL,Discover
61e78f6a-d185-4297-af95-5fc6de858d76,Jessica Kim,78225206,31,9,279,2024-06-27 10:03:46.546937,shipped,36077,AL,JCB 15 digit
c8e195e1-7fcd-45dd-b56d-ae4f92134209,Julia Jones,93570381,19,2,38,2024-02-03 15:37:40.814178,shipped,35991,AL,American Express
249041f1-82ce-4b96-8b7c-1bd086583455,Carolyn Nichols,27443316,63,4,252,2024-04-11 18:55:33.831366,delivered,35507,AL,American Express
c45427d1-393b-4b2f-945a-738595c65b9c,Craig Castro,13322663,86,1,86,2024-06-17 06:20:43.349862,pending,35236,AL,Maestro
a81699d6-c6e2-4e67-8c65-ba7835b21027,Jeremy Oneal,95496092,80,2,160,2024-07-01 11:12:21.643547,pending,35120,AL,Discover
45e1f5f8-4736-4390-89b6-6bc7da37cdba,David Jordan,80328117,59,10,590,2024-03-26 21:39:06.648359,delivered,35108,AL,Diners Club / Carte Blanche
a7b65153-f488-43a3-a5d9-4dc0a85396fc,Charles Thompson,54548565,9,8,72,2024-06-13 00:29:39.417448,shipped,35112,AL,JCB 16 digit
5983257c-4822-4e17-a864-448d16049627,Sarah Riley,39478894,61,9,549,2024-07-20 01:01:38.638458,delivered,36114,AL,Diners Club / Carte Blanche
5cb2dea0-49c1-4e3c-b2e4-1868c9dc7964,Nicole Alvarez,73855118,26,1,26,2024-02-27 00:55:10.398192,delivered,36300,AL,Mastercard
36e8f686-44b0-4989-9c5c-9e547423adfd,Joshua Hobbs,16250130,86,1,86,2024-03-09 01:20:10.930806,pending,36809,AL,American Express
82d7e075-d68e-47c9-98a3-de99daf0921f,Marissa Cruz,92867284,97,1,97,2024-06-07 23:25:37.631776,delivered,36613,AL,Diners Club / Carte Blanche
70659e90-f510-475e-8118-044d3f90aaf4,Janet Hendricks,86376501,14,3,42,2024-03-20 21:36:34.527505,pending,36227,AL,VISA 19 digit
2c1052f3-0cc8-4b02-b489-0b4e966ab75c,Scott Daniels,07859274,51,3,153,2024-01-21 06:29:30.133054,shipped,35457,AL,VISA 16 digit
4e9de835-7768-452f-a68a-6153f9d25d82,James Hendricks,04703549,58,4,232,2024-02-15 22:49:04.806833,shipped,36317,AL,Discover
0993baa6-3e6e-4b48-b777-b41b06bfb1b4,Glenn Marquez,69479175,64,3,192,2024-01-23 06:09:49.868819,delivered,35616,AL,JCB 16 digit
a0dd3b64-6b46-4ef4-b645-f5ad1b10a711,Ian Wood,15909879,28,10,280,2024-01-31 10:42:54.884181,delivered,36694,AL,VISA 16 digit
5a39bec2-b6d6-44de-a207-86a4ff1fba57,Jacob Peck,19104171,94,8,752,2024-02-11 22:08:20.424229,pending,36807,AL,JCB 16 digit
1229c75b-4ece-4056-89ef-e02072867b17,Kristin Patel,54929814,6,7,42,2024-07-06 04:48:18.812262,delivered,36730,AL,Discover
d5ed09bb-e41f-44fb-afa4-671cbad2154d,Linda Martinez,05583669,76,1,76,2024-08-31 06:02:52.069196,delivered,36698,AL,VISA 16 digit
a6e0df7c-fbdb-4bff-bb11-1d64489eed0a,Joshua Fowler,97946960,42,6,252,2024-07-26 19:42:54.752655,delivered,35513,AL,JCB 16 digit
dc725026-fd93-48d9-9ab0-5030113e8e01,Troy Ibarra,85575318,82,6,492,2024-05-29 20:22:47.108598,shipped,36610,AL,Mastercard
174f89b7-bc25-45e4-9468-38c8fbd207b8,Andrea Clark,72834107,65,9,585,2024-03-26 19:12:43.559251,pending,36094,AL,VISA 16 digit
b2301a3b-31d4-4c4f-baf1-1f116b2042b2,Austin Moore,92262560,88,2,176,2024-08-23 20:53:23.029749,delivered,35454,AL,VISA 13 digit
713734c4-470d-44d6-867d-90e0d714e2f7,Tiffany Briggs,72494578,19,7,133,2024-07-07 04:16:04.372246,pending,35338,AL,Discover
69b30a1d-e6c8-4a0a-9a91-2575b1dbf8d8,Marissa Cruz,31749145,15,8,120,2024-08-30 02:48:53.209932,shipped,36613,AL,Diners Club / Carte Blanche
b1921892-5a29-4cfc-bd76-e2316411f1ba,Alexis Miller,80323884,92,5,460,2024-03-18 16:10:29.833778,pending,36411,AL,Diners Club / Carte Blanche
f3293b98-2ef5-4dc3-aeb8-f5a909f96c3a,Miranda Davis,74892365,85,2,170,2024-08-14 20:29:58.840512,shipped,35838,AL,Maestro
ce9cff21-ef12-4239-9437-b73a3ee4e2f3,Mary Wilson,68248239,62,6,372,2024-01-17 15:03:32.432073,pending,35495,AL,Discover
4e7496ff-bb6e-4359-bb54-5860821d6bb6,Connor Goodwin,65210345,55,9,495,2024-06-17 01:41:37.803392,delivered,36498,AL,Diners Club / Carte Blanche
8f000728-ebdb-4b1b-8373-722c6db8db54,Kathy Allen,13061043,18,10,180,2024-07-17 00:37:24.484154,delivered,36418,AL,JCB 16 digit
91e2ae3a-e59b-487c-8eda-f184da2cf224,Larry Smith,31773683,11,2,22,2024-03-12 20:32:55.648121,delivered,36716,AL,VISA 16 digit
d2de9714-964a-4897-aee4-8a5dd2fa0578,Maureen Lawson,79486026,41,5,205,2024-01-24 10:24:15.304337,delivered,36266,AL,Discover
b64cdae7-976d-4688-9141-36e6466ccf91,David Jordan,06184490,28,6,168,2024-02-21 07:05:23.015327,pending,35108,AL,Diners Club / Carte Blanche
ab2bdebe-f999-485a-b755-32bb4d709251,Kari Eaton,21497834,39,6,234,2024-01-29 19:31:29.441091,delivered,36194,AL,VISA 16 digit
c7a04252-e64a-48cc-82e3-57d62fb29174,Colleen Walker,12859658,24,10,240,2024-06-23 15:27:19.392219,delivered,36134,AL,VISA 13 digit
23b9dd01-0381-4f9e-a050-42e50e1560df,Brittany Jackson,35021506,98,6,588,2024-05-26 20:35:39.056772,delivered,36869,AL,Mastercard
5241fc3a-6132-4529-8ead-cbd60407e019,Tamara Miller,75438852,11,6,66,2024-05-16 04:39:38.157455,delivered,36723,AL,Diners Club / Carte Blanche
04150fdc-a6e9-46b4-8533-462f07865f60,Jerome Hardy,90515088,85,4,340,2024-03-30 22:51:44.331904,delivered,36656,AL,JCB 16 digit
0559b1a6-2cd8-4000-aa69-876f7b676524,Melissa Bradley,15909879,28,4,112,2024-06-24 00:51:50.360492,shipped,36086,AL,JCB 16 digit
a29a7070-d4b5-4127-a9a0-5dd3b068d02f,Brandy Petersen,73472674,53,10,530,2024-05-24 09:40:45.172402,delivered,36811,AL,Diners Club / Carte Blanche
e6a61398-5f29-41c5-ac10-177eb5db2357,Tamara Miller,95212791,1,1,1,2024-01-01 11:47:56.728300,shipped,36723,AL,Diners Club / Carte Blanche
b67914f7-1064-44bd-bd18-beb9f0dc8403,Christopher Warren,46047755,51,3,153,2024-03-30 22:07:44.588552,pending,35911,AL,Mastercard
ed96a05f-5377-422b-adcd-d9915ccba2de,Brandon Baxter,90087110,16,6,96,2024-04-01 18:24:28.624187,pending,36551,AL,Mastercard
92066e0c-a1f5-45ab-a3be-f4069070a7f7,Kaitlyn Smith,45237584,67,3,201,2024-01-31 06:13:41.352317,shipped,35315,AL,VISA 16 digit
86094407-44c9-4731-b95e-e2a741748d44,Larry Smith,38002595,42,8,336,2024-04-13 01:02:38.493762,pending,36716,AL,VISA 16 digit
fcf2895e-9bee-4ec6-b05a-3ef7bcdd09b8,Adrienne Zamora,93784672,46,5,230,2024-09-01 17:55:41.024682,delivered,36832,AL,JCB 16 digit
e58c10ba-9896-48e1-950e-6119b80282ea,Scott Daniels,38131752,26,8,208,2024-06-19 22:17:55.557695,pending,35457,AL,VISA 16 digit
296a7562-f5f5-4415-b023-5549598f57f7,Maureen Lawson,33367361,26,4,104,2024-07-13 17:12:47.551570,shipped,36266,AL,Discover
7f5c1ef3-e695-43b1-8b77-e3d30d01a279,Seth Frye,89351796,37,5,185,2024-07-23 12:11:31.553449,shipped,36097,AL,VISA 16 digit
291c584b-7723-4fdb-911e-0b90eefa37f2,Darlene Ortiz,33510491,9,7,63,2024-08-02 01:45:50.033386,delivered,35304,AL,Diners Club / Carte Blanche
2f865360-cc9c-43e3-a433-a6a4e226a2ee,Jessica Miller,06606350,53,1,53,2024-08-11 10:47:19.059262,delivered,35407,AL,Discover
f71a642f-7976-46d0-ab39-570772963ae9,Brandon Perez,39484147,45,9,405,2024-06-02 02:31:47.164479,shipped,35805,AL,Diners Club / Carte Blanche
a73d0c78-4111-4a51-a770-b5a67d766427,Theresa Ray,51020781,69,1,69,2024-01-24 01:27:59.389340,pending,35070,AL,Discover
916a97fa-3169-4d6e-a2ac-c0d5dc6e3509,Jerome Hardy,02492339,75,1,75,2024-07-02 09:20:43.438570,pending,36656,AL,JCB 16 digit
36a08d19-6787-4ee6-bd43-88dcc538a3a3,Jacqueline Mckee,11604495,28,4,112,2024-07-27 12:38:01.001584,shipped,36070,AL,American Express
da8ad3db-fea4-4450-a382-12c66d3fe998,Patricia Thompson,95126470,77,6,462,2024-08-05 04:53:16.831508,pending,35007,AL,Diners Club / Carte Blanche
17ad4b68-60e7-42a7-8c9a-0dd884f2576d,Theresa Watkins,84112033,12,7,84,2024-03-23 01:28:35.126303,delivered,35654,AL,JCB 16 digit
b7dfc92b-b5d6-495c-af9e-1b3665bdd569,Jeffery Riley,04703549,58,9,522,2024-07-31 05:29:33.393213,pending,36828,AL,JCB 16 digit
3ead131d-a4bf-4df8-92e7-6d5d0471b5d9,Christopher Warren,92972964,36,9,324,2024-05-20 14:00:22.295219,shipped,35911,AL,Mastercard
a0ce18b8-41f9-4931-8964-2b1b1129ebb5,Brandon Perez,96560686,21,4,84,2024-03-14 17:38:43.579109,shipped,35805,AL,Diners Club / Carte Blanche
f86a7e7c-f3d6-47b2-88a5-70cc8bdaf298,James Little,40937342,82,5,410,2024-04-02 08:10:58.898370,delivered,35441,AL,JCB 16 digit
7784f088-dc6d-4b4b-a0b6-c39f2cabcb45,Jeremy Oneal,46700087,70,10,700,2024-02-28 12:31:40.273451,shipped,35120,AL,Discover
23c75826-66b2-4dc6-9ac9-c86de6c14b70,Craig Castro,88956947,64,3,192,2024-05-13 06:27:24.839557,pending,35236,AL,Maestro
19b00ca2-9cca-4203-a2d2-6bbbba413b25,Stephanie Pace,57065519,51,10,510,2024-07-08 21:38:39.268363,pending,36638,AL,Diners Club / Carte Blanche
156d906e-d699-4316-b701-92afbfc1d687,Charles Thompson,45134432,99,7,693,2024-04-26 21:39:06.122159,pending,35112,AL,JCB 16 digit
32c18cbc-457a-4082-9609-9a2dc1cbb0b2,Norman Riggs,87474695,93,8,744,2024-05-30 01:24:01.323174,pending,36698,AL,Maestro
c3404bfe-39b3-45bd-9426-6113597cf073,Tamara Miller,03057827,79,1,79,2024-04-13 23:45:26.414928,pending,36723,AL,Diners Club / Carte Blanche
81cc5dce-e935-4089-9eb2-50489898850a,Joshua Hobbs,24478960,99,1,99,2024-05-25 22:46:48.536520,shipped,36809,AL,American Express
4353ac33-dd67-44da-87ed-e9d82f364fea,Adrienne Zamora,95264523,67,1,67,2024-03-04 20:09:49.624027,pending,36832,AL,JCB 16 digit
ac55992d-4d85-4577-af09-5147da28fa66,Ian Wood,35124047,77,7,539,2024-01-11 03:24:46.192518,delivered,36694,AL,VISA 16 digit
4d0457c7-dbdb-4793-b2b1-9e2871948f0b,Kimberly Johnson,38198151,46,2,92,2024-07-22 23:02:07.591662,delivered,35490,AL,Discover
d0f7ccde-dfdc-4078-ab66-ccb701bb268d,Whitney Long,50678587,99,6,594,2024-01-03 07:16:59.262710,pending,36572,AL,Diners Club / Carte Blanche
8f2269c0-97d1-4ad9-8313-803fbf4afdd5,Samuel Jones,14856815,48,10,480,2024-01-08 22:42:01.343696,shipped,36880,AL,Maestro
eaa82712-7820-4e33-96fb-2a37d39cb19f,Tony Reynolds,11609391,76,4,304,2024-05-01 07:51:49.601510,pending,35776,AL,American Express
8ad9ba60-0694-4482-b3f6-6e49fe5d3f22,Norman Riggs,81282999,2,7,14,2024-03-24 23:02:29.905826,shipped,36698,AL,Maestro
6bb0da0b-42fb-4c61-b602-a7752f1692c6,Kimberly Cruz,54223837,62,7,434,2024-01-09 20:49:30.540096,pending,36864,AL,Diners Club / Carte Blanche
9ac03216-0bf4-4caa-9d6b-7426018e88c6,Kyle Dyer,57473758,22,8,176,2024-05-27 18:51:50.109402,delivered,35962,AL,JCB 15 digit
5ed16007-66ad-497c-b25b-a078cbcb6c5d,Maureen Lawson,63175912,19,4,76,2024-02-01 17:45:34.472171,shipped,36266,AL,Discover
6d2b0b9c-80d7-4d1a-ac17-f8baefd82742,Andrea Clark,91054203,42,8,336,2024-03-01 07:56:25.868237,pending,36094,AL,VISA 16 digit
106cecab-3cc7-463f-93dc-31f9b87bb960,Michelle Hoffman,33761671,4,10,40,2024-01-16 08:47:36.256324,shipped,36040,AL,VISA 16 digit
7ca22745-f217-4684-b1ad-79f9aecc7e7d,Craig Barrett,07653193,96,8,768,2024-01-25 11:58:46.868810,shipped,36311,AL,Mastercard
15088316-e2a4-447b-a9ec-ed440343ce7c,Julie Sanders,73151104,51,4,204,2024-04-21 06:27:01.513424,delivered,36903,AL,VISA 16 digit
65bd796f-4a7a-4abb-bdbe-d540fd8bdc08,Tracy Vasquez,33026503,55,2,110,2024-03-01 17:55:50.415342,delivered,36684,AL,Discover
3443b35d-d104-4313-adb5-d38bace6c140,Jacob Curtis,60727800,65,7,455,2024-03-21 21:09:06.426359,pending,36740,AL,Maestro
2a4be2d7-9e5c-4a9d-b28c-68c8b0958a88,James Hendricks,11571834,9,8,72,2024-08-12 02:54:25.986681,delivered,36317,AL,Discover
44a24e1b-44ad-4472-83f4-e6ab65737785,Ruth Charles,83480300,10,9,90,2024-06-25 15:13:19.545716,delivered,36507,AL,VISA 16 digit
e2c877b6-0bb3-4026-b604-c61304fc9077,Adrienne Zamora,31996723,69,6,414,2024-07-19 05:36:17.922308,pending,36832,AL,JCB 16 digit
9bc67410-962e-4a0e-a8ed-45f1c251ba09,Charles Lee MD,29251353,26,9,234,2024-04-27 15:56:33.040829,pending,36561,AL,JCB 15 digit
2d42cc22-e6e0-4988-bcca-b7bd7815efc6,Carolyn Nichols,85153592,23,7,161,2024-06-26 16:15:38.723362,delivered,35507,AL,American Express
05ee961b-d39f-4c48-a606-73c5c29b85e3,Austin Moore,83338090,66,8,528,2024-06-27 11:01:33.502923,delivered,35454,AL,VISA 13 digit
ca4c9e2c-d896-42a9-9791-309808f6749f,Darren Porter,52498817,33,4,132,2024-04-23 20:37:43.299238,shipped,35327,AL,Maestro
58529598-bea6-4c66-ad78-3cbd7d2298d8,Joshua Hobbs,20938611,81,4,324,2024-07-14 05:28:38.881268,shipped,36809,AL,American Express
dcf13941-20fd-4ff0-be28-9c9d7d43a5ea,Denise Jones,19644202,34,6,204,2024-04-28 18:27:10.007915,delivered,35427,AL,JCB 16 digit
b34c371a-103e-4174-8d40-1d0e2ec1b493,Jeremy Oneal,95450575,34,4,136,2024-05-21 02:20:55.930017,delivered,35120,AL,Discover
0eb8c89e-d54a-4351-895e-760e645aaf40,Darlene Ortiz,78179325,83,2,166,2024-07-12 15:34:50.325567,delivered,35304,AL,Diners Club / Carte Blanche
b50a86f4-d8ee-4cf5-83fe-6c6561a39417,Alexis Miller,71855509,89,4,356,2024-02-10 05:29:23.547530,pending,36411,AL,Diners Club / Carte Blanche
3a50df72-6883-45d1-9e1c-27fc95b2b6bf,Jacob Curtis,30047976,44,7,308,2024-02-25 17:01:12.441355,delivered,36740,AL,Maestro
57ea2029-95df-4a8e-9efb-6e3ac5882baf,Craig Barrett,60640383,8,2,16,2024-08-26 14:37:25.914430,pending,36311,AL,Mastercard
3fb1502f-5284-440f-aeca-1a8245ccc038,Kaitlyn Smith,04732259,14,6,84,2024-07-15 10:18:17.915600,pending,35315,AL,VISA 16 digit
73d27502-cf49-4932-b173-7bed83e6f79b,Kimberly Johnson,16250130,86,9,774,2024-01-08 15:57:57.179128,delivered,35490,AL,Discover
d6922ec6-e616-4347-ae79-4f2a3f2f50ea,Tamara Miller,96560686,21,7,147,2024-05-26 08:02:39.767509,delivered,36723,AL,Diners Club / Carte Blanche
4d8fc593-0298-4da1-b89b-87283ecc00fa,Timothy Ellis,71008745,2,7,14,2024-06-12 17:26:55.745122,pending,35541,AL,Maestro
089ad53c-c076-424a-89d6-9f14a9f4acaa,Austin Moore,09042827,77,10,770,2024-04-28 03:33:32.774565,pending,35454,AL,VISA 13 digit
c382e2fc-94bd-48b5-a687-f4e21f3e8848,Victoria Lamb,57473758,22,4,88,2024-09-01 18:52:21.045171,delivered,35094,AL,Discover
c04d3f45-dab1-4e42-98eb-95884aad3dee,Sarah Riley,96560686,21,4,84,2024-04-26 10:51:49.372966,delivered,36114,AL,Diners Club / Carte Blanche
8267ec43-b4ef-4cb3-9a91-579f06c522a7,Sandra Allen,00476058,83,3,249,2024-05-30 21:36:08.053861,pending,36034,AL,VISA 16 digit
acfc065e-5174-4f03-8582-f707b87512f8,Kari Eaton,27443316,63,2,126,2024-03-30 00:48:40.832739,pending,36194,AL,VISA 16 digit
bbd403f5-a6af-41e8-9c34-6187ad28c15f,Ruben Hernandez,57877402,87,5,435,2024-07-12 04:41:10.020359,delivered,36303,AL,JCB 15 digit
e5b740c7-8306-4f35-b0c7-302106c29c3e,Troy Ibarra,56543667,46,9,414,2024-05-22 21:41:46.778074,pending,36610,AL,Mastercard
7a7df5a6-6f43-4d0a-a6d9-87e59aa69dbc,Dr. Amber Reyes,93329965,51,10,510,2024-05-23 20:02:56.564293,shipped,36443,AL,JCB 16 digit
