77a092cf-a4e0-460c-9a90-a2e1699b1845,Julia Wilkinson,64544106,7,6,42,2024-08-29 22:53:49.337718,shipped,20023,DC,JCB 16 digit
eb70ec89-b1af-40f5-8114-c94a76a70b3a,Ronald Hunter,07961809,18,8,144,2024-04-10 01:05:37.921696,pending,20005,DC,Diners Club / Carte Blanche
adb1b853-5e4e-4c0b-a8de-967b14adaab8,Tammy Pitts,23505155,19,10,190,2024-05-03 21:39:00.899239,shipped,20015,DC,Discover
66a367b6-76d5-4ba2-aa49-ff9ba5c821e3,Marie Ross,85678569,58,10,580,2024-06-17 13:24:54.765484,pending,20030,DC,JCB 16 digit
33100591-2511-4aff-9605-3ad735e80614,Alec Campbell,66807254,17,6,102,2024-06-17 18:24:31.217268,shipped,20014,DC,JCB 16 digit
e7352c60-665f-4415-a190-b8c569edb401,Elizabeth Oliver,55096133,62,3,186,2024-01-20 21:54:10.901783,shipped,20031,DC,Mastercard
ac330d75-c678-4926-858c-3da1230f291b,Paula Scott,59337430,16,3,48,2024-01-19 12:30:42.193232,pending,20028,DC,JCB 16 digit
073dc6ad-fcc1-45b8-9e15-e569d139a2af,Nicholas Hughes,66224938,79,10,790,2024-06-13 14:11:51.991674,delivered,20005,DC,VISA 16 digit
b841a90f-45e3-4194-b9a4-3ef5ab987007,Katrina Duke,31773683,11,2,22,2024-05-21 18:22:29.701006,delivered,20017,DC,Mastercard
56e24c4c-f5a0-41c2-bba3-f7d453b55162,Danny Hall,20938611,81,6,486,2024-01-30 15:33:32.331328,pending,20005,DC,Discover
02fb3ae5-319a-403e-8bc6-4ea4fdd7c315,Bill Willis,40456362,67,4,268,2024-02-11 01:40:22.172886,shipped,20013,DC,JCB 16 digit
222a55af-b1c2-480b-a438-67ef7d5e1fc5,Donna Reid,85059108,91,10,910,2024-08-12 18:34:38.087151,delivered,20017,DC,JCB 15 digit
376c8cc2-39ca-4e50-bda4-31a3eec5df8c,Peggy Hernandez,34656150,90,9,810,2024-07-25 13:26:30.663867,pending,20011,DC,VISA 19 digit
c2fdfbb7-5a71-45ae-9035-9ceaa3ad10ff,Gina Santiago,87474695,93,5,465,2024-02-28 01:59:24.337738,delivered,20036,DC,Diners Club / Carte Blanche
6ce4eaad-fe87-488a-8e33-71e906857733,Jacqueline Prince,14282331,63,1,63,2024-07-07 23:05:25.193830,delivered,20028,DC,VISA 13 digit
872b379b-6f33-4ef5-a5de-a07c1ea489e2,Laurie Mcmillan,24120920,87,1,87,2024-03-11 13:56:19.822536,shipped,20033,DC,Mastercard
2de48e3a-70ca-4b35-9d52-dcf48493b07b,Janet Ferguson,47060104,45,5,225,2024-02-24 11:40:14.967993,delivered,20008,DC,JCB 15 digit
c453d9e5-87ad-4380-9388-8e7b8f31eadb,Scott Harrison,02008783,79,1,79,2024-02-02 23:04:02.035573,shipped,20003,DC,VISA 13 digit
6e703beb-c6c1-4a9b-84eb-8af4d417eb91,Darin Smith,68927004,25,9,225,2024-05-12 19:13:21.646220,pending,20004,DC,Maestro
522a7bc7-e71f-4f67-8d7f-30ada608e618,Ronnie Cardenas,72944042,94,8,752,2024-01-03 23:56:59.342369,shipped,20007,DC,Mastercard
9839542a-d00c-46cc-9683-50274f815126,Blake Johnson,84992994,12,3,36,2024-01-02 06:14:42.829844,delivered,20020,DC,Mastercard
156d9eab-06c3-46ab-8b52-375d66c90045,Victor Curry,21128110,38,8,304,2024-02-01 09:54:32.858014,shipped,20029,DC,Diners Club / Carte Blanche
adb725b8-2e58-4551-a36f-85faee508d96,Christopher Robbins,48003827,34,1,34,2024-07-27 12:46:46.610554,shipped,20002,DC,VISA 16 digit
00b70f3e-9f74-42c4-8824-73ef75ddee47,Belinda Smith,73386353,29,10,290,2024-07-31 11:38:56.378072,shipped,20034,DC,Maestro
3ba7102d-e74a-4003-90d9-f46d837c8a71,Mark Mitchell,00133319,53,5,265,2024-03-14 00:04:52.746843,pending,20009,DC,Maestro
a58aeef2-316c-4af9-95ae-330d8821490d,Heidi Lin,34656150,90,5,450,2024-06-15 21:41:55.468886,pending,20005,DC,VISA 16 digit
c2071a03-5ca6-4604-882e-cb7877803885,Peggy Hernandez,25005219,31,10,310,2024-08-14 06:32:49.847351,pending,20011,DC,VISA 19 digit
4a2827df-3510-4342-b888-be95b477e7e1,Shannon Cabrera,84507785,40,3,120,2024-05-29 01:50:38.945552,shipped,20004,DC,Diners Club / Carte Blanche
6a7a354b-8966-4704-add1-d50ebc11b1ec,Anne Flores,45208539,63,10,630,2024-01-05 11:25:18.493732,pending,20024,DC,JCB 15 digit
7eef5f4e-d5a4-4dc0-88e8-68f9a2502a80,Wayne Phillips,38316531,2,4,8,2024-02-27 05:42:17.904325,pending,20013,DC,VISA 13 digit
8f9af70d-e45f-4d7c-9e7d-dbb77279a0c1,Crystal Bell,69863455,7,8,56,2024-01-12 05:50:42.747460,pending,20012,DC,VISA 16 digit
2ed38d46-400f-407d-bca8-ecc62641f0a1,Mr. Marc Kirby Jr.,11501145,15,10,150,2024-04-10 20:46:11.278148,shipped,20021,DC,American Express
fa17dca5-9035-422a-ad86-a741bdc853d7,Heather Garrison,57683386,10,1,10,2024-01-29 19:02:07.996796,delivered,20020,DC,JCB 16 digit
5d6799eb-6780-4fd3-9047-fced9581d5c5,Kelly Kemp,31235044,92,1,92,2024-03-02 17:18:03.125484,pending,20029,DC,VISA 13 digit
0fc6f501-ff5e-4319-8e2e-12c2e19cc285,Martin Ryan,09086586,50,4,200,2024-03-24 22:57:09.621284,delivered,20031,DC,Mastercard
8eb726e2-e240-47f8-889d-f21b5506464e,David Harvey,38231483,41,10,410,2024-02-01 20:43:08.008572,pending,20032,DC,American Express
793e4ad8-060c-4d45-9cd5-961e0de681f5,Diane Lopez,11636779,61,1,61,2024-08-17 14:33:31.209785,shipped,20010,DC,JCB 16 digit
e8c2ea9e-6444-41aa-8302-0ed577ae07ea,Christine Hernandez,71411989,2,3,6,2024-08-11 21:39:11.882408,shipped,20031,DC,Maestro
d3357c96-8a76-406b-8560-a8b489d74552,Marie Ross,74627462,7,1,7,2024-03-21 15:26:00.980528,delivered,20030,DC,JCB 16 digit
6d8fe51c-e572-4b53-a7ed-fdaf9a87f931,Miss Felicia Price,65577660,82,1,82,2024-01-26 07:07:50.325299,delivered,20027,DC,Mastercard
bd1eb479-da25-45e6-921f-3f9228bc4c68,David Stephens,22714022,68,10,680,2024-07-14 23:43:37.766967,pending,20017,DC,VISA 19 digit
323c7a20-8866-4741-8b56-99b82a08dcce,Amy Burnett,25005219,31,9,279,2024-08-01 02:27:39.068193,pending,20026,DC,American Express
0a9f5134-99da-4ff1-b4a7-e2afd88c8b0a,Ashley Blake,85353657,33,6,198,2024-02-22 12:03:19.046097,delivered,20011,DC,Maestro
9d998acc-2856-4b4c-a3b0-911e8718c09f,Nicholas Hughes,33103723,21,10,210,2024-08-29 12:02:18.841307,shipped,20005,DC,VISA 16 digit
e3e13775-b327-4c83-ab6d-0118b30d130d,Jeff Collins,36975310,29,4,116,2024-03-18 06:50:39.510659,shipped,20002,DC,JCB 16 digit
712bc11b-8617-400d-859c-1142df7027e7,Alicia Benton,80515784,70,10,700,2024-03-16 13:31:57.530116,shipped,20011,DC,VISA 16 digit
7037fa10-1089-4f0c-acb6-7f2b36217bcb,Cory Aguilar,51460853,28,2,56,2024-02-28 16:06:42.544024,delivered,20009,DC,JCB 15 digit
64b63900-a8ca-46d2-98fd-a2613d4782a9,Jacob Richardson,11149415,73,9,657,2024-03-16 20:21:35.153941,shipped,20003,DC,VISA 19 digit
7e3d4f4a-2c9e-43bd-8b64-c76a1b8e66ce,Donna Reid,37798376,81,8,648,2024-02-04 07:40:09.344183,pending,20017,DC,JCB 15 digit
7d6a6d6f-80d8-45a6-a685-96c981061329,Heather Garrison,38454936,82,4,328,2024-07-01 02:38:21.020452,pending,20020,DC,JCB 16 digit
4eb436af-7708-4351-aa8a-a0cffb9413fe,Mr. Marc Kirby Jr.,40456362,67,10,670,2024-03-31 07:46:12.215291,delivered,20021,DC,American Express
dd00bcb9-516f-4c1c-8cbb-39b6d7aadc01,Danny Hall,04025504,49,2,98,2024-01-27 23:03:32.989486,shipped,20005,DC,Discover
6c0a7d44-f5b4-47ab-bad5-707e87a90f07,Victor Curry,14958038,65,4,260,2024-01-18 12:20:46.086314,shipped,20029,DC,Diners Club / Carte Blanche
a3a27e26-2a76-499f-aeed-1de6d1b4ab8f,Jeff Singleton,71580661,65,7,455,2024-04-14 08:38:37.170340,pending,20014,DC,VISA 13 digit
b0dcd8d8-6f44-4e78-85e7-690b4884a517,April Brooks,54890657,6,10,60,2024-06-13 07:07:01.340281,delivered,20017,DC,JCB 15 digit
fa9cd7e3-ea30-4428-a5a5-b5afbd65fa06,Patrick Griffin,85153660,91,8,728,2024-08-04 07:08:12.764120,pending,20021,DC,VISA 16 digit
a396a792-3966-4def-bb6c-9109018ab128,Jeffrey Pham,60727800,65,2,130,2024-01-06 19:27:27.979128,delivered,20011,DC,JCB 16 digit
4a55b8f7-77cc-49c4-bee7-437d9020b9ad,Mark Mitchell,42841654,90,10,900,2024-05-01 16:45:21.916306,delivered,20009,DC,Maestro
05e88b85-552c-432f-ba41-d0c75bc2fbad,Shannon Fox,99791445,86,10,860,2024-06-23 01:12:14.070884,shipped,20030,DC,Diners Club / Carte Blanche
8ecff610-28a8-4938-b5a6-1e1fd789cbd6,Alicia Benton,37028183,63,8,504,2024-02-11 16:59:00.957972,shipped,20011,DC,VISA 16 digit
c4342152-c12f-4aa4-9838-d02d3da5b744,James Day,79678032,19,8,152,2024-08-31 02:30:44.791941,delivered,20012,DC,VISA 16 digit
94610899-4e8c-4034-820a-854159109d90,Katrina Duke,03057827,79,1,79,2024-07-20 14:18:52.970980,shipped,20017,DC,Mastercard
7655437d-11ba-4530-b407-6b2beb70e231,Deborah Hale,33372204,69,2,138,2024-05-30 08:47:26.016680,pending,20018,DC,Maestro
7e1b698c-634d-4b18-b407-579f7cc36dfa,Brenda Thompson,59880158,64,2,128,2024-01-13 15:21:05.479622,pending,20030,DC,Maestro
c8872707-2b98-4487-b6b8-bcb9bad8b8f7,April Brooks,61139398,83,7,581,2024-02-14 18:26:18.182832,delivered,20017,DC,JCB 15 digit
f89d35c8-900b-41e7-aa57-8fdf40714951,Jennifer Cameron,71855509,89,6,534,2024-04-15 12:34:51.253637,delivered,20002,DC,VISA 19 digit
0b22edb1-cfa2-4c55-817e-1b1b8ed7fe1a,Darin Smith,73855118,26,6,156,2024-03-11 20:00:07.302116,shipped,20004,DC,Maestro
cecab711-f9d1-4413-80f6-159e4be8fa63,Kelly Villanueva,04593560,29,7,203,2024-02-22 10:38:38.597538,pending,20006,DC,JCB 15 digit
8ccad013-d58f-4af2-9d38-e260cb8a65dd,Zachary Tran,02856612,92,7,644,2024-06-03 04:55:03.224078,pending,20025,DC,VISA 19 digit
9719b849-d2f5-4024-8b57-d309d595bf15,Elizabeth Oliver,18078619,70,2,140,2024-08-22 02:51:46.831778,pending,20031,DC,Mastercard
2f8c2681-af4d-40cc-8941-4a0426e9d2d9,Penny Armstrong,12745470,92,10,920,2024-05-31 14:43:17.324406,shipped,20017,DC,VISA 16 digit
8bd6b6fd-8dcf-4d12-9330-c90cdc45abe6,Mary Williams,96475249,95,4,380,2024-03-07 02:34:11.615513,delivered,20031,DC,Maestro
9e53f957-6090-48d8-937b-d9a548037154,Christine Hernandez,77941282,12,5,60,2024-07-28 18:54:28.662243,delivered,20031,DC,Maestro
328cf954-bd28-4489-874c-6121943f190b,Teresa Patrick,36355082,100,9,900,2024-04-01 18:47:49.270116,shipped,20002,DC,VISA 16 digit
af9425e6-2966-469f-896e-7b210db39e43,Frederick Howard,59337430,16,8,128,2024-02-29 02:54:30.250228,pending,20024,DC,American Express
3fd1145f-0aef-467f-9fda-6ed5bc58d274,Heather Garrison,84437860,7,4,28,2024-01-22 05:31:30.093761,pending,20020,DC,JCB 16 digit
b717ea4e-0776-41cf-82fa-edbd27b348ba,James Moon,78459496,55,4,220,2024-02-15 16:42:01.696941,delivered,20021,DC,American Express
4dc66098-b7a1-4a6e-9bfe-73ecb6b61af0,Julia Wilkinson,36975259,87,9,783,2024-02-08 20:31:01.216223,delivered,20023,DC,JCB 16 digit
35b40900-8e4d-4fbe-9c45-2d50ebef5ae8,Danny Hall,08310330,28,8,224,2024-08-26 22:35:19.268433,shipped,20005,DC,Discover
d40008b6-a9ba-410d-b777-6e5eaf0cc436,Zachary Tran,29554256,38,8,304,2024-02-06 04:57:23.973816,shipped,20025,DC,VISA 19 digit
bc8ebf95-16ac-44f3-b72b-800b7c567369,Patrick Stephenson,12835126,26,6,156,2024-04-19 01:16:44.993607,shipped,20022,DC,VISA 16 digit
4ff7b4ef-8c0d-4749-892d-06decc9dd6ff,Jacob Miller,53030375,81,5,405,2024-08-01 01:35:59.788810,pending,20001,DC,VISA 16 digit
d6a17c4b-9407-468f-b742-8323a43aa2ac,Denise Barnes,55963985,43,6,258,2024-05-10 14:19:01.432483,pending,20001,DC,Mastercard
e7426f30-9d04-4dd6-8722-45b34e82bd0f,Christopher Robbins,37251017,58,7,406,2024-02-10 11:48:15.075907,delivered,20002,DC,VISA 16 digit
50dc199a-fe3d-4fea-92e8-66cd3c149846,Joseph Moore,59830078,42,1,42,2024-07-17 11:01:59.168230,shipped,20028,DC,VISA 16 digit
d84d9a71-7ea8-4e48-ac7f-2efdd4c91b11,Ronald Hunter,85630918,58,8,464,2024-05-19 19:52:54.100486,pending,20005,DC,Diners Club / Carte Blanche
770782db-f227-460e-a92d-7159cf908cc4,Julia Wilkinson,08310330,28,8,224,2024-09-04 21:16:18.117242,pending,20023,DC,JCB 16 digit
0d79c838-fcb1-4eef-9a47-b83bf9955402,Jeffery Davis,73754640,94,6,564,2024-07-03 17:16:55.973364,pending,20033,DC,VISA 16 digit
2d65162f-a75e-4084-b0a7-a25c9a9648ef,Jacqueline Prince,83955846,38,2,76,2024-08-28 02:02:06.631120,pending,20028,DC,VISA 13 digit
0e74123e-a206-4d2c-94c0-3cab52e81ce1,Erica Morgan,42646518,100,1,100,2024-02-02 21:15:09.582261,pending,20013,DC,VISA 13 digit
e2bf754b-97df-4202-9bee-d4a75bf0eb39,Sara Robinson,83338090,66,8,528,2024-06-16 13:56:07.254171,pending,20032,DC,VISA 16 digit
e9cf9ca9-11af-4447-ad41-97d5a014e053,Diane Lopez,22332271,82,6,492,2024-01-28 08:29:10.371296,shipped,20010,DC,JCB 16 digit
396f9975-8cf8-4da9-891e-5f198cacf122,Laurie Mcmillan,29090228,62,10,620,2024-04-19 04:59:05.992218,pending,20033,DC,Mastercard
43d827a1-3d63-42d1-9da5-54628482bce9,Kelly Villanueva,84556066,23,1,23,2024-01-01 12:31:17.921558,shipped,20006,DC,JCB 15 digit
689c8144-b819-442e-8818-58d5887a6e83,Jeff Singleton,51794682,74,9,666,2024-01-04 05:44:39.825038,shipped,20014,DC,VISA 13 digit
7de03a9d-0ff8-48fc-a0ea-b37b191d996e,Janet Ferguson,57877402,87,8,696,2024-07-09 04:35:27.565328,pending,20008,DC,JCB 15 digit
bab75ef3-e6f6-49b2-bb04-1705fd6a135f,Nicole Mclaughlin,93329965,51,4,204,2024-02-09 22:15:13.821101,delivered,20028,DC,Discover
e57bf7b6-52a3-4306-9a8c-bb083304007e,Darin Smith,13762469,46,1,46,2024-03-30 04:07:16.203566,pending,20004,DC,Maestro
055d9e1b-59ba-49f1-8959-2ee32c977d41,David Harvey,36139743,87,4,348,2024-06-16 14:58:36.578470,delivered,20032,DC,American Express
3e509486-0a26-4bde-a2a5-aefff144d71f,Melissa Smith,12105137,16,2,32,2024-02-22 23:09:47.409755,pending,20036,DC,VISA 16 digit
eaabed95-9b1f-4d37-9026-e6f828101dc9,Ronnie Cardenas,71236131,68,2,136,2024-07-07 17:45:22.165114,pending,20007,DC,Mastercard
00a3395f-4953-457e-89bb-782628a7a21c,Frederick Howard,15721303,50,3,150,2024-08-07 09:03:17.519421,shipped,20024,DC,American Express
71547e83-37d5-4105-841e-a9fbf51438fe,Christopher Robbins,23722194,42,8,336,2024-05-04 02:40:31.809472,shipped,20002,DC,VISA 16 digit
6dc10ce2-724f-4245-b305-2116cca055c1,Nathaniel Kim,64020846,33,3,99,2024-08-06 01:03:46.236139,shipped,20023,DC,Discover
e749da74-10eb-4edc-812f-08b80b54b184,Joseph Moore,24915106,94,2,188,2024-04-08 05:11:06.143319,shipped,20028,DC,VISA 16 digit
1f3460e5-bba9-4d38-8b0e-c19af08347e2,Ashley Blake,89112533,66,2,132,2024-09-05 05:15:42.891612,shipped,20011,DC,Maestro
858b7e4e-a4ac-47e3-b151-d99534653690,Jeffery Davis,95549491,90,9,810,2024-07-05 09:36:27.114945,delivered,20033,DC,VISA 16 digit
a64c15b8-29b4-4e89-acfd-4389474d29c6,Shannon Olson,15116055,38,9,342,2024-06-14 15:57:05.163897,delivered,20016,DC,Mastercard
c7b3b98a-7df3-472a-bdb3-2c9a68317e44,James Day,36725847,49,2,98,2024-04-11 15:04:11.922894,delivered,20012,DC,VISA 16 digit
bbfa9077-4e82-4149-a38e-fab474ade5cc,Crystal Bell,63175912,19,9,171,2024-08-07 14:50:50.244969,pending,20012,DC,VISA 16 digit
8074cae7-09b7-483e-959e-08ea0fbfef30,Blake Johnson,03714348,60,9,540,2024-05-27 22:01:50.707603,pending,20020,DC,Mastercard
4730c8c8-4c4a-4eb7-873e-0eb678f4585b,Ronnie Cardenas,71073415,96,6,576,2024-01-30 00:05:41.072729,shipped,20007,DC,Mastercard
a983a4d7-5b82-4e90-b0b4-845327f593d0,Bill Willis,22662309,16,3,48,2024-06-08 13:51:53.665187,delivered,20013,DC,JCB 16 digit
c13a3463-7f81-470e-8597-c0299b2b8cf8,Marie Ross,57313627,47,8,376,2024-08-31 23:06:34.806806,delivered,20030,DC,JCB 16 digit
e04e35d5-79b4-4a4b-82c7-628441c8c98a,Denise Barnes,37028183,63,3,189,2024-06-17 22:07:03.442398,shipped,20001,DC,Mastercard
399ad00c-93eb-4d45-bc44-e757af8e7178,Ronald Hunter,15721303,50,5,250,2024-02-11 09:49:09.802796,delivered,20005,DC,Diners Club / Carte Blanche
97f818c5-7adb-418c-9798-a855d9add952,Mark Garrison,05583669,76,1,76,2024-06-05 03:03:58.939562,pending,20039,DC,VISA 16 digit
0fb4debd-de77-49e9-b177-9213c79db773,Joseph Coleman,72727256,49,8,392,2024-01-08 00:47:36.525375,delivered,20030,DC,American Express
296e6651-0706-4770-9ae4-b672fbf1b690,Tammy Pitts,00947725,92,3,276,2024-08-27 09:03:20.453983,pending,20015,DC,Discover
db13b64e-7e72-49dc-91ed-ac2c9d42c645,Curtis Jones,83955846,38,8,304,2024-02-02 18:02:39.178004,delivered,20038,DC,Mastercard
42606d25-6b7f-4409-825c-01c688b6ccd9,Michael Frost,45454479,15,10,150,2024-02-18 19:18:48.436426,shipped,20012,DC,VISA 16 digit
df4862f4-4832-41ac-98e8-159ffccf19e8,Jeff Thompson,85599208,1,5,5,2024-08-20 23:11:39.527125,shipped,20013,DC,VISA 13 digit
85804fa4-7abd-4db4-9125-2b42a0e7560e,David Stephens,93212564,62,9,558,2024-03-14 18:36:21.880702,pending,20017,DC,VISA 19 digit
a27cd1da-0f82-4e27-8ce4-1b6f23699ee9,April Brooks,68511456,92,8,736,2024-03-13 13:14:20.995744,delivered,20017,DC,JCB 15 digit
f7099663-2407-4c0d-8492-0469c693cc56,Christopher Robbins,41196380,27,5,135,2024-08-22 14:05:19.061082,delivered,20002,DC,VISA 16 digit
7202258d-30f6-47b4-8ac6-3a9ced2ba2fe,Gina Santiago,00237512,92,7,644,2024-01-12 04:56:19.611516,pending,20036,DC,Diners Club / Carte Blanche
0b7b2228-2cc7-47e0-b5d6-8b42222e8355,Heidi Lin,72834107,65,3,195,2024-02-08 01:05:26.263426,delivered,20005,DC,VISA 16 digit
594ea1da-aaec-4d3d-bec4-dfb0d1c9a405,Blake Johnson,24586764,62,5,310,2024-07-01 03:17:48.990483,shipped,20020,DC,Mastercard
4e15b4d1-ad17-4329-b293-b21a94370705,Christine Hernandez,68632649,97,1,97,2024-08-07 01:20:54.472693,pending,20031,DC,Maestro
7d894161-2b85-42f1-9fdd-7cf46a7fbe08,Deborah Hale,25341973,79,4,316,2024-04-07 08:59:53.177942,delivered,20018,DC,Maestro
dd1d517f-c52e-4040-83e0-27eb5beb7f4e,Frederick Howard,46599193,49,7,343,2024-01-10 21:18:47.214110,delivered,20024,DC,American Express
caeab5c3-4ad9-4352-91f8-8274a83bf189,Ronald Butler,50411498,15,9,135,2024-05-28 13:15:45.906728,pending,20029,DC,JCB 15 digit
f0c3487a-354d-4b9c-9c1c-3d3d926ca98b,Donna Reid,42619710,43,6,258,2024-05-15 10:12:38.806141,pending,20017,DC,JCB 15 digit
a4b6c2cb-517c-4c11-af15-2b385500a1cc,Christopher Ellis,22332271,82,4,328,2024-07-18 15:09:50.883476,delivered,20033,DC,VISA 16 digit
eb6248de-5a49-4ff0-9a0d-346dcded8937,Marie Ross,65767740,62,5,310,2024-03-07 10:17:36.418068,pending,20030,DC,JCB 16 digit
40326735-8320-40b8-9f5d-39e282c95b9e,Erica Morgan,68097943,22,8,176,2024-08-11 05:52:23.858599,pending,20013,DC,VISA 13 digit
a4e0cf2d-37ca-42ac-b131-0298cd8bc413,Heidi Lin,31194587,21,5,105,2024-04-15 02:45:31.805137,shipped,20005,DC,VISA 16 digit
2d7d211d-aa77-4ad9-9c26-12b47e0da663,Deborah Hale,04025504,49,1,49,2024-08-28 19:50:37.568095,delivered,20018,DC,Maestro
9ff71860-0e85-48d7-a123-98e5c5758432,Jacqueline Prince,11676263,85,10,850,2024-04-26 16:41:23.637616,pending,20028,DC,VISA 13 digit
aec60550-a40b-40f7-84ef-348e825d9456,Dustin Nelson,05513697,34,2,68,2024-06-09 18:56:56.300653,delivered,20034,DC,Maestro
4ceb740e-8f3b-4b29-b851-4af4b5d229bc,Erik Armstrong,04703549,58,2,116,2024-04-19 23:39:35.350688,delivered,20034,DC,VISA 16 digit
3b79eaea-4f62-4af6-8751-b48820da055a,Jeff Thompson,57621654,74,3,222,2024-02-13 05:40:23.871725,shipped,20013,DC,VISA 13 digit
f176a0c1-298f-42d3-9f00-1568dfdfa42c,Jeffrey Pham,58994382,29,7,203,2024-01-14 08:28:05.148192,shipped,20011,DC,JCB 16 digit
ecdae0ac-d669-4a97-a96d-97ebbf49818c,Linda Jenkins,39930453,33,2,66,2024-05-25 15:51:06.611341,pending,20018,DC,VISA 19 digit
ed595016-fef8-4ca3-94da-cd34e1d0f683,Jodi Jones,25005219,31,8,248,2024-06-25 00:22:41.165295,pending,20025,DC,Diners Club / Carte Blanche
7aad5702-e977-4627-baf9-f9129d3afdb4,Anthony Fitzgerald,94147346,83,1,83,2024-07-09 03:25:03.140298,delivered,20004,DC,Mastercard
146824ab-839e-419c-8bb7-4af404d24292,Mr. Marc Kirby Jr.,40383439,41,1,41,2024-02-21 15:14:10.709784,shipped,20021,DC,American Express
3bcd62c5-fe7d-4c03-bf89-c5cff0165312,Christopher Ellis,40576183,50,5,250,2024-04-08 11:07:28.644109,pending,20033,DC,VISA 16 digit
793617bb-4647-4336-a8ef-983ebfb1301a,Joseph Moore,88301730,76,3,228,2024-04-30 00:29:21.451914,shipped,20028,DC,VISA 16 digit
b7a4be8f-e2e4-46f6-bc58-2432d17288a3,Donna Reid,33594989,8,1,8,2024-06-17 17:03:36.253557,delivered,20017,DC,JCB 15 digit
ca0e645a-c366-4d45-9c85-adbb23fe4672,Patrick Griffin,68333256,85,3,255,2024-02-06 10:22:42.944353,pending,20021,DC,VISA 16 digit
b7c7b862-e529-4268-9368-913cf10961d3,Danny Lucas,85575318,82,7,574,2024-02-12 17:56:56.462247,pending,20023,DC,American Express
a7784039-ade9-4d49-9d52-ab2c35836b48,Jennifer Cameron,01060171,27,8,216,2024-05-31 10:54:39.939735,shipped,20002,DC,VISA 19 digit
e4c0b76e-9d78-4fbb-93ab-e46cc3fe950b,Joseph Stone,54206977,76,3,228,2024-06-05 19:14:56.820132,delivered,20026,DC,Diners Club / Carte Blanche
2893d544-018a-40c0-b63e-6530c736b12d,Mary Williams,93212564,62,10,620,2024-04-12 04:43:06.483494,pending,20031,DC,Maestro
dacb4e58-ea37-4329-8714-dacb63170164,Dustin Nelson,73969778,30,8,240,2024-04-15 21:14:03.358445,pending,20034,DC,Maestro
c621e3e5-9666-4638-bec8-bdbfe9f464b0,Belinda Smith,69441578,72,10,720,2024-06-10 05:17:51.457353,pending,20034,DC,Maestro
ca54376c-1db1-46c7-b45c-2e5232f1db8d,Jacob Miller,50343577,88,8,704,2024-08-27 00:01:11.711036,shipped,20001,DC,VISA 16 digit
ac98f2e0-c7ea-4436-ac16-e537a15ee111,Nathaniel Kim,07827402,11,1,11,2024-08-30 13:46:33.396525,delivered,20023,DC,Discover
0a0054f4-0860-4f77-9622-3a34787cc757,Miss Felicia Price,52805509,57,9,513,2024-05-09 08:00:29.066533,delivered,20027,DC,Mastercard
a6cb9813-82fb-4783-bb7d-8d299502276e,Shannon Cabrera,27754672,35,6,210,2024-03-12 21:52:36.817608,pending,20004,DC,Diners Club / Carte Blanche
9f40ed59-c467-479d-a8e9-7537c8f602c7,Diane Lopez,24904193,28,8,224,2024-04-01 08:02:55.921218,delivered,20010,DC,JCB 16 digit
7679d4a9-8af7-4db5-97d2-6964cebdef9e,Ashley Blake,29743599,50,6,300,2024-06-19 15:43:59.035314,delivered,20011,DC,Maestro
ff532544-d324-4253-9be1-08e6ff4d6bf5,Danny Hall,52609831,54,5,270,2024-05-24 12:40:11.020765,delivered,20005,DC,Discover
d08bbdae-f70b-402a-b321-2e5e5f621e5a,Teresa Patrick,29911714,25,2,50,2024-02-23 17:17:05.299543,shipped,20002,DC,VISA 16 digit
4a8d984b-fbf7-4f2e-9ab1-568b8ff3591a,Shannon Fox,60640383,8,4,32,2024-03-06 02:48:20.026815,shipped,20030,DC,Diners Club / Carte Blanche
c31dbf49-87d1-4dd9-895a-cc8b8fac5b49,Crystal Bell,75507817,60,4,240,2024-07-28 22:11:08.747908,shipped,20012,DC,VISA 16 digit
b2053d78-b117-4277-891c-d2c6dc67e923,Kelly Kemp,83672521,75,8,600,2024-06-19 04:42:01.398855,pending,20029,DC,VISA 13 digit
ac209167-fae9-4c7a-9719-4698089c83b6,Cory Aguilar,59030669,27,4,108,2024-04-02 22:50:20.463448,shipped,20009,DC,JCB 15 digit
30adfec7-e1d6-41e3-addd-5bab544e2b14,Jeff Thompson,01379884,2,10,20,2024-06-10 05:18:47.303498,delivered,20013,DC,VISA 13 digit
94808386-c2ab-41cb-8ce6-47429b210b4f,Jared Smith,74892365,85,1,85,2024-05-30 07:49:43.280741,shipped,20022,DC,VISA 16 digit
ff16c08a-92e9-4634-b925-1c6d2ab08213,Erica Morgan,83338090,66,4,264,2024-02-18 11:43:50.581512,delivered,20013,DC,VISA 13 digit
50329f15-d3e6-440d-b323-b8742b0c229d,Mr. Edgar Fleming,45760099,30,6,180,2024-07-16 21:40:40.336838,shipped,20033,DC,Maestro
495f4cfe-7d21-41d1-88c0-b06783bd2a0c,Vincent Wright,30701335,13,3,39,2024-06-30 00:13:56.452183,delivered,20006,DC,Mastercard
