cbf9b21f-282b-4e02-9243-afcff58c1ee7,Steven Thompson,04590750,51,6,306,2024-06-18 11:41:53.498584,shipped,58611,ND,JCB 16 digit
437c0920-1a60-440a-a852-7e6a194b1dbd,George Lewis,74655717,80,9,720,2024-06-09 09:43:18.443946,delivered,58664,ND,JCB 15 digit
1c6b1e45-459e-4c61-93f6-29bfc55e0a1f,Jacqueline Gibson,70849868,78,8,624,2024-01-29 08:27:57.967022,delivered,58282,ND,VISA 16 digit
69883c79-e66c-4463-ad67-eb40e60298a9,Dawn Foster,21702433,12,6,72,2024-08-12 05:30:04.276433,delivered,58077,ND,Discover
6b43a96b-1116-46bd-bbd3-5dbcc466cbd7,Gregory Hansen,05931316,61,7,427,2024-06-24 09:55:20.618003,shipped,58350,ND,Diners Club / Carte Blanche
9dce342c-8a1a-4c1d-af22-b2101af7b7ce,Andrew Ross,57970998,70,9,630,2024-03-04 00:59:45.128975,delivered,58571,ND,Maestro
d16c5e3e-e0c5-400f-b036-956e9563fc68,Kristin Sanford,51312442,11,8,88,2024-04-19 04:25:39.322178,delivered,58451,ND,Maestro
e0deb595-a960-420d-b356-8848767ada5c,Danielle Wood,84717207,38,10,380,2024-06-27 13:41:38.155246,pending,58003,ND,Discover
70c30b2a-c481-4a1b-91f5-b25ce1f2c4b1,Michael Maldonado,66325383,29,3,87,2024-01-30 04:42:38.962744,delivered,58609,ND,JCB 15 digit
03dcabea-24ed-4394-8146-72c86d3620a3,Amanda Harper,42867289,12,2,24,2024-05-20 15:57:51.163134,shipped,58277,ND,Maestro
dc3f6859-e35b-4bb1-9c49-6371732fabeb,Renee Woods,11676263,85,9,765,2024-04-06 20:34:23.145345,pending,58178,ND,JCB 16 digit
d91c47e1-40a5-4f83-9254-7115a8cd8a16,Joshua Weaver,52098833,61,1,61,2024-04-01 04:10:34.673713,shipped,58832,ND,Maestro
6d676b11-8bef-4217-96c8-698333a03293,Kathleen Marks,17503594,48,5,240,2024-01-04 07:27:40.379192,pending,58030,ND,Diners Club / Carte Blanche
bfe422bb-b2bd-4a95-99ee-4862ca6d8ad0,Renee Woods,98414277,66,4,264,2024-06-14 07:17:10.975095,delivered,58178,ND,JCB 16 digit
38ae6661-f241-42dd-98f0-6773718530fd,Kathleen Marks,19615943,6,4,24,2024-08-17 06:21:23.678529,delivered,58030,ND,Diners Club / Carte Blanche
e817d748-c8eb-41bf-8a9c-65650500be87,Tina Pearson,02138701,1,4,4,2024-08-15 12:01:07.268273,shipped,58840,ND,American Express
e6c24f19-e008-4ebb-92a6-d4f66a24272e,Andrew Ross,39867230,12,1,12,2024-05-12 18:04:07.962711,shipped,58571,ND,Maestro
16d0fa98-d206-4264-84e2-08ecb64fe9b3,Andrea Humphrey,15986115,6,2,12,2024-01-27 22:46:20.521229,shipped,58528,ND,VISA 16 digit
9bee4c2b-4ce4-4ba3-a206-2f91a49247d7,Howard Hutchinson,21497834,39,5,195,2024-05-18 22:01:05.388591,shipped,58659,ND,Diners Club / Carte Blanche
8894f64f-1ae7-4cdf-8cb1-3f294a3d8a15,Jacqueline Rodriguez,32742022,24,4,96,2024-02-02 01:14:21.580902,shipped,58720,ND,JCB 15 digit
397e829d-c651-4219-93b9-ff7c925b1c9d,Kendra Taylor,64818986,12,5,60,2024-08-13 01:11:54.040279,pending,58702,ND,VISA 13 digit
e7e2f936-71fa-4877-bdda-c57d3629706d,Steven Thompson,54303119,40,5,200,2024-05-31 23:50:32.439464,delivered,58611,ND,JCB 16 digit
eb3def1a-c624-40b7-a711-f7a4f31b8277,Danielle Wood,97466741,91,4,364,2024-03-29 18:15:55.922201,shipped,58003,ND,Discover
510b9e31-8bfe-4f8b-9e12-534e0df9c322,Elaine Mason,34339800,12,8,96,2024-02-01 11:48:08.178355,delivered,58848,ND,VISA 13 digit
cdd67c2f-374e-48bc-936a-8e1b6f22b64a,Lauren Hahn,22963901,6,5,30,2024-04-05 23:06:08.483444,delivered,58017,ND,Discover
f7e81cc7-ff86-411c-a0e8-403bca71c564,Kurt Pennington,92499980,45,1,45,2024-07-17 18:35:43.313993,shipped,58011,ND,VISA 13 digit
064fab2f-8bff-42a9-9349-e87e409bd496,Louis Deleon,27293959,94,3,282,2024-01-29 09:06:00.699734,pending,58378,ND,VISA 16 digit
6e4c93a1-1be4-40dc-9a2d-849c81ed5e50,Mrs. Jennifer Carter,25501469,90,6,540,2024-03-31 18:02:08.244535,shipped,58424,ND,JCB 16 digit
ec3c6385-5160-4594-9fa0-d9c4915e341f,Danielle Wood,00049108,72,2,144,2024-06-12 02:29:43.653489,shipped,58003,ND,Discover
fd7cfd6f-ccba-477c-aca3-eb95f345e75e,William Church,01832440,74,5,370,2024-04-06 01:04:22.957299,pending,58463,ND,VISA 13 digit
255cf91b-3b0a-4c69-9372-4a1b2bc624a4,Jennifer Sharp,25341973,79,7,553,2024-02-01 01:37:22.057389,pending,58688,ND,VISA 13 digit
40a684fb-2f5b-4a85-b194-d5069103ed8a,Tina Pearson,29075430,44,7,308,2024-01-11 23:13:01.213324,shipped,58840,ND,American Express
c25f6032-0cff-487b-a205-b3b8b6ec96d3,Mr. Victor Stein,77484284,11,4,44,2024-05-28 23:36:10.674370,shipped,58286,ND,JCB 16 digit
389232ee-0c56-4f90-94ca-b87b7cdf4687,Sarah Wiley,22559784,4,10,40,2024-08-11 07:11:53.958706,shipped,58610,ND,VISA 16 digit
57e4082e-05d6-4d26-97bc-035783909ee0,Jacqueline Jackson,16100480,69,5,345,2024-08-21 15:38:51.619443,pending,58567,ND,American Express
c1ed0ac4-59eb-4fe1-8941-e4a8b0537d5d,Sylvia Hubbard,36975259,87,2,174,2024-09-02 05:59:37.039834,pending,58680,ND,VISA 19 digit
0d76d05b-0cd0-4288-a34d-4452c6b01229,David Hayes,39938688,12,9,108,2024-08-14 00:55:28.810282,pending,58468,ND,JCB 16 digit
262e5bea-a670-4003-9675-fae6244ee4c1,Renee Woods,02468594,59,7,413,2024-08-20 12:28:50.533963,delivered,58178,ND,JCB 16 digit
6190ef7a-067e-4971-b074-71b3c9330549,Jennifer Sharp,81567065,54,3,162,2024-08-24 17:01:15.086771,shipped,58688,ND,VISA 13 digit
09808757-5631-4423-86c0-47fc9709fb3a,Kristen Day,43053414,72,4,288,2024-01-09 18:18:35.385642,delivered,58664,ND,VISA 13 digit
3a455f95-4458-4e0b-a590-7d406c33394f,Elaine Mason,28078845,73,7,511,2024-01-15 22:25:24.275732,pending,58848,ND,VISA 13 digit
d76aa6a7-81de-4cb7-bb98-5bf5fe73e1c2,Kathleen Marks,14564741,95,9,855,2024-05-06 18:59:28.516970,delivered,58030,ND,Diners Club / Carte Blanche
58285ee8-c8df-46f8-aae0-75ca24784d3d,Corey Galvan,20331412,5,4,20,2024-02-05 08:18:30.842427,pending,58309,ND,Discover
f1156014-ba54-48a0-a35d-d09c74931bdf,Michael Evans,02138701,1,2,2,2024-02-09 01:22:30.702134,delivered,58663,ND,Discover
54885a02-f4f1-4d4b-ae26-082cac549455,Daniel Bishop,70257670,38,9,342,2024-03-18 16:13:05.536560,pending,58614,ND,JCB 15 digit
7432b80b-7fb9-4eec-808d-cb80da2a7333,Sandra Taylor,93570381,19,3,57,2024-03-28 22:26:42.286282,delivered,58758,ND,Mastercard
c08f8982-496d-4ee5-abe3-4348db56181d,Tonya Williams,11501145,15,3,45,2024-02-06 19:02:41.500879,delivered,58155,ND,VISA 16 digit
42818cf2-de4b-42d6-a6cf-45c5aec7db29,Jesus Morgan,52129674,86,8,688,2024-03-08 08:11:09.329223,pending,58202,ND,American Express
194a43f0-d120-45a0-91af-b17e64cbb77e,Lauren Hahn,01047004,78,10,780,2024-08-02 05:50:46.137354,shipped,58017,ND,Discover
2bfeb899-f8fd-49b5-b925-ae47dab9b4d8,Lori Thomas,00049108,72,7,504,2024-05-28 06:46:14.251125,delivered,58302,ND,VISA 16 digit
2cb79454-ded4-432f-bd68-d7db53788982,Tina Pearson,77875242,85,4,340,2024-01-30 08:58:37.823999,delivered,58840,ND,American Express
72327c0b-8967-4533-8303-c4d22fa63227,Steven Thompson,69863455,7,4,28,2024-01-13 11:49:57.329956,shipped,58611,ND,JCB 16 digit
869239c8-436f-42ed-9927-e79661402d26,Colton Foster,53089717,82,8,656,2024-07-27 23:57:09.809739,pending,58459,ND,JCB 16 digit
f2e567cb-e868-4f84-afcd-f70916d71b1a,Lindsay Ramos,88301730,76,2,152,2024-06-26 23:28:05.546916,shipped,58122,ND,VISA 16 digit
8a6af4fd-2445-415e-a6ad-823f7632cfb8,Michael Bray,09529434,34,6,204,2024-06-28 08:31:32.875023,pending,58378,ND,American Express
d0793ddd-12d5-4551-8a1e-35123ddd810e,Melanie Barnett PhD,42646518,100,5,500,2024-05-20 02:12:02.518709,shipped,58099,ND,VISA 16 digit
9e8b0995-7b2e-4133-a7ad-aaf6f555f2d6,William Church,36379712,22,7,154,2024-05-02 02:15:45.287206,shipped,58463,ND,VISA 13 digit
10df12a7-1367-4db3-a1c4-725002040192,Renee Woods,53030375,81,9,729,2024-02-01 03:12:54.743405,pending,58178,ND,JCB 16 digit
d39543a7-964d-4ec6-960f-a74874bb22ee,Brittany Chen,14564741,95,5,475,2024-02-04 01:54:23.491530,shipped,58074,ND,JCB 16 digit
7cc4dc44-b86d-441a-88e7-6d7bb7fcf328,Nathan Sanchez,61789067,5,6,30,2024-01-27 06:04:44.462687,delivered,58404,ND,VISA 19 digit
a4392dee-f490-48fd-94d1-53e5d055c58e,Desiree Flores,86900478,9,5,45,2024-01-07 21:53:37.852278,pending,58324,ND,JCB 15 digit
667bd2a8-b708-422c-b900-be2028c56e32,Louis Deleon,89112533,66,8,528,2024-02-20 14:10:00.747583,pending,58378,ND,VISA 16 digit
1c9fb19d-07a4-4343-8030-4d57edecf416,Amy Garcia,71624204,18,10,180,2024-03-19 12:43:29.515726,pending,58055,ND,Diners Club / Carte Blanche
228a104c-d9e2-414b-9577-ca4db82cf393,Dawn Foster,55579193,25,8,200,2024-03-06 09:23:26.395501,pending,58077,ND,Discover
5d56b68d-3731-4779-9ced-7b90c9997f58,Miranda Pineda,32499124,30,5,150,2024-04-02 21:13:22.640159,shipped,58017,ND,JCB 16 digit
4141a73b-080f-447e-88fa-0868473d0f31,Olivia Diaz,17779852,80,9,720,2024-06-29 17:09:18.623624,delivered,58710,ND,VISA 19 digit
e866fda0-ddb9-43f6-ae25-818561323563,Victor Yoder,98649273,32,6,192,2024-09-06 00:01:24.701978,shipped,58812,ND,VISA 16 digit
4215d868-d9c0-4d5d-b2c8-bef8c2c1f454,Erica Greene,40576183,50,8,400,2024-05-20 21:43:50.836912,pending,58575,ND,American Express
7ad2fa57-d6aa-4b73-81bf-4b42f7908fa6,Julia Reyes,44048341,77,3,231,2024-04-25 14:38:23.350947,shipped,58031,ND,JCB 15 digit
52ce91fc-6a45-4c11-ab24-f451d55a1e6c,Dawn Foster,33026503,55,10,550,2024-06-09 06:33:27.223743,delivered,58077,ND,Discover
811aeaf9-c621-4999-ba06-8b825d78a670,Michael Brown,67747283,5,8,40,2024-02-04 15:33:41.380980,delivered,58156,ND,American Express
3984c7fc-392d-4ef7-9527-24697ded471c,Eric Wiggins,05765690,35,7,245,2024-06-08 16:04:50.254126,delivered,58756,ND,VISA 13 digit
a3b48497-4eb8-453a-bbe4-baeb6f096046,Thomas Perez,26980201,27,3,81,2024-08-13 02:34:36.926164,shipped,58769,ND,VISA 13 digit
28973d21-e344-4e14-bd2a-07bc67e6846f,Jacqueline Rodriguez,14915338,32,4,128,2024-05-10 02:08:27.482079,delivered,58720,ND,JCB 15 digit
d211dfbd-889e-4276-935d-1a3218889db8,Kristen Day,56543667,46,6,276,2024-08-16 19:24:24.747815,pending,58664,ND,VISA 13 digit
69f08576-cafa-4b33-8d39-39ab03646c01,Sylvia Hubbard,70328592,6,8,48,2024-05-04 10:19:48.777704,delivered,58680,ND,VISA 19 digit
3cd2da57-0a4c-4bfc-8dce-a77f92e9e448,Kurt Bartlett,64666624,92,9,828,2024-08-25 02:25:33.922100,shipped,58006,ND,JCB 16 digit
5c9bc0e0-ce9c-4fc3-b4e5-5e7b851a86b4,Tina Pearson,42867289,12,3,36,2024-06-02 08:30:09.153661,delivered,58840,ND,American Express
b616a327-6066-4b32-af59-5d8f876ed945,Robert Johnson,52206405,69,9,621,2024-08-28 19:14:02.428595,delivered,58292,ND,JCB 16 digit
a3bb181a-41e4-4b43-b898-3e456b3c36cf,Amy Garcia,01437416,59,1,59,2024-01-09 02:51:11.513507,pending,58055,ND,Diners Club / Carte Blanche
5535953a-6527-4bdf-8cfe-c8834d4f17a1,Lisa Munoz,62490795,97,4,388,2024-07-14 08:58:14.253204,shipped,58667,ND,VISA 16 digit
cce71ffb-5a97-49ea-b05d-a12c27f390a8,John Sheppard,03837573,1,5,5,2024-03-27 08:07:13.108616,shipped,58053,ND,American Express
ba1494ca-d36e-4a07-baae-9054eabb9b39,Brittany Chen,23086234,17,10,170,2024-08-24 11:49:10.992573,shipped,58074,ND,JCB 16 digit
8e005a73-bc92-4db7-b387-dadd05e7d159,Michael Leonard,75055035,87,9,783,2024-05-28 01:51:51.693183,pending,58135,ND,VISA 19 digit
91ae8eea-0c26-40d1-8b08-fa846e3acfc0,Terry Avila,57683386,10,3,30,2024-08-15 15:21:37.819566,delivered,58607,ND,JCB 16 digit
e7ad6785-a8d0-47b9-b43d-c1106b843c78,Sara Greer,33435015,36,2,72,2024-02-10 04:35:02.594184,delivered,58324,ND,Maestro
b46f7294-7e41-44e0-813a-36e62ae6e106,Amy Garcia,95549491,90,5,450,2024-03-11 11:23:53.344909,pending,58055,ND,Diners Club / Carte Blanche
1228aee2-e0c9-4743-a1c2-7774c818016a,Eric Wiggins,70323191,52,10,520,2024-02-15 06:09:58.854156,delivered,58756,ND,VISA 13 digit
80760e85-4f08-4e5c-83c5-bdc889220653,Danielle Wood,69479175,64,2,128,2024-07-15 14:40:50.899060,pending,58003,ND,Discover
a89ce10f-7a87-41d2-9cf9-68127c177bbf,Kurt Pennington,56540246,77,10,770,2024-01-04 06:48:54.196528,shipped,58011,ND,VISA 13 digit
a31c3d63-17f3-438d-986f-c9a7b6987141,Kristin Sanford,57065519,51,1,51,2024-06-22 19:05:40.309683,pending,58451,ND,Maestro
c31d22db-e189-4302-a3d4-8803d80b2a5f,Renee Woods,99548780,50,6,300,2024-08-09 06:07:49.191493,delivered,58178,ND,JCB 16 digit
ed857698-f729-4f39-9c8c-f188c9b86c90,Edward Todd,58766415,54,7,378,2024-03-25 22:11:54.602792,delivered,58607,ND,Maestro
8e753c6b-9670-476a-8fb7-efa6fd49f9ea,Olivia Diaz,27385432,91,10,910,2024-08-24 07:53:01.899879,shipped,58710,ND,VISA 19 digit
a5e5b7cd-417e-42a6-b9d0-5ced05ce49ec,William Church,76571466,16,4,64,2024-08-17 17:33:54.868679,pending,58463,ND,VISA 13 digit
95f26698-4671-4e17-891d-4f182b4f8bc6,Sarah Wiley,83232503,76,3,228,2024-06-27 02:13:23.793040,shipped,58610,ND,VISA 16 digit
b6f234cc-b72c-4d3a-9267-f8946edd9ef5,Andrea Humphrey,24463393,88,8,704,2024-02-18 01:13:13.260882,delivered,58528,ND,VISA 16 digit
ec55ed62-3ba0-4264-bac1-d81ecbd229e2,Jennifer Warner,96475249,95,5,475,2024-05-16 07:00:45.227385,delivered,58713,ND,Mastercard
47d3e0ea-115e-44a3-b8a1-04cdb12bca5b,Lori Thomas,95212791,1,2,2,2024-08-28 18:58:32.403707,delivered,58302,ND,VISA 16 digit
a0e20fae-6ded-434b-8fa0-93d6e2ef2427,Angela Middleton,34656150,90,7,630,2024-06-29 20:59:03.242030,delivered,58404,ND,VISA 19 digit
9d5f4052-44ab-48d8-9681-32f2c23b7543,Colton Foster,18279979,49,5,245,2024-08-27 20:55:03.742708,pending,58459,ND,JCB 16 digit
1c859159-ecea-4a29-a607-02dd96bfb0a2,Phillip Mathis,31996723,69,5,345,2024-07-18 16:05:01.647696,pending,58063,ND,JCB 16 digit
bd6f5d3a-c3c7-41f1-b7f0-919dc34fc7de,Thomas Perez,33103723,21,3,63,2024-01-16 12:59:27.805657,delivered,58769,ND,VISA 13 digit
eb9f3171-e503-499f-9764-2b499e4419e3,Steven Thompson,49316414,25,2,50,2024-05-02 18:44:26.836331,pending,58611,ND,JCB 16 digit
b7985d9a-c3bf-4630-94f7-155df228101e,Dr. Crystal James,04787235,93,9,837,2024-08-02 01:50:21.100542,delivered,58792,ND,JCB 15 digit
5567541c-2a95-4205-9b06-edf1642e69f9,Olivia Diaz,23546233,87,8,696,2024-04-09 16:02:16.934551,delivered,58710,ND,VISA 19 digit
9db9147a-d3a3-4477-8e68-f924cca39ca1,Mark Mendoza,66642893,48,4,192,2024-02-02 09:06:42.533692,delivered,58333,ND,American Express
2fcd9fff-0a8c-447d-b6e7-0913ed9bfaf4,Jacqueline Jackson,42737117,45,7,315,2024-05-23 23:31:37.941198,pending,58567,ND,American Express
64838d89-51aa-4af2-b05b-8c8ba3d621fc,Kathy Long,17663366,58,10,580,2024-04-20 06:54:12.656724,pending,58812,ND,JCB 16 digit
d633659e-18ab-4f70-8d65-e89c27b72e05,Jeremiah West,43454358,59,1,59,2024-03-11 03:10:16.352454,shipped,58347,ND,JCB 16 digit
7a2c33b3-6c5b-453f-87fd-b79a6a2cbadc,Joseph George,12428557,14,5,70,2024-03-11 02:14:09.609380,delivered,58146,ND,VISA 16 digit
1ddc0cfd-d89b-42a9-81fc-03a270570678,Andrea Humphrey,14048357,35,5,175,2024-04-14 08:41:37.506185,shipped,58528,ND,VISA 16 digit
3555d364-d5ac-4850-891c-86d64a6b7efb,Thomas Perez,01379884,2,1,2,2024-02-16 03:40:34.229297,delivered,58769,ND,VISA 13 digit
63bf18f2-edbc-4ea8-995f-4bd392950437,Drew Dennis,49165883,49,1,49,2024-08-25 19:32:24.361294,shipped,58014,ND,Maestro
d75c585c-6071-457a-9e0a-8a9e2f9fd725,Kurt Bartlett,21128110,38,3,114,2024-06-15 15:48:24.793832,pending,58006,ND,JCB 16 digit
7b9a7e46-6693-4e37-afba-1ce88248db69,Laura Collins,77875242,85,6,510,2024-02-12 09:41:53.691869,delivered,58587,ND,VISA 16 digit
6793a150-822d-48fc-8de4-b3532f911aa4,Melanie Barnett PhD,72036570,55,7,385,2024-05-29 22:51:59.677679,pending,58099,ND,VISA 16 digit
b5515f0a-440d-438b-ae58-cea71e93da95,Corey Galvan,99791445,86,3,258,2024-02-26 15:56:32.595962,pending,58309,ND,Discover
e4cb4358-1b8c-4a4a-bfe8-aca4bdd6bc8b,Edward Todd,50066698,57,1,57,2024-01-01 17:58:01.195271,shipped,58607,ND,Maestro
364761c3-4fda-40ce-94fd-2ddc578f468b,Michael Maldonado,86467292,62,6,372,2024-03-16 08:26:40.525499,pending,58609,ND,JCB 15 digit
69f581fd-b619-4289-8629-160865e0aa96,Jesus Morgan,68363130,85,1,85,2024-08-18 04:22:24.661526,shipped,58202,ND,American Express
54d8e087-5943-494d-b103-83773f942e7c,Sarah Wiley,19682693,70,8,560,2024-05-14 06:58:48.260336,delivered,58610,ND,VISA 16 digit
905d097d-86c8-4756-9b2e-a8a731d64bc1,John Sheppard,79486026,41,10,410,2024-03-15 02:09:20.451746,shipped,58053,ND,American Express
da8fe667-7274-43c9-8095-329023559907,Gregory Hansen,13894016,63,2,126,2024-07-02 20:11:47.444589,delivered,58350,ND,Diners Club / Carte Blanche
7c95be7c-f2e0-4401-9a1c-8f17656aad6f,Joshua Weaver,57665061,4,7,28,2024-02-23 12:55:37.608684,delivered,58832,ND,Maestro
0ed410a8-1a3a-4dc1-8186-5071cac704ec,Connie Meyer,22662309,16,9,144,2024-06-28 19:52:48.666920,shipped,58797,ND,American Express
169bc6aa-8013-4e67-9138-b1cde3f53bc3,Lori Thomas,11571834,9,6,54,2024-04-15 17:57:01.252567,delivered,58302,ND,VISA 16 digit
1bb06e4c-3c6d-43e8-a1b4-4dd28e476426,Sara Greer,50277711,45,8,360,2024-03-23 11:47:03.469656,delivered,58324,ND,Maestro
46c73d2a-a496-438e-903f-a4d6195f7821,George Lewis,38077852,51,3,153,2024-05-31 11:49:45.133222,pending,58664,ND,JCB 15 digit
7f71002b-8ac3-4d9e-ab50-88b8ba24fa31,Richard Alvarez,74655717,80,5,400,2024-02-29 18:09:15.445111,pending,58591,ND,Mastercard
c169aaea-5159-4dd4-a856-046d42358155,Isabella Banks,07541407,5,8,40,2024-06-18 17:51:37.144659,shipped,58106,ND,American Express
bca94521-1509-4f07-acda-7ce6317dbbf2,Michael Brown,43691128,46,9,414,2024-05-03 23:17:11.894393,delivered,58156,ND,American Express
7216d9ec-cf1e-4f1f-8932-16dbb1dc771b,David Hayes,06926359,51,9,459,2024-03-03 20:55:22.990697,shipped,58468,ND,JCB 16 digit
45e0b0b3-f721-4ace-8cea-adfac40b65f8,Caitlin Murphy,38454936,82,8,656,2024-02-03 03:24:15.879162,delivered,58676,ND,Maestro
d88c9d65-658b-42af-8a1e-a95bee3625e5,Amy Garcia,54345232,26,7,182,2024-04-15 23:34:37.821091,pending,58055,ND,Diners Club / Carte Blanche
b7b98c70-c7be-4b6f-b6fd-a871071302b6,Angela Cook,70849868,78,2,156,2024-01-31 04:49:19.199678,pending,58174,ND,JCB 16 digit
c529a2e7-1217-44bb-9a1e-9d0c7201c1d3,Nathan Sanchez,46047755,51,6,306,2024-05-29 19:32:24.923143,delivered,58404,ND,VISA 19 digit
2eb2409d-260e-4f8c-afba-690afc30f699,Lorraine Mason,39930453,33,6,198,2024-02-08 08:37:11.429557,pending,58818,ND,VISA 19 digit
1815d443-0e1e-4af1-8af5-fedc0b6995f0,Jennifer Sharp,71855509,89,2,178,2024-03-15 23:00:18.863664,shipped,58688,ND,VISA 13 digit
5fa48553-dfdc-4598-818c-6f8e6b11050e,Robert Johnson,89244463,51,9,459,2024-03-17 00:38:15.634543,delivered,58292,ND,JCB 16 digit
77355580-9c2f-4bfc-964c-422715dd770d,Michael Maldonado,32565164,13,5,65,2024-04-17 00:14:24.859786,pending,58609,ND,JCB 15 digit
57cd7af7-db4c-4710-a588-300df69bca37,Connie Meyer,76487330,25,10,250,2024-07-22 06:10:56.164450,shipped,58797,ND,American Express
9f907306-3825-425f-b7db-784615ecde3f,Jesus Morgan,52204920,42,5,210,2024-09-06 17:53:32.705312,delivered,58202,ND,American Express
3aba993b-bc22-4749-bd83-81baa0087af0,Steven Thompson,72834107,65,3,195,2024-09-04 01:17:25.491570,pending,58611,ND,JCB 16 digit
cbfee53a-b809-4577-9971-dba17e6d4983,Daniel Bishop,53089717,82,3,246,2024-06-12 15:30:10.582165,pending,58614,ND,JCB 15 digit
8fde31e5-d16f-4fb5-8b4e-9ea27cea8109,Colton Foster,95450575,34,3,102,2024-02-06 05:46:13.572765,pending,58459,ND,JCB 16 digit
fa477966-6202-4a48-b31e-b8c5fbb6a7e1,Michael Brown,52498817,33,8,264,2024-01-08 04:58:33.210010,shipped,58156,ND,American Express
7222ca7b-d18b-425c-9a04-b572ec254a07,Danielle Wood,73969778,30,9,270,2024-07-03 16:28:44.313043,pending,58003,ND,Discover
5797fe7f-e3b1-4bf1-b21d-36762786e29e,Mrs. Jennifer Carter,73820048,88,5,440,2024-02-01 23:26:17.901655,pending,58424,ND,JCB 16 digit
6ce4f0ae-e417-43b2-97a0-ebf71d0373ef,Kristin Sanford,75415037,68,9,612,2024-02-04 10:19:06.095493,delivered,58451,ND,Maestro
bffa76f2-7990-4721-9ecf-e167a84f5e45,Melanie Barnett PhD,96841693,98,8,784,2024-05-23 12:06:10.324725,pending,58099,ND,VISA 16 digit
58dc4e2b-7072-445b-ac2b-ff0780f0f011,Eric Wiggins,59030669,27,4,108,2024-05-22 02:55:45.486523,delivered,58756,ND,VISA 13 digit
273b7bc0-9976-43d4-bab3-500920f902a5,Kurt Pennington,02492339,75,5,375,2024-07-29 18:00:04.049657,delivered,58011,ND,VISA 13 digit
d10c175d-91c7-4944-9095-2d99351dcaf8,Amy Garcia,23665231,18,5,90,2024-05-09 22:18:50.774485,delivered,58055,ND,Diners Club / Carte Blanche
d329cc4c-76ec-456f-8f56-516e98ea9ed7,Jacqueline Jackson,05818778,61,10,610,2024-02-17 15:38:19.972572,pending,58567,ND,American Express
7b85cea3-f246-407e-b4bc-ce394e6c3e08,Jacqueline Rodriguez,47829510,17,5,85,2024-08-31 17:47:04.289331,shipped,58720,ND,JCB 15 digit
edf7716d-109e-48f3-ac2e-d6c1cb57d975,Melissa Zavala,01379884,2,3,6,2024-01-13 08:43:41.307472,shipped,58394,ND,VISA 16 digit
90ab69ca-40d6-43fa-bc20-3385cbc6e907,Olivia Diaz,78483156,54,3,162,2024-06-01 08:18:40.325881,shipped,58710,ND,VISA 19 digit
254925cf-40a7-4b8d-a6dc-904da38f5d28,Richard Alvarez,01563894,33,10,330,2024-07-12 03:51:41.811197,pending,58591,ND,Mastercard
0a1f2b3a-329b-4681-8e99-f407abd8b106,Angela Middleton,25501469,90,6,540,2024-09-06 11:09:29.293123,shipped,58404,ND,VISA 19 digit
7a60e1d1-56d6-453e-822f-e37bc4ecab65,Colton Foster,19615943,6,4,24,2024-02-03 15:38:18.498704,delivered,58459,ND,JCB 16 digit
17f3ad91-1b12-4704-88b4-7ce5cb753232,Robert Johnson,52805509,57,5,285,2024-04-17 13:44:22.762604,pending,58292,ND,JCB 16 digit
3a934dc1-ed6d-4edd-acd6-f96f331439d6,Nathan Sanchez,89318805,80,10,800,2024-06-18 22:58:28.897938,delivered,58404,ND,VISA 19 digit
4e1ecb30-fd5b-48db-938b-8e082f505071,Amanda Bond,55096133,62,7,434,2024-04-15 07:37:32.327298,delivered,58013,ND,Mastercard
4d05fe3b-67d4-4d9c-8c41-92a8e050cce9,Travis Silva,74350261,25,10,250,2024-03-28 15:36:38.840451,shipped,58324,ND,American Express
d3d95d95-7c3c-449b-bc40-4a965874952a,Lauren Hahn,79941105,75,7,525,2024-02-12 05:28:15.162070,delivered,58017,ND,Discover
56bd2386-49ef-4708-b4df-e3f9d87bbe1b,Sally Leonard,68613556,82,1,82,2024-05-17 02:13:51.336570,delivered,58573,ND,VISA 19 digit
0293db10-4160-4313-a2f3-774c5f70e6e3,Jennifer Warner,29993581,71,9,639,2024-08-24 23:47:49.705974,delivered,58713,ND,Mastercard
12022aee-8666-4f8a-9b7f-8d9fc2d91f76,Melanie Barnett PhD,74655717,80,10,800,2024-01-21 06:20:40.206084,shipped,58099,ND,VISA 16 digit
fe5fa7ec-a71c-42db-a569-903477e3495e,Michael Brown,21128110,38,7,266,2024-02-24 11:11:28.050363,pending,58156,ND,American Express
01fa18b4-a71c-4fd6-8c24-fc640b6f799c,William Church,90782480,27,8,216,2024-06-06 06:32:36.668202,delivered,58463,ND,VISA 13 digit
d9d11981-fa2f-4d1e-bf8a-50286411246c,Pamela Hogan,93961325,45,3,135,2024-08-26 23:07:50.123696,delivered,58006,ND,VISA 13 digit
