a6d71710-2dd3-4f5a-96e2-71a9b55e0a87,Tiffany Moore,29743599,50,4,200,2024-09-04 10:59:41.132305,pending,73092,OK,VISA 13 digit
307aa97d-2367-424d-9b38-5cc1c8909d97,Angelica Chan,60784728,4,9,36,2024-04-25 19:21:09.940285,pending,73165,OK,JCB 16 digit
f8733205-0176-4d6d-9424-02a9e4668c82,Virginia Crawford,50277711,45,7,315,2024-02-17 16:06:46.040066,pending,73128,OK,Diners Club / Carte Blanche
320bcee4-e692-411d-9ae2-ce6566b2af90,Mathew Jacobs,44083274,23,9,207,2024-07-16 04:14:33.179808,delivered,73192,OK,Discover
29e2c0c8-6037-48d3-a923-b7c0f1e137ba,Deanna Le,30874664,47,10,470,2024-04-10 15:43:04.124640,delivered,73120,OK,JCB 16 digit
5a19334c-836f-4e56-b6a5-ae9f3abb113e,David Thompson,98457434,38,5,190,2024-06-07 19:47:00.049772,pending,73033,OK,VISA 13 digit
c3db5409-581d-473b-8599-29361397a8d9,Kelly Coleman,22020284,72,6,432,2024-07-19 08:54:10.682833,shipped,73055,OK,Discover
e79d91d3-7dc2-4b4a-9157-cf4f0107dbf9,Keith Barr,88291727,69,8,552,2024-04-03 11:32:41.537775,delivered,73161,OK,Maestro
5b48c4c7-14ba-4096-9189-ecb97f28c0b8,Priscilla Holloway,27693919,11,9,99,2024-08-23 05:29:40.131282,shipped,73095,OK,Mastercard
c43aecdf-bb3f-4f78-8533-e246cb481208,James Abbott,07302893,6,5,30,2024-08-08 12:37:20.945537,pending,73159,OK,Maestro
95b2b474-40f6-4c9f-b453-8685bf3849cc,Cindy Barron,21288074,77,7,539,2024-01-11 04:36:30.987286,delivered,73165,OK,VISA 16 digit
1f93db34-bcb0-4a8e-8508-a681fd428d98,James Larson DDS,20679590,76,1,76,2024-06-09 11:19:14.379373,shipped,73080,OK,VISA 16 digit
7e537194-0794-4d50-9580-7814beb603b0,Kimberly Conner,10934449,27,3,81,2024-01-16 06:06:08.332340,pending,73042,OK,Discover
2abf4eb9-609b-406d-a129-5d27ecc8a758,Kevin Frank,54345232,26,5,130,2024-01-06 00:14:25.931632,shipped,73057,OK,Mastercard
56ff083e-bb13-4fb8-8623-8e9edebd36db,Alec Johnson DVM,85678569,58,6,348,2024-03-19 23:46:44.769351,shipped,73079,OK,JCB 16 digit
2d0b744c-2b06-419b-ae7d-2b6751be4442,Erin Doyle,63105667,61,2,122,2024-09-05 23:44:26.648674,pending,73010,OK,VISA 13 digit
5dde0c89-c48a-40d7-a406-e599d65654ff,Anthony Horton,24120920,87,8,696,2024-02-11 20:35:23.152782,shipped,73041,OK,Diners Club / Carte Blanche
637a95d0-ca24-41c7-b58f-d3597f25155b,Regina Smith,23955486,93,3,279,2024-08-13 21:01:07.726649,delivered,73105,OK,JCB 16 digit
3ff6299e-f75d-441d-ad55-9d417268f297,Dr. Jesse Thomas,85630918,58,3,174,2024-06-16 06:31:32.795852,pending,73096,OK,VISA 13 digit
fcc4005c-1e48-404e-b835-4fccf8e0d0b7,Catherine Carter,46201379,54,9,486,2024-01-11 03:56:47.671956,shipped,73011,OK,VISA 16 digit
9b9de68a-7948-4058-a5a8-ca6d53d6b26a,Jessica Hill,13894016,63,3,189,2024-01-31 20:40:54.113769,pending,73052,OK,Mastercard
b423772e-53f0-45ae-9608-a55e57d16b7e,Mike Poole,82630683,65,1,65,2024-01-14 20:14:46.095867,delivered,73145,OK,JCB 15 digit
d9d8a47a-5b45-426f-b0c2-fea646c8f13d,Evan Burton,78483156,54,9,486,2024-01-21 12:57:06.114897,pending,73068,OK,Mastercard
28dcd8dd-746d-4e6e-8535-a4565d5c83c8,Anthony Christensen,84527486,47,7,329,2024-01-26 04:27:51.747885,shipped,73020,OK,JCB 16 digit
61e04753-d108-4aad-8efc-4c06e12cca80,Caleb Barnett,23960619,100,7,700,2024-07-06 18:08:50.079453,shipped,73143,OK,Mastercard
b3d64237-8c08-4f36-bd85-e527fc141fc4,Travis Morgan,02789897,9,9,81,2024-04-25 16:15:32.164506,pending,73089,OK,JCB 16 digit
69731a4f-f199-465a-8b6d-9cab14489f29,Catherine Farmer,60419347,91,2,182,2024-02-10 08:05:32.380137,pending,73106,OK,Discover
e74cf9cb-4fa2-4e0e-aa37-54fa8e65b2e9,Audrey Lawrence,93784672,46,5,230,2024-05-31 07:49:49.888393,delivered,73004,OK,Mastercard
03126448-c707-48e6-a82a-07fe468eb2df,Joseph Carroll,65767740,62,7,434,2024-05-27 16:31:39.597013,delivered,73001,OK,Maestro
26bbdcf4-211f-45fb-b4ad-d16f073e446f,Danny Harris,91316455,99,8,792,2024-05-09 09:41:50.879264,pending,73015,OK,American Express
0195fa5f-8f0a-46cd-b2dd-2a8a4de4c1ef,Virginia Crawford,03057827,79,5,395,2024-03-06 15:46:25.815835,shipped,73128,OK,Diners Club / Carte Blanche
b6350b1c-17b3-4f36-a23c-dc838fd0095a,Austin Hawkins,99937300,13,1,13,2024-04-07 06:36:16.867435,shipped,73017,OK,JCB 16 digit
ae7aa410-a380-4d47-929a-88294391d463,Holly Eaton,23546233,87,9,783,2024-05-24 06:16:41.760142,pending,73163,OK,Discover
7ffe6917-00e3-4332-b547-98c202ee2274,Charles Chan,60727800,65,9,585,2024-06-19 06:23:54.139173,delivered,73156,OK,Discover
272f9873-2993-45a0-a8d2-258369d19394,Mrs. Melanie Mccullough,88710105,1,9,9,2024-01-24 09:51:36.516711,shipped,73107,OK,JCB 16 digit
05b628e1-6d5a-4418-a55f-4aad5143cc7e,Joseph Carroll,46300195,41,6,246,2024-08-05 13:24:51.162349,pending,73001,OK,Maestro
9e064b69-0f45-4913-84bd-d27310a0f86e,Ashley Buck,67038640,80,3,240,2024-05-15 15:04:47.193694,delivered,73090,OK,American Express
8a0499fb-14a4-4571-a7be-e5028f1ee594,Danny Harris,19104171,94,5,470,2024-01-13 15:13:24.353238,shipped,73015,OK,American Express
a6afc415-2b42-4109-9713-88bb69504cbc,Kelly Coleman,57518336,61,5,305,2024-04-28 12:19:00.434926,shipped,73055,OK,Discover
084e88bf-4fc2-4217-87e2-b63bbee9aeec,Glenn Fuller,72494578,19,6,114,2024-04-10 01:42:59.942775,delivered,73045,OK,VISA 19 digit
c05e7300-9de6-4afb-b202-cf74273cd3af,Gina Barr,02127798,81,2,162,2024-06-08 15:47:44.444882,pending,73122,OK,JCB 16 digit
2f7999f8-fd3e-4278-b148-f8f41465b985,Stephanie Brown,13179731,93,3,279,2024-01-23 13:32:23.562782,pending,73198,OK,Mastercard
41a4c3cd-d91f-4267-bc67-91ada8bb75ca,Alan Davis,37028183,63,4,252,2024-07-18 03:35:54.557354,shipped,73069,OK,VISA 16 digit
8bf5d268-ceec-4975-b28a-05a78acdd873,Jessica Hill,11567745,34,4,136,2024-04-06 15:24:54.177031,shipped,73052,OK,Mastercard
5669935c-aaea-48f1-a8f8-5ed09dc6c1e9,Keith Barr,61435254,25,1,25,2024-03-22 23:12:32.358518,shipped,73161,OK,Maestro
886779d3-fb6a-4f83-99aa-136dc8b99f1b,Joseph Carroll,71977041,71,4,284,2024-05-24 09:00:53.487426,delivered,73001,OK,Maestro
087787d8-5e43-45f7-b7ad-1da7d50cc2ba,Deanna Le,54206977,76,3,228,2024-01-17 01:56:19.458768,delivered,73120,OK,JCB 16 digit
482d618e-a12b-4a0d-8853-02926ff3c9da,Anthony Christensen,49316414,25,8,200,2024-02-09 00:15:43.611993,shipped,73020,OK,JCB 16 digit
41d3ddd2-6643-4f72-8fa7-9d608e55d707,Steven Taylor,52098833,61,9,549,2024-06-28 22:54:27.174433,delivered,73139,OK,Diners Club / Carte Blanche
b58a7c9a-d198-447d-b304-d4de61f2b014,Gabriella Hendrix,72332986,45,5,225,2024-03-16 11:44:51.155499,delivered,73031,OK,VISA 16 digit
c7097237-b5a8-4711-818a-5824206b6fa4,Sara Espinoza,59337430,16,4,64,2024-07-30 07:45:29.706918,shipped,73131,OK,JCB 16 digit
e825bc01-7890-4efc-b398-05b8369db7bd,Angelica Chan,09042827,77,6,462,2024-06-28 08:57:35.497919,delivered,73165,OK,JCB 16 digit
1e5681ef-6d6e-49c8-a50e-d50eb7d14956,Alan Davis,51794682,74,8,592,2024-05-13 05:23:51.940675,shipped,73069,OK,VISA 16 digit
2bfdca45-bffa-4e85-9ab2-5628c13235e1,Mathew Jacobs,66003335,22,8,176,2024-04-05 03:36:08.056160,shipped,73192,OK,Discover
87142fda-5f8f-4efe-8dd2-4cbc7c032ddd,Jessica Mitchell,14282331,63,5,315,2024-03-31 09:22:38.457987,pending,73107,OK,JCB 16 digit
9878bbf8-33e6-4746-9bb0-3e3c9369b91d,Christopher Thomas,26980201,27,7,189,2024-08-19 05:11:49.422631,delivered,73176,OK,VISA 13 digit
6cd5ce40-5ed4-4b30-b52e-e27960572859,David Thompson,81853779,72,5,360,2024-05-20 05:13:25.959877,shipped,73033,OK,VISA 13 digit
fe278cd1-6dc5-4061-b72b-8434c395b05e,Joseph Carroll,63091731,76,2,152,2024-03-13 15:49:17.270169,shipped,73001,OK,Maestro
a9754b5e-9aef-475b-8465-fe118d154166,Alan Davis,97162063,42,3,126,2024-07-09 14:42:44.364925,delivered,73069,OK,VISA 16 digit
9b47e627-d58c-49a9-abde-c4ce9aafad14,Brian Wallace,99455262,40,6,240,2024-01-02 04:16:50.797066,shipped,73165,OK,VISA 13 digit
685350db-e637-453b-8e45-511c0e32ad63,Stephanie Harris,56557497,70,6,420,2024-02-27 21:02:19.637905,delivered,73136,OK,JCB 16 digit
6fbf1295-1bf9-4846-ba38-7de7102b82cb,David Thompson,30277441,78,1,78,2024-08-08 14:24:27.082458,delivered,73033,OK,VISA 13 digit
7bba31bd-87c4-4ea9-8c45-10e64efec412,Audrey Lawrence,94637359,83,8,664,2024-05-28 17:19:18.092206,delivered,73004,OK,Mastercard
b8d7b0c9-5252-40b5-85f9-37957efb01b5,Mark Perry,44953324,24,9,216,2024-02-06 23:21:52.621929,shipped,73027,OK,VISA 13 digit
f4771b25-f817-411c-9b39-135253697f0f,Deborah Lindsey,32433036,36,6,216,2024-03-15 12:45:26.774473,shipped,73007,OK,Diners Club / Carte Blanche
87b3ab1d-ecbd-4aa9-a01e-6a49b60b75dc,Joseph Carroll,35491767,50,10,500,2024-07-13 15:05:29.973956,shipped,73001,OK,Maestro
ac3f6043-a656-4a6d-8ac0-b483ceef750b,Juan Zuniga,86376501,14,10,140,2024-01-04 18:38:12.753401,delivered,73034,OK,JCB 16 digit
6641d0d7-e3d9-49f4-86af-f6ee853bc667,Lori Orozco,58084281,7,9,63,2024-04-13 15:38:34.190900,pending,73007,OK,JCB 16 digit
7220b214-97db-427b-8393-8a0b21bced1b,Rebecca Rios,17759854,32,2,64,2024-04-01 22:18:33.764680,pending,73053,OK,VISA 16 digit
2054d06d-87a7-4d0a-9a51-bfb3789d618e,Mark Perry,54557642,60,6,360,2024-06-28 01:47:56.754139,pending,73027,OK,VISA 13 digit
6f60111b-7bfb-404f-9c99-229c3b818f19,Tiffany Moore,83232503,76,2,152,2024-07-30 08:55:41.841923,shipped,73092,OK,VISA 13 digit
09f148e6-2954-4a98-b17f-a49d695a6994,Glenn Fuller,71073415,96,9,864,2024-07-18 12:00:12.920395,pending,73045,OK,VISA 19 digit
49a4927c-23ab-4b10-938b-4b38afd977a4,Mary Robinson,25494013,43,10,430,2024-06-28 20:19:36.073390,delivered,73044,OK,VISA 16 digit
74473b85-3ed2-4e5c-8589-af98fefad7ec,Steven Taylor,70512649,37,2,74,2024-02-21 23:53:01.685167,pending,73139,OK,Diners Club / Carte Blanche
d41bee53-78bf-44ac-b59f-f3077f2d6a3b,Nicole James,37853990,46,6,276,2024-02-19 22:46:18.143203,pending,73145,OK,VISA 19 digit
9931041b-0141-4d99-bc6f-ebebe7213082,Shelby Santos,35381600,97,8,776,2024-06-24 21:19:14.379689,shipped,73030,OK,Discover
f1da0449-2da6-4d48-828d-2fac412c9057,Jessica Mitchell,68542153,87,5,435,2024-01-29 09:55:58.064882,shipped,73107,OK,JCB 16 digit
67c60d43-ec71-489e-a421-794684246859,Alan Davis,17912020,95,6,570,2024-07-18 21:50:36.694949,delivered,73069,OK,VISA 16 digit
be0d484b-5790-4939-ad66-3094be7f494f,Anthony Horton,17139823,40,2,80,2024-05-29 04:40:21.044295,pending,73041,OK,Diners Club / Carte Blanche
aedb69eb-3c2f-4720-8db8-19861660ba5d,Nicole James,41678800,46,8,368,2024-03-12 00:25:52.136417,pending,73145,OK,VISA 19 digit
f58fe70c-45e4-4e8c-9d10-b5e2967f1682,Lori Orozco,42990703,4,7,28,2024-01-08 00:22:21.904914,delivered,73007,OK,JCB 16 digit
70ac4d7a-d313-496e-9ddc-4145a0e05fb3,Juan Zuniga,56877168,51,10,510,2024-02-10 19:41:40.705109,delivered,73034,OK,JCB 16 digit
8a2b5e7c-ba20-45ae-abb8-b73c5822ffc3,Mark Perry,96560686,21,2,42,2024-02-11 10:24:19.925893,shipped,73027,OK,VISA 13 digit
e53c1339-4417-4b99-b58a-f5b5cf0873a1,Ashley Hoffman,05903856,78,2,156,2024-08-25 12:20:10.370755,pending,73061,OK,Maestro
4df9342f-5030-4145-81d1-03d89c499bd9,Steven Taylor,74981168,60,6,360,2024-03-13 06:07:36.602435,shipped,73139,OK,Diners Club / Carte Blanche
5b564e72-525a-4f9b-8346-d7ad3bd9c585,Keith Barr,32479645,67,4,268,2024-02-21 17:46:27.994708,shipped,73161,OK,Maestro
efb182af-00db-40b3-a126-0a1743f91067,Timothy Davis,36379712,22,6,132,2024-04-27 09:35:15.613725,shipped,73132,OK,VISA 19 digit
05d8fe02-8a4b-45a5-8dbc-ca6697165000,Laura Brady,39001337,52,1,52,2024-04-13 15:29:54.309841,delivered,73142,OK,American Express
ed4188b8-4300-4b98-a4ae-ccb2e9323444,Holly Eaton,72494578,19,8,152,2024-01-14 22:08:18.671854,shipped,73163,OK,Discover
ae6c05f3-9bd9-4992-b82e-cfaf5627329c,Deborah Lindsey,73386353,29,8,232,2024-01-02 01:17:38.418921,shipped,73007,OK,Diners Club / Carte Blanche
6eb7c881-1672-4df0-8a66-71fed5ad7378,Virginia Crawford,71581866,26,10,260,2024-08-26 04:02:39.378819,pending,73128,OK,Diners Club / Carte Blanche
730e136f-19d2-434c-a816-c464f302f7dc,Glenn Fuller,91316455,99,2,198,2024-05-21 04:59:55.012927,pending,73045,OK,VISA 19 digit
0ba207a7-466e-4983-9f9b-df65d4123b67,Jade Hill,24904193,28,1,28,2024-03-01 10:03:10.585374,delivered,73195,OK,American Express
ada475f2-56e8-4461-98bf-ff3941c1c9f9,Mark Perry,15468727,65,9,585,2024-01-28 03:38:34.685599,delivered,73027,OK,VISA 13 digit
02953a3e-75b1-4166-a931-4c855593f7f0,Anthony Christensen,50411498,15,3,45,2024-03-06 12:59:07.982924,shipped,73020,OK,JCB 16 digit
cff8b668-52bd-4fc2-8e65-4936e6d342b4,Kyle Berry,45990113,56,4,224,2024-03-27 12:16:26.422797,pending,73163,OK,JCB 16 digit
91243caf-e4a9-476e-87aa-8fb5bdd3904e,Cindy Barron,08841247,82,6,492,2024-05-08 14:28:36.426489,delivered,73165,OK,VISA 16 digit
87496111-ed84-47ea-a2bd-b043b10435e3,Mr. Gabriel Wilson,64544106,7,10,70,2024-03-27 09:51:48.685581,shipped,73059,OK,Diners Club / Carte Blanche
32263ec2-f78c-4877-9944-0fbcecbfd98d,Alec Johnson DVM,99663650,70,8,560,2024-01-16 15:04:19.604744,pending,73079,OK,JCB 16 digit
615377b7-e618-44c5-9b0a-6566a1823b1f,Kimberly Conner,81186051,29,1,29,2024-03-25 02:17:59.431571,shipped,73042,OK,Discover
53e5a772-46d3-43b0-897b-42e775cce1b7,Julia Bradley,68206659,42,6,252,2024-05-11 22:50:29.954273,delivered,73010,OK,VISA 19 digit
080221a9-39a3-471c-9943-318a38a6ef28,Sarah Wood,28706434,68,6,408,2024-05-27 11:55:24.524123,delivered,73040,OK,VISA 13 digit
fef56353-3191-4075-bd15-f671ffd669cc,Nicole James,96475249,95,5,475,2024-01-18 22:46:32.738039,shipped,73145,OK,VISA 19 digit
93ab1a6c-5c60-43ec-a3b4-74407acd6a7f,Joseph Carroll,90812620,78,4,312,2024-02-18 04:58:23.666456,shipped,73001,OK,Maestro
5215440b-c9a9-47f7-922c-7ba96a6e6e23,Anthony Christensen,04061168,46,9,414,2024-08-13 23:34:04.584676,delivered,73020,OK,JCB 16 digit
1251c027-92a3-4462-8c1e-1dbad536ebb1,Caleb Barnett,66224938,79,9,711,2024-08-13 23:07:01.533625,shipped,73143,OK,Mastercard
78e2beac-b2b4-4b60-9092-ff7a592489ce,Jessica Hill,54019225,67,1,67,2024-08-25 14:07:05.870977,delivered,73052,OK,Mastercard
1f5514e9-5afe-446d-a3cf-f54f10415819,Donna Lane,53941794,85,9,765,2024-01-21 20:00:27.545207,shipped,73086,OK,VISA 16 digit
3d9b707c-26b8-4244-a6f9-4b0df6bedf17,Travis Morgan,36139743,87,1,87,2024-05-17 15:50:34.542584,delivered,73089,OK,JCB 16 digit
ba8caec4-3932-4046-98a4-25fcf39f5680,Christie Barnes,02738536,2,9,18,2024-06-09 16:16:02.396713,pending,73118,OK,JCB 16 digit
3e9a790a-23b9-4677-adb9-f8fcf7bb9ed8,Dr. Jesse Thomas,52598463,61,5,305,2024-07-20 21:29:28.298270,shipped,73096,OK,VISA 13 digit
9126b488-582b-4649-b857-6ef780beeb88,Catherine Carter,07250989,60,7,420,2024-04-08 03:38:27.397423,delivered,73011,OK,VISA 16 digit
578ef15c-9724-4375-9346-345a81c22036,Gina Barr,57777573,27,6,162,2024-02-26 23:47:55.701286,shipped,73122,OK,JCB 16 digit
6daecdd5-b845-4922-8724-a1f11f2db7da,Tracy Morton,45760099,30,9,270,2024-08-05 12:46:07.765960,shipped,73109,OK,VISA 19 digit
36d1f504-d010-4199-9f20-109fadcd57ab,Angelica Chan,28582687,6,4,24,2024-01-01 00:45:03.501693,delivered,73165,OK,JCB 16 digit
a07fdd4f-eb80-4cf8-b6af-43e2e53e6ab0,Holly Eaton,63091731,76,4,304,2024-08-18 02:46:49.822459,pending,73163,OK,Discover
d2fd289c-488d-48d1-9263-8835bc7a0826,Danny Harris,13762469,46,5,230,2024-04-24 13:35:28.643571,shipped,73015,OK,American Express
1ee8e129-82c9-4897-9b07-cbcca49c34a0,Virginia Crawford,31749145,15,3,45,2024-03-06 00:30:25.152864,pending,73128,OK,Diners Club / Carte Blanche
489f7864-151b-419b-92a6-cd96f3407067,Jeffrey Norton,07827402,11,9,99,2024-04-02 00:03:33.652109,shipped,73087,OK,Diners Club / Carte Blanche
5adfbc6c-cd94-482e-8302-c650d7e3b0a0,Christie Barnes,22714022,68,10,680,2024-05-07 05:49:20.444873,shipped,73118,OK,JCB 16 digit
c7169102-de29-47bb-ab58-0846820459dc,Audrey Lawrence,57642840,15,9,135,2024-08-18 12:51:04.036503,delivered,73004,OK,Mastercard
d9f44aa7-f219-4511-8b5a-7d4a937b6d00,Mark Perry,02043258,84,6,504,2024-03-04 22:46:52.465796,delivered,73027,OK,VISA 13 digit
028cd811-bafe-4493-8755-d1d7beae16a6,Jessica Hill,79941105,75,6,450,2024-02-09 16:44:39.259863,shipped,73052,OK,Mastercard
d52137ff-493b-4d85-aa96-2ddb4128d9fe,John Martinez,68542153,87,7,609,2024-08-28 20:10:03.217460,shipped,73095,OK,JCB 15 digit
8e2898fd-25c5-4e6c-aa5a-25dfea722fa1,Anthony Christensen,18986211,24,2,48,2024-04-07 15:14:03.835399,delivered,73020,OK,JCB 16 digit
4518424d-801f-407c-a6c5-4852aac35cbf,Sarah Rivera,07253331,33,7,231,2024-03-01 09:34:17.949159,shipped,73092,OK,Maestro
749fe781-d558-40fa-be85-de69ab7e883e,Jacob Ryan DVM,37798376,81,5,405,2024-07-15 14:11:27.785592,pending,73091,OK,American Express
cbb0e414-eda6-4c31-89ca-93ddafff7fed,Deborah Lindsey,86124379,21,3,63,2024-08-17 19:28:54.674666,delivered,73007,OK,Diners Club / Carte Blanche
7fdaf014-1f42-49e9-9645-056598320399,Kelly Coleman,99519056,78,5,390,2024-01-04 11:19:17.003132,delivered,73055,OK,Discover
b32c8e59-ad39-413e-80e0-9927cbb4ef2f,Tiffany Moore,42508571,41,3,123,2024-07-12 23:17:56.507645,pending,73092,OK,VISA 13 digit
7e3021af-7056-44e2-90ee-b4b143dbaf4d,Jessica Mitchell,71073415,96,4,384,2024-05-04 17:30:04.238408,pending,73107,OK,JCB 16 digit
324289f5-eb29-4c40-af55-47c42a076bf9,Gabriella Hendrix,59830078,42,10,420,2024-03-31 20:45:54.337173,shipped,73031,OK,VISA 16 digit
f92e9ea8-e69b-412f-95d2-850ddae4fcb9,Michelle Jenkins,49808636,51,2,102,2024-06-19 04:33:50.238543,delivered,73196,OK,Maestro
5d3f76d3-f296-4158-83d5-b5b73f6ad31b,Mark Perry,72834107,65,2,130,2024-08-06 05:31:29.366581,delivered,73027,OK,VISA 13 digit
93cd9e14-5463-42cd-8e82-47eac8869c4e,Michaela Phillips MD,31053280,22,8,176,2024-06-18 03:55:07.941045,pending,73019,OK,VISA 16 digit
c47e0886-cae0-4863-bf44-a3f6ec4b5154,Melinda Tanner,61084681,100,4,400,2024-05-23 00:57:02.802111,delivered,73042,OK,Mastercard
fb8eb3e7-2c38-4d06-a168-90f98ae7ba54,Keith Barr,05903856,78,6,468,2024-02-16 23:12:36.874865,delivered,73161,OK,Maestro
639b2537-3f34-4f36-852e-78b1689ae62e,Catherine Farmer,40456362,67,5,335,2024-08-31 03:31:40.237557,shipped,73106,OK,Discover
a779176a-0778-4b70-9ff1-0d230e7aa826,Glenn Fuller,97946960,42,7,294,2024-06-08 17:59:41.248230,pending,73045,OK,VISA 19 digit
