cd018591-1fe8-4dbe-8d79-28e746b5dd75,Robert Martin,34059036,71,3,213,2024-08-12 20:15:54.380289,pending,96929,GU,JCB 15 digit
7686a557-9f27-4d05-a091-42c3590f12a2,Elizabeth Warren,30471887,7,4,28,2024-09-01 16:15:04.641099,pending,96921,GU,Diners Club / Carte Blanche
5ff31468-8a6c-4cff-8c9a-b860e2216eea,Jacob Brown,48129633,39,4,156,2024-05-04 11:59:07.214750,delivered,96927,GU,JCB 15 digit
7b6a6387-8bb9-4051-a6e6-63dfa89d21d0,Mr. Brian Nelson MD,81132263,50,8,400,2024-01-19 08:44:25.926845,pending,96927,GU,VISA 13 digit
6a14dea1-1636-41f5-ac37-f6c022760bfd,James Gardner,49316414,25,1,25,2024-01-17 21:49:54.486695,shipped,96932,GU,VISA 19 digit
0b270bfa-b563-4112-bb95-219312e92997,Sarah Fox,90087110,16,3,48,2024-05-25 09:30:42.781855,shipped,96913,GU,VISA 16 digit
6a2385a6-6feb-4b9c-ac3b-00e8004a2ba6,John Norman,13702274,88,4,352,2024-05-05 10:26:22.370910,pending,96919,GU,JCB 16 digit
a692cba6-9820-421d-9d4d-17d66b7fe92b,Hannah Nelson,71807263,34,6,204,2024-05-28 08:13:50.975030,shipped,96922,GU,Maestro
407119c2-8e9d-4fda-bf43-e34eef347c8b,Brittany Parker,86657501,34,6,204,2024-08-01 16:01:27.761154,delivered,96930,GU,JCB 16 digit
713abadd-f2a1-48ac-ac2a-71a161cab1c9,Kurt Garcia,81579419,87,2,174,2024-04-28 04:58:57.310236,pending,96926,GU,American Express
37657eeb-58e8-44cc-a3a1-80773f026f30,Laura Jensen,93374897,60,9,540,2024-02-29 15:52:53.986117,delivered,96919,GU,Mastercard
93c8d770-c1d8-4311-9fa8-b365761b2981,Bryan Gonzalez,14982026,67,4,268,2024-07-04 12:32:41.621439,delivered,96927,GU,VISA 16 digit
ef54063a-800a-44d1-bf17-5a76640960c8,Michael Pena,55730501,78,7,546,2024-08-19 09:44:21.326814,shipped,96911,GU,Diners Club / Carte Blanche
fda89d26-fecb-4784-a687-55fb2263831a,Christopher Henry,02127798,81,10,810,2024-01-20 13:50:06.391410,pending,96923,GU,Discover
910400d5-aa49-4e7b-bd7a-5784f8c919da,Timothy Harrison,93712323,42,1,42,2024-08-29 17:40:13.868334,shipped,96921,GU,JCB 15 digit
1d33ed0e-0399-4920-9737-48b0babff7dc,Amy Williams,35491767,50,4,200,2024-07-05 18:18:46.113034,pending,96914,GU,VISA 16 digit
ee08a9bb-c5da-4967-b45b-537147cde0a9,Benjamin Garza,95126470,77,8,616,2024-05-12 08:10:34.055966,delivered,96924,GU,Diners Club / Carte Blanche
0b905f07-1ad4-43ef-9338-16ab65b0f3fc,Mrs. Heather Herring,64168432,77,7,539,2024-02-29 12:51:39.177630,pending,96915,GU,JCB 15 digit
bbb10043-2c77-4113-9e06-a7b63c486d0a,Deborah Cook,45990113,56,1,56,2024-08-02 19:30:42.810340,pending,96915,GU,Diners Club / Carte Blanche
0a700322-fc50-4869-83b6-743f33cf4863,Caitlin Hicks,21897122,20,1,20,2024-02-24 02:10:06.607410,shipped,96914,GU,JCB 16 digit
f7479125-014f-4cc0-8609-6f3983aba1cd,Debbie Merritt,11636779,61,7,427,2024-05-01 19:53:35.604728,delivered,96932,GU,JCB 16 digit
bd62b049-9a9c-4846-939c-4e95b4f02fef,Thomas Sims,27580707,43,1,43,2024-05-08 06:19:03.363531,pending,96918,GU,JCB 15 digit
67daf9eb-2c5c-428d-9936-8c4f3bb2bcf3,William Dixon,54308336,24,4,96,2024-05-30 16:48:03.132703,shipped,96914,GU,JCB 16 digit
64374e3f-b0c1-4ecb-9ac6-cb3e5df9f225,Brittany Parker,81579419,87,9,783,2024-03-26 20:24:52.660496,pending,96930,GU,JCB 16 digit
5a7bd74f-398f-4d06-8cdf-f201280d0d40,Melanie Branch,05281770,2,3,6,2024-01-05 15:09:03.576585,pending,96916,GU,American Express
0262513a-78c5-46ec-abbc-5fcb1363e406,Norman Hall,07444456,61,9,549,2024-03-09 14:09:27.425053,shipped,96923,GU,JCB 16 digit
bba235e9-6ae8-474f-a24d-d5b52c4b290f,Heather Reynolds,84535498,93,7,651,2024-01-18 05:06:34.312350,delivered,96918,GU,VISA 16 digit
a30625ea-0b63-4ec6-8b65-f1c66a93ebb1,Jason Beltran,82438999,37,7,259,2024-07-24 18:24:16.414917,pending,96925,GU,Discover
67eb510d-5b2c-4ebe-b33c-c98eb8995aee,Eric Carpenter,54557642,60,7,420,2024-02-25 01:50:31.588550,shipped,96928,GU,JCB 16 digit
f1360754-f578-4fd5-865b-af83fc5b76ca,Timothy Harrison,64817033,45,3,135,2024-06-29 15:45:46.162500,pending,96921,GU,JCB 15 digit
78b055bd-2d78-4e67-92d6-c1784a7236b6,Angela Mcintyre,73274872,34,6,204,2024-03-01 20:28:45.850344,delivered,96921,GU,VISA 16 digit
6ffa88c4-932f-4881-901d-7c150f60c1eb,Timothy Harrison,61886865,39,1,39,2024-05-22 21:28:45.101047,pending,96921,GU,JCB 15 digit
d44228ed-34bc-49c5-9574-4202d064a83a,Matthew Davis,02856612,92,9,828,2024-02-19 22:11:45.749169,pending,96928,GU,American Express
1cb5e101-e48a-4477-b2a9-2584c38b2650,Jill Davis MD,73855118,26,10,260,2024-02-10 18:05:08.319390,pending,96928,GU,American Express
1ff11697-56f7-40c9-a993-6b311993cbfd,Emily Steele,01869279,87,4,348,2024-02-21 16:23:55.514981,shipped,96915,GU,Mastercard
a29343a9-281b-4428-aa56-6fa6c594a979,Sheila Price,84391049,58,1,58,2024-08-01 17:03:37.444585,delivered,96930,GU,VISA 13 digit
55d6c132-f9f8-4149-9b1b-9e0845f4903f,John Norman,54001336,18,1,18,2024-07-16 23:37:11.874727,pending,96919,GU,JCB 16 digit
b51f1014-9106-40b7-9d1f-599595dba2a8,Eric Carpenter,46165756,81,3,243,2024-06-07 06:37:37.273574,delivered,96928,GU,JCB 16 digit
292f671b-c498-444e-895d-e273e8e9eb38,Matthew Jimenez,81021239,8,8,64,2024-06-29 09:58:11.357466,pending,96929,GU,VISA 16 digit
00f0a538-68ae-4296-a91e-6a8103dee737,Nancy Powell,40456362,67,5,335,2024-02-10 12:15:23.137892,pending,96925,GU,VISA 16 digit
a84fef67-ff6a-499a-b7eb-6ecb6655b2b5,Amy Williams,86657501,34,10,340,2024-03-17 09:27:05.915095,delivered,96914,GU,VISA 16 digit
1f2ead85-f4a0-4654-9c95-689f4087a69a,Christopher Henry,88856070,67,10,670,2024-05-18 20:25:38.239347,shipped,96923,GU,Discover
e51bdcac-dc48-45d2-a25c-155e919722ac,Heather Reynolds,72036570,55,10,550,2024-07-14 13:30:27.506841,shipped,96918,GU,VISA 16 digit
897ec647-dd2f-44f0-b7d8-bcae5adf1f28,Amanda Brewer,84295569,81,4,324,2024-04-25 01:30:58.640825,delivered,96930,GU,JCB 16 digit
339cb2fb-f19e-4416-910c-f2755123497b,Meghan Nelson,70323191,52,7,364,2024-04-30 10:33:40.508474,delivered,96912,GU,Maestro
fa6aae20-aa31-4f5f-8ac2-ef90cf8952c6,Emily Steele,22963901,6,4,24,2024-03-16 04:36:46.299926,delivered,96915,GU,Mastercard
58332b8f-ade8-4c75-935e-7a1f63511e8d,Eric Collins,48129633,39,10,390,2024-06-27 14:18:27.115103,shipped,96930,GU,Mastercard
4b035eb8-bcfa-4bc0-9586-e70290f1b770,Evan Gomez,93329965,51,10,510,2024-01-22 19:28:49.515397,pending,96920,GU,JCB 15 digit
bd63f091-e6cc-4898-824f-749f83c35f66,Shawn Green,50796083,4,1,4,2024-01-17 22:40:14.904045,delivered,96928,GU,Maestro
8a68796f-441d-4989-80c7-bf9b1975ccdd,Sandra Hall,65828045,22,1,22,2024-05-09 04:36:05.523854,pending,96926,GU,VISA 19 digit
cc65dee6-d8fc-425e-897c-3d6b1c5f9c1d,Denise Jordan,89244463,51,6,306,2024-08-17 22:55:52.301889,delivered,96925,GU,Maestro
58ae4f8f-2e05-4ac4-b577-e8571721b9f9,Nathan Williamson,18545135,75,1,75,2024-07-20 12:23:56.546975,delivered,96917,GU,VISA 13 digit
49529f1d-cb34-4edc-a3b7-90f68a18ef8f,Kara Lewis,27523414,52,6,312,2024-05-30 05:38:59.171581,pending,96921,GU,JCB 16 digit
cdf0977d-cbf4-4110-b97c-db3a1b37263a,Deborah Cook,17613477,18,1,18,2024-01-28 16:20:38.780006,pending,96915,GU,Diners Club / Carte Blanche
9b8e85db-de92-48cf-8e5d-36db61c6eb4e,Kayla Contreras,49808636,51,4,204,2024-04-11 21:19:38.602960,pending,96920,GU,Discover
7fe29f7f-ed69-4622-a9db-022bde404794,Dr. Danielle Woods,16100480,69,1,69,2024-05-05 09:21:20.309770,delivered,96921,GU,Discover
02f22bda-59a3-4fc1-afde-21b563b934fc,Robert Barnes,86995122,89,9,801,2024-04-25 14:02:30.883397,shipped,96919,GU,American Express
6ee5935e-71f0-4efa-a124-d3f1522d58a0,Timothy Harrison,46047755,51,6,306,2024-04-05 11:25:09.161357,delivered,96921,GU,JCB 15 digit
c66efbd8-37a8-4d5a-b54f-1049b81bbe7b,Amber Payne,49317428,73,9,657,2024-03-10 01:04:03.459662,pending,96931,GU,VISA 16 digit
8e15521a-c79a-472e-851c-f51254f5918b,Jonathan Pugh,76741333,80,5,400,2024-05-16 04:13:07.698391,delivered,96910,GU,Maestro
8b3a931c-d281-4604-b843-8c5ee76fa3c2,Kayla Contreras,78459496,55,4,220,2024-01-08 06:44:52.947119,pending,96920,GU,Discover
8b3ed3f4-4937-49b9-87ed-9ea726e3aabd,Amber Mays,32396980,24,6,144,2024-07-04 09:14:45.366380,shipped,96924,GU,Maestro
0425e9a9-1052-402c-a3d2-3a6c0b81f601,Leah Molina,47060104,45,5,225,2024-05-20 15:39:05.151502,delivered,96927,GU,VISA 19 digit
b0f7468e-a156-4fac-8bff-21eec434bd17,Denise Jordan,60489968,25,2,50,2024-06-13 10:56:49.158638,shipped,96925,GU,Maestro
3ed6b558-bc36-456e-81d5-4ca52666f40e,Matthew Davis,68927004,25,3,75,2024-08-31 09:18:47.001212,pending,96928,GU,American Express
c5388440-6103-44f4-ba0b-269e5ba4b009,Hunter King,61915213,92,10,920,2024-07-23 22:53:03.450573,pending,96929,GU,Diners Club / Carte Blanche
6ba7e4c8-aa6b-45c0-bf51-62a672c21d83,Timothy Harrison,05241804,50,3,150,2024-09-05 09:14:37.276074,delivered,96921,GU,JCB 15 digit
b85304f1-160b-429b-840f-0236337d99d4,Elizabeth Warren,58783634,8,3,24,2024-07-18 07:49:45.710993,shipped,96921,GU,Diners Club / Carte Blanche
74b5ce1d-0b1d-49ee-90a6-2e7aa5651cfc,Brittany Parker,33652887,47,9,423,2024-01-23 11:54:44.573156,delivered,96930,GU,JCB 16 digit
f307b966-f555-4f3b-be93-595101a1f28c,Sandra Hall,43808311,35,6,210,2024-07-27 08:56:41.267888,delivered,96926,GU,VISA 19 digit
b38f8545-4caf-47c2-9bb4-92fc4ea2544b,Brittany Fuentes,65252901,74,10,740,2024-02-05 23:49:12.234493,shipped,96923,GU,Mastercard
22c3cba1-f313-4c32-a21c-47d6593e5e6e,Tina Lynch,35381600,97,7,679,2024-03-30 04:32:22.079058,delivered,96913,GU,VISA 16 digit
e75e9e07-17e9-40a6-a08a-dad8f3cc7776,Robert Sutton,00476058,83,10,830,2024-07-17 21:10:48.137403,pending,96929,GU,JCB 16 digit
f985d3cf-6794-4e2e-bd7c-b15b0085099f,Debbie Merritt,22086945,62,7,434,2024-09-06 09:08:56.351922,delivered,96932,GU,JCB 16 digit
0e462808-bce2-472f-ba5c-c589af4fdd2a,David Young,97212294,99,7,693,2024-07-04 00:29:59.743900,shipped,96932,GU,VISA 16 digit
f4c88df3-c40f-4f45-b91e-a5427bbc20e5,Amy Williams,33652887,47,10,470,2024-08-08 10:07:50.805844,shipped,96914,GU,VISA 16 digit
ca18c4de-b0ea-49c3-b99a-592e813fffed,Christina Waller,48693707,48,2,96,2024-04-12 21:10:06.134453,shipped,96917,GU,Maestro
bcdcd8d1-25c1-430e-b6ff-6da0348dd752,David Young,25005219,31,10,310,2024-03-03 09:12:00.908652,shipped,96932,GU,VISA 16 digit
a0d355f7-9416-4a25-a4c9-66d8b99029ec,Angela Reyes,01077377,37,1,37,2024-09-02 21:43:54.376620,pending,96926,GU,Maestro
beb6c9b8-314f-4a7a-b757-32303b500943,Kara Lewis,27974162,95,8,760,2024-02-09 01:26:39.920630,pending,96921,GU,JCB 16 digit
732cf4a9-5c48-4368-a339-429a6d749398,Amber Butler,07961809,18,1,18,2024-01-29 14:32:59.418896,pending,96916,GU,Discover
0fc302b8-24b0-427a-bfcf-f6e86809438f,Hunter King,67986309,42,2,84,2024-07-08 05:57:26.184264,pending,96929,GU,Diners Club / Carte Blanche
8081f3d0-ac1c-483d-9505-3eaf2f082b99,Matthew Davis,18550597,91,6,546,2024-07-19 12:29:49.022662,pending,96928,GU,American Express
24c02b83-44e0-4886-a1d7-ab8066c87405,Timothy Butler,27884720,88,10,880,2024-01-04 04:17:28.379989,pending,96924,GU,American Express
b3d2c239-85e4-46af-b0a3-54bcada6de93,Deborah King,52129674,86,8,688,2024-06-12 13:49:31.411805,delivered,96912,GU,VISA 13 digit
054e9825-2112-42c7-b917-c04b177f5848,Norman Hall,12049646,71,9,639,2024-04-19 12:04:57.986394,pending,96923,GU,JCB 16 digit
569b5305-ab8d-4149-9af5-0504e67a53ca,David Young,09086586,50,4,200,2024-05-17 08:28:34.205875,shipped,96932,GU,VISA 16 digit
b5576346-4e13-4c46-baf1-e8101deebc21,Cindy Gillespie,42322214,27,7,189,2024-08-07 09:27:19.866354,shipped,96917,GU,Maestro
c83ecbfc-7fc8-4bff-8f67-07b5771822d7,Nathan Williamson,72585160,44,1,44,2024-05-11 17:25:48.275222,pending,96917,GU,VISA 13 digit
baddf13a-9a30-4bf5-afe8-e898aa25a895,Jason Beltran,22963901,6,6,36,2024-02-10 23:00:18.962342,delivered,96925,GU,Discover
2077504c-c2ad-4852-b367-9a4a1d0d1636,Tammy Reyes,67213733,37,2,74,2024-04-12 06:46:51.468410,delivered,96923,GU,JCB 15 digit
4172da77-aa48-4ce9-b539-865db139d7ee,Sheila Price,39208774,30,7,210,2024-05-12 22:47:09.288907,shipped,96930,GU,VISA 13 digit
02145c78-f920-4251-95c9-d5b944c72f23,Brandy Brown,54627123,82,3,246,2024-01-23 08:14:33.454122,shipped,96924,GU,JCB 16 digit
c1634207-e40c-44b1-a7f5-fc447d959689,Matthew Davis,49687545,40,9,360,2024-08-10 08:29:27.542694,shipped,96928,GU,American Express
ef0cfade-778b-4e73-ab89-daf38c490d26,John Ford,45247545,66,1,66,2024-01-20 15:45:00.937036,shipped,96913,GU,JCB 15 digit
519af44c-ccab-4fa3-8c6c-467594bc7b89,Bryan Gonzalez,48260886,23,3,69,2024-04-28 16:23:31.344608,pending,96927,GU,VISA 16 digit
fce0cc26-9bba-42ae-ba02-8adc9f0cbeaf,Cindy Robles,43075881,41,6,246,2024-07-03 00:21:03.630918,delivered,96929,GU,JCB 16 digit
54bad8b2-c483-4f6d-892f-916f37b4cd89,Eric Carpenter,44953324,24,9,216,2024-02-07 17:12:53.939507,delivered,96928,GU,JCB 16 digit
4a78eea1-98c3-4ad4-8144-810b9e5bbe75,Amber Mays,19018935,60,10,600,2024-02-14 08:04:37.105068,delivered,96924,GU,Maestro
046dc46a-0f80-49d0-b82a-6f6ca27df26b,Kevin Hampton,46599193,49,4,196,2024-03-19 08:15:55.345417,pending,96920,GU,Mastercard
bb101296-25de-4af0-b7ec-a2da03164310,Debbie Merritt,62276696,54,6,324,2024-04-28 08:36:13.411071,shipped,96932,GU,JCB 16 digit
312255c3-324f-4eb1-908d-0a1a218ed04a,Amanda Brewer,75415037,68,10,680,2024-04-12 08:42:57.123489,delivered,96930,GU,JCB 16 digit
10a0bac6-016d-4756-8b82-29222a2e2706,Sheila Price,56557497,70,4,280,2024-02-13 12:19:39.257331,pending,96930,GU,VISA 13 digit
e706ef53-0513-49be-b280-b7b5e74bfc0f,Tina Lynch,16382374,2,3,6,2024-03-24 16:09:47.893882,pending,96913,GU,VISA 16 digit
097d16d9-efa0-45d4-a4c0-879275092af9,Norman Hall,22662309,16,4,64,2024-07-05 02:22:21.294962,shipped,96923,GU,JCB 16 digit
3a333254-6167-40d4-8d8a-7f2f1e195fd5,Jacob Brown,72492697,86,2,172,2024-07-15 19:05:50.194543,delivered,96927,GU,JCB 15 digit
759d0c06-2565-4fc3-ae04-fddd58d62623,Kayla Contreras,31053280,22,4,88,2024-08-22 01:26:36.553315,delivered,96920,GU,Discover
4ac2b94f-072a-414d-a774-7b302d99c111,Deborah Cook,16250130,86,3,258,2024-01-20 18:10:07.885641,delivered,96915,GU,Diners Club / Carte Blanche
b7395e1b-19b5-432f-94c0-28f43824bcbe,Shannon James,62550376,44,6,264,2024-05-10 14:29:27.912720,pending,96927,GU,VISA 19 digit
3ad29518-e88f-4b27-8715-0173bb5fa601,Hunter King,00133319,53,3,159,2024-02-03 15:35:10.202341,delivered,96929,GU,Diners Club / Carte Blanche
bae74be0-f0a8-44f8-b37b-54bfc0f8900e,Willie Wilson,13762469,46,9,414,2024-06-13 13:47:10.500555,shipped,96918,GU,VISA 13 digit
300192fd-c10c-4be8-bdec-f44e6cfe0a2e,Hannah Nelson,17900133,75,7,525,2024-01-11 13:45:37.874503,delivered,96922,GU,Maestro
f558ed12-e409-4094-ae08-a0c8fc836317,Nicholas Gordon,61400313,89,2,178,2024-04-01 13:04:14.649005,pending,96921,GU,Maestro
b814c51c-ba5d-4c39-b044-96ce106946c0,Robert Martin,38454936,82,6,492,2024-09-04 11:10:09.633540,pending,96929,GU,JCB 15 digit
d2566e1b-c350-44d6-b1d7-4e302eb4b68d,Brittany Fuentes,83186523,96,4,384,2024-04-16 23:09:37.988580,shipped,96923,GU,Mastercard
482c3e08-634f-4a60-a6aa-b99b93c8e617,Thomas Sims,54206977,76,5,380,2024-05-01 14:57:35.533718,shipped,96918,GU,JCB 15 digit
86a2f62f-4423-4668-92d6-8d443843de4d,Leslie Walsh,60301352,54,4,216,2024-08-03 20:02:19.968990,shipped,96919,GU,VISA 13 digit
62dee8e4-0c96-4472-b4ab-a78c86ac575c,Timothy Harrison,92641471,45,5,225,2024-02-28 11:17:22.085348,shipped,96921,GU,JCB 15 digit
b9cf00a9-fb6d-4360-b44e-08cf05c75465,James Gardner,42990703,4,3,12,2024-03-21 11:30:10.038618,pending,96932,GU,VISA 19 digit
1a99c09f-949e-4e0c-94a8-7f91255420b3,Amy Williams,67148738,90,7,630,2024-08-22 23:01:15.833109,pending,96914,GU,VISA 16 digit
54a0ae07-4ce1-4dda-a41d-3ca4dcdbbbae,David Young,90056994,39,4,156,2024-01-21 14:03:05.181995,pending,96932,GU,VISA 16 digit
d5f525dd-e620-4c93-bbd3-5a87eb78759e,Bryan Gonzalez,37631833,94,1,94,2024-02-05 14:10:25.683872,delivered,96927,GU,VISA 16 digit
ec914566-8c78-4652-b58b-ab1f0943bb85,Meghan Nelson,05475049,84,1,84,2024-04-22 10:40:55.137849,shipped,96912,GU,Maestro
47906c5a-4c50-4537-86d8-4988b9999bcf,Raymond Jensen,07444456,61,2,122,2024-01-19 19:52:33.634452,shipped,96912,GU,VISA 13 digit
970bb63b-2f93-4603-9fb2-01e1e5f4d112,Angela Mcintyre,53730589,24,8,192,2024-04-21 22:36:38.666182,delivered,96921,GU,VISA 16 digit
57f99349-cc2a-4b90-923c-e6502660d06e,Dr. Kathryn Walsh,47986534,96,10,960,2024-09-03 07:30:23.961838,shipped,96913,GU,American Express
dbcc9cad-af88-4e6b-8c10-fbd3ff15f473,Deborah Mcguire,96110577,78,8,624,2024-04-06 11:41:59.192183,shipped,96930,GU,VISA 13 digit
f17d6d51-772d-4f5c-aa59-d4814ef74263,Kurt Garcia,88881706,56,1,56,2024-01-20 21:14:36.814863,pending,96926,GU,American Express
5733a6f8-90b7-41df-9202-097d7bebd604,Debbie Merritt,04577096,37,9,333,2024-08-06 04:53:10.110114,delivered,96932,GU,JCB 16 digit
1a1fde33-fa22-4bc4-ae60-0c346170fcc2,Robert Sutton,52805509,57,10,570,2024-04-26 00:18:28.302485,delivered,96929,GU,JCB 16 digit
926bedb6-5bc1-4a4c-ac8e-195a2ff847ed,Denise Jordan,24670074,16,8,128,2024-08-23 12:54:16.133037,pending,96925,GU,Maestro
cfba9cb8-bb13-4fb0-8c87-8f760155e9eb,Leslie White,99788155,2,6,12,2024-03-02 19:15:09.508311,delivered,96915,GU,American Express
ed900d9f-120e-48a0-b86f-d4d45a697195,Jennifer Hess,84981592,54,4,216,2024-08-07 13:24:22.355571,delivered,96915,GU,Discover
bc6acfb9-c2af-4808-ae9e-7025d17bdfae,Leslie Walsh,51098711,77,6,462,2024-06-02 02:51:29.865712,shipped,96919,GU,VISA 13 digit
4632e7df-2e95-49a9-a93d-d527558a9ef0,Heather Reynolds,30211889,59,8,472,2024-04-29 17:55:14.047063,delivered,96918,GU,VISA 16 digit
716aeb96-035c-4e1d-bb1e-fd5079d760c3,Jason Rollins,87081923,9,2,18,2024-01-09 22:13:11.439763,delivered,96923,GU,VISA 16 digit
a36f43b7-2e04-4597-8b33-5009f198a1dc,Amber Butler,02381695,43,2,86,2024-02-11 02:22:57.026962,shipped,96916,GU,Discover
4fc003af-81ab-4426-bdac-d99a86aeb3ca,Shawn Hoffman,68333256,85,7,595,2024-07-21 00:57:12.092720,delivered,96916,GU,JCB 15 digit
771ff74b-7995-4835-8650-0d0eab5cbd71,Daniel Snyder,86165112,80,9,720,2024-01-05 21:49:13.153360,delivered,96923,GU,VISA 19 digit
19e3970f-9c0f-414e-b3df-4e3c4f23a915,Margaret Conner,98772322,97,5,485,2024-08-11 22:28:11.323251,shipped,96925,GU,JCB 16 digit
ddb60b9f-84de-4dac-ba4c-adc69d88e3e3,John Norman,14282331,63,6,378,2024-04-26 01:59:56.744246,shipped,96919,GU,JCB 16 digit
283dd86f-9e07-42c0-ad68-095643c8db7b,David Young,49687545,40,10,400,2024-03-23 17:52:14.056186,delivered,96932,GU,VISA 16 digit
9ddca3f5-7106-4f84-ad8c-71aae72610dd,Brittany Parker,09608115,65,3,195,2024-01-27 07:42:18.459221,pending,96930,GU,JCB 16 digit
f5ae6d43-b6d6-455e-afc4-3cda1a638a4d,Robert Sutton,96560686,21,8,168,2024-01-22 13:00:29.890608,delivered,96929,GU,JCB 16 digit
827aa3bf-a69c-48b6-9f28-72006b16543e,Hunter King,89351796,37,7,259,2024-01-30 19:31:32.148829,delivered,96929,GU,Diners Club / Carte Blanche
acc0ff5f-9c66-4dcd-bc03-3c57f3610051,Ryan Forbes,89112533,66,8,528,2024-06-18 16:46:13.099297,delivered,96925,GU,Discover
f244eda1-871c-41ef-b936-8e3ca19d94c9,Christopher Henry,05281770,2,7,14,2024-01-11 07:36:48.557604,shipped,96923,GU,Discover
ef94c89e-1779-47a8-9530-49adada97642,Denise Jordan,03837573,1,9,9,2024-07-28 16:48:29.360102,delivered,96925,GU,Maestro
bf501a06-64b0-493d-a1aa-f17fee03fdbe,Norman Hall,20489977,11,7,77,2024-02-02 08:13:36.743031,pending,96923,GU,JCB 16 digit
adb51ef2-ae8c-4acf-94fa-7dbf12ad4f5d,Timothy Butler,49317428,73,2,146,2024-06-15 01:24:43.325576,shipped,96924,GU,American Express
fa257787-731d-401a-bc58-32d88d238b9a,Amber Mays,66097181,68,2,136,2024-08-03 12:31:40.094691,delivered,96924,GU,Maestro
fa93d1f0-8186-4e48-82d9-097f6fde3f58,Dr. Danielle Woods,65931882,13,10,130,2024-05-14 01:23:38.873212,shipped,96921,GU,Discover
6c8857f1-f581-4d22-aee4-fface95d9ecb,Shawn Green,23355934,84,4,336,2024-06-27 16:50:06.998574,pending,96928,GU,Maestro
0d02809d-63dc-4ad2-822f-9b54c0c48a7b,Sheila Price,38198151,46,7,322,2024-04-14 07:30:59.755233,shipped,96930,GU,VISA 13 digit
6c206bd1-69fd-489a-b61f-9e5ecc9b45ff,Angela Mcintyre,40299006,95,6,570,2024-08-27 10:42:22.741762,pending,96921,GU,VISA 16 digit
cd6b1b6a-2a8e-4b4f-9c66-578fc1f05c83,Donna Hogan,84381484,82,5,410,2024-04-21 10:10:31.427126,delivered,96921,GU,JCB 15 digit
432664b5-ccec-4139-b7e0-3d33765e0c53,Dr. Danielle Woods,98649273,32,5,160,2024-07-28 04:29:26.171113,pending,96921,GU,Discover
5f6d0d7b-b19e-4913-84a1-cb1ecc77be6f,Jacob Brown,46599193,49,9,441,2024-07-09 23:47:06.754019,delivered,96927,GU,JCB 15 digit
901c125a-0acc-4bbe-8dce-9a372a40f3d8,Kyle Manning,50528134,81,5,405,2024-03-29 16:23:50.691140,delivered,96910,GU,Mastercard
ace65bb2-4a5c-40ad-850f-5cb04611f028,Jillian Long MD,66541691,27,9,243,2024-01-26 03:40:09.776105,pending,96913,GU,Mastercard
1adee515-6e7d-4848-b1aa-2d741918e0dd,Kevin Hampton,17663366,58,10,580,2024-07-02 09:01:08.854308,delivered,96920,GU,Mastercard
6bd29312-d92e-4aa3-8632-f710873a0f82,Danielle Gregory,99519056,78,10,780,2024-06-18 12:48:25.629565,shipped,96929,GU,Maestro
730a28d3-e285-47f2-84ea-50394f49285e,Amy Jenkins,55846998,46,2,92,2024-09-05 08:15:02.392467,delivered,96910,GU,JCB 16 digit
f1ed3efd-7bc7-4f94-8c27-7af082cfcbe0,Francisco Pearson,68363130,85,4,340,2024-06-24 20:55:19.338015,shipped,96922,GU,JCB 16 digit
2d64318c-6316-4547-9f5f-70897fe8f2db,Elizabeth Warren,67747283,5,3,15,2024-08-20 18:32:57.918771,pending,96921,GU,Diners Club / Carte Blanche
fd1e5855-df5a-4f4c-8396-3f1dff929e84,Casey Ramirez,99302955,10,5,50,2024-04-13 10:37:20.578671,delivered,96910,GU,VISA 16 digit
4ad2573c-9dc4-4395-a636-b196cd4db1e2,Hunter King,73458609,67,9,603,2024-09-01 19:28:12.069023,shipped,96929,GU,Diners Club / Carte Blanche
c84b5bdb-a8e8-4e45-b87e-40da87b7cf01,Angela Reyes,13762469,46,8,368,2024-07-16 21:15:29.313169,delivered,96926,GU,Maestro
b9529f95-b2f5-47ee-a678-dbee9c793c04,Deborah King,05887194,47,2,94,2024-05-17 15:30:54.242414,shipped,96912,GU,VISA 13 digit
