ef45142e-3360-4a43-ae82-79571dfcc2d1,Jennifer Sullivan,42619710,43,10,430,2024-04-07 01:38:28.532773,shipped,03309,NH,American Express
268f00d8-3205-4095-9148-f3c190aac004,Christopher Petty,00546454,94,5,470,2024-02-25 23:28:11.223517,pending,03151,NH,Discover
5ba620ea-eef5-4013-99c9-78b384d26666,Eric Watson,22532916,47,2,94,2024-07-22 16:03:27.117827,delivered,03388,NH,Discover
ea802a7f-1df2-4c00-b84f-7ed8be79be97,Kathleen Martinez,94231854,20,2,40,2024-01-28 17:34:29.172033,shipped,03596,NH,Maestro
b8178e2c-d52c-4252-94a7-40f12a073e39,Chris Diaz,04025504,49,9,441,2024-08-14 12:22:11.373828,pending,03149,NH,VISA 19 digit
489aa836-7fc3-4c31-983e-ba3e2c1416c4,Priscilla Moore,83955846,38,6,228,2024-05-25 22:27:33.777250,pending,03756,NH,Diners Club / Carte Blanche
6096f452-3bf8-4c37-8c5c-422eb59c9fbe,Dr. Susan Patel,86908948,17,7,119,2024-08-01 22:50:08.814148,pending,03851,NH,American Express
bc3f50dd-1afd-4030-aa79-11c66e2770a5,Gerald Terry,87081923,9,10,90,2024-06-14 02:01:00.470769,pending,03204,NH,JCB 15 digit
9cf8f8f1-f1b1-4425-8c48-d4e1dd975511,Elizabeth Farley,72036570,55,9,495,2024-06-26 15:38:49.837066,pending,03621,NH,Mastercard
c1bdca04-883e-4766-9244-9787eb6bef7e,Steven Price,33761671,4,4,16,2024-06-26 08:04:24.193962,shipped,03076,NH,American Express
0f3021e9-51f0-4791-b894-7ee21b1b6b62,Valerie Lowe,66413905,100,6,600,2024-07-28 05:07:29.411594,pending,03624,NH,VISA 13 digit
25515815-4697-4de1-be42-19fb274889a9,Louis Miranda,68206659,42,4,168,2024-08-17 21:40:02.890080,pending,03597,NH,JCB 16 digit
2aabe9eb-08eb-4def-9f32-e9f636da4ed1,Angelica Burton,28899518,9,2,18,2024-03-26 00:45:04.695057,shipped,03305,NH,JCB 16 digit
70e4fce5-9378-4439-b1bd-27296aa0aa01,Elizabeth Smith,12837397,73,7,511,2024-03-04 12:09:30.245820,shipped,03370,NH,JCB 15 digit
a9e954aa-e5ce-4441-85a9-9ab0f0ea0d01,Kevin Wright,71413358,58,10,580,2024-03-29 16:07:41.620867,shipped,03702,NH,VISA 13 digit
36297d20-e34e-4796-8767-10f9b9353482,John Key,36139743,87,10,870,2024-07-18 01:39:59.810982,pending,03635,NH,Maestro
55055de3-5143-45cd-8ac2-7e5dcd584db4,Mark Roberts,42619710,43,9,387,2024-03-22 12:10:54.788987,delivered,03294,NH,American Express
910dfa1b-5acc-4650-bb78-2e6efe2ad734,Sharon Cook DDS,21888816,74,7,518,2024-03-02 11:35:50.611133,shipped,03181,NH,JCB 15 digit
359e63ad-57c7-4167-b065-e5845997b0b4,Chad Owens,48129633,39,8,312,2024-08-15 21:41:49.350557,delivered,03047,NH,VISA 13 digit
c9a467e1-00e8-48ee-aae1-d3825f649b72,Gavin Foster,93212564,62,10,620,2024-01-14 04:17:13.663363,pending,03881,NH,American Express
acba7d17-c20d-469b-bd91-7107342c91a6,Damon Meyers,37034559,9,1,9,2024-04-07 16:32:14.886885,pending,03213,NH,Discover
f67762ce-6c56-43f4-8f9a-553aa5b843c0,Tracy Joyce,93961325,45,4,180,2024-01-06 10:26:43.730923,shipped,03762,NH,VISA 16 digit
00c4e31f-f8d5-4890-87e8-4723579f9c30,Sandra Graham,33372204,69,2,138,2024-06-23 00:32:13.861871,delivered,03194,NH,VISA 16 digit
3b6feb4e-86d0-48a8-80c5-e04f81207069,Sarah Donovan,88126630,86,8,688,2024-06-15 10:49:35.319730,delivered,03712,NH,Discover
a5a46e43-e11d-4b7a-b013-d23a2f0dfd27,Scott Keller,49165883,49,5,245,2024-02-20 11:39:39.102584,pending,03727,NH,American Express
bbf8daa4-1554-46d0-8c0c-186bea573288,Heather Bridges,04206149,12,9,108,2024-02-08 03:07:59.488185,pending,03535,NH,VISA 16 digit
5138065f-fde8-4a78-9d3a-92ffd07155b3,Mr. Michael Torres DDS,47350458,72,4,288,2024-03-05 20:53:58.486762,shipped,03664,NH,Mastercard
e36c3f81-2368-4f2f-b4d0-ea358d59d0a5,Richard Fisher,42670520,37,4,148,2024-01-01 17:40:00.392251,pending,03564,NH,VISA 13 digit
8b78b2fe-d4af-47a2-98c4-8b379dd33c51,Yvonne Griffith,99332211,93,10,930,2024-03-14 14:11:41.441086,delivered,03298,NH,American Express
3d8c7e62-ae20-4972-bdae-bef10a57e0fa,Mark Roberts,00316217,51,1,51,2024-06-18 09:15:15.374754,shipped,03294,NH,American Express
127b801e-00e0-4633-9e6e-2fbf325b5453,Diane Carlson,19525204,80,9,720,2024-04-15 10:22:10.187922,pending,03414,NH,JCB 16 digit
48f424f6-8e46-478e-bb63-ad394231779f,Faith Perez,16981652,89,1,89,2024-02-24 10:24:34.468339,pending,03484,NH,VISA 16 digit
96b32fd1-179a-412d-b55f-7c46aaa7586a,Stephanie Hart,53089717,82,4,328,2024-06-02 21:00:07.475924,delivered,03590,NH,VISA 19 digit
8ac7f178-e438-4297-8fd7-9df41c16c412,Chris Diaz,50343577,88,9,792,2024-06-28 09:31:17.274391,pending,03149,NH,VISA 19 digit
07bad2d3-e2c0-4bbe-9043-62233ece7416,Erik West,12428557,14,3,42,2024-04-10 16:23:04.226330,pending,03234,NH,Mastercard
a4543cbe-9e7a-4ba1-a87f-3ccb7f4fbaa0,Emily Campbell,64945460,71,1,71,2024-01-30 01:55:45.229116,shipped,03033,NH,Maestro
bd0d3fdb-108e-4aaa-b0c9-a2edf96269fe,Kevin Wright,58919057,77,5,385,2024-01-09 15:24:37.543391,delivered,03702,NH,VISA 13 digit
7a021dd6-211c-4714-a2d2-b5a7673ee4d7,David Nguyen,18279979,49,9,441,2024-03-24 00:04:33.650166,delivered,03235,NH,JCB 16 digit
4ba7aa9f-7d57-490f-9127-b8fb83dd53ee,David Nguyen,55181822,82,5,410,2024-05-16 19:24:02.652161,shipped,03235,NH,JCB 16 digit
8df3fa05-c961-4f30-92ba-85078b66384e,Jennifer Bishop,85059108,91,4,364,2024-05-03 19:51:23.373786,pending,03231,NH,JCB 15 digit
632c00c6-2c7d-4200-a5fa-6ab2ccdf5245,Eric Zuniga,32396980,24,7,168,2024-03-27 16:30:20.432785,pending,03452,NH,VISA 13 digit
5cfb47ec-c58f-47b9-b028-b8f8f87e2973,Thomas Williams,79205986,19,8,152,2024-04-17 03:43:21.398679,pending,03404,NH,Maestro
fdd4ed04-0487-4195-89a6-d6449b84fc3c,Cindy Simmons,38198151,46,9,414,2024-06-12 03:31:17.041222,delivered,03240,NH,VISA 16 digit
93ded0bd-9ebf-4b03-b250-12afd6e58b5e,Sherri Washington,20916732,54,7,378,2024-07-30 09:12:21.320988,pending,03321,NH,VISA 13 digit
990fdb18-16b6-4399-89fc-b8b3482891ed,Francisco White,74655717,80,4,320,2024-07-28 02:08:07.171734,pending,03621,NH,American Express
bc34bdd8-966b-4134-8651-c5fbb67ba185,Erik West,70512649,37,5,185,2024-05-26 05:18:40.626203,pending,03234,NH,Mastercard
157572c9-d935-49b8-a5c8-281ef7e0689c,Rebecca Brooks,00546454,94,3,282,2024-03-04 05:46:27.727617,shipped,03093,NH,VISA 13 digit
472146e3-379f-4982-8413-659834dce6b0,Sara Clark,44048341,77,3,231,2024-07-21 01:45:35.764151,pending,03149,NH,VISA 16 digit
7d18d350-3a90-4d74-855b-c35856e03797,Emily Campbell,56543667,46,3,138,2024-08-04 04:25:04.153087,pending,03033,NH,Maestro
122b0c61-9f26-4322-bc62-c05682c23fe8,Elizabeth Farley,50678587,99,2,198,2024-07-30 17:44:48.986969,delivered,03621,NH,Mastercard
da206f78-1f7f-42aa-8e7f-4f87c6474a9c,Chris Diaz,31749145,15,3,45,2024-01-27 14:44:20.859324,pending,03149,NH,VISA 19 digit
de98fbd4-6cce-459d-9f15-f7dd96cbdbfd,Joseph Wright,00546454,94,10,940,2024-03-24 05:11:52.887044,delivered,03300,NH,Mastercard
59702591-ce51-44cb-8734-91a68fb209c9,Jacqueline Moore,47893047,51,8,408,2024-05-10 04:56:18.066798,shipped,03790,NH,Discover
43671b79-d03e-46e0-aa85-7e1cfe5e8d0a,Allison Harrell,61886865,39,5,195,2024-08-30 00:55:38.958661,shipped,03185,NH,Mastercard
a29261b2-1aa1-4652-a8b8-f7478127d7d7,Kathryn Flores,82438999,37,3,111,2024-01-04 04:58:09.166583,shipped,03838,NH,Diners Club / Carte Blanche
9309e844-e30e-4cbd-86ba-8594b067d3ee,Debra Odonnell,61915213,92,10,920,2024-03-10 01:54:33.592837,pending,03594,NH,VISA 16 digit
d304c425-8689-45ec-a369-6ecc97260115,Valerie Lowe,33216805,28,3,84,2024-02-03 09:34:42.572258,shipped,03624,NH,VISA 13 digit
1217a8e9-6338-4999-b50c-21503467f8c9,Julia Lawson,14915338,32,3,96,2024-03-20 03:54:51.332355,shipped,03535,NH,Mastercard
ef729d6e-9141-44d9-8b5e-cc22cd3b516f,Justin Perez,16548947,13,1,13,2024-06-12 19:58:26.805094,delivered,03696,NH,VISA 19 digit
f7c7681f-0b6e-4107-9fbc-711db67e4ee1,Eric Watson,30047976,44,6,264,2024-02-18 07:17:46.182851,delivered,03388,NH,Discover
5ce4dd3f-64cb-46c8-9c4b-aa46376d51e4,Francisco White,74655717,80,2,160,2024-03-03 18:01:45.536687,delivered,03621,NH,American Express
8641b4a6-8071-4e96-bd38-7e6839724e2a,Valerie Lowe,37016272,14,9,126,2024-05-15 17:55:24.449018,pending,03624,NH,VISA 13 digit
39f671e7-6fc7-40c5-a661-144e06feb69a,Joshua Townsend,87865653,44,7,308,2024-06-14 11:06:05.980773,pending,03725,NH,VISA 16 digit
ddde19af-76cc-4871-8c40-e4d76bf2860d,Jacqueline Moore,25883008,44,3,132,2024-03-10 03:01:25.588465,pending,03790,NH,Discover
460a24de-7e2c-4692-a960-96c3c170f5ef,Steven Price,51322502,71,1,71,2024-07-12 11:53:25.981561,delivered,03076,NH,American Express
fed66440-713e-4135-ab4f-6bce13a39bec,Allen Collins,36725847,49,4,196,2024-03-31 13:23:27.640837,pending,03681,NH,VISA 16 digit
5d7a2a50-dbb6-4aab-83af-c52882b9cbf5,Elizabeth Farley,95212791,1,6,6,2024-04-15 01:34:56.393639,delivered,03621,NH,Mastercard
a6469c10-4d54-42f0-9cdb-17bbaace09c8,Sandra Yoder,36308446,52,7,364,2024-06-21 08:43:46.555500,shipped,03417,NH,VISA 19 digit
ff213385-9464-4df1-bb4a-b841cd4f0fa2,Debra Odonnell,57665061,4,2,8,2024-03-16 09:17:45.587628,shipped,03594,NH,VISA 16 digit
d58992de-3d45-45c8-ae7d-1b3eabdabd83,Allison Harrell,20460075,90,8,720,2024-01-06 23:21:30.559611,shipped,03185,NH,Mastercard
1bf308ae-5ed6-492d-b019-a968967576d9,Patty Harris,04373315,80,3,240,2024-04-28 17:53:49.905061,shipped,03552,NH,VISA 16 digit
4a65533d-f124-4c2c-8171-a2cc77ee3991,Chad Owens,97154129,38,9,342,2024-06-05 21:39:12.096722,shipped,03047,NH,VISA 13 digit
40a2a770-b355-4d1c-bc52-0fadafa33e76,Christine Williams,24672085,59,5,295,2024-05-04 13:57:42.623603,delivered,03592,NH,Discover
a3c0353e-327f-4707-8df3-088b9c231049,Tracy Joyce,41174647,46,4,184,2024-05-29 09:53:43.371495,pending,03762,NH,VISA 16 digit
453bb19c-1667-4c46-baba-9605ef65e509,Jacob Fuller,49316414,25,1,25,2024-03-29 14:50:35.017191,pending,03292,NH,VISA 16 digit
c6f6ed0e-a314-4624-a064-9bf2d321f9e9,Amanda Patterson,01832440,74,2,148,2024-07-29 02:28:48.762634,delivered,03634,NH,JCB 15 digit
9b513f7d-da94-4ef7-8859-b3c5183a2692,Brenda Morales,85599208,1,10,10,2024-07-20 18:07:57.388499,pending,03814,NH,Mastercard
98986cbc-e65e-4906-98bb-4c97498460ba,Elizabeth Leach,67287970,75,2,150,2024-05-05 12:05:01.272421,delivered,03734,NH,Diners Club / Carte Blanche
d6dd729e-c587-4786-af3a-361422fbbb0e,Gavin Foster,27353332,12,5,60,2024-07-12 21:06:49.050697,pending,03881,NH,American Express
dd5fff9b-85ec-4d17-b1f0-c25552d73e23,Adam Hughes,70930917,20,8,160,2024-02-07 20:55:15.030255,delivered,03811,NH,VISA 16 digit
52f02d31-163e-403b-a36c-283f08699b1d,David Oneal,57518336,61,7,427,2024-02-07 23:38:27.641923,shipped,03847,NH,JCB 16 digit
c4b11b21-0937-4fa6-a43c-abdbc4ea774a,Eric Watson,58264171,25,5,125,2024-01-15 23:23:46.972658,shipped,03388,NH,Discover
2cd7bf9f-5098-4234-bf88-e5c97fe8c2cb,Mrs. Ashley Richardson,71581866,26,2,52,2024-04-27 21:46:07.927540,pending,03471,NH,JCB 15 digit
d067b9f2-a847-410e-8ba7-f5e29498892f,Sherri Washington,06932480,82,2,164,2024-08-12 15:42:39.661731,shipped,03321,NH,VISA 13 digit
0efee5ca-51a2-482c-80f0-3f16ac8532bb,Erik West,72944042,94,5,470,2024-06-24 05:04:54.206119,delivered,03234,NH,Mastercard
56a0eb63-b90d-4428-8a98-a3ae227f21fc,Christopher Perry,39529879,23,2,46,2024-02-01 01:53:49.233692,pending,03366,NH,JCB 16 digit
0949dcce-b117-4ed6-ad01-9d8579fa3f3e,Sandra Graham,36975310,29,3,87,2024-02-19 04:28:29.914059,shipped,03194,NH,VISA 16 digit
5227374d-82c4-4bef-add1-3d8decc09f68,Richard Fisher,92499980,45,1,45,2024-08-30 11:08:29.238070,pending,03564,NH,VISA 13 digit
7e1d5d51-9128-48d8-83db-16dddeb1cc23,Stephanie Hart,36431311,52,5,260,2024-05-22 07:44:33.626114,delivered,03590,NH,VISA 19 digit
30371577-1e24-4fb8-a59b-89a7958d6cb6,Damon Meyers,64573724,20,7,140,2024-04-04 02:47:55.096368,pending,03213,NH,Discover
307debb8-58be-43ad-93ab-f0cd4363e856,Eric Zuniga,65828045,22,2,44,2024-03-13 04:54:09.522847,shipped,03452,NH,VISA 13 digit
b1ccee1a-65a6-4a46-b698-b1eeb906daf9,Mary Osborne,30211889,59,10,590,2024-07-05 14:57:06.614648,pending,03889,NH,American Express
5c5de114-4781-4ac1-9bdc-0517667da407,Gerald Terry,90056994,39,2,78,2024-02-28 02:43:36.348299,delivered,03204,NH,JCB 15 digit
8c91655a-e06b-4ac4-b31f-d6327c6ec591,Lisa Morrison,24463393,88,2,176,2024-06-21 02:53:39.051142,shipped,03600,NH,JCB 16 digit
36805082-e9d0-41cc-9235-aab86ec88738,Linda Flores,37038250,65,1,65,2024-05-18 22:47:00.589462,shipped,03354,NH,VISA 13 digit
2a8396e9-a312-4bb0-9b79-532c5f03b8b4,Jordan Price,52805509,57,10,570,2024-03-03 16:37:57.903889,shipped,03821,NH,JCB 16 digit
2beab0fb-7cf1-4128-a11b-09f4e4fd8183,Allison Harrell,08189400,12,1,12,2024-09-02 05:23:18.373822,pending,03185,NH,Mastercard
3af2dfbe-7063-417a-9d14-62d74c9d5c76,Dr. Susan Patel,53089717,82,4,328,2024-08-07 01:22:44.588106,shipped,03851,NH,American Express
e93d1fac-02da-43fd-af4b-93a2f2538e3d,Jennifer Sullivan,23546233,87,2,174,2024-02-20 22:48:02.788847,delivered,03309,NH,American Express
99cdf145-c6dd-4267-9507-94f3ff648c94,Tara Alvarez,99519056,78,6,468,2024-01-28 00:29:54.630057,pending,03681,NH,VISA 16 digit
f5245385-1d4d-4d5a-bd8d-f5432929da38,Sandra Yoder,99302955,10,1,10,2024-04-24 06:58:10.414165,shipped,03417,NH,VISA 19 digit
635c5b6d-3c8a-447f-9b6f-1d4d6091556a,Leslie Cox,61400313,89,5,445,2024-08-21 07:07:09.213463,shipped,03348,NH,JCB 16 digit
465ecac1-6426-476b-b143-57af9f9acd01,Evan Lewis,69536960,28,6,168,2024-04-25 00:12:45.152084,pending,03323,NH,JCB 16 digit
d539d2df-d8f5-42ea-b1fb-5ab4b24a857e,Lisa Morrison,91224873,22,2,44,2024-06-12 08:16:20.085176,delivered,03600,NH,JCB 16 digit
42fbaf5e-0fdd-491c-bd14-534c959b6e28,Eric Zuniga,87865653,44,3,132,2024-08-31 04:33:26.692228,delivered,03452,NH,VISA 13 digit
3e92ea47-cf47-41c2-a45e-3b58e67729c2,Mrs. Mary Rodriguez DDS,79186070,79,2,158,2024-06-18 01:08:39.906707,delivered,03876,NH,American Express
34c208e8-5bf7-4fb5-a915-1bab7dbacf96,Jessica Douglas,53730589,24,9,216,2024-07-08 14:22:05.630134,pending,03663,NH,VISA 13 digit
ab93a77c-a2b1-4254-8e0b-34234d5c6550,Kathleen Martinez,52498817,33,4,132,2024-07-08 08:34:03.189327,delivered,03596,NH,Maestro
0b3e3685-888c-41ab-be75-f0e51d4eba02,Christine Williams,10367605,8,9,72,2024-05-11 15:17:30.983769,pending,03592,NH,Discover
6815d6cc-4437-41a7-b14b-88015200ce5e,Christine Holmes,74655717,80,9,720,2024-01-05 12:24:35.338238,shipped,03208,NH,Mastercard
fba494c0-5665-45ab-b552-12062b45fdb1,Erik West,19197111,9,7,63,2024-02-24 08:38:14.145921,delivered,03234,NH,Mastercard
c3d9f482-7a2e-4a79-9bd4-4aa831aff884,Timothy Wolf,87474695,93,1,93,2024-07-01 02:23:34.977681,delivered,03327,NH,JCB 16 digit
324929a1-a30c-48be-a51d-bc9a83d4c58d,Christopher Petty,85575318,82,1,82,2024-05-04 09:54:09.162220,shipped,03151,NH,Discover
b9417fef-c6ed-41a9-959d-b8933bc98b13,Yvonne Griffith,54548565,9,10,90,2024-05-20 11:39:27.816537,pending,03298,NH,American Express
f3a18c54-b8cd-453f-81c3-5a086aeace53,Debra Odonnell,83672521,75,8,600,2024-05-02 02:18:48.429468,delivered,03594,NH,VISA 16 digit
7bd59c6a-b8a2-4bf5-ad1e-7566fa27cf18,Christine Holmes,04206149,12,4,48,2024-01-25 20:13:05.187187,shipped,03208,NH,Mastercard
a3eae548-1b07-4019-ac51-eac336c6b452,Diane Strickland,06184490,28,5,140,2024-07-04 10:52:30.706885,pending,03835,NH,JCB 15 digit
fe5d9a61-4d66-404e-b925-2f055a5dcb91,Gavin Foster,97190424,81,1,81,2024-05-15 13:51:42.904210,shipped,03881,NH,American Express
b6aa6b36-1434-4233-b2d3-b06086222808,Richard Fisher,74892365,85,1,85,2024-01-26 12:09:40.580614,pending,03564,NH,VISA 13 digit
0036ac09-e425-4908-8a4e-349f6b9a7fba,Eric Zuniga,67287970,75,3,225,2024-03-14 15:40:30.165061,delivered,03452,NH,VISA 13 digit
fb4b398b-4753-4d8c-a733-4763cf150274,Joshua Townsend,68542153,87,8,696,2024-06-29 19:56:30.045808,shipped,03725,NH,VISA 16 digit
d466268e-1fb8-4e4f-9e06-2d510f18d9bf,Mr. Michael Torres DDS,44953324,24,7,168,2024-07-20 11:37:55.209584,pending,03664,NH,Mastercard
bd1b97d9-6f67-412c-ad6e-5d73c71ab7ce,Samantha Anderson,88710105,1,7,7,2024-06-18 01:36:37.748895,shipped,03864,NH,Diners Club / Carte Blanche
b1896465-081b-4406-acc6-4bc3e876d5ff,Allison Harrell,36379712,22,10,220,2024-05-05 14:35:27.391347,pending,03185,NH,Mastercard
57717e32-efb5-4695-b407-7e4c0ca915f2,Keith Odom,34866016,87,1,87,2024-08-17 01:46:59.965515,pending,03773,NH,American Express
abc7e740-b713-4be4-bee1-f4c90653dee3,Stephanie Hart,64818986,12,8,96,2024-02-21 00:22:06.919966,delivered,03590,NH,VISA 19 digit
17dc6bb9-78c1-405b-87b2-cff6afd112be,Jennifer Bishop,01379884,2,10,20,2024-02-15 19:17:29.020797,shipped,03231,NH,JCB 15 digit
8400de5a-79a3-4c88-8510-59e150f69ba8,Seth Johnson,68248239,62,4,248,2024-04-21 15:54:08.269640,pending,03312,NH,Mastercard
367ac834-afce-4af5-b392-8a36a21dddb5,Sarah Donovan,30756618,18,1,18,2024-02-29 20:46:11.904189,pending,03712,NH,Discover
6d926a80-95ac-4ede-8608-2791d486f50c,Damon Meyers,45760099,30,5,150,2024-08-16 23:40:24.223752,pending,03213,NH,Discover
01406a63-8e32-4c40-94ae-bc76a20fc9e9,Jennifer Sullivan,35907411,30,9,270,2024-04-21 21:27:14.609764,shipped,03309,NH,American Express
6d945934-57a8-4410-979d-d8cdd5d174c0,Mary Osborne,45208539,63,1,63,2024-04-07 02:00:09.095139,shipped,03889,NH,American Express
d84f7fd9-3b79-436e-96c9-8ef5161909fe,Justin Perez,25037012,82,8,656,2024-03-23 11:10:27.674037,pending,03696,NH,VISA 19 digit
df955255-ca0e-49be-94e5-ea8ea59e6657,David Nguyen,05818778,61,4,244,2024-03-05 12:45:12.829707,shipped,03235,NH,JCB 16 digit
0dba9b97-7ded-4469-9d50-7ba783cc29f1,Anthony Floyd,63217124,13,7,91,2024-08-17 02:20:31.639992,pending,03230,NH,Mastercard
aff71e90-a82f-4fc1-b85a-bde2df00118c,Priscilla Moore,13702274,88,1,88,2024-08-08 07:52:19.361748,pending,03756,NH,Diners Club / Carte Blanche
cacf517d-15c8-4756-b774-055708e13369,Jennifer Bishop,47829510,17,8,136,2024-05-15 11:07:05.824892,delivered,03231,NH,JCB 15 digit
e10fb6a1-5d13-405e-ab46-0ce037e83961,Allison Harrell,78179325,83,1,83,2024-01-17 03:31:43.085548,pending,03185,NH,Mastercard
e1dc395f-6cf3-4692-a861-aec1e000bca0,Valerie Lowe,22524683,84,4,336,2024-05-13 16:50:30.364232,delivered,03624,NH,VISA 13 digit
89ba948e-dfbd-4811-a43f-49944692e4b3,Julia Lawson,88920542,90,10,900,2024-04-17 00:21:04.086854,shipped,03535,NH,Mastercard
21d56e5b-52d4-4a03-98de-edbe02358aaa,Stephanie Hart,86066860,26,2,52,2024-06-21 13:06:58.794166,shipped,03590,NH,VISA 19 digit
099874cf-7f54-4799-a86c-d17961973f0b,Elizabeth Leach,27754672,35,8,280,2024-07-18 10:58:22.226863,pending,03734,NH,Diners Club / Carte Blanche
263cba65-b082-40fb-959c-447577669e68,John Key,68542153,87,6,522,2024-01-30 21:41:53.679803,shipped,03635,NH,Maestro
9681a061-2ee9-42ea-82b4-0f2aeef4cf26,Joshua Townsend,89278611,89,5,445,2024-09-04 04:58:20.720370,shipped,03725,NH,VISA 16 digit
676dc6c4-4ceb-4ef3-89fc-c2e4db50e629,Dawn Williamson,40839967,14,7,98,2024-08-10 20:42:56.001645,pending,03818,NH,Discover
5428f2e7-6cea-4fa6-b3cd-21f086bb70e1,Richard Fisher,67287970,75,10,750,2024-05-30 12:45:53.698444,shipped,03564,NH,VISA 13 digit
9dab51ed-ea8a-4fba-a3d0-1c47300776bf,Faith Perez,27884720,88,4,352,2024-06-02 11:43:55.639232,pending,03484,NH,VISA 16 digit
27bcaf7c-c99c-43b3-bb23-6bc1eca95913,Tony Richardson,19197111,9,10,90,2024-01-12 12:22:43.480031,shipped,03070,NH,JCB 16 digit
7035d80c-7905-4304-9971-ab0da3b8f0b0,Patty Harris,81579419,87,7,609,2024-01-06 02:42:30.121594,delivered,03552,NH,VISA 16 digit
608a2fcb-45a0-4c21-8b8f-b5e0cf585b8c,Emily Cain,25421965,84,8,672,2024-06-18 03:04:21.054426,delivered,03198,NH,Discover
dffd460c-0494-46b6-9331-59ef71269173,David Oneal,33372204,69,4,276,2024-07-31 00:41:07.847848,pending,03847,NH,JCB 16 digit
bf768918-4cf9-4284-8c6c-252f763cf600,Sarah Donovan,64020846,33,5,165,2024-08-01 01:17:16.738333,pending,03712,NH,Discover
541b2cb6-59b1-4343-a738-b08ed0e530bf,Diane Strickland,07859274,51,9,459,2024-02-26 23:16:42.577353,shipped,03835,NH,JCB 15 digit
6915dfb7-41f3-40b6-944b-b0e2ff10084f,Evan Johnson,09810693,97,6,582,2024-03-25 23:46:11.971653,delivered,03352,NH,Maestro
28524808-cb4e-4858-9559-af3cd959e57e,Sara Clark,40837253,67,4,268,2024-02-24 09:13:43.315182,pending,03149,NH,VISA 16 digit
518bc3e4-d037-486f-a465-ee52791dcb18,Valerie Lowe,50277711,45,8,360,2024-05-30 11:18:11.290002,delivered,03624,NH,VISA 13 digit
941fe5c7-ad5c-4cd7-8f65-e14c1824c038,Sherri Washington,02041308,68,1,68,2024-08-24 19:37:35.351938,delivered,03321,NH,VISA 13 digit
07954d2a-e3fa-41cf-b374-beac974555a3,Tara Alvarez,57452043,14,9,126,2024-04-15 18:29:26.393229,shipped,03681,NH,VISA 16 digit
c685f148-9865-45fe-abbb-e87d48edc31d,Kathleen Martinez,71073415,96,8,768,2024-05-12 04:21:21.311746,shipped,03596,NH,Maestro
ecada1d9-b251-4cb1-9b99-a25a91164bb7,Dr. Susan Patel,12105137,16,2,32,2024-02-15 14:03:55.704789,delivered,03851,NH,American Express
c655c102-5a2d-44f3-8add-b7f7eaad2f3e,Eric Watson,82630683,65,8,520,2024-08-14 14:46:27.873594,pending,03388,NH,Discover
6c20eeeb-99db-4fe6-984c-dbf5d66dfe33,Kathryn Flores,41509401,75,6,450,2024-07-30 21:39:38.571492,delivered,03838,NH,Diners Club / Carte Blanche
00d50f18-9e21-4a5a-aaa2-b2e73028a71a,Sara Clark,02127798,81,3,243,2024-05-24 15:25:26.869175,pending,03149,NH,VISA 16 digit
8f508a15-d997-4059-888b-0dfcd3da44c1,Christopher Petty,57665061,4,3,12,2024-07-01 13:05:24.393208,shipped,03151,NH,Discover
040b40c3-fec9-4155-a1a8-75ad2ebe98f1,Allen Collins,87775990,54,6,324,2024-02-08 20:49:22.429358,delivered,03681,NH,VISA 16 digit
5cd98133-57bc-49e2-8c9f-5c1bbd50841a,Cody Vasquez,00323802,55,9,495,2024-04-28 21:11:32.276541,pending,03515,NH,VISA 13 digit
3f29af01-e11b-400f-9713-f0bafe1b6a61,Chad Owens,24059947,87,2,174,2024-04-04 05:03:47.416876,pending,03047,NH,VISA 13 digit
a501d782-b9b4-4895-a358-2516934c525a,Tony Richardson,06713485,65,6,390,2024-08-11 07:40:06.305457,shipped,03070,NH,JCB 16 digit
58c2d83d-8064-46d6-af0d-eceaf2a4dc48,Jordan Price,51141462,10,9,90,2024-05-10 06:28:24.882269,pending,03821,NH,JCB 16 digit
1acbecc1-fd7a-457a-ba35-f74fb4418e30,Jennifer Bishop,00947725,92,2,184,2024-05-27 23:41:29.676341,shipped,03231,NH,JCB 15 digit
d72373b8-268f-4ce9-9105-11148d53c4a4,Tracy Joyce,38045592,35,2,70,2024-03-30 06:36:01.359526,pending,03762,NH,VISA 16 digit
00258f35-7f23-42ac-b5a6-170083b31539,Samantha Anderson,97190424,81,2,162,2024-03-14 11:43:26.725726,shipped,03864,NH,Diners Club / Carte Blanche
6b38a057-7dbd-4454-9c7b-e679f113b37e,Benjamin Craig,37251017,58,4,232,2024-07-27 19:49:08.735534,delivered,03103,NH,VISA 13 digit
ff82db87-44b1-4659-9fd7-7865c6e63c18,Andrew Kirby,84295569,81,10,810,2024-07-29 10:40:03.489326,pending,03680,NH,Discover
948eb2f9-a235-43b6-9c12-2cdba98bb305,Amanda Patterson,74563951,34,5,170,2024-05-14 06:46:31.053367,delivered,03634,NH,JCB 15 digit
e27174c9-15fa-4632-9fcc-0d13e52aac7b,Eric Zuniga,86900478,9,10,90,2024-05-28 13:36:48.617271,pending,03452,NH,VISA 13 digit
8f236431-5d4d-4bf8-806b-2bc0192de554,Francisco White,06345297,93,3,279,2024-05-02 18:20:13.817755,delivered,03621,NH,American Express
05cb04f8-3265-4de7-8589-30ddf54446a3,Evan Johnson,12580491,21,8,168,2024-06-01 18:50:16.226930,delivered,03352,NH,Maestro
89d4f5b5-42cb-48a5-94c2-b954649367e1,Anthony Floyd,68233839,56,6,336,2024-07-27 20:30:16.697938,pending,03230,NH,Mastercard
7844260a-8b4b-4834-ac8d-91e5183b6d6b,Tony Richardson,36538829,5,4,20,2024-08-07 20:43:34.553997,shipped,03070,NH,JCB 16 digit
bbfe3886-af99-4fff-8009-580cf1698d90,Darryl Kaufman,31235044,92,3,276,2024-08-06 08:39:43.099171,delivered,03748,NH,American Express
d42aebc5-65e6-4b7c-94b1-fdb73932eb35,Francisco White,91990150,65,2,130,2024-03-03 12:14:31.101194,delivered,03621,NH,American Express
b85f8df8-4ce4-48e2-b8d9-470e6258e2fe,Michelle Fernandez,79699181,23,2,46,2024-07-29 05:09:04.916816,shipped,03454,NH,VISA 13 digit
1858fbbf-88a8-41f9-b32a-5af70f2b9614,Elizabeth Smith,23960619,100,10,1000,2024-01-16 19:32:11.262283,shipped,03370,NH,JCB 15 digit
74383b71-4450-45f7-92f0-55de3f9c6989,Benjamin Craig,31194587,21,3,63,2024-03-12 15:47:34.578429,shipped,03103,NH,VISA 13 digit
e85b9246-e1aa-4417-aa2f-09a552b61b80,Samantha Anderson,50678587,99,2,198,2024-08-10 10:08:19.071113,shipped,03864,NH,Diners Club / Carte Blanche
43ba2c3a-1954-47f4-8587-004edb303f68,Brenda Morales,48003827,34,7,238,2024-06-27 09:15:29.561406,delivered,03814,NH,Mastercard
75320b14-c44d-477a-b9ec-166fe9b8f485,Robert Mitchell,16548947,13,9,117,2024-06-10 15:13:52.385207,shipped,03566,NH,American Express
3d330432-22f5-481f-bdad-1159c7e3bdf9,Christopher Perry,95211046,96,2,192,2024-04-01 00:28:05.259909,delivered,03366,NH,JCB 16 digit
a31f5b9f-dea3-4d33-9a34-3a746ab25293,Adam Hughes,22086945,62,3,186,2024-05-09 02:18:02.667754,shipped,03811,NH,VISA 16 digit
5e087808-25b0-4a20-8cb9-b5252babcc33,Scott Keller,26177786,4,6,24,2024-01-18 06:36:01.736984,delivered,03727,NH,American Express
031f8bf4-50e3-44e1-b8f7-7361bd9c0dd9,Faith Perez,72034040,84,2,168,2024-08-26 10:20:28.320559,shipped,03484,NH,VISA 16 digit
8a641662-33e9-49d1-85e3-164581a46114,Jessica Douglas,05281770,2,8,16,2024-02-03 03:50:14.361202,shipped,03663,NH,VISA 13 digit
ab72e6fa-8ae4-4687-af94-92b86cc37fbe,Joshua Townsend,89244463,51,2,102,2024-05-11 16:01:03.469479,pending,03725,NH,VISA 16 digit
4df597aa-9004-4acd-9be1-981646742ab5,Justin Perez,66003335,22,10,220,2024-02-07 11:02:25.222909,shipped,03696,NH,VISA 19 digit
