703ad090-3d10-42e2-897e-78a475979c6d,Karen Montes,31745550,77,10,770,2024-07-03 22:12:41.904369,pending,51186,IA,JCB 16 digit
a76dae4a-46ea-4135-85a9-6474ed772f82,Jose Kelley,80713432,71,7,497,2024-04-14 06:20:52.402637,pending,51322,IA,VISA 16 digit
638f89b4-a78e-4c10-b0f2-7b72b446c652,Timothy Sullivan,42508571,41,1,41,2024-06-04 16:47:19.252399,delivered,51666,IA,Maestro
394d2ac4-d97a-4bd2-88ba-1f28f2881ce9,Jacob Jacobson,00323802,55,2,110,2024-06-03 00:13:27.974030,delivered,50240,IA,VISA 13 digit
27aa58bc-a6a8-43d9-9c49-41cd89bde5a7,Lonnie Brown,82782665,62,8,496,2024-08-05 19:02:06.607514,shipped,52477,IA,VISA 19 digit
e6ae65c9-99c7-4644-9c7e-612a04b647cb,Victoria Kim,01077377,37,2,74,2024-08-14 22:58:12.254030,delivered,51664,IA,Discover
acee1f16-7e96-4c2e-ba30-d04729b68550,Yolanda Alvarado,92641471,45,5,225,2024-05-11 16:50:20.727242,shipped,52504,IA,Maestro
ae62674a-8e7a-4260-8009-59ddcb6e7786,Danielle Faulkner,46165756,81,4,324,2024-07-10 12:50:43.588677,pending,50412,IA,Mastercard
3a6de3cb-4dad-436e-b093-3fa3b1ac1511,Nicole Heath,95914008,70,9,630,2024-08-21 04:04:16.726038,shipped,52431,IA,JCB 15 digit
53e77749-2774-4c8a-978c-c58bc8d96950,Linda Harrell,02328003,85,6,510,2024-06-11 22:32:39.353784,shipped,50041,IA,JCB 16 digit
a0a064d5-a7e5-470f-8f77-78e96c51e411,Amanda Sloan,33367361,26,5,130,2024-01-23 14:32:11.185864,pending,52378,IA,American Express
13904b20-fbc7-4bec-9320-cec96b152a32,Jasmin Wood,74768998,21,4,84,2024-06-28 16:24:35.622958,pending,52391,IA,JCB 15 digit
92e50e78-5173-4d56-aef0-baf73d1b6f41,Donald Ramirez,02041308,68,10,680,2024-04-27 07:45:17.032898,delivered,50169,IA,VISA 16 digit
68b606ca-c9cb-4161-902a-92e1f4fefcca,Julian Hawkins,25341973,79,2,158,2024-03-26 00:41:26.334347,pending,51177,IA,VISA 19 digit
d9820001-d5ec-4a0a-8712-1ca0197961a2,Christina Wood,78438347,63,8,504,2024-02-14 00:08:07.376767,pending,50668,IA,Diners Club / Carte Blanche
f41df1e5-0c28-4530-b45f-28373e96d516,Priscilla Schultz,06184490,28,8,224,2024-08-01 22:45:19.713249,pending,50476,IA,JCB 16 digit
d854bec4-ec76-4473-be26-3e592eb22fc3,Maxwell Wood,07250989,60,3,180,2024-04-21 02:02:52.621958,delivered,50719,IA,VISA 13 digit
857d3bc6-6da3-4756-8246-8363cf7ea8f6,Monique Quinn,87165999,45,7,315,2024-05-02 10:53:27.773352,pending,51428,IA,VISA 13 digit
8f06872e-a8a3-489f-9261-3f8b9d9d1f5a,Ashley Hernandez,69421945,80,9,720,2024-08-24 13:44:06.141293,shipped,51732,IA,JCB 16 digit
04eeb1d9-70e3-4888-83f4-bb929a68bd40,Micheal Davila,58477519,53,5,265,2024-04-11 07:54:20.482086,delivered,51988,IA,JCB 15 digit
4e9dcf00-ab58-4859-b6c2-cdf29de1813f,Adrian Griffith,35336228,80,3,240,2024-08-02 07:32:54.557164,delivered,51557,IA,JCB 16 digit
20524c73-8072-4920-939d-1d099ba7563d,Jonathan Hall,29743599,50,2,100,2024-04-08 16:25:03.444995,delivered,51726,IA,Discover
6aca9f94-404d-44d2-9c04-6f1626ba0055,Micheal Davila,18400908,31,1,31,2024-04-06 05:46:07.165532,delivered,51988,IA,JCB 15 digit
d9f93cdd-017d-456d-97ce-ef9bfca304f9,Henry Dixon,37079307,81,9,729,2024-07-22 08:37:26.763322,pending,50413,IA,VISA 16 digit
a21fb782-bd78-472f-a273-ac960a3e2a8b,Nicole Heath,07961809,18,8,144,2024-05-29 09:39:22.629446,shipped,52431,IA,JCB 15 digit
75485a22-ce45-4715-8c54-a5da1a01179d,Carol Johnson,57225654,4,8,32,2024-07-02 12:12:19.953991,shipped,50533,IA,Maestro
4f2a9494-004d-4f26-8355-cded1149f09c,Gregory Brown,75038083,73,4,292,2024-02-01 20:21:30.690534,shipped,51146,IA,VISA 19 digit
70246fe4-6f69-4b37-b492-7167cde9f938,Stephanie Hayes,61508521,50,10,500,2024-06-04 05:18:16.101253,delivered,50234,IA,JCB 16 digit
fea45505-aed1-4045-a2e5-a25f428c48eb,Linda Harrell,25501469,90,6,540,2024-08-09 07:32:38.402230,pending,50041,IA,JCB 16 digit
d1e56dc2-1904-4881-a567-89c985870a3f,Natalie Owens,92867284,97,1,97,2024-06-30 05:33:41.626387,delivered,51795,IA,JCB 15 digit
9c26d51a-5109-40a1-a4e3-ef66182e37ae,Danielle Ruiz,45237584,67,8,536,2024-08-28 23:43:22.806501,shipped,50976,IA,Maestro
8a3a1c3e-030b-49fc-9b91-efeeab8eb4e8,Jasmin Wood,15909879,28,9,252,2024-07-04 07:29:34.130898,pending,52391,IA,JCB 15 digit
a0b3a8d4-7d76-4023-91d2-b12d12fca469,Alexandra Delgado,81567065,54,2,108,2024-04-12 13:27:03.067862,delivered,51432,IA,Diners Club / Carte Blanche
1672f868-9516-44fd-9213-b0d6991363fa,Tyler Morris,47163959,74,10,740,2024-05-19 03:31:27.537684,delivered,52077,IA,American Express
28c17bf2-dc47-4e7a-8d2a-bc8a7b386404,Adrian Griffith,73693680,14,5,70,2024-01-21 05:06:04.527111,delivered,51557,IA,JCB 16 digit
adac1d42-43a7-4a8a-a3bc-79c4eb1cdebc,Christina Wood,07838804,97,7,679,2024-01-18 03:25:30.800961,pending,50668,IA,Diners Club / Carte Blanche
60c89a56-efe9-4179-8f11-e5350f4dd8ba,Amy Villa,94754957,5,6,30,2024-03-08 02:35:20.083875,pending,51751,IA,JCB 15 digit
5756b50c-b67d-4174-a1e5-244eecb0d71a,Joshua Brown,51020781,69,9,621,2024-02-16 18:47:40.607531,pending,50600,IA,JCB 16 digit
06df2381-9edf-48dd-9c69-e889992060b4,Patrick Green,33367361,26,4,104,2024-04-01 21:12:21.516681,shipped,51025,IA,Discover
53c4f202-73f2-4c7f-88ae-395de24c63b4,Priscilla Schultz,16378971,82,2,164,2024-03-30 00:06:58.699127,shipped,50476,IA,JCB 16 digit
264221bd-c38c-4002-9e60-df0eb93fed3c,Calvin Pratt,06325756,90,8,720,2024-08-28 10:28:36.521953,pending,51792,IA,JCB 15 digit
167f2242-c917-4e2b-8ec0-6ae494ca7e96,Jeremy Byrd,64818986,12,3,36,2024-09-07 14:23:40.580736,shipped,51179,IA,Maestro
2c9ca19b-54ee-47e8-95c2-e1c7b65e35dc,Stephanie Montgomery,01624274,91,2,182,2024-05-10 02:34:09.086069,pending,51718,IA,American Express
128c43ee-8484-485a-80b6-96149eee2a70,Jessica Mccann,85678569,58,1,58,2024-03-07 08:25:11.503079,delivered,51956,IA,JCB 15 digit
1ea33b98-6666-4a40-9dc6-25daf096d54d,Maxwell Wood,07250989,60,5,300,2024-06-07 05:52:19.628052,delivered,50719,IA,VISA 13 digit
ee0cc5c5-625e-4381-9d42-f2efe2417f01,Shawn Thomas,80328117,59,6,354,2024-03-20 03:18:28.334235,delivered,51834,IA,VISA 16 digit
1399eb26-9385-43e3-aeff-d069cd564296,Robert Townsend,01437416,59,1,59,2024-07-10 15:48:47.078930,delivered,52538,IA,VISA 16 digit
caf5cb96-efbb-4fda-9635-9eeea760364b,Randall Grant,22559784,4,5,20,2024-06-11 02:42:09.788154,shipped,51554,IA,Discover
7d0ae9c5-0e6d-4036-b3ba-408695abb62a,Carol Johnson,51141462,10,9,90,2024-01-03 18:53:47.410143,shipped,50533,IA,Maestro
67f7a72a-d2b0-416e-a428-54e7a8a2b7db,Julie Anderson,19061542,69,3,207,2024-08-27 04:28:44.589659,pending,52709,IA,JCB 15 digit
ab2f6341-3361-441e-97fc-0a2f7f03ce24,Wayne Ellis,37901165,46,9,414,2024-06-22 16:28:51.426449,delivered,51092,IA,JCB 16 digit
3657ba04-ee4b-4017-88ce-2a8ec01d1cf3,Monique Quinn,50343577,88,8,704,2024-03-19 22:52:05.435165,pending,51428,IA,VISA 13 digit
dca4b7bf-004b-4366-805c-5e2178fa2008,Danielle Ruiz,73132257,58,7,406,2024-08-15 19:35:55.850543,pending,50976,IA,Maestro
ccab219f-9d49-4a40-88dd-840a49974ef2,Jacob Jacobson,16981652,89,9,801,2024-02-20 15:14:51.166162,shipped,50240,IA,VISA 13 digit
c63de906-25a9-43ae-9e16-be575bf37d95,Jasmin Wood,60784728,4,9,36,2024-06-16 03:03:59.211423,shipped,52391,IA,JCB 15 digit
e2bd2682-a71e-4f45-b808-90c94a673dba,April Powell,14564741,95,8,760,2024-08-14 12:46:29.914916,pending,50106,IA,JCB 15 digit
2ee829fe-c4d9-4e82-8c81-c31e96f14cd4,Bethany Carter,28591924,78,2,156,2024-04-30 02:11:43.341876,delivered,52588,IA,VISA 13 digit
cdfd7f9a-30f1-4f19-ba60-b7e65e6b57fe,Yolanda Alvarado,61400313,89,5,445,2024-02-17 17:12:35.027522,shipped,52504,IA,Maestro
6ed35b9b-3fba-4bde-9d89-73093a9ad0f2,Julian Hawkins,60623263,23,3,69,2024-05-01 23:40:24.674741,pending,51177,IA,VISA 19 digit
515f2176-3359-4232-b359-5ec63473ad50,Stephanie Hayes,67986309,42,7,294,2024-04-26 13:25:19.517481,delivered,50234,IA,JCB 16 digit
f0bead5e-003d-44fd-ab28-dae7cb51dd23,Monique Quinn,81021239,8,5,40,2024-03-06 11:54:03.462127,delivered,51428,IA,VISA 13 digit
e2b547ef-f2d0-4b8c-9066-6e117fa54a38,Dr. Sheila Hansen,47198074,14,7,98,2024-05-22 02:10:47.040920,delivered,50608,IA,JCB 16 digit
eb71b635-d431-4b95-bba7-3131d245c559,Adrian Griffith,99548780,50,5,250,2024-01-29 17:23:06.616660,pending,51557,IA,JCB 16 digit
849d9137-2fa9-473e-8a49-91ee71309f3c,Matthew George,68542153,87,10,870,2024-07-01 08:04:26.743728,shipped,50010,IA,American Express
0bbbe9a7-b358-4e03-be62-43c218d75d53,Mindy Wise,52741173,92,6,552,2024-04-18 01:27:13.487020,delivered,51949,IA,JCB 15 digit
a3cb5f7f-df08-4f6a-ad29-bed4288c1464,Ryan Scott,93414500,61,2,122,2024-09-05 09:14:22.037060,pending,50603,IA,VISA 19 digit
1dd13843-944b-4550-a7be-4ab1b4a07966,Priscilla Schultz,54548565,9,7,63,2024-02-29 09:07:28.301489,shipped,50476,IA,JCB 16 digit
21a662d7-c9c2-46b9-883f-fc88157b94f8,Nicole Smith,50066698,57,10,570,2024-09-02 01:55:57.541116,shipped,50139,IA,Discover
6cf78449-bf7c-4d42-8f6e-1906ae3220cf,Randall Grant,88710105,1,8,8,2024-07-02 10:14:55.834851,delivered,51554,IA,Discover
6dcf9dda-0abc-487d-902c-44eee484da1f,Nicole Heath,11549819,86,3,258,2024-01-12 19:30:49.291512,pending,52431,IA,JCB 15 digit
3a81f691-1435-4f9b-947d-77d25bbeb66b,Amy Villa,07444456,61,10,610,2024-03-16 08:14:44.929317,delivered,51751,IA,JCB 15 digit
1fe68003-094d-446c-9b97-fd7882178ca8,Melissa Moran,57313627,47,7,329,2024-04-09 21:34:00.370909,pending,50267,IA,VISA 16 digit
74b139ce-e894-4780-a73b-a193f119c70a,Donald Ramirez,08944856,95,3,285,2024-02-25 10:27:12.162120,pending,50169,IA,VISA 16 digit
eaed319b-98a3-402b-8652-5f43eb790748,Natalie Owens,20916732,54,3,162,2024-06-21 01:44:52.582847,delivered,51795,IA,JCB 15 digit
293403e6-9c11-406e-8588-b73b7c7cd451,Gregory Brown,73169963,6,2,12,2024-07-27 00:26:32.663694,delivered,51146,IA,VISA 19 digit
68abc62e-9018-40b7-8db7-65fd08a090fa,Melissa Vang,84391049,58,2,116,2024-06-06 15:13:52.558601,delivered,50877,IA,Diners Club / Carte Blanche
14485057-654b-424c-870e-c6ab00121d27,Jessica Mccann,20916732,54,1,54,2024-03-12 21:14:39.403023,shipped,51956,IA,JCB 15 digit
1b51038b-c2d3-42a3-816e-d589fa799aad,Rachel Avila,40837253,67,4,268,2024-08-18 11:00:49.906487,delivered,50948,IA,VISA 16 digit
65f847be-6d94-4c99-a2f1-d165a7bee924,Jacob Jacobson,18550597,91,2,182,2024-01-18 13:08:12.113031,pending,50240,IA,VISA 13 digit
a906c20d-a620-4b99-a3b1-e9f632a35a07,Jonathan Hall,54345232,26,6,156,2024-05-14 16:56:15.067037,shipped,51726,IA,Discover
962cf538-be55-431b-a750-516f3aa08a95,Joseph Gonzalez,46264275,94,7,658,2024-04-11 21:24:50.540075,pending,52019,IA,Discover
311e4eae-d514-4b21-b3b6-acaecfa6238f,Joseph Lewis,55181822,82,10,820,2024-02-13 06:24:43.588739,pending,50051,IA,Mastercard
651d2fd3-b765-48c9-8d99-8a2416d26411,Mindy Wise,32081305,60,2,120,2024-03-27 01:41:41.674681,delivered,51949,IA,JCB 15 digit
f808fa75-906c-42a3-84ab-0fca82c3284b,Alexandra Delgado,46264275,94,3,282,2024-01-25 09:01:33.212887,pending,51432,IA,Diners Club / Carte Blanche
05356ad6-a248-4000-b709-03245ddd1f6b,Nicole Smith,85678569,58,3,174,2024-07-03 21:12:06.235832,delivered,50139,IA,Discover
a70ac6c9-39ff-4be0-8f73-2cd4fbfa1e50,Donald Ramirez,43691128,46,5,230,2024-08-01 07:02:27.972104,shipped,50169,IA,VISA 16 digit
e83e6bcd-cc57-441b-94cf-79bc35a377f3,Lisa Turner,61435254,25,7,175,2024-08-13 07:34:07.458200,delivered,50136,IA,Diners Club / Carte Blanche
13942421-4c42-4115-ab2c-cc0adbf1afc5,Paul Jackson,98414277,66,2,132,2024-09-02 07:07:31.091067,shipped,50774,IA,JCB 15 digit
28f71f0f-1a11-4258-8999-1f28159b3562,Gregory Brown,71977041,71,3,213,2024-01-07 19:07:24.136208,pending,51146,IA,VISA 19 digit
f41ee635-6ba2-4636-bf5a-f4002380a15e,David Parker,04590750,51,8,408,2024-03-26 06:53:30.441957,delivered,50123,IA,American Express
a70d98d9-dd7a-4cf1-b316-0cd779e639ab,Melanie Vega,05475049,84,8,672,2024-05-23 19:40:31.733635,delivered,50043,IA,VISA 13 digit
05dad5bb-3430-4ab0-aef7-245623f3e48a,Timothy Sullivan,25037012,82,9,738,2024-03-07 22:30:10.480401,shipped,51666,IA,Maestro
8d486f0d-f3f4-4285-b55c-96b7784cd743,Monique Quinn,22714022,68,2,136,2024-01-30 18:58:03.865323,delivered,51428,IA,VISA 13 digit
736d2187-1e88-4af8-a56a-f5e572c16fea,Micheal Davila,73386353,29,5,145,2024-08-04 23:51:20.831530,pending,51988,IA,JCB 15 digit
89e0d1cb-469f-486c-9688-d042b4736fe9,Nicholas Fisher,19615943,6,10,60,2024-02-05 14:08:15.755950,shipped,51830,IA,Maestro
375cc6fa-f46d-4c2f-adbf-9b6af6a5ed49,Melissa Vang,01077377,37,7,259,2024-08-31 12:17:48.588880,pending,50877,IA,Diners Club / Carte Blanche
863b3bee-f30e-469e-bac5-efb0b8c2f2b0,Amy Villa,22020284,72,3,216,2024-04-30 20:58:12.293172,delivered,51751,IA,JCB 15 digit
7744f88b-d9e3-4906-8f36-bda1600266c1,Victoria Barry,20938611,81,2,162,2024-04-13 12:26:14.478106,shipped,50988,IA,Maestro
a6fe96fe-54b1-434e-a26b-41fadd2fb830,Matthew George,75507817,60,3,180,2024-07-29 00:16:59.115314,shipped,50010,IA,American Express
4defb71a-6c7e-4d69-a91d-4a28bb85e0e8,Alexandra Delgado,47829510,17,7,119,2024-04-09 23:04:42.214617,delivered,51432,IA,Diners Club / Carte Blanche
a6e078a8-442f-47d9-ada0-c321b7bc5427,Lonnie Brown,10402085,92,6,552,2024-02-12 02:20:45.878743,delivered,52477,IA,VISA 19 digit
41b379f2-8054-4510-9d86-88c9bdfef7c5,Oscar Knox,27523414,52,10,520,2024-08-29 23:45:34.404839,pending,51700,IA,VISA 13 digit
df69c432-68ef-4d0a-ba3e-516b3cf94f6a,Victoria Kim,39571243,73,9,657,2024-06-16 17:28:31.766423,shipped,51664,IA,Discover
af831303-ec40-4ab6-a279-55f37d3b0ca7,David Sanchez,81138647,11,5,55,2024-09-03 04:08:59.595299,pending,50274,IA,Diners Club / Carte Blanche
100e566d-f4c9-4725-9c5f-dc3a1d1eeb25,Donald Ramirez,14958038,65,2,130,2024-05-09 19:06:28.892458,pending,50169,IA,VISA 16 digit
13a07e98-e200-481d-b0ec-c06e7d0dca7a,Nicole Heath,28582687,6,6,36,2024-07-20 19:22:54.738765,shipped,52431,IA,JCB 15 digit
8e8f6277-5a55-4cb1-bb03-e28b582c7dc7,Cynthia White,88588179,48,1,48,2024-09-06 17:51:48.650308,delivered,51688,IA,JCB 16 digit
01325d09-3a80-4f45-8d5d-ab813e4b0203,Lonnie Brown,90515088,85,5,425,2024-04-22 23:23:45.704827,delivered,52477,IA,VISA 19 digit
a1cb555a-a933-4a3e-bfa8-ec0ce21c8148,Melanie Vega,07858789,80,9,720,2024-03-11 13:14:53.842144,shipped,50043,IA,VISA 13 digit
98acf92b-3180-4343-a574-75c8dde30926,Bethany Carter,38077852,51,4,204,2024-02-06 14:35:35.830925,pending,52588,IA,VISA 13 digit
bb627c9d-6955-4a1f-9eee-4dc4b3b5c5dd,Jessica Mccann,47060104,45,6,270,2024-07-26 13:11:52.447691,pending,51956,IA,JCB 15 digit
1be51c6a-6876-46d0-9919-2853b250110e,Amy Wallace,08986047,70,6,420,2024-06-30 01:24:11.708899,delivered,52465,IA,Mastercard
8a3ed060-c76c-403b-9f96-6370546f98e0,Jeremy Byrd,12837397,73,7,511,2024-03-14 23:10:33.210124,pending,51179,IA,Maestro
bb0bc880-d37b-466a-b83a-0cbda13d8fed,Jacob Jacobson,05966127,30,1,30,2024-05-19 17:10:01.582570,pending,50240,IA,VISA 13 digit
9a37ef7b-1fd8-4761-9cc0-a0894ef649e1,Rachel Avila,97946960,42,9,378,2024-06-30 01:51:41.585228,shipped,50948,IA,VISA 16 digit
ea782553-f4ab-4f6e-bd8b-fd12bfa45b7e,Lisa Turner,21702433,12,4,48,2024-04-04 11:54:43.151985,pending,50136,IA,Diners Club / Carte Blanche
517d30c4-f85a-4657-abd6-ac43b23d1b3c,Melissa Moran,45208539,63,8,504,2024-06-16 03:38:31.904728,pending,50267,IA,VISA 16 digit
aca01837-a146-4fe2-9cd7-f28f0bda3dee,Jose Kelley,41914731,72,8,576,2024-05-27 19:40:42.668854,pending,51322,IA,VISA 16 digit
5ce1b24d-e877-4e5d-af70-99a67b95fb41,Ashley Hernandez,54308336,24,6,144,2024-06-11 01:46:47.759640,shipped,51732,IA,JCB 16 digit
b05409b6-46fb-494a-8430-8da1996dd10c,Jonathan Hall,57383071,12,4,48,2024-05-16 06:25:02.386674,shipped,51726,IA,Discover
fd223c0c-2cd0-4467-a70e-6f42ea485e30,Gregory Brown,35381600,97,3,291,2024-03-30 22:51:10.513113,pending,51146,IA,VISA 19 digit
ecc186b7-cb3e-4dec-8dbd-d56750776bab,Micheal Davila,87865653,44,9,396,2024-01-28 00:39:52.145213,pending,51988,IA,JCB 15 digit
9418ff3b-27ee-4cfa-b237-f225ea68ded6,Levi Williams,04025504,49,3,147,2024-03-05 23:01:19.272302,pending,52801,IA,VISA 16 digit
1a185446-4f7d-44e5-93dd-e1e8417c37e0,James Sims,89442487,59,5,295,2024-06-18 07:39:20.653812,shipped,50245,IA,American Express
67ef8f17-1b52-4f1b-8163-0b9727e50903,Danielle Haynes,74892365,85,6,510,2024-08-07 12:44:17.296995,shipped,50285,IA,JCB 15 digit
ca26b167-b0cc-4bb5-b008-60f18c63e1da,Danielle Ruiz,61617346,13,10,130,2024-03-14 14:14:39.162419,delivered,50976,IA,Maestro
69eec00f-0f7e-4e24-bb28-931878046828,Jessica Kerr,77484284,11,2,22,2024-05-08 02:21:15.179427,shipped,52035,IA,American Express
31c78660-72dc-4285-9f90-7c8f501ab0a0,Katherine Daniel,42619710,43,6,258,2024-06-02 14:54:40.036785,shipped,51065,IA,JCB 16 digit
016791ff-9c42-44b3-adad-d4b45b0505b3,Nicholas Fisher,02043258,84,5,420,2024-04-14 05:45:14.284036,delivered,51830,IA,Maestro
4dff45fc-f3a3-432f-abe3-66ce5c1a4644,Jeremy Byrd,89278611,89,6,534,2024-05-23 01:43:18.305177,shipped,51179,IA,Maestro
6148ee5a-4f1c-4d23-ae76-51a89a59e33e,Ryan Scott,19525204,80,8,640,2024-06-04 21:41:09.824807,delivered,50603,IA,VISA 19 digit
4f129645-22f6-4d4a-9505-49275ed1cce0,Natalie Owens,61915213,92,3,276,2024-02-08 17:40:38.646252,shipped,51795,IA,JCB 15 digit
864f6c3a-a282-4318-a4aa-17c08b7e7c79,Priscilla Schultz,01563894,33,6,198,2024-06-25 10:46:07.018044,pending,50476,IA,JCB 16 digit
c9c5f25a-8cb3-4175-9c7b-c6203c5167ee,Donald Ramirez,18550597,91,10,910,2024-07-27 14:59:25.030186,pending,50169,IA,VISA 16 digit
9d08a2cb-d06a-490c-af43-4366c7bdd56e,Jasmin Wood,18550597,91,2,182,2024-05-03 02:39:32.479510,pending,52391,IA,JCB 15 digit
829be681-519e-4d3a-9575-6213f311acfb,Christy Daniel,99302955,10,4,40,2024-04-28 19:06:47.738895,delivered,51654,IA,JCB 15 digit
1c82218d-5ae9-4540-919e-b95fb049dd32,Timothy Sullivan,27353332,12,2,24,2024-03-04 11:20:33.845778,delivered,51666,IA,Maestro
c0784a2a-304e-4afd-80bb-99fb36395721,Stephanie Montgomery,95264523,67,10,670,2024-07-17 03:03:57.651458,shipped,51718,IA,American Express
186c8575-02d4-4965-ad0c-7ddb190c20d9,Elizabeth Johnson,62276696,54,10,540,2024-01-11 16:12:30.502279,shipped,52016,IA,JCB 15 digit
2d15f047-1ecd-416d-a71d-a812fa5d2899,Amy Villa,71977041,71,3,213,2024-02-20 00:54:53.903707,shipped,51751,IA,JCB 15 digit
fe47c553-8cfb-48ed-95b0-654f285eb2e0,Joseph Gonzalez,47060104,45,5,225,2024-04-16 17:27:44.903263,delivered,52019,IA,Discover
f3bdb5b8-fa55-49fa-93ed-3d324bc7220a,Jonathan Hall,88291727,69,9,621,2024-06-03 20:34:52.914796,pending,51726,IA,Discover
cbc5e03b-aa97-46b6-a51b-23b94e3c8d05,Jose Kelley,89351796,37,6,222,2024-02-22 22:24:14.082293,pending,51322,IA,VISA 16 digit
81303784-4320-497f-b10b-63bb6c8ffcba,John Byrd,25883008,44,6,264,2024-07-23 05:30:27.494486,shipped,50534,IA,JCB 15 digit
ab71b492-c3c9-4a34-bfdd-6bf822ccc5eb,Jeremy Byrd,15896049,65,7,455,2024-03-10 11:19:41.542860,shipped,51179,IA,Maestro
7acb1d21-3270-4e2f-b9c5-8d83ee26f02d,Levi Williams,46700087,70,1,70,2024-03-29 01:32:11.739669,shipped,52801,IA,VISA 16 digit
8df9f3c5-a887-4343-b08c-c97bc5f3abbf,Timothy Sullivan,72379394,14,2,28,2024-05-14 20:47:38.836392,delivered,51666,IA,Maestro
d1acf72b-1c7a-4bdc-b1a7-531101fd1eec,Priscilla Schultz,07653193,96,8,768,2024-01-09 10:48:46.133047,pending,50476,IA,JCB 16 digit
620bf750-e5e0-4718-8564-183daa627195,Matthew George,72286791,23,3,69,2024-02-26 12:06:20.853185,pending,50010,IA,American Express
c732f104-0e17-4829-8c04-06ad224ad287,Ryan Scott,53030375,81,1,81,2024-01-12 23:33:22.834837,shipped,50603,IA,VISA 19 digit
55ad1c2a-c00c-4954-a67e-deb30f81d591,Melanie Vega,70328592,6,8,48,2024-01-11 04:18:16.944519,shipped,50043,IA,VISA 13 digit
f966afe2-9e25-4012-8c02-41cd0e17a380,Karen Montes,37028183,63,10,630,2024-07-21 00:55:20.113843,pending,51186,IA,JCB 16 digit
ae270c59-7404-4690-a5b0-e86fb3ba427a,Nicholas Fisher,16395183,34,8,272,2024-04-25 21:21:33.594116,delivered,51830,IA,Maestro
a45c86af-c078-4741-a816-624c67698972,Stephanie Hayes,34339800,12,9,108,2024-07-02 18:09:33.921895,pending,50234,IA,JCB 16 digit
e7ab859d-983f-4ced-995d-3dddded339fa,Julie Anderson,10143926,45,7,315,2024-08-25 21:42:20.236568,delivered,52709,IA,JCB 15 digit
c24e1f22-c38c-4cb2-8df1-9c36ec8f7841,Amy Wallace,09086586,50,8,400,2024-06-10 16:17:37.017388,shipped,52465,IA,Mastercard
