f71a347e-aa6b-48be-98b7-4e00ce3295c1,Glenn Franco,87069976,59,6,354,2024-03-24 05:30:38.360139,pending,25904,WV,American Express
1121f795-a041-4e34-aa0e-237f79f2de2d,Anthony Wilson,65767740,62,9,558,2024-07-11 17:28:24.012527,delivered,26569,WV,VISA 16 digit
6de770a9-c2d3-474a-9735-c4a9f7cc5e56,Melissa Austin,05827992,99,2,198,2024-08-25 22:34:38.258308,delivered,25007,WV,VISA 16 digit
6fd7bbab-4371-496a-8e50-f8a3aba83cdb,Justin Hudson,70930917,20,7,140,2024-06-20 14:48:20.136359,shipped,26822,WV,Mastercard
e7ad7ad7-c93b-4014-a010-ea5b15071011,Michael Silva,32433036,36,9,324,2024-02-11 13:27:07.920500,shipped,25696,WV,VISA 13 digit
a9f795c9-9542-4923-a6d3-5e8c0678692c,Scott Marquez,96945209,18,10,180,2024-05-14 17:05:59.507213,shipped,25824,WV,Mastercard
c56a4186-5c18-4e52-94b1-a49e1b4082ca,Dr. Juan Baldwin,55181822,82,10,820,2024-08-24 08:48:16.688192,delivered,26507,WV,Maestro
6226ad4f-e857-4eb6-bf21-30523ea000c6,Gerald Lewis,84556066,23,4,92,2024-09-06 11:28:21.264148,delivered,26791,WV,Diners Club / Carte Blanche
cafb8709-1b94-413a-b2ee-5d5ff58101e4,Theresa Walker,98075218,6,9,54,2024-01-14 15:27:50.776131,pending,25936,WV,JCB 16 digit
600b5de8-0989-4d19-b804-47afca0d9650,Natalie Callahan,76571466,16,1,16,2024-08-07 11:21:53.268767,pending,25584,WV,VISA 19 digit
e68778d7-33de-4df2-93bd-220f592788fb,John Hoffman,93888738,64,4,256,2024-02-28 19:59:19.621141,delivered,25738,WV,Discover
a86a573e-dd95-4b3a-8f84-75bdaae190ac,Marcus Crawford,55846998,46,2,92,2024-03-05 06:14:51.841988,delivered,25098,WV,JCB 16 digit
e2a0aeae-41d9-410c-ac99-f35dfffee39f,Patricia Robinson,11571834,9,4,36,2024-07-23 23:17:53.906433,shipped,25670,WV,Discover
a5545692-3a33-4b75-b6fb-8ebad690f322,Carl Parker,22626073,81,10,810,2024-04-15 08:11:29.341383,shipped,26470,WV,Diners Club / Carte Blanche
c49f5f6e-7984-4e50-b5bb-f4d0e2e46af6,William French,63465686,72,7,504,2024-04-19 01:50:37.370105,shipped,26797,WV,JCB 16 digit
0f674c9e-2be0-4aa1-a485-03f31046c010,Lori Santos,17613477,18,1,18,2024-01-15 10:56:50.830974,shipped,26410,WV,VISA 16 digit
bbd4a558-7b0b-43ea-ab0f-2c23dac69de3,Nicole Grant,20916732,54,1,54,2024-05-25 20:49:50.452407,delivered,25927,WV,Mastercard
239c64e5-eb7b-459c-8854-48e9545b4b0b,Christina Dawson,68363130,85,1,85,2024-05-28 16:11:26.131592,delivered,24780,WV,VISA 16 digit
701be03c-5ebf-4eeb-805c-e9c080cb8bd3,Daniel Barber,04593560,29,4,116,2024-01-11 04:54:34.669084,delivered,25932,WV,Maestro
eb72178b-97d1-4b07-8c75-7b3a05ffd285,Jeffrey Fitzpatrick,54609228,20,10,200,2024-06-16 08:35:23.498763,pending,26674,WV,VISA 13 digit
212b2390-7e97-499b-89c2-ac5a1612f42b,Autumn Torres DVM,60286819,67,4,268,2024-08-29 23:42:54.370789,pending,26140,WV,Diners Club / Carte Blanche
047a70a6-b92a-4cf0-b82d-af8f4a7cefae,Adam Taylor,40937342,82,6,492,2024-08-08 03:48:09.387546,pending,26758,WV,VISA 16 digit
8552849b-f783-44bb-b276-86069faec170,Judy Mccoy,22086945,62,4,248,2024-01-24 18:57:52.470961,pending,26025,WV,VISA 16 digit
f3d3bdc7-9187-47d1-933d-854671d29f8b,Tami Sullivan,66330752,82,5,410,2024-03-29 09:46:13.509436,pending,24717,WV,VISA 16 digit
88125645-2668-4cc5-a314-104852678540,Angela Todd,02041308,68,5,340,2024-05-22 20:19:29.842529,delivered,25282,WV,Discover
2dac519a-1dc2-48f6-9d98-8bdc3993751f,Richard Dickson,07302893,6,9,54,2024-01-01 16:15:46.502642,shipped,24968,WV,JCB 16 digit
e48f6a59-9a4d-4ed5-83cc-244a870fe4c8,Christian Giles,72034040,84,3,252,2024-08-27 09:43:12.590027,pending,26198,WV,VISA 16 digit
e1a0baa2-427e-482e-857a-27ea0f1b573b,Jonathan Tyler,90812620,78,5,390,2024-01-25 13:44:59.481180,shipped,25793,WV,American Express
fc098295-9a8e-4c11-b91b-24dd06fd517a,John Hoffman,07444456,61,6,366,2024-08-12 17:31:50.798040,pending,25738,WV,Discover
52fa58f1-626a-4bfc-b3e8-f87d4530897a,Emily Romero,71624204,18,1,18,2024-04-13 14:32:39.835255,delivered,26542,WV,VISA 19 digit
c306b8ea-0611-479f-bda1-3a0ab822ddc0,Dr. Sherry Dunlap MD,98414277,66,5,330,2024-08-19 09:18:48.300215,shipped,25721,WV,Mastercard
73e3d1e7-418f-46d8-bda9-8c98b9b07c8b,Thomas Hall,57065519,51,6,306,2024-07-06 11:20:13.158766,pending,26267,WV,JCB 15 digit
74819f3a-fe8a-46ce-b717-1a9dd62878d2,Natalie Callahan,40937342,82,8,656,2024-06-03 22:27:24.332414,shipped,25584,WV,VISA 19 digit
39d0f322-ec50-4708-8efe-49be0c7b4f68,Derek Lopez,96841693,98,9,882,2024-01-08 06:49:01.279803,shipped,24821,WV,Mastercard
4edc3c8b-4b66-4cf3-9743-0d7420f45866,Lori Bishop,33435015,36,1,36,2024-09-01 12:49:39.359307,pending,25187,WV,VISA 19 digit
33f9f7f3-f992-4d61-8866-7447d65f0dcb,Patrick Wright,89321447,91,9,819,2024-03-30 15:27:23.370675,delivered,26597,WV,VISA 16 digit
b964601a-c5c6-49c6-a351-5c7a6395a965,Tammy Davis,05583669,76,8,608,2024-02-20 10:02:38.204300,pending,25006,WV,VISA 19 digit
bb164fbf-fef6-4522-858c-0120aee28520,Brendan Perez III,12837397,73,2,146,2024-01-01 07:40:21.479722,shipped,25581,WV,Mastercard
31771f24-fb9b-4e32-9568-b67c59793f07,Christina Dawson,30531376,20,6,120,2024-08-23 18:40:28.549425,shipped,24780,WV,VISA 16 digit
228dc469-7b94-4708-bb9d-1cce0d496ea4,Judy Mccoy,21288074,77,1,77,2024-08-05 16:19:54.552419,pending,26025,WV,VISA 16 digit
b012fa8b-04d8-4714-9414-fb0766415a94,Michael Rose,25005219,31,7,217,2024-03-18 16:12:56.826539,shipped,25103,WV,JCB 16 digit
cd6cd85b-22ab-41c5-b1fb-64b749a447d0,Todd Chavez,96475249,95,6,570,2024-08-22 23:02:12.725439,pending,26325,WV,JCB 16 digit
35a3e98f-a7a3-439f-b701-665643babf98,Tami Sullivan,00133319,53,2,106,2024-08-27 15:51:00.405786,shipped,24717,WV,VISA 16 digit
482a929f-37a2-4445-9bca-fc3dc3389af2,Jeffrey Fitzpatrick,10143926,45,6,270,2024-02-06 23:01:38.235121,delivered,26674,WV,VISA 13 digit
03fa7123-6591-40d9-86b1-1e955d6b3ba6,Joshua Morrow,66807254,17,4,68,2024-07-25 06:09:24.440249,shipped,25059,WV,Discover
0f13663e-fcf3-440d-8574-4a32996d19fd,Julian Harrison,63091731,76,4,304,2024-08-01 22:44:13.484863,delivered,26828,WV,Diners Club / Carte Blanche
98b99f77-4730-40de-8d9c-bb0b7f114820,John Hoffman,68206659,42,6,252,2024-06-27 13:46:55.378361,delivered,25738,WV,Discover
36a2e5dd-0c31-4b01-bc78-42a05d46908e,Amanda Bennett,79186070,79,5,395,2024-08-22 23:46:57.310191,pending,25002,WV,Maestro
b3173a63-7a41-48f2-b8a4-4d4f1c36d990,Daisy Shah,66541691,27,2,54,2024-05-22 07:52:27.586998,delivered,26296,WV,American Express
64dda486-0f01-42ad-a174-f83d0ed0e2e0,Danielle Summers,54345232,26,8,208,2024-02-06 15:09:11.772063,delivered,25172,WV,VISA 19 digit
0d55c64c-6c63-469e-af8a-74e341ad6de1,Emily Romero,23316348,76,8,608,2024-03-02 06:36:55.193308,delivered,26542,WV,VISA 19 digit
c6395582-e98a-4db2-a133-537c3ab5e7a0,Anthony Wilson,90782480,27,10,270,2024-01-23 01:51:42.835764,delivered,26569,WV,VISA 16 digit
25886299-070a-4d26-b85b-b186b4e014d7,Christian Giles,32628913,49,10,490,2024-02-10 19:28:28.985901,shipped,26198,WV,VISA 16 digit
4cbbf672-1752-4b12-bcd0-1ba8c6a60f13,Ms. Amy Hoffman MD,73820048,88,1,88,2024-06-10 18:59:59.434741,delivered,26643,WV,JCB 16 digit
af19caa4-342b-4914-ab5e-59ba81222aa3,Dr. Sherry Dunlap MD,25005219,31,7,217,2024-05-08 12:31:18.650786,pending,25721,WV,Mastercard
510ea9eb-9e74-4a18-88b1-87eae0d10620,Carl Parker,37079307,81,3,243,2024-01-06 12:14:03.532000,shipped,26470,WV,Diners Club / Carte Blanche
707f7ff0-a301-4b3a-846c-37ad08b5c60c,Michael Silva,11636779,61,3,183,2024-05-15 13:37:34.342882,delivered,25696,WV,VISA 13 digit
f4f41771-4685-43c5-a3f6-80eba98b1101,Veronica Collier,36725847,49,4,196,2024-03-26 14:07:46.999794,pending,25237,WV,Discover
6689e714-b1b5-4546-9142-592080b3188b,Monica Peterson,51794682,74,5,370,2024-05-12 02:16:07.402961,delivered,26755,WV,VISA 13 digit
19578ebe-9b72-4200-a59d-dc7c829c9d3c,Joshua Morrow,76571466,16,7,112,2024-02-24 12:10:28.266960,shipped,25059,WV,Discover
99db8b5b-d5e2-46c8-be4a-b9b0d6f3570f,Michael Sherman,66469377,6,2,12,2024-05-05 16:53:26.962378,shipped,25641,WV,Diners Club / Carte Blanche
4ad2504b-67a5-4051-b792-c9c35ff9e94a,Jennifer Oconnor,54206977,76,10,760,2024-03-02 18:29:02.902256,delivered,25309,WV,VISA 13 digit
e03a05cc-7a57-40f4-ba9b-1c588e749669,Jeffrey Fitzpatrick,02247915,29,3,87,2024-08-31 09:40:15.209981,pending,26674,WV,VISA 13 digit
8c37fab8-c5d2-41a1-b88a-bcacb65332a0,David Solomon,85353657,33,10,330,2024-07-06 01:51:00.886421,pending,26232,WV,Diners Club / Carte Blanche
4299fed5-09cc-4d49-999c-26874af8408f,Cheryl Johnson,75257354,59,4,236,2024-04-07 21:58:49.710119,delivered,26209,WV,VISA 13 digit
4241b331-4e32-4c12-8e5f-3d1ef0c2d4eb,Warren Dixon,38002595,42,6,252,2024-01-07 14:17:10.298161,shipped,26827,WV,JCB 15 digit
9771ce5e-8a7b-4c2c-bcff-5d205951efa6,Gerald Lewis,74217670,28,3,84,2024-07-21 14:38:52.464412,shipped,26791,WV,Diners Club / Carte Blanche
4c060fc7-4a29-4ae4-acff-6298c28ab514,Angela Todd,86066860,26,9,234,2024-02-14 01:15:33.134425,pending,25282,WV,Discover
1a7c8e0f-18e0-4a2b-bef4-bd0c65052fe7,William Cooper,38454936,82,9,738,2024-07-31 18:04:34.201058,delivered,25072,WV,VISA 16 digit
e9d412bc-137d-4809-b836-2ec899ffe8db,James Alexander,88710105,1,8,8,2024-05-10 16:07:15.027860,pending,26243,WV,American Express
48490817-69c7-4afa-9e6c-4a610847a140,John Hoffman,39208774,30,3,90,2024-01-04 18:40:57.625531,delivered,25738,WV,Discover
4c987e32-004e-435d-a2cd-a856cb85ea78,Brenda Haynes,19562841,38,5,190,2024-01-25 22:52:17.665181,shipped,25394,WV,American Express
021b79cc-ba8e-4f8c-99fc-2195867fe5e5,Devin Rice,16250130,86,10,860,2024-07-18 12:17:15.541854,delivered,24706,WV,Maestro
e5e025d8-79a8-4016-8cdb-9c9055b50206,Derek Lopez,81132263,50,1,50,2024-03-04 07:47:35.015347,pending,24821,WV,Mastercard
fd0eddc5-0748-446a-bbb2-8691c978631e,Erin Hays,54203228,92,5,460,2024-08-29 01:05:26.754957,shipped,25582,WV,JCB 16 digit
ea685fcd-f583-446f-ac32-fd5c9cbba247,Autumn Torres DVM,61915213,92,3,276,2024-06-24 04:23:26.866493,delivered,26140,WV,Diners Club / Carte Blanche
2cffe7e6-c57c-461b-8091-11b6ecc95788,Warren Dixon,35792888,29,9,261,2024-03-30 01:56:32.357267,delivered,26827,WV,JCB 15 digit
01499dff-ec7f-470e-94ff-4b80f14f6df6,Danielle Summers,74232345,72,7,504,2024-03-29 16:07:13.428489,shipped,25172,WV,VISA 19 digit
b6bf65a3-6317-4d24-b5af-a95185aa02d7,Lori Santos,09608115,65,5,325,2024-05-25 03:56:59.103001,pending,26410,WV,VISA 16 digit
afb3c908-4f84-4c84-b9e3-5c178829e28c,Monica Peterson,28078845,73,1,73,2024-06-01 02:23:55.460078,shipped,26755,WV,VISA 13 digit
ada14316-d270-42fc-a270-db749fc576a5,Jeffrey Fitzpatrick,12598595,7,8,56,2024-02-21 10:46:55.535387,pending,26674,WV,VISA 13 digit
9c3c80d9-950f-47fd-bbc2-0b937c8f3656,Brenda Haynes,91348210,35,2,70,2024-01-13 16:21:50.792989,pending,25394,WV,American Express
4e025aa8-c4d3-44bf-8306-f41c7e56a90e,Amy Frederick,21411557,37,1,37,2024-07-10 12:13:38.127499,pending,26078,WV,Diners Club / Carte Blanche
1be0f27a-3b50-4fac-be38-c3b9bb8135fb,Jennifer Kennedy,29554256,38,3,114,2024-03-10 13:03:41.522827,delivered,24717,WV,JCB 16 digit
8e18e783-3ff1-4f91-9bc0-2c7c4cbb7631,Autumn Torres DVM,11609391,76,4,304,2024-06-07 12:55:32.470648,delivered,26140,WV,Diners Club / Carte Blanche
b2d4d95e-df61-4749-81a9-b5037a9b0704,Jonathan Tyler,58477519,53,6,318,2024-06-24 12:10:04.062070,delivered,25793,WV,American Express
f64de8c3-dc71-4c6f-8cdb-5fdd04bfe3ed,Daisy Shah,46201379,54,7,378,2024-08-20 03:18:52.685669,shipped,26296,WV,American Express
234da81a-21dd-4348-b642-bbefcc907452,Ann Horn,00237512,92,9,828,2024-06-30 01:21:47.000471,delivered,25498,WV,Mastercard
76543545-8635-4f4c-b267-9c50ded44bdd,Angela Todd,27580707,43,9,387,2024-03-14 22:07:20.471051,shipped,25282,WV,Discover
af1bacc9-36b3-4b69-8a65-f79b6050e579,Christopher Greer,30531376,20,7,140,2024-07-26 08:33:12.783270,shipped,25759,WV,VISA 19 digit
0b899986-5826-4359-b0b5-bf51a13542e3,Steven Douglas,19562841,38,1,38,2024-03-02 00:10:09.976235,shipped,25701,WV,VISA 13 digit
fca140da-d2b2-446a-9def-7410a1314d91,Gerald Lewis,37774189,23,8,184,2024-03-18 06:30:21.630036,delivered,26791,WV,Diners Club / Carte Blanche
eca5062e-a66c-4a2c-b7a3-fcd84fc7cfbb,Robert Brown,74217670,28,10,280,2024-06-09 19:57:18.200892,pending,25382,WV,American Express
924549bd-3e5b-4cce-8ce9-ab9ffc4f0f35,Tami Sullivan,06606350,53,1,53,2024-04-20 01:17:26.617107,pending,24717,WV,VISA 16 digit
4503521e-3e95-4d54-8fcb-e022ce756da8,Adam Taylor,41909515,98,7,686,2024-06-19 21:53:28.129481,pending,26758,WV,VISA 16 digit
314c2d28-4715-4235-947b-60ddb7d638f7,Nicolas Carr,72286791,23,10,230,2024-04-16 13:00:58.548108,shipped,25025,WV,VISA 13 digit
449b9a4b-c5b2-4e4f-9556-8819bd6cff9b,Michael Silva,65828045,22,1,22,2024-08-16 04:44:26.014297,shipped,25696,WV,VISA 13 digit
086dd222-34a4-491c-9595-96016de14b31,Patricia Robinson,36538829,5,4,20,2024-04-28 00:47:57.323688,delivered,25670,WV,Discover
2cbd639b-e4b5-455a-b85e-a49a2abdbbda,Natalie Callahan,89442487,59,6,354,2024-03-21 22:39:29.022752,pending,25584,WV,VISA 19 digit
df47bb46-36a1-4c56-b6d1-3cc4e878ec43,Carl Parker,67754069,3,4,12,2024-05-26 09:33:30.618929,shipped,26470,WV,Diners Club / Carte Blanche
2cf00454-01cd-441f-91fd-529c89938ef9,Derek Lopez,77484284,11,9,99,2024-02-06 09:29:21.508818,delivered,24821,WV,Mastercard
795141e0-3e27-457b-9c64-4ab4b4ec3ca7,Justin Powell,36379712,22,2,44,2024-05-08 07:09:15.524626,delivered,25132,WV,VISA 16 digit
a82a7c2d-264f-4dd7-ad73-09e03d198c8c,Michael Rose,98823017,89,4,356,2024-02-09 09:15:33.231821,pending,25103,WV,JCB 16 digit
a7c160ad-c70d-4dea-a3aa-5d924b6fc74a,Dr. Sherry Dunlap MD,32479645,67,6,402,2024-07-09 08:12:58.189828,pending,25721,WV,Mastercard
116785ba-a5e7-48d0-b8fd-cd515eeb37a2,Angela Todd,96841693,98,4,392,2024-08-15 20:47:36.681464,shipped,25282,WV,Discover
e9b18de6-29e4-427d-9be7-b3308a7fdb02,Patricia Robinson,03057827,79,6,474,2024-02-05 12:20:39.408706,shipped,25670,WV,Discover
05fbc64e-f440-42b0-bd99-b6f429b0e83c,Michael Sherman,48129633,39,3,117,2024-06-25 18:22:21.877036,pending,25641,WV,Diners Club / Carte Blanche
8d3edf32-ac2e-4bb3-a2d7-24f28e7993c2,Todd Chavez,06713485,65,8,520,2024-05-13 03:54:42.938358,delivered,26325,WV,JCB 16 digit
25901332-77a7-412f-be2e-5c3353b9e996,Jennifer Kennedy,15468727,65,5,325,2024-08-07 12:46:33.977900,shipped,24717,WV,JCB 16 digit
22c14fb6-fa5d-49bc-976d-de7d299389b3,Monica Peterson,71624204,18,10,180,2024-01-10 16:34:28.432182,pending,26755,WV,VISA 13 digit
fe0e8049-ef03-45da-9f2f-b4bd4a3b54e6,Lisa Bell,23505155,19,9,171,2024-06-18 13:45:02.550273,delivered,26223,WV,JCB 16 digit
d3a4685e-fc28-4c63-b1df-7d58bb9fe6f0,Tammy Davis,52098833,61,4,244,2024-05-24 02:17:03.938594,delivered,25006,WV,VISA 19 digit
4ec20ab7-a617-486d-b231-ecc83afe63a6,Anthony Wilson,11571834,9,2,18,2024-07-09 10:38:07.234701,pending,26569,WV,VISA 16 digit
3e5c7d59-eb9e-40d8-8773-5a98bde0257e,Erin Hays,28363781,9,2,18,2024-06-09 06:30:38.849691,pending,25582,WV,JCB 16 digit
31ebdf26-2edc-4cb1-bee5-451f2e1c38ee,James Alexander,52204920,42,9,378,2024-03-24 10:34:38.873505,delivered,26243,WV,American Express
31d787ca-4be0-4d0e-bdb5-14fca9f67d92,Brendan Perez III,19398990,22,3,66,2024-02-10 22:26:43.917218,pending,25581,WV,Mastercard
7e2257fb-25fa-45dc-a5d3-f2f46bc5e720,Jeremy Rivera,62609074,94,10,940,2024-04-18 21:03:22.679904,shipped,24987,WV,JCB 16 digit
e4c59acd-f05c-4366-9238-67cb84f32033,Lori Santos,96945209,18,1,18,2024-08-03 23:52:51.743736,pending,26410,WV,VISA 16 digit
76c2fb37-f825-449b-ad0f-3817959fcdba,Ms. Amy Hoffman MD,30047976,44,1,44,2024-02-01 16:08:54.099319,delivered,26643,WV,JCB 16 digit
80339a22-5d8b-4677-8778-3d8771414a8d,Tammy Davis,77941282,12,9,108,2024-07-24 11:57:46.368597,delivered,25006,WV,VISA 19 digit
b4abe629-4f11-40eb-84f0-86190b9f19b8,Jeffery Wheeler,79186070,79,9,711,2024-02-25 15:48:03.320549,shipped,25288,WV,JCB 15 digit
68344614-a9e7-43a2-bdfc-97fcd521d33a,Darlene Bailey,37034559,9,2,18,2024-03-26 12:22:29.928522,shipped,26303,WV,VISA 19 digit
8d65eea7-ddd6-44ec-bb96-ebd2852edb52,Monica Peterson,77875242,85,4,340,2024-06-19 19:34:42.271701,shipped,26755,WV,VISA 13 digit
4dd8b236-69a3-4bc5-8301-a992d2398027,Barry Solis,41343685,1,7,7,2024-02-03 06:42:01.054154,pending,25844,WV,American Express
60e0ca9b-acba-44a2-9e12-d655edb9acbd,Daniel Walker,79941105,75,5,375,2024-08-07 08:31:16.813126,shipped,26017,WV,VISA 16 digit
e889f752-9c6c-4345-b511-4e2488021fda,Jeffrey Fitzpatrick,93784672,46,10,460,2024-03-24 14:52:28.460385,shipped,26674,WV,VISA 13 digit
ab533fd4-53a0-4355-8a35-69aea357df25,Melissa Austin,33186610,95,1,95,2024-08-06 09:41:37.654491,delivered,25007,WV,VISA 16 digit
e5479019-8d26-40d7-99e9-0127981c72ce,Jeremy Molina,04787235,93,9,837,2024-05-29 03:18:03.038584,shipped,26026,WV,VISA 13 digit
fb95c554-2883-4ba3-a7f9-030ea8f75e76,Autumn Torres DVM,65577660,82,4,328,2024-05-06 09:33:41.226946,delivered,26140,WV,Diners Club / Carte Blanche
cb0aafc1-d6d2-431b-af60-6ccdf23eb75f,Daniel Barber,61139398,83,9,747,2024-02-02 05:24:00.693244,delivered,25932,WV,Maestro
2597d6a6-b8c6-40dd-a257-6687b3bcda67,John Hoffman,96620571,19,8,152,2024-01-11 02:11:56.719103,delivered,25738,WV,Discover
acc3d8ce-756e-4473-a519-bd3f5da5cce0,Erin Hays,25268904,24,1,24,2024-01-09 18:43:04.119216,pending,25582,WV,JCB 16 digit
1652c76a-201a-48bf-9dbc-0c5c357ea51a,Lori Santos,71807263,34,1,34,2024-05-03 14:18:50.379220,delivered,26410,WV,VISA 16 digit
b31d20e5-c91a-4d3e-b707-213418496858,Todd Chavez,64795881,47,5,235,2024-07-17 02:22:57.311101,delivered,26325,WV,JCB 16 digit
3b2d0179-27a1-4649-84e4-711bd21f02df,Tammy Davis,64544106,7,3,21,2024-02-08 15:02:27.323459,delivered,25006,WV,VISA 19 digit
77068389-b1e8-400f-9cc5-3f7611f51625,Jennifer Kennedy,68248239,62,6,372,2024-02-04 23:34:03.367392,pending,24717,WV,JCB 16 digit
c59c0c91-c4e7-41c7-a352-cf2ff5e19793,Sara Wells,73693680,14,10,140,2024-08-06 07:34:27.598413,shipped,24748,WV,VISA 19 digit
4f7282d8-a179-4ab2-b636-b784533d1cd4,Jeffrey Fitzpatrick,71624204,18,1,18,2024-07-25 03:29:03.593900,delivered,26674,WV,VISA 13 digit
a67fbdac-a3ab-4da9-bbbe-aa8f9489577a,Gerald Lewis,88588179,48,3,144,2024-07-07 20:21:02.520306,shipped,26791,WV,Diners Club / Carte Blanche
f4aa68fb-c910-4b2d-99aa-dec064e84221,Joshua Morrow,03057827,79,2,158,2024-04-15 18:33:52.479273,delivered,25059,WV,Discover
3e6821a3-3a03-4e40-ab0f-44368f71eeb0,William French,41094822,57,2,114,2024-05-15 12:36:12.687263,pending,26797,WV,JCB 16 digit
69d3c5e5-2384-4e44-ad96-8faeeec127e1,Nicolas Carr,21119620,83,3,249,2024-04-10 07:20:56.601773,shipped,25025,WV,VISA 13 digit
7b53192c-4e1b-4ab9-b4de-1ed9ab925d75,John Douglas,42619710,43,3,129,2024-01-10 13:14:02.059168,delivered,25164,WV,VISA 16 digit
