cbd7f95b-3a0d-4694-8b71-73b9d361992a,Jose Alvarez,15986115,6,10,60,2024-05-19 14:51:45.160692,pending,43975,OH,VISA 16 digit
b30b9a48-8e28-4015-8f2b-666097ca28b1,Samantha King,85153660,91,1,91,2024-08-25 12:06:25.458292,shipped,45345,OH,VISA 13 digit
6d57a109-76a9-481f-9ae6-bab20b5bced0,Billy Jacobs,73472674,53,9,477,2024-07-17 01:27:44.245356,delivered,43531,OH,VISA 16 digit
f9d33103-d1bd-468a-b896-f8e9db851df3,David Andrews,88283210,31,8,248,2024-07-19 09:04:07.628136,delivered,45289,OH,Maestro
5646e294-df73-4ff6-a7b7-0c3f689d973e,Daniel Burke,98075218,6,2,12,2024-04-27 18:20:27.155255,pending,43812,OH,VISA 19 digit
51e9e73c-f208-42b6-aeb2-117c88497028,Kelly Marsh,40839967,14,6,84,2024-05-19 15:20:58.942292,shipped,45700,OH,JCB 16 digit
5db3c61a-1254-4032-8dce-be34c35b4a53,Tiffany Harris,97162063,42,1,42,2024-03-22 05:05:49.281288,shipped,43432,OH,JCB 16 digit
b5ae5a41-4ffd-44dc-ad09-feb81c02b882,Mr. Zachary Preston,35124047,77,8,616,2024-01-02 16:49:37.204567,pending,44237,OH,JCB 16 digit
650a6c08-be91-4a9f-93e7-a7eaccc8ce59,Leroy Allen,80526988,11,2,22,2024-06-09 04:05:38.293163,shipped,44890,OH,Maestro
7dc417e9-3a03-4f5d-8c61-6a7b094b3a92,Katherine Gutierrez,05513697,34,5,170,2024-05-08 13:37:27.479467,pending,45148,OH,JCB 15 digit
20af627c-253c-42ac-9586-3ca2efa66e46,Joshua Mitchell,68233839,56,6,336,2024-07-10 08:07:13.848855,delivered,44539,OH,JCB 15 digit
ebce07be-c294-439c-80ef-658a6fa91c75,Patricia Garcia,93414500,61,3,183,2024-03-02 03:54:30.268051,pending,43486,OH,American Express
39e2e2ee-f7c6-4364-afbc-a2ad65776120,Maria Love,84295569,81,8,648,2024-03-03 18:52:17.026994,pending,43914,OH,VISA 13 digit
bbea2b1c-09eb-4a4a-af99-6ce5c0ae7cbb,Michelle Gardner MD,09086586,50,3,150,2024-06-28 13:00:55.243082,delivered,45321,OH,Discover
c4850ad3-d259-423f-b0c5-b10068d304c3,Andrew Perkins,22908018,60,1,60,2024-06-04 02:37:55.795894,delivered,44366,OH,JCB 16 digit
a60dce72-0c1f-4177-ba4b-4da38d64c1ff,Tammy Park,53941794,85,10,850,2024-05-09 09:43:58.900800,delivered,43661,OH,VISA 16 digit
2ed49a22-f56d-4694-9852-9d553d076b25,Jeremy Lawson,11571834,9,6,54,2024-08-18 08:01:17.842242,pending,45725,OH,VISA 19 digit
9ecfc36e-2c9c-4956-9989-8b72043375b1,Benjamin Warren,18699517,51,1,51,2024-01-09 05:22:21.101133,pending,44086,OH,JCB 15 digit
ffb771b3-c0ef-4106-b8bc-202774882b76,Karen Trujillo,54627123,82,3,246,2024-06-26 18:07:14.453576,shipped,43737,OH,VISA 13 digit
8ccf3d8f-cc8d-448b-a401-c80fd7dee117,Jose Alvarez,23960619,100,1,100,2024-04-17 13:58:23.847492,pending,43975,OH,VISA 16 digit
8cdd59fc-b824-49a0-9c92-9e2be4a2a1ea,Anthony Sanders,17503594,48,8,384,2024-01-28 10:20:27.532397,shipped,45586,OH,VISA 19 digit
be6e9934-883b-4396-8bf7-dd8177e5f017,Michelle Gardner MD,97466741,91,1,91,2024-08-21 19:46:56.104345,pending,45321,OH,Discover
41fd71ae-ecc6-4eba-bcfe-deeb5be12e89,Vanessa Stuart,06926359,51,1,51,2024-06-01 02:25:24.546846,pending,45110,OH,VISA 16 digit
3c6de1e7-ca8a-4cca-a0d0-0072101bd610,Heather Jones,18561173,68,5,340,2024-03-16 22:07:46.853871,delivered,45228,OH,Discover
5db63fb8-8267-40f7-9fca-582dddd9f83e,Scott Hernandez Jr.,47163959,74,8,592,2024-08-14 07:18:52.601554,delivered,44914,OH,Diners Club / Carte Blanche
d9449eb1-dd78-40e2-9f58-54263e9bc11a,Stephanie Norman,24904193,28,5,140,2024-01-06 20:43:16.287373,pending,44741,OH,VISA 16 digit
5324c7f4-995e-4436-af66-dae9880b4036,Luis Lam,49643077,93,10,930,2024-02-23 14:35:14.437926,shipped,43276,OH,American Express
66209b51-cf76-4065-b31d-cfa0ffb7e8b8,Ashley Vazquez,59030669,27,8,216,2024-06-28 23:18:03.247033,shipped,44811,OH,VISA 13 digit
f7461b61-fcf5-48e9-bd18-5f73f6c08214,Kelly Powers,38077852,51,5,255,2024-08-16 19:40:24.014590,shipped,45290,OH,VISA 13 digit
dbc003ab-7ad5-4fa8-b2d8-5e9982e283e5,Karen Trujillo,16567214,30,1,30,2024-02-14 11:14:30.154216,shipped,43737,OH,VISA 13 digit
54439eda-8e0f-4d19-be32-893d3d6f58f3,Andrew Young,10545225,49,2,98,2024-06-12 11:16:28.268962,delivered,43576,OH,Diners Club / Carte Blanche
03a14258-7efb-4e78-b4cf-68eb623911e3,Angela Davis,29911714,25,9,225,2024-01-12 12:25:15.075035,delivered,44940,OH,VISA 13 digit
7e978f3a-74ad-430a-aaf9-de0b475db652,Antonio Abbott,54203228,92,6,552,2024-02-28 06:31:37.761104,pending,45146,OH,VISA 16 digit
a8382edf-9676-4603-b881-c56360858f9f,Kathleen Carlson,46131904,40,8,320,2024-07-04 16:22:35.764403,shipped,44105,OH,Discover
c5983fad-8ae0-4a75-88e8-4edf39eabee8,Leroy Allen,68542153,87,2,174,2024-07-16 18:01:29.524679,pending,44890,OH,Maestro
11160819-aa34-413a-94e6-f081ad452681,Diane Hardy,23713581,24,3,72,2024-06-19 23:37:02.139336,delivered,43495,OH,Mastercard
1c67a0ae-143d-408c-9012-d19c710e7de9,Scott Hernandez Jr.,65767740,62,1,62,2024-09-01 15:21:28.645259,shipped,44914,OH,Diners Club / Carte Blanche
abfe1dec-311c-49aa-a057-f2340896da89,Samantha Curtis,92894587,55,9,495,2024-01-16 19:45:22.290887,shipped,43311,OH,VISA 16 digit
db930fe2-e227-4990-ba37-8874c77fee63,Douglas Mccullough,28899518,9,1,9,2024-08-29 06:52:45.816278,pending,44797,OH,VISA 16 digit
71b1c9a4-b43f-45d0-bb48-1b7cb9d900ea,Patricia Garcia,56130959,27,7,189,2024-06-01 04:50:56.383346,pending,43486,OH,American Express
5a5934ce-a83e-4f10-bc5d-243ce908b1bf,Heather Jones,91348210,35,8,280,2024-07-23 06:02:17.255762,shipped,45228,OH,Discover
0f2d3b6a-4417-490e-b9ad-edb3c57e3c6e,Charles Newton,37895129,80,8,640,2024-03-24 03:03:35.320326,shipped,43456,OH,VISA 13 digit
6656e831-cfb1-46b5-a99a-753429488f64,James Robinson,57683386,10,10,100,2024-03-31 17:04:29.541315,pending,44986,OH,Discover
635be0f5-d310-40d1-967a-30b1124c0075,Tammy Park,63445572,71,3,213,2024-03-22 00:54:11.355446,delivered,43661,OH,VISA 16 digit
d3103a6c-80c3-45dc-8f7e-c770fdd73665,Darrell Smith,26288567,77,2,154,2024-07-14 23:53:13.411771,pending,44206,OH,American Express
a59e9fb9-d9b1-44c1-9403-a620a28cf2d6,Karen Trujillo,54815759,72,7,504,2024-08-26 20:23:41.203579,pending,43737,OH,VISA 13 digit
b98ac85c-5efa-49c2-8cbd-8602ee1bfbbe,Brandon May,70849868,78,10,780,2024-04-30 15:55:43.464393,pending,45997,OH,JCB 16 digit
7787f1ff-c425-473f-ac5f-f2aaf9a80fc9,Andrew Perkins,50066698,57,10,570,2024-08-29 13:07:30.424294,delivered,44366,OH,JCB 16 digit
cbe4b0a2-9963-4b42-8582-9d32cc0d8183,Laura Garcia,49419498,23,8,184,2024-06-08 11:30:23.922644,delivered,45955,OH,Mastercard
43486ae8-187e-4cc1-8387-5cae421f7840,Carlos Pearson,45208539,63,5,315,2024-01-17 16:53:45.292119,delivered,43711,OH,VISA 16 digit
349097f2-599a-46ae-a2c7-2c5caba56a92,Jennifer Monroe,88291727,69,7,483,2024-03-25 13:11:20.641560,pending,44231,OH,American Express
0c20ce4b-4762-42e3-8c0e-d8db4d38b1e1,Donna Rodgers,60286819,67,7,469,2024-04-15 06:28:16.527290,pending,45438,OH,VISA 16 digit
1b795e38-63b7-4104-8ccf-f80ae8bd1436,Richard Lee,71411989,2,3,6,2024-06-09 11:58:30.772709,shipped,45176,OH,VISA 16 digit
e2b2f350-d84a-43aa-b366-fb837d45d22e,Charles Newton,73851479,37,7,259,2024-01-18 08:03:40.720082,shipped,43456,OH,VISA 13 digit
bb929e04-3c60-491c-80d7-59c17b1118e5,Katherine Griffin,12321377,32,1,32,2024-05-31 00:59:05.128898,shipped,43720,OH,VISA 19 digit
b3a6a849-0417-44ae-8500-8403a0b0b824,Amy Owens,88856070,67,9,603,2024-08-22 14:36:10.103253,shipped,44624,OH,JCB 16 digit
20745a1a-114a-482c-8ec2-09f3ae84807f,John Brown,06918538,61,2,122,2024-08-27 03:23:32.275622,delivered,43572,OH,American Express
95a4cdfc-119e-47d2-8cd6-a188cbd3e3a5,Catherine Martin,64945460,71,10,710,2024-06-10 12:39:48.719185,pending,44853,OH,JCB 15 digit
21c1b66a-622c-46ab-945c-0e77051a202f,Trevor Sullivan,19947983,50,8,400,2024-05-03 12:31:45.959860,pending,43371,OH,VISA 16 digit
02a9cced-bfc0-4e5b-93f7-92ae4e2bd6bc,Matthew Moore,00312028,35,2,70,2024-05-09 01:10:37.519252,pending,43910,OH,American Express
c83933d1-8a49-472c-ba43-13982822a55e,Luis Lam,32081305,60,1,60,2024-08-24 04:26:23.275683,pending,43276,OH,American Express
b020cae4-c3ab-40fc-ac01-baf832ccb4c2,Jacqueline Fowler,99791445,86,5,430,2024-08-06 09:22:46.796683,delivered,43778,OH,VISA 16 digit
ec3a504e-a074-437d-aa6b-049839beaaaa,Andrew Young,20679590,76,3,228,2024-07-24 06:53:26.138802,shipped,43576,OH,Diners Club / Carte Blanche
0e47cfe2-b38e-497b-925f-6923ea7e6bb8,Teresa Kaiser,39938688,12,8,96,2024-01-08 01:45:07.576828,delivered,43070,OH,JCB 16 digit
a10a3873-b93f-428c-8207-e74ff3a2529d,Maria Love,57383071,12,5,60,2024-03-10 11:24:44.824534,pending,43914,OH,VISA 13 digit
497bc2b8-9d8e-47ea-a21b-4b1247f50a64,Joseph Ryan,27754672,35,3,105,2024-06-23 18:50:59.118216,shipped,44760,OH,VISA 16 digit
e74c9912-0dbb-4adb-8dee-a9b4a5341185,Samantha King,27693919,11,7,77,2024-02-19 04:46:13.570698,pending,45345,OH,VISA 13 digit
15953d46-fb27-46fd-8512-9a56ba6c86ae,Rachel Blevins,10545225,49,2,98,2024-09-02 16:35:31.127650,pending,43624,OH,VISA 16 digit
8fdcedaf-fa1a-49de-9bc3-9b4743a60435,Tammy Park,02138701,1,1,1,2024-04-19 21:20:15.084782,shipped,43661,OH,VISA 16 digit
f44ad4e0-1599-43a5-86a7-3f4b19fa1b97,Jose Alvarez,40345093,70,6,420,2024-03-31 14:50:23.998635,pending,43975,OH,VISA 16 digit
aede37c3-c9ba-4873-a97e-edc63d1f7df7,Charles Newton,92499980,45,2,90,2024-04-16 20:01:52.082454,delivered,43456,OH,VISA 13 digit
ae20a34a-74a1-4387-ade7-a102e83ad2cb,Ronald Griffin,99302955,10,4,40,2024-05-06 12:11:36.555930,shipped,44218,OH,JCB 15 digit
e97d008e-3d87-4245-a548-f45f816cdf13,Billy Jacobs,05513697,34,10,340,2024-06-30 06:17:34.140533,shipped,43531,OH,VISA 16 digit
905b30c7-925d-4492-836f-59f7d614f6c2,Daniel Clayton,00237512,92,10,920,2024-06-02 02:34:05.227159,shipped,43325,OH,VISA 16 digit
5240aab5-cbb0-4260-9b0d-25afa05a3cd0,John Morris,64168432,77,5,385,2024-06-25 05:18:29.661898,delivered,44790,OH,American Express
99a26d3b-9468-4967-8c73-edea5529498e,John Brown,91822451,10,10,100,2024-01-28 13:44:15.790889,pending,43572,OH,American Express
f87536ae-1bc4-4c70-bbcd-3bb83169bb7c,Jeremy Lawson,08928290,89,6,534,2024-06-04 07:51:55.894740,shipped,45725,OH,VISA 19 digit
346f5a60-562a-465c-af0a-2557270b79fd,Richard Lee,45237584,67,1,67,2024-06-05 03:24:56.300995,shipped,45176,OH,VISA 16 digit
ebaf518b-8e5d-4df8-a396-2ccdb72b401f,Maria Rice,32742022,24,8,192,2024-04-03 15:54:28.466197,pending,43388,OH,VISA 16 digit
b2cbcb4a-dee7-4071-9ac8-5eeb3d34d910,Antonio Abbott,32413458,85,3,255,2024-01-05 10:49:45.192801,shipped,45146,OH,VISA 16 digit
0b3a4aa0-4aab-4a0d-a437-ace0e0b9ab40,Leroy Allen,45418761,44,7,308,2024-01-13 15:24:54.526901,pending,44890,OH,Maestro
99ef5bf1-a0f1-4580-bf90-a7885618e067,Shelley Pacheco,24915106,94,10,940,2024-08-22 20:22:00.313154,pending,44222,OH,VISA 16 digit
763f1572-dc8b-48f0-843f-f65785cd0354,Amy Owens,96351406,48,4,192,2024-06-13 15:19:40.696144,delivered,44624,OH,JCB 16 digit
733996a1-32a6-4f96-9c97-dcbbb1f73540,Mario Kelly,37774189,23,7,161,2024-06-06 23:49:54.655154,shipped,44273,OH,Maestro
cf906544-6687-41e1-9763-699799da3a86,Kelly Marsh,81579419,87,6,522,2024-08-07 09:50:14.609280,pending,45700,OH,JCB 16 digit
fa873d0c-2582-4514-882d-025ed7c2a47f,David Andrews,37774189,23,4,92,2024-01-19 17:26:31.614027,delivered,45289,OH,Maestro
202b2e24-ecac-4ae4-9c76-f41c899d4cc0,John Morris,42670520,37,3,111,2024-06-15 16:16:12.618701,pending,44790,OH,American Express
ae467744-e303-4726-b9b8-97b67cffb217,John King,50343577,88,3,264,2024-01-11 11:10:08.484910,shipped,44652,OH,Discover
99eb31bb-4730-43c6-9c39-64ad2755916c,Mario Kelly,91948359,91,7,637,2024-03-18 06:48:43.081660,delivered,44273,OH,Maestro
5447c2fe-710e-4169-9722-47809f797f23,Nicole Horne,05281770,2,5,10,2024-06-25 23:50:52.904267,pending,43352,OH,JCB 16 digit
aa869ecf-a938-4e1e-9c77-a94d3ac6b25e,Andrew Young,96949542,80,1,80,2024-08-18 10:15:54.913262,shipped,43576,OH,Diners Club / Carte Blanche
7abec72d-84b0-47d2-9be6-b1c81ec35bf1,Stephanie Norman,70888416,93,3,279,2024-02-21 17:46:30.616246,delivered,44741,OH,VISA 16 digit
44f3112f-dd62-49b2-b5a1-00ab3b64a347,Maria Love,94730791,92,9,828,2024-03-20 05:48:43.859849,pending,43914,OH,VISA 13 digit
1beb0b72-a485-4745-bbfb-db8e1aa74e00,John Townsend,46300195,41,3,123,2024-04-19 00:37:37.305265,pending,44759,OH,Maestro
e5161a75-aa6f-439a-ad19-9a190cfbe6d2,Kelly Marsh,41909515,98,1,98,2024-08-01 06:19:56.574305,delivered,45700,OH,JCB 16 digit
2506fcc0-5836-464b-82bb-6a5712b751f0,Laura Garcia,36725847,49,5,245,2024-06-09 07:31:47.210200,pending,45955,OH,Mastercard
205b2de2-23f5-4dd2-b383-39bae2233969,Angela Davis,71076454,6,2,12,2024-06-05 23:37:39.057880,shipped,44940,OH,VISA 13 digit
e3896d08-5280-4091-bd39-b3ae92487a7b,Amanda Martin,78177321,20,7,140,2024-03-08 15:17:49.412527,shipped,44066,OH,JCB 15 digit
b0d136a9-b652-4dd9-8870-65fa65358b0e,Emily Taylor,82630683,65,3,195,2024-05-25 06:59:02.046941,delivered,44827,OH,American Express
b9fcdfdb-2421-4bb4-a621-bf4cd2ccd579,Daniel Burke,02492339,75,8,600,2024-03-15 09:26:26.011282,delivered,43812,OH,VISA 19 digit
a9f4eda9-55ed-41f9-8f62-8039e46819f3,Heather Grimes,07541407,5,10,50,2024-05-10 07:22:06.116798,pending,43609,OH,VISA 19 digit
42247c3f-f5c1-44ff-af23-553f07ccf3d0,Andrew Perez,90286865,87,5,435,2024-07-04 00:59:32.031867,delivered,43547,OH,VISA 16 digit
c1c8b670-68d5-4cce-87eb-bc23dc94335d,Katherine Griffin,81021239,8,8,64,2024-04-16 10:24:25.141698,shipped,43720,OH,VISA 19 digit
a34f730a-5558-4ef8-b898-183f551ea283,Darrell Smith,31773683,11,9,99,2024-06-22 07:03:11.149103,pending,44206,OH,American Express
55876fee-0b35-4c32-a579-9e8f4c4784d7,Amy Owens,25421965,84,6,504,2024-04-10 01:16:10.525506,delivered,44624,OH,JCB 16 digit
7295cad0-5aab-4b16-98b0-5c154dd8e9f7,Ronald Griffin,38077852,51,10,510,2024-07-22 10:50:33.274152,pending,44218,OH,JCB 15 digit
4e96d5a7-49ec-4221-858d-d14a7ad64c7f,Scott Wilson,11501145,15,7,105,2024-07-13 07:22:39.110486,shipped,44539,OH,VISA 16 digit
e9cd92e3-5c61-4e3a-ae78-d4f2d3a1e0bd,Amanda Martin,17759854,32,5,160,2024-02-14 10:00:32.432703,pending,44066,OH,JCB 15 digit
789f4d20-fa97-4957-a54f-58060b1e2159,Mr. Zachary Preston,11567745,34,10,340,2024-04-27 05:06:07.196072,shipped,44237,OH,JCB 16 digit
a0762b04-f0a3-41a9-b34b-c85e40f5fc5d,Andrew Perkins,56149531,70,6,420,2024-05-20 03:34:13.088227,pending,44366,OH,JCB 16 digit
cb94c556-1834-42b9-bd9a-80b871b22ae9,Matthew Moore,76487330,25,3,75,2024-01-17 13:23:08.078366,shipped,43910,OH,American Express
d45f108b-c1ce-436d-a9cc-e06630b64a6f,Tammy Garner,48878920,83,1,83,2024-01-08 10:28:43.429787,delivered,43098,OH,VISA 16 digit
cbe02e62-5aea-4350-bbef-3a26644aff61,Katie Rosales,96620571,19,4,76,2024-01-08 04:04:46.000608,delivered,45159,OH,American Express
2255ce41-3888-4094-97d0-9fa30bfe70b8,Teresa Lopez,64818986,12,8,96,2024-06-13 15:57:40.781678,pending,43124,OH,Discover
de49b761-a27d-4791-a015-4d57cd7ac93a,Sharon Espinoza,82630683,65,10,650,2024-01-18 02:55:50.787257,pending,45045,OH,Maestro
d17fb580-b772-49a5-a3a6-89c0426ac824,Joshua Mitchell,23433403,30,10,300,2024-01-17 00:43:41.905764,pending,44539,OH,JCB 15 digit
00683a22-9cf4-4431-911d-40ebbc0077d7,John Townsend,62566704,85,1,85,2024-06-18 12:56:50.417773,delivered,44759,OH,Maestro
b7c5ac4a-1965-4a88-bd2d-a3b6934e6537,Mario Kelly,86908948,17,6,102,2024-01-13 02:11:06.275540,pending,44273,OH,Maestro
1b20d631-2d41-4d45-ab3a-09f982cfed41,Rachel Reed,94231854,20,2,40,2024-01-11 14:50:51.733153,pending,45909,OH,VISA 16 digit
3bb709ec-1d1d-4ecc-9eb3-e8cf7c59247b,Anthony Sanders,01379884,2,2,4,2024-01-30 00:34:07.163131,pending,45586,OH,VISA 19 digit
83395bad-59de-439a-8b7c-718de965f467,Maureen Warren,53030375,81,9,729,2024-08-07 08:31:15.737673,shipped,43354,OH,VISA 13 digit
142a61a4-f27b-4a21-94ba-e0bb10829d1f,Heather Jones,14048357,35,1,35,2024-07-01 13:59:18.174105,shipped,45228,OH,Discover
ff4a8075-b7a7-4ab7-a543-87897416562e,Maria Love,63137255,57,10,570,2024-08-19 11:57:51.361715,delivered,43914,OH,VISA 13 digit
d339507f-1654-4f5e-b47e-074d67dfaba9,Andrew Perkins,23960619,100,7,700,2024-08-23 05:30:00.661492,pending,44366,OH,JCB 16 digit
ee3c61ee-0d37-4054-a895-eb9ed53d8019,Jonathan Carr,17139823,40,5,200,2024-02-06 22:31:31.219173,delivered,44813,OH,Maestro
193f7ba0-8a72-46d5-8fce-f901c4d2f2b2,Daniel Burke,38131752,26,2,52,2024-01-03 17:50:00.997666,shipped,43812,OH,VISA 19 digit
c35871dd-c82a-49e0-a339-90defe0b6733,Mario Kelly,88710105,1,8,8,2024-02-01 01:58:22.840550,pending,44273,OH,Maestro
154e95fb-c52b-4812-870c-a10b8f236433,John King,00963947,8,5,40,2024-07-01 23:22:54.664917,shipped,44652,OH,Discover
9a0920be-56af-4798-8534-41322b39c2a0,Luis Lam,41311363,77,3,231,2024-05-25 08:45:45.165951,shipped,43276,OH,American Express
7c6a3aba-518e-4bcd-aad3-ca7c58cf49e4,Matthew Moore,96790861,73,4,292,2024-02-06 15:42:28.792466,delivered,43910,OH,American Express
c02949bb-ca96-4b06-8d36-c635c3661463,Brandon May,80211990,39,5,195,2024-01-07 19:32:34.834028,shipped,45997,OH,JCB 16 digit
121d50c4-215b-4595-94ad-2bb6c488c7b4,Tammy Gilmore,13762469,46,7,322,2024-09-03 11:25:28.515462,pending,43566,OH,VISA 19 digit
da954232-7a76-47a7-a23f-162e7209779f,Andrew Young,34866016,87,1,87,2024-05-15 03:37:55.327839,pending,43576,OH,Diners Club / Carte Blanche
5244624a-b48b-4433-a097-883cc98f0969,Angela Davis,88588179,48,3,144,2024-04-01 22:45:16.948611,delivered,44940,OH,VISA 13 digit
eff74f66-595f-4a63-a7ee-65fbae771105,Carlos Pearson,61789067,5,1,5,2024-07-15 02:29:46.670605,delivered,43711,OH,VISA 16 digit
c27f7acb-ad10-4acc-b25d-f58befd37f22,Martin Hubbard,54815759,72,1,72,2024-05-20 08:25:51.665802,pending,45132,OH,Mastercard
2dc3e186-ad2d-4376-8e16-77897ee3a5b7,Richard Lee,46131904,40,8,320,2024-05-26 00:48:30.012606,pending,45176,OH,VISA 16 digit
773fc1c4-c8af-411f-985f-525506cd661c,John Brown,66469377,6,1,6,2024-04-09 13:03:10.248437,delivered,43572,OH,American Express
37e6f81c-6541-41df-9999-4930697c7bad,Charles Newton,90515088,85,3,255,2024-01-07 06:58:20.615546,shipped,43456,OH,VISA 13 digit
f9db2390-9ab0-4578-b200-43856fbdd46d,Carlos Pearson,17174275,43,5,215,2024-01-16 04:05:54.161136,pending,43711,OH,VISA 16 digit
6c0d64e0-a38d-4999-a431-4c40c783a584,Amy Owens,47163959,74,6,444,2024-01-22 03:21:00.873205,shipped,44624,OH,JCB 16 digit
cb5e2d9a-5078-4a6f-bee1-4cebf0520345,Brandon May,40120263,33,10,330,2024-08-02 21:07:45.092712,pending,45997,OH,JCB 16 digit
567ccc78-58bf-479b-bbf5-861e136beb68,Tammy Gilmore,93712323,42,4,168,2024-08-06 03:20:36.519686,pending,43566,OH,VISA 19 digit
0d601059-14a7-490c-a34b-1245ee80f614,James Robinson,00380829,47,3,141,2024-02-10 02:15:02.765817,shipped,44986,OH,Discover
dbb30685-ae9c-40e7-a5a9-411bdd8d6727,Ashley Vazquez,45237584,67,2,134,2024-03-16 09:25:58.442865,shipped,44811,OH,VISA 13 digit
b0dc8b89-98a8-4c1e-9851-c9ef9a4093c3,Ryan Stein,88149424,17,9,153,2024-05-01 23:37:07.498326,delivered,43091,OH,Maestro
36a664d5-d130-4976-8d12-6347855c0138,Danny Fernandez,51460853,28,4,112,2024-01-09 15:41:19.816199,delivered,43321,OH,VISA 19 digit
40769441-d327-4c69-80ed-b3a56d4fec6b,Shelly Tate,06354794,85,1,85,2024-06-22 00:29:48.130167,delivered,45265,OH,VISA 13 digit
7004457a-0ddf-4ee6-8cd2-b1443f028f3e,Andrew Perkins,42322214,27,2,54,2024-03-07 12:08:57.432863,pending,44366,OH,JCB 16 digit
547b34b1-7f35-4645-a2c2-783e8cc4dfbd,James Stewart,54303119,40,4,160,2024-03-08 20:18:22.699865,delivered,45237,OH,American Express
9b64e2c7-66e0-4185-aec7-f7a23e21dccd,Catherine Martin,34339800,12,1,12,2024-08-23 11:55:43.531909,shipped,44853,OH,JCB 15 digit
73c6be72-44cf-4d30-8cae-c210444770fd,Nicole Horne,86995122,89,1,89,2024-04-06 18:40:56.169268,pending,43352,OH,JCB 16 digit
d411e132-74e1-4ff1-a9e2-32d745d51f48,Anthony Sanders,96475249,95,3,285,2024-01-23 12:15:34.100305,delivered,45586,OH,VISA 19 digit
d6862420-9dc7-49ee-8063-a0a22ec99866,Antonio Abbott,80328117,59,8,472,2024-03-16 06:03:34.933342,shipped,45146,OH,VISA 16 digit
26404005-d267-4b30-8777-5f319bd3aacf,Mrs. Tammy Brown,86657501,34,3,102,2024-04-04 23:28:29.870639,delivered,44645,OH,American Express
7a08fa1b-62e8-4bec-9f0b-b741b00df5bc,Patricia Garcia,65973905,80,8,640,2024-02-22 09:51:45.459822,pending,43486,OH,American Express
d42e3fbd-bdd9-48ee-9896-742b42126959,Vincent Young,28423782,72,5,360,2024-05-18 18:31:55.010932,pending,43067,OH,JCB 15 digit
640eb354-f860-4b88-a9d3-663bdbebc14a,Trevor Sullivan,98457434,38,2,76,2024-02-24 22:40:30.654067,pending,43371,OH,VISA 16 digit
2fb16fb3-2da4-4ba2-b711-907a9f76a9fc,Vanessa Stuart,39478894,61,10,610,2024-02-15 14:49:40.523251,shipped,45110,OH,VISA 16 digit
85c5363b-b85d-4e90-b553-cb90fa32b2b8,Jeremy Lawson,40383439,41,3,123,2024-07-14 18:21:55.052317,delivered,45725,OH,VISA 19 digit
5c3a5257-166e-4871-be93-58bb3eb71d2e,Martin Hubbard,35124047,77,3,231,2024-05-09 10:39:06.071369,pending,45132,OH,Mastercard
5a2e86b4-f9fa-44db-a2d8-739a6b4ae429,Stephanie Norman,38045592,35,6,210,2024-01-09 07:50:17.287100,shipped,44741,OH,VISA 16 digit
c43feeb1-b1a8-4fae-8506-afa124f0f241,Michelle Petty,25421965,84,5,420,2024-03-02 08:20:59.532057,shipped,44341,OH,American Express
0f3984f7-cfc7-4b0c-a4d2-da3677057ebf,Daniel Burke,52204920,42,1,42,2024-08-21 20:04:02.546164,delivered,43812,OH,VISA 19 digit
2fbbd807-98c3-4c3f-bcdd-935fd6cc6ed7,Luis Lam,22681478,39,5,195,2024-01-21 20:28:38.827732,shipped,43276,OH,American Express
f124b66b-8dda-4699-9966-8a24df5d5e06,Andrew Young,68433376,19,10,190,2024-08-19 20:51:06.034183,shipped,43576,OH,Diners Club / Carte Blanche
0403b596-33c0-497a-b4a0-15aa8c1dab2b,Amanda Martin,94730791,92,5,460,2024-05-16 22:11:48.357617,pending,44066,OH,JCB 15 digit
ca22c270-02ad-47b4-becc-a44825c6bfdc,James Stewart,18400908,31,3,93,2024-09-04 10:11:44.507498,pending,45237,OH,American Express
54be03ab-4381-4269-a8af-0a89e41b4fa8,Leroy Allen,45454479,15,6,90,2024-05-02 13:03:14.911809,delivered,44890,OH,Maestro
d7257453-df30-405c-a20f-20fd66f6688f,Thomas Wells,75255718,43,6,258,2024-05-16 17:12:14.180912,pending,44635,OH,VISA 16 digit
6d1a934a-8f30-4b0f-9dcd-6c90161f562c,Danny Fernandez,25268904,24,6,144,2024-01-24 19:37:36.468515,delivered,43321,OH,VISA 19 digit
8f508c59-6d83-482c-acfd-3b71a92c5ad7,Billy Jacobs,93821285,15,4,60,2024-05-28 04:57:48.949034,shipped,43531,OH,VISA 16 digit
983245a4-d86e-483e-905c-41db932e9e2a,Katie Rosales,87165999,45,9,405,2024-08-29 16:32:30.353702,shipped,45159,OH,American Express
df1e5de8-5e33-4928-a142-edf3ebfc8665,James Robinson,33103723,21,5,105,2024-02-07 13:04:15.086462,pending,44986,OH,Discover
31f71663-5d9b-4b0c-bf41-dd55d5a1846d,Samantha Curtis,09608115,65,5,325,2024-04-04 14:15:52.013388,shipped,43311,OH,VISA 16 digit
