a01434bd-a0bc-432b-8fce-3b93863c0756,Jeremy Morris,63091731,76,9,684,2024-02-04 21:47:06.587817,pending,05203,VT,Mastercard
41aa59f4-7afa-45e2-acd4-3e12202a1160,Monica Haynes,85153592,23,7,161,2024-08-01 23:33:26.165365,shipped,05214,VT,JCB 15 digit
f6912130-a3e3-4ced-b358-6539cb4203ff,Tiffany Webb,90134814,96,8,768,2024-04-21 05:26:06.706300,pending,05125,VT,Mastercard
461225e2-553a-44c5-8bef-80fa7118442c,David Boyd,14147876,98,4,392,2024-05-24 06:16:00.452226,pending,05279,VT,Discover
bc19c674-bd74-4a36-af26-5770a3e7f917,Karina Scott,74892365,85,2,170,2024-07-13 22:49:26.902256,delivered,05452,VT,JCB 15 digit
cd434a27-c5f4-49db-8caa-6be2a08ec316,Charles Marshall,60640383,8,10,80,2024-03-21 00:19:12.266863,shipped,05445,VT,VISA 16 digit
9a97d94a-ed81-43a7-b493-5de6aee083b5,Timothy Erickson,46599193,49,5,245,2024-02-04 03:42:26.041795,shipped,05192,VT,Diners Club / Carte Blanche
29791a5e-7455-4c50-95de-364058de12a2,Kelly Bradford,07302893,6,1,6,2024-03-01 21:19:55.588355,delivered,05127,VT,VISA 16 digit
ec2836c1-c3b8-40e6-8a8c-4d93fe63510e,Peter Tran,14564741,95,9,855,2024-06-12 18:21:04.042335,shipped,05056,VT,JCB 15 digit
89bdacc6-7289-478d-81ba-c24c4f9170e1,Andrea Reyes,44085315,49,6,294,2024-01-26 12:59:04.250637,delivered,05328,VT,JCB 15 digit
8e486858-d79f-47f9-90c9-5e9419fd5292,Mason Robinson,81138647,11,4,44,2024-05-01 20:04:34.271052,delivered,05083,VT,JCB 16 digit
f75f6eaa-2e85-4cd4-a9ac-eed2027a8b97,Lisa Clark,63482904,5,2,10,2024-08-25 15:07:26.906130,pending,05463,VT,VISA 16 digit
44fb17d5-f7bf-4240-81e3-17198dad0089,Jeremy Morris,12428557,14,6,84,2024-07-25 05:42:31.458106,shipped,05203,VT,Mastercard
424e490a-cbb0-446e-91e8-4fe652ae73ee,Jacqueline Morris,33006932,55,9,495,2024-05-23 04:04:46.511807,delivered,05275,VT,Maestro
88a09537-f5fa-41a2-b09f-959e5fe91e89,Gerald Walls,84250360,88,1,88,2024-07-21 05:53:52.130005,delivered,05231,VT,Maestro
cbdfcb46-2b8a-4250-90c0-efc3aea1be61,Garrett Perry,42646518,100,8,800,2024-02-17 19:20:56.237390,pending,05103,VT,VISA 16 digit
9b1a20ad-52ad-49e2-88a5-b00b9eb4d448,Robert Duffy,06926359,51,1,51,2024-03-16 14:14:40.158995,pending,05337,VT,VISA 19 digit
a2332ea7-edd9-4431-aeb1-5650e28c4b09,Michelle Johnson MD,31034425,53,9,477,2024-06-12 21:36:52.216026,pending,05452,VT,JCB 15 digit
bbd78dab-ebe7-446b-857c-a793ede15ba1,Patricia Smith,65973905,80,10,800,2024-08-24 14:11:33.540495,pending,05401,VT,VISA 16 digit
a4b1a723-3704-43b4-ad31-22e0d0485a74,Christopher Anderson,13108496,81,5,405,2024-05-27 10:44:14.109214,pending,05125,VT,Discover
701ff808-9b3a-4eeb-a904-3c802ec94455,Patricia Smith,63918083,50,8,400,2024-08-10 22:37:13.532352,shipped,05401,VT,VISA 16 digit
1971ca39-c232-4e3c-8e0d-b5bff103be2b,Allison Krause,19197111,9,2,18,2024-07-31 17:40:15.675046,shipped,05475,VT,American Express
ba373426-8d0a-4d08-a1bd-7f4784c0db94,Kimberly Lee,48693707,48,10,480,2024-05-21 14:37:24.424348,pending,05168,VT,Mastercard
fca7830d-380f-4eae-ac0d-3d4396c8a30e,Lisa Clark,70328592,6,3,18,2024-05-23 10:43:21.239683,delivered,05463,VT,VISA 16 digit
9a28b36a-4ef2-4cb8-8a54-709506a3439d,Leon Brown,21288074,77,8,616,2024-06-20 03:54:53.348323,delivered,05237,VT,VISA 16 digit
7314f960-6381-4e36-8dce-348f6d0c86f8,Lisa Clark,40155463,95,4,380,2024-02-19 07:54:24.194458,shipped,05463,VT,VISA 16 digit
9c3d8a08-aef6-4c09-aa77-91283147c9e8,Patricia Smith,73754640,94,3,282,2024-08-28 06:57:14.047834,delivered,05401,VT,VISA 16 digit
01bbbc70-51e7-4a62-b006-f92f11d5a3b5,Andrea Reyes,03399552,36,6,216,2024-04-21 22:47:40.763908,pending,05328,VT,JCB 15 digit
d6620e1d-6c1f-45ae-a58d-a85ec98916ef,Jasmine Watkins,32499124,30,10,300,2024-04-25 01:09:29.372947,shipped,05082,VT,VISA 13 digit
cc86d9bf-03ab-4c86-9ace-32cb1314be83,Ms. Sylvia Morrison,16446342,16,8,128,2024-08-07 17:12:06.219660,delivered,05414,VT,JCB 16 digit
4d33ca28-3dd6-427a-a2fe-13b773861f79,Michelle Johnson MD,07541407,5,4,20,2024-02-18 21:21:16.439281,shipped,05452,VT,JCB 15 digit
dbe919c8-8b78-4a8e-bb78-006d48151d97,Mason Robinson,96560686,21,9,189,2024-05-23 18:25:51.740193,pending,05083,VT,JCB 16 digit
3ecfdcfd-d7ae-44fb-8d94-69990e51f516,Christopher Wheeler,46700087,70,1,70,2024-04-04 04:38:42.723481,shipped,05337,VT,VISA 19 digit
243313d4-9dec-41a9-960e-a0086e26208f,Jeremy Morris,67148738,90,3,270,2024-03-11 01:57:28.982415,pending,05203,VT,Mastercard
5696f717-21cc-4d67-a027-73593011bbfa,Crystal Lambert,10050880,95,4,380,2024-07-08 10:00:40.275583,pending,05107,VT,JCB 16 digit
c206e3c1-4055-4d0f-a526-efda8aa72a63,Veronica Clark,33372204,69,4,276,2024-03-15 06:16:28.133720,delivered,05324,VT,JCB 15 digit
95b54298-78b1-4773-9bdd-ef280996cd3e,Madison Ingram,13179731,93,7,651,2024-07-20 16:50:00.992937,delivered,05146,VT,JCB 15 digit
13a9f037-9506-496e-8adb-1c81f9cbf350,Mary Gonzales,27293959,94,1,94,2024-03-11 11:07:21.009294,delivered,05309,VT,VISA 16 digit
d5be8639-01b6-45e9-b7a8-a5e9a597c3a5,Taylor Olsen PhD,71413358,58,9,522,2024-06-03 12:02:42.724608,pending,05334,VT,Maestro
c0a05584-a2d0-4b23-be0c-035c399f5c9f,Kenneth Cooper,73458609,67,2,134,2024-02-16 15:34:09.859310,shipped,05012,VT,Diners Club / Carte Blanche
d7c0d1a1-c950-427d-a34c-7177b3b047bd,Morgan Hamilton,53267887,63,3,189,2024-04-27 03:07:05.489459,delivered,05053,VT,Discover
9b128587-8361-43b9-8242-c9b34c90f1ea,Madison Ingram,75507817,60,1,60,2024-01-27 09:27:04.434879,shipped,05146,VT,JCB 15 digit
da6ab1d5-cc21-4a5c-8206-8d0f50ac3617,Lucas Ewing,66642893,48,9,432,2024-07-07 18:45:48.764676,delivered,05057,VT,Mastercard
616c5c4e-1df2-471e-b897-e32c3425e56e,David Boyd,94147346,83,6,498,2024-02-16 12:03:33.293571,pending,05279,VT,Discover
cceb0c61-cc3d-484d-97ac-a34d46afaa2e,Matthew Davidson,18279979,49,1,49,2024-05-09 07:21:14.147072,shipped,05492,VT,Diners Club / Carte Blanche
380aca67-00e1-40ce-820a-e3c110879a42,Alexis Rice,06918538,61,10,610,2024-04-21 14:43:13.740534,shipped,05197,VT,VISA 13 digit
3d5186af-604d-4a7f-a287-282d24ac51e5,Aaron Flores,41937266,87,8,696,2024-08-01 07:01:33.309042,shipped,05243,VT,VISA 16 digit
dedec81e-f201-4774-8f92-7a755e2fad02,Joyce Mora,68248239,62,3,186,2024-01-20 10:45:58.025494,pending,05089,VT,American Express
272f7994-c446-4e99-8276-0cabe7a2976a,Zachary Ho,48224901,68,9,612,2024-07-24 16:56:31.430830,pending,05487,VT,JCB 16 digit
c23bb5e8-85cd-4ada-8853-e072295fb2d8,Gregory Davis,77484284,11,6,66,2024-03-13 11:22:26.098303,pending,05200,VT,VISA 16 digit
69cdc68c-84ec-438f-b2dd-dc2d9e085c5f,Thomas Smith,52206405,69,9,621,2024-07-06 08:53:05.834689,shipped,05334,VT,Discover
6094433f-2274-47d1-a193-5f962abf4189,Michelle Harvey,13061838,38,9,342,2024-04-18 17:04:53.539321,delivered,05052,VT,American Express
f9bc16de-21b2-4d2b-9abf-9bc3dc28f299,Deborah Moore,13179731,93,2,186,2024-01-07 17:08:40.148763,shipped,05492,VT,Diners Club / Carte Blanche
dfc81dc0-ce48-45b1-aace-21fcf0986c8e,Eddie Cunningham,00380829,47,8,376,2024-01-25 08:41:09.971871,shipped,05277,VT,JCB 16 digit
415e5611-96a9-486c-b5de-225b86f01c61,Monica Haynes,90659966,53,2,106,2024-07-12 05:45:13.766341,delivered,05214,VT,JCB 15 digit
b238f52b-f73b-4120-909c-8f1fef551026,Amber Copeland,71580661,65,6,390,2024-03-08 17:04:21.404292,shipped,05314,VT,Discover
6fd809ce-a8a7-454e-8045-7b0fbd12050e,Lisa Clark,47986534,96,1,96,2024-03-02 18:10:29.949669,shipped,05463,VT,VISA 16 digit
e0edacec-e91e-4971-a58f-cf0618a73717,Thomas Smith,05475049,84,5,420,2024-07-19 11:06:42.800705,delivered,05334,VT,Discover
9466db29-7c6f-40e4-bf9b-40db9350e810,Andrea Reyes,85630918,58,3,174,2024-03-29 11:03:46.213763,delivered,05328,VT,JCB 15 digit
38fd317b-292e-41b3-8858-74c384d1fe27,Taylor Olsen PhD,11676263,85,4,340,2024-04-07 23:33:25.139565,pending,05334,VT,Maestro
d9e60933-8914-4a0a-ab95-a04cd2fbea8b,Kathryn Dickerson,86083300,70,1,70,2024-08-26 18:16:37.120938,delivered,05486,VT,Discover
b2ff51ea-99c1-490f-ac35-278a5f32ce29,Ronnie Smith,44048341,77,5,385,2024-06-06 08:01:07.031061,delivered,05262,VT,VISA 16 digit
5175e391-d78a-4ab1-b4da-5ae5ea203fcb,Michael Cooper,83672521,75,8,600,2024-01-14 08:09:55.392167,pending,05151,VT,VISA 16 digit
8a267727-5299-48df-bc3f-265e53d6ffe9,Victoria Hampton,27974162,95,4,380,2024-07-22 16:49:43.805925,shipped,05129,VT,JCB 16 digit
71ed09b0-3520-44e6-b3ce-ef2c9e9d63eb,Kyle Perkins,37251017,58,2,116,2024-04-24 18:19:46.697543,shipped,05337,VT,Maestro
7ac15f66-cb16-409f-80f0-094930c0fdbe,Karina Scott,84981592,54,7,378,2024-02-20 20:23:27.232164,delivered,05452,VT,JCB 15 digit
f4e807ec-0d35-4cb5-b429-6df6606f6a13,Brooke Walker,23086234,17,10,170,2024-08-17 10:07:11.563364,shipped,05227,VT,VISA 16 digit
5bfada77-8f02-46e5-ba15-b60bae57f2e5,Carmen Johnston,25421965,84,1,84,2024-06-08 08:22:54.920774,pending,05173,VT,Discover
5f792c09-bc6a-42f6-8448-693adcb0c179,Alexis Rice,86124379,21,4,84,2024-02-22 15:09:01.124856,pending,05197,VT,VISA 13 digit
47601023-ec1a-4b65-b426-c0beca6a5793,Peter Tran,88291727,69,4,276,2024-03-18 09:58:45.162605,shipped,05056,VT,JCB 15 digit
e6b60536-4c49-4ecf-b6ff-b6d47d9dabea,Kathryn Dickerson,38231483,41,9,369,2024-04-29 15:31:05.322001,shipped,05486,VT,Discover
c39f395d-37ea-4d8b-b347-8ad95f5b7415,Ronnie Smith,68542153,87,4,348,2024-01-10 02:33:16.127368,shipped,05262,VT,VISA 16 digit
4872f8a2-7e87-4bde-b1f6-adbc3e5f9ada,David Garcia,09529434,34,4,136,2024-06-14 08:48:48.607644,shipped,05038,VT,JCB 16 digit
e5a06d5b-dacd-40bf-8ce8-24a39146caa1,Manuel Bond,11549819,86,3,258,2024-01-23 23:37:10.689340,pending,05487,VT,VISA 13 digit
4b0a3ba1-ffab-43e6-b185-b73e80181dd5,Alexis Vega,67287970,75,6,450,2024-07-28 00:31:13.977949,delivered,05096,VT,VISA 13 digit
3e53e44f-b099-4683-8375-f2861539b1a0,Patricia Smith,41029398,96,6,576,2024-05-05 12:38:43.330230,pending,05401,VT,VISA 16 digit
a5d835a6-91a5-4dba-8a45-f0cda8b7b971,Janice Escobar,00380829,47,1,47,2024-05-05 01:42:35.726492,delivered,05419,VT,JCB 16 digit
66b89c8f-dcc8-44e2-b65c-a61d95df321e,Cheyenne Martinez,75255718,43,8,344,2024-05-15 13:39:46.907857,pending,05051,VT,VISA 19 digit
a138b35e-57b3-48c7-8d5d-48fc8cc29a17,Robert Duffy,05827992,99,8,792,2024-06-29 04:50:29.295560,pending,05337,VT,VISA 19 digit
da1619b2-0e31-4fef-a9f2-67740921441a,Kelly Bradford,74892365,85,1,85,2024-04-30 08:31:54.409079,delivered,05127,VT,VISA 16 digit
83209962-a348-4427-852f-cc41314a9f1b,Jennifer Lyons,22532916,47,5,235,2024-08-26 21:49:56.351196,shipped,05351,VT,Maestro
aec98ebf-4240-4c3f-9aa6-e8fb2273e685,Kelly Davis,65973905,80,5,400,2024-09-02 10:01:28.270887,delivered,05087,VT,VISA 16 digit
edaa5fc1-2cad-48eb-940b-859f7e03b02a,Jeremy Morris,17663366,58,7,406,2024-06-25 04:40:04.030946,pending,05203,VT,Mastercard
18c9d8c7-26f8-483d-b638-69f468a891ae,Lisa Clark,02247915,29,10,290,2024-06-28 05:31:41.207541,shipped,05463,VT,VISA 16 digit
e624ad0e-9e60-4b1b-86bb-37f28b225e63,Monica Juarez,79486026,41,1,41,2024-01-04 19:52:48.806030,pending,05076,VT,Diners Club / Carte Blanche
fd09f7c5-dfbd-45e5-8f7f-088c8f1718b4,Oscar Cruz,68363130,85,10,850,2024-02-21 06:53:18.591837,pending,05365,VT,Diners Club / Carte Blanche
082fd7e4-8998-4e62-9e07-c7a031c88486,Patrick Turner,06354794,85,1,85,2024-08-14 11:28:23.840844,shipped,05471,VT,American Express
dff1d012-4f73-42bc-941e-1365c4e4fa2a,Rebecca Johnson,84556066,23,1,23,2024-03-05 04:11:12.554616,shipped,05451,VT,Diners Club / Carte Blanche
d51edd5c-f40e-4c7c-bea5-1d84b817e8be,Joyce Mora,71710990,71,8,568,2024-08-31 00:29:09.895729,shipped,05089,VT,American Express
fc5faeb6-612b-4273-9d5e-5ca6d304c3e8,Kelly Long,97611325,12,7,84,2024-02-25 08:17:33.350708,delivered,05401,VT,American Express
f8c25347-15bf-40b3-8d70-ac597195499b,Cheyenne Martinez,94231854,20,1,20,2024-03-29 11:22:12.493230,pending,05051,VT,VISA 19 digit
92237bb7-b189-4fb5-a653-b6eb262b36ec,Peter Jones,23722194,42,9,378,2024-02-21 08:39:53.626347,pending,05421,VT,Mastercard
6e0ef0a6-7379-4d74-bcfd-10b6c2a9d130,Monica Juarez,61508521,50,5,250,2024-02-25 20:27:17.176798,delivered,05076,VT,Diners Club / Carte Blanche
2cd92848-0915-4146-92fd-8167ccf10f6f,Rodney Rogers,87775990,54,3,162,2024-03-27 05:48:19.958984,pending,05241,VT,JCB 16 digit
81993382-2303-49f5-bc46-994d46abd0ab,Aaron Flores,98457434,38,3,114,2024-07-20 20:40:38.043187,shipped,05243,VT,VISA 16 digit
d919024b-fc24-408d-b4b1-755d01c502d5,Michael Pace,63465686,72,10,720,2024-07-11 11:10:57.092115,pending,05051,VT,JCB 16 digit
187cd6b1-83e1-487e-a581-6401909fdf59,Madison Ingram,22524683,84,7,588,2024-02-20 17:48:45.462488,shipped,05146,VT,JCB 15 digit
45fafa3c-67bc-4f82-9fca-2cfdc8507ccf,Michelle Harvey,81695935,90,1,90,2024-08-27 08:39:18.689215,delivered,05052,VT,American Express
b9e4d08e-5dc5-401b-ab3a-919a7d88baf1,Tammy Lee,23722194,42,4,168,2024-08-24 05:17:03.287121,delivered,05011,VT,Discover
3f5a6a3e-abfe-46fa-a45a-7d346707dbeb,Michael Cooper,46700087,70,1,70,2024-01-21 23:46:55.152929,pending,05151,VT,VISA 16 digit
412ae2d4-a0ab-45d5-9c0d-6a31e7221abc,Jacqueline Morris,32565164,13,9,117,2024-01-04 11:37:13.998446,pending,05275,VT,Maestro
580f6ad1-0b49-45bc-8448-46e94c461d8c,Bruce Holland,11149415,73,1,73,2024-04-12 11:46:48.433721,pending,05018,VT,JCB 15 digit
84fb8106-128c-4518-b1da-f331500299b0,Samuel Wright,19615943,6,2,12,2024-05-31 03:45:28.275477,shipped,05367,VT,JCB 15 digit
64b3ae2c-c52d-4e8b-b107-cf8abd43d398,Joyce Mora,17139823,40,1,40,2024-04-21 14:32:10.104775,shipped,05089,VT,American Express
f6be0476-2487-472f-8a50-c5fc262f03aa,Madison Ingram,77133250,35,8,280,2024-02-13 17:12:24.084136,delivered,05146,VT,JCB 15 digit
5aaee07f-feab-4f5c-ab63-8e6201d05a7b,Gregory Davis,65767740,62,2,124,2024-02-22 03:34:43.312340,shipped,05200,VT,VISA 16 digit
719172b4-ec37-4cfa-b79a-7ea503e43237,Kelly Bradford,01077377,37,9,333,2024-04-04 08:16:32.794132,pending,05127,VT,VISA 16 digit
45bcd10d-5a13-4a05-b297-318d58aa077e,Patricia Smith,74065479,24,7,168,2024-05-08 13:58:46.610306,pending,05401,VT,VISA 16 digit
c8206f1a-fc49-4495-856d-dcfde01e919f,Ana Smith,04373315,80,5,400,2024-03-13 22:29:32.362283,pending,05244,VT,JCB 16 digit
640b177b-8376-4e51-bca4-a34b8a18afe5,Patrick Turner,16395183,34,6,204,2024-03-04 07:13:43.102624,delivered,05471,VT,American Express
19fd7398-7326-4bb1-adf2-222e9cadfcc6,Stephanie Cook,02856612,92,8,736,2024-04-30 02:29:03.189049,delivered,05374,VT,Maestro
e1f3b3b5-f669-4b03-8a6e-4ea162164de6,Zachary Ho,67986309,42,5,210,2024-06-11 15:10:10.976750,delivered,05487,VT,JCB 16 digit
84c14bf8-e150-4ba6-8377-265128abab5b,Kyle Perkins,06932480,82,7,574,2024-06-09 04:59:50.579240,delivered,05337,VT,Maestro
cb23e1ef-6d99-425b-a7b2-6e24f12f4fd6,Shawn Reed,95126470,77,3,231,2024-07-09 17:49:26.130808,pending,05416,VT,JCB 16 digit
9c0c69f0-8ab4-49a7-b3b3-851b293caf15,Kelly Davis,81853779,72,4,288,2024-09-05 04:02:28.656784,delivered,05087,VT,VISA 16 digit
f2a19186-d4dc-40d8-8da8-7ba1f1780bb3,Madison Ingram,79968591,58,2,116,2024-06-28 11:58:07.201195,shipped,05146,VT,JCB 15 digit
6a50456b-2268-4696-a088-9f3fdf1221be,Laura Nielsen,51505653,9,2,18,2024-04-22 19:42:17.728908,delivered,05059,VT,Diners Club / Carte Blanche
65a2b931-afc1-4e30-81ba-0e8f0fb2533f,Michelle Harvey,50678587,99,2,198,2024-03-06 16:22:49.103601,delivered,05052,VT,American Express
2e3b5a30-8d22-4479-b8b7-247d40a85344,Kelly Davis,78438347,63,5,315,2024-06-22 14:59:17.553544,delivered,05087,VT,VISA 16 digit
89dd0e78-2652-4f6d-9f87-84a97741704b,Kelly Long,02008783,79,4,316,2024-04-01 02:44:10.412772,delivered,05401,VT,American Express
a8c4e25f-9070-49f3-b998-3f2d51cf7bab,Manuel Bond,56543667,46,5,230,2024-06-24 01:52:02.332378,delivered,05487,VT,VISA 13 digit
b1a613ed-ecc7-42ad-a1c4-4f9f9e646bf8,Joel Maldonado,61103443,27,6,162,2024-02-02 15:30:00.246474,shipped,05471,VT,Discover
5b0599dd-5264-40f3-9202-1c1c13473307,Timothy Erickson,02328003,85,4,340,2024-03-24 17:31:43.444111,pending,05192,VT,Diners Club / Carte Blanche
a30b7ec1-e0ae-4372-be49-df5941312f24,Michael Pace,84391049,58,3,174,2024-05-04 00:03:53.845839,shipped,05051,VT,JCB 16 digit
eecb99f3-5a8f-4bf9-bb42-c269a51f62a4,Bruce Holland,84535498,93,9,837,2024-03-11 23:08:29.833597,pending,05018,VT,JCB 15 digit
458fdcd2-6228-45ff-a46d-9fddc0c98626,Kyle Perkins,65252901,74,9,666,2024-07-02 02:30:12.059000,shipped,05337,VT,Maestro
cc35e2cc-0bf6-42af-bc69-34cb7c342856,Brooke Walker,79186070,79,7,553,2024-01-20 22:50:37.561417,shipped,05227,VT,VISA 16 digit
9647ad8e-2de2-45b8-b69a-28c52808071c,Lucas Ewing,88856070,67,1,67,2024-05-02 15:06:30.857216,shipped,05057,VT,Mastercard
eb115826-ee1d-479e-a1ad-f17d013b38ca,Stephanie Cook,30874664,47,5,235,2024-08-24 05:02:23.151126,delivered,05374,VT,Maestro
4e1ed031-4068-4876-ab9b-c970e6c82e84,Joseph Mcmillan,60301352,54,1,54,2024-06-29 10:39:23.954513,delivered,05307,VT,VISA 16 digit
b11e664c-dd7a-4270-8039-48e92e6208f6,Karina Scott,20331412,5,4,20,2024-07-04 18:42:45.214556,delivered,05452,VT,JCB 15 digit
8f9d71b7-8c89-408c-a315-1655a48db104,Manuel Bond,29609239,59,8,472,2024-08-19 20:01:03.642386,delivered,05487,VT,VISA 13 digit
689aa281-c530-4810-bef9-42a5c6df339d,Carl Blair,59337430,16,6,96,2024-03-17 18:38:03.784926,delivered,05476,VT,VISA 16 digit
394d77c4-1506-4331-9782-3a5c0ecce179,Raymond Harmon,46599193,49,8,392,2024-02-24 18:11:29.448518,shipped,05079,VT,JCB 16 digit
2f712751-3ad2-4858-8e56-7e426c933252,Timothy Erickson,62490795,97,7,679,2024-03-14 00:28:04.187134,delivered,05192,VT,Diners Club / Carte Blanche
ff6cdbce-e4ab-432b-8dd0-ba147c397990,Samuel Wright,47198074,14,1,14,2024-04-02 04:04:22.415076,shipped,05367,VT,JCB 15 digit
62a9f457-b1d4-4f95-99db-ea2dac8455f5,Matthew Davidson,46623232,21,7,147,2024-01-01 22:57:24.368334,delivered,05492,VT,Diners Club / Carte Blanche
37a19c9e-4405-48b7-aaea-e762816b3afc,John Mendoza,24478960,99,3,297,2024-04-12 09:55:30.316126,shipped,05144,VT,JCB 16 digit
eb52146d-8acf-4e22-98bb-311ddc2fbb25,Kenneth Cooper,70323191,52,7,364,2024-06-04 20:03:20.527022,shipped,05012,VT,Diners Club / Carte Blanche
b58bbc30-fe63-4cf0-ae38-7864f85058e8,Madison Fox,01832440,74,8,592,2024-08-16 21:04:46.937525,delivered,05003,VT,Diners Club / Carte Blanche
11ea7f71-c4a0-49eb-9aed-3a52c2c65cc9,Lisa Clark,33103723,21,8,168,2024-01-11 22:51:28.246699,shipped,05463,VT,VISA 16 digit
7e0b2e45-295e-4712-93f9-246faf510d35,Jeremy Morris,46047755,51,3,153,2024-06-26 18:20:43.317903,shipped,05203,VT,Mastercard
0bdd46c3-e323-46e4-a5fc-3a674f9f0655,Alexis Vega,05891566,75,10,750,2024-02-21 06:23:51.503255,shipped,05096,VT,VISA 13 digit
7df8986d-82c2-4597-ab51-62393d626992,Patricia Smith,65210345,55,9,495,2024-06-09 06:49:18.508816,delivered,05401,VT,VISA 16 digit
159499d4-df78-4e92-9f7e-3537fa205e72,Garrett Perry,71411989,2,9,18,2024-08-15 07:55:14.925482,pending,05103,VT,VISA 16 digit
1f26b266-7b10-477a-9b19-210577f2bb84,Catherine Gonzalez,07859274,51,1,51,2024-05-08 18:35:06.609776,pending,05003,VT,Discover
976712f6-86a0-4b60-8968-13988932c0ae,Lucas Ewing,27693919,11,9,99,2024-05-11 13:23:05.447403,shipped,05057,VT,Mastercard
1a546402-c7cc-49bd-b876-0d4e79249fe4,Kyle Perkins,98772322,97,4,388,2024-07-31 08:30:23.111024,pending,05337,VT,Maestro
c159e336-e728-4510-afa0-c912b67f39bd,Thomas Smith,96790861,73,5,365,2024-05-27 15:19:52.934653,delivered,05334,VT,Discover
4a26e711-9147-4063-803f-d954fd40ff21,Melissa Haas,88291727,69,4,276,2024-01-19 20:29:11.162659,delivered,05405,VT,JCB 16 digit
004ad02e-e64e-4b41-96ed-eb5b31ecbbfe,Tammy Lee,47986534,96,9,864,2024-04-19 07:21:46.401209,delivered,05011,VT,Discover
651a38d6-ae14-48c9-8b57-9e3b30403313,Kelly Davis,45247545,66,4,264,2024-07-02 00:28:49.203285,delivered,05087,VT,VISA 16 digit
78da4510-87ed-41b6-a35f-751b0e4d108f,Patricia Smith,81579419,87,2,174,2024-07-17 22:09:34.219537,shipped,05401,VT,VISA 16 digit
1c7d50c9-c955-4c3f-9573-a9001e6e22de,Kelsey Frederick,15721303,50,4,200,2024-05-27 12:07:21.417974,delivered,05326,VT,Mastercard
f2b746d6-2fab-4413-b260-086f7d45070f,Rodney Rogers,10413562,14,3,42,2024-07-04 00:19:21.415707,shipped,05241,VT,JCB 16 digit
56f8d1e6-173f-4042-9002-97eb76bac7c8,David Boyd,61139398,83,7,581,2024-04-12 06:47:19.158797,delivered,05279,VT,Discover
effcbeeb-22a2-43f3-811c-a1669b959c0b,Michael Pace,56801491,57,5,285,2024-03-09 19:09:36.466830,delivered,05051,VT,JCB 16 digit
c987f91d-4906-4d7c-84c3-55eea4796c09,Christopher Strong,47893047,51,4,204,2024-01-14 23:11:35.652643,shipped,05339,VT,Diners Club / Carte Blanche
da6c4a35-24bf-4631-bc81-2e4d422b6c64,Shelley Sanders,61508521,50,5,250,2024-01-15 18:04:03.255553,shipped,05042,VT,American Express
5207a968-505c-4a74-b8c6-54b5626a3f82,Peter Jones,62276696,54,4,216,2024-02-06 02:12:10.767581,delivered,05421,VT,Mastercard
d9f66988-b9b8-431d-a00b-09521397b76f,Bruce Holland,22521194,85,8,680,2024-08-13 14:34:50.947051,delivered,05018,VT,JCB 15 digit
c9f8a4e2-8ca9-4cd6-854b-b18f9b7d3c00,Erica Richmond,03714348,60,3,180,2024-03-20 04:24:00.336781,delivered,05073,VT,JCB 16 digit
29b697e5-d59b-4c8d-b8a4-e8399e3df2ec,Kenneth Cooper,83227981,66,7,462,2024-06-13 20:44:59.114532,pending,05012,VT,Diners Club / Carte Blanche
0afc2c91-9491-4426-99ad-fb8e3070d241,Madison Ingram,04373315,80,6,480,2024-08-17 01:00:37.538875,shipped,05146,VT,JCB 15 digit
e717ab13-47f4-4258-b37b-d3882b2ca20d,Jacqueline Morris,79968591,58,1,58,2024-08-29 00:38:35.612112,pending,05275,VT,Maestro
