069ec9b8-0344-408d-a5db-b02f39051a11,Corey Silva,43053414,72,8,576,2024-05-29 14:19:21.860529,delivered,30566,GA,VISA 13 digit
a96780cc-da6d-47db-8d4e-d46a71532530,Michelle Ramirez,13322663,86,5,430,2024-02-01 17:19:17.222825,pending,31747,GA,VISA 16 digit
3bb20b0b-f88f-4098-aee0-e54e06684f07,David Houston,07859274,51,1,51,2024-04-05 21:06:30.250749,delivered,31481,GA,JCB 16 digit
ae7673c5-32d4-402b-94ad-712d2f6153a9,Steven Johnson,47060104,45,2,90,2024-06-14 11:14:00.791108,shipped,30721,GA,Mastercard
7ebb1409-f711-4496-bf2f-f923f2c496b5,Erica Torres,58766415,54,10,540,2024-04-10 18:52:46.125721,pending,31059,GA,Discover
1021d258-96bb-4465-a725-15ed3d6258a6,Stephen Moore,42841654,90,3,270,2024-02-08 03:38:39.310719,shipped,30816,GA,American Express
c9d49904-7479-41f6-85f9-8a6a410548d1,Christina Lawson,87775990,54,1,54,2024-02-13 07:58:12.779712,shipped,31561,GA,JCB 15 digit
1b67f481-b465-44ee-be49-919fb4c4895a,Jason Brown,41029398,96,10,960,2024-02-22 08:45:25.878002,shipped,31384,GA,Mastercard
13090617-251b-4b7b-9d70-fb939601f427,Bradley Buckley,39710987,12,1,12,2024-05-10 00:20:46.225136,delivered,31700,GA,Maestro
6224eaab-13fb-486e-b29f-f6860c374209,Ernest Lewis,17779852,80,1,80,2024-01-30 21:32:18.307011,shipped,31927,GA,JCB 16 digit
38adc1a4-93c1-4c39-a6bb-57350b83c6a3,David Howard,40937342,82,7,574,2024-07-19 03:32:26.674961,delivered,31616,GA,Diners Club / Carte Blanche
bb6ef824-0ba3-4410-9098-9e6b01619dfc,Carmen Miller,45237584,67,4,268,2024-01-31 02:39:47.180468,delivered,31557,GA,VISA 13 digit
54fe751d-4c5d-4719-8478-ef83b86029dd,Megan Mcdonald,01624274,91,10,910,2024-07-03 23:59:57.961201,pending,31118,GA,VISA 19 digit
86cacd6a-2ed2-4272-bb1f-c5cbd28cf26e,Mia Dillon,34866016,87,6,522,2024-02-11 20:10:43.692420,delivered,30110,GA,Discover
1b5abea5-e195-4dc8-bd99-381f6b8c6f9e,Mia Dillon,33216805,28,10,280,2024-09-04 01:52:34.429832,shipped,30110,GA,Discover
7d58e92f-944c-4b02-ae91-b370d3481b8b,Ernest Lewis,68097943,22,8,176,2024-07-19 03:02:57.539382,shipped,31927,GA,JCB 16 digit
0ca03eef-53df-48aa-9ef3-f80d3d5b0da8,John Bell,25341973,79,7,553,2024-01-12 20:40:52.052379,pending,31794,GA,Maestro
18b38d25-6c2d-4276-ad28-761d38f1dc88,Jessica Velez,52498817,33,2,66,2024-06-13 03:03:12.579763,shipped,30635,GA,VISA 16 digit
9092c7bd-e974-4913-ae22-0a414e4ad3ef,Cheryl Wilson,59102731,81,10,810,2024-01-31 15:36:33.146378,delivered,31468,GA,VISA 16 digit
a77678cf-dff0-4c9c-8b7b-954f7b03dd1a,Miss Natalie Ryan,95914008,70,7,490,2024-04-12 01:43:48.134023,delivered,31423,GA,American Express
5321b470-07dc-47b3-aa18-9493054c39c2,Charles Obrien,66325383,29,5,145,2024-06-19 13:27:40.671497,shipped,31567,GA,JCB 16 digit
f47a6b02-40bc-46bf-9b2f-9d3465dfa465,Kenneth Kelly,23086234,17,5,85,2024-03-04 03:53:30.844810,shipped,31015,GA,JCB 16 digit
33eaf4c8-c586-48b6-9ec7-79726523cbcb,Kenneth Ramos,16567214,30,7,210,2024-06-07 03:28:40.037143,shipped,30923,GA,American Express
60fc0bb9-07a5-4c31-afa3-b198cc46aa55,Tasha Taylor,29554256,38,3,114,2024-02-27 06:28:38.307160,shipped,31634,GA,VISA 13 digit
890d4e44-b061-487a-b1a6-dc40de219632,Meredith Riggs,66330752,82,8,656,2024-08-08 04:10:49.978985,shipped,30304,GA,Maestro
adb3bd6a-fd66-415f-a35b-aa454278b472,Sean Walters,41029398,96,8,768,2024-02-18 07:16:29.653659,delivered,30371,GA,Mastercard
d567748b-0059-4c4b-ab22-c7a70a0a342f,Kimberly Soto,23722194,42,6,252,2024-03-31 23:49:12.803083,delivered,30023,GA,VISA 13 digit
3d78f355-c211-4b76-98a8-f378393d4d6a,George Rice,34866016,87,7,609,2024-08-19 15:45:50.879595,pending,31671,GA,Maestro
6ba943d0-8808-4439-b34c-bd8ff938f0af,Christina Oneal,73969778,30,2,60,2024-06-28 08:02:49.334157,pending,30768,GA,American Express
e4a9f765-3e62-4421-a058-8262021b500e,Cameron Ray,78125391,34,3,102,2024-08-17 19:20:30.769101,shipped,31914,GA,American Express
c9bfcf98-2717-4a8d-82a2-1292fe396b9b,Alan Richardson,05891566,75,3,225,2024-04-11 22:44:12.790045,delivered,31552,GA,VISA 19 digit
acde6a1d-6e35-45b9-928a-d37155b4cd86,Michael Benton,72036570,55,8,440,2024-02-23 02:06:06.536614,delivered,30453,GA,Maestro
71d03802-e3dd-4bc7-a277-2e0524320cbb,Stephen Thompson,02789897,9,5,45,2024-04-07 14:58:01.444925,shipped,31296,GA,VISA 19 digit
44acaba1-908b-4474-86bd-0ecdf85c4b44,Brian Taylor,50277711,45,1,45,2024-03-08 07:03:03.364205,delivered,30879,GA,JCB 16 digit
a8815ca6-47a3-4af8-833a-93ed5d19d198,Brittany Holmes,08944856,95,4,380,2024-03-12 10:38:30.440475,pending,30454,GA,VISA 13 digit
e71beffc-7a08-47e3-b3a5-72c58e49d252,Sandra Santos,74892365,85,9,765,2024-02-29 22:27:26.622452,shipped,30663,GA,VISA 16 digit
fc6dc88f-dcf5-425a-ad60-c62c5be7211c,Brett Cross,73851479,37,2,74,2024-08-17 02:02:20.084788,pending,31173,GA,Diners Club / Carte Blanche
a52cdd1d-562b-4867-8057-a230ef2f26ec,Holly Williams,18986211,24,9,216,2024-07-04 20:51:25.028350,pending,30013,GA,Maestro
39f19bb6-ee8a-4bc3-ba05-788ad302d684,Carmen Miller,41174647,46,4,184,2024-08-18 21:45:14.908842,pending,31557,GA,VISA 13 digit
1b602dd0-3d62-4f35-9392-b42158421dda,Jason Shea,26288567,77,2,154,2024-05-30 20:59:59.771274,pending,31729,GA,JCB 16 digit
9aa5ae96-6e6e-4fec-b279-c3628581860d,Rickey Fry,81579419,87,10,870,2024-06-25 10:48:14.028145,pending,31973,GA,JCB 16 digit
c69899bb-36d3-4cbf-a2e6-504cc715e10d,Stephanie Knox,14048357,35,7,245,2024-04-13 11:59:40.608036,delivered,31520,GA,Mastercard
a0c7f41f-3bf7-40a3-9f90-f911c6142009,Steven Johnson,02468594,59,3,177,2024-02-29 07:58:55.853941,shipped,30721,GA,Mastercard
84bccd83-e68d-43dd-a646-08f485cb474d,Sherri Roberson,93821285,15,6,90,2024-08-07 13:17:28.620772,delivered,30419,GA,Maestro
829d03cb-f86b-4e84-9ec8-c6a8c02e6403,David Stokes,65973905,80,1,80,2024-01-15 23:11:59.321219,delivered,30360,GA,JCB 16 digit
03648087-7290-45ef-b23d-d9ef7dc759f0,Alan Richardson,38140051,74,3,222,2024-01-07 20:40:13.796077,delivered,31552,GA,VISA 19 digit
f0127727-40a6-42fa-9b25-9c4128d26a69,Cesar Williamson,07858789,80,6,480,2024-04-26 02:03:11.997931,shipped,30633,GA,VISA 13 digit
b7af4813-cb6c-4c5e-8df3-01e2f85726bd,George Baldwin,02381695,43,9,387,2024-07-30 02:15:23.605093,pending,30302,GA,Maestro
46b7b788-2ede-4999-b9d1-031f418c5cc1,Sharon Ball,40576183,50,7,350,2024-05-04 16:41:36.347418,shipped,31293,GA,American Express
0050480b-1105-4d5e-8357-a4e4ea129029,Kimberly Hodge,63445572,71,8,568,2024-05-22 23:03:18.077460,pending,31791,GA,VISA 16 digit
d6884de8-52b6-42fe-be1e-6f7bd55c0f8d,Stephen Moore,06926359,51,10,510,2024-01-30 10:32:47.504344,shipped,30816,GA,American Express
8caac3ad-cf1c-45c7-a96a-d8d9e999f553,Brett Cross,89318805,80,5,400,2024-05-20 11:36:28.366377,shipped,31173,GA,Diners Club / Carte Blanche
9763339e-58cc-43e2-bec9-d3204ef1fcb0,Charles Obrien,96790861,73,4,292,2024-06-24 14:15:34.463604,delivered,31567,GA,JCB 16 digit
1c91c586-56f6-4295-ad2d-a35440a554a6,Timothy Walker,43075881,41,2,82,2024-06-01 08:49:23.612613,delivered,30365,GA,Diners Club / Carte Blanche
15eb1746-ada8-4839-819e-26bdd8ec2f41,John Mays,07505393,84,9,756,2024-04-27 09:34:58.011868,shipped,30049,GA,VISA 16 digit
52d83e38-8131-46c9-a514-7fb91b02a0ae,Colleen Ferguson,61508521,50,3,150,2024-06-06 20:51:35.296428,delivered,30441,GA,VISA 19 digit
24aba484-8ded-4c99-bf0e-45b965a09eb4,David Howard,45465970,79,4,316,2024-04-01 14:38:43.927969,pending,31616,GA,Diners Club / Carte Blanche
c0902db3-73a7-4924-9591-64811bde25c9,Kenneth Horne,45208539,63,1,63,2024-01-07 20:10:59.373271,delivered,31852,GA,VISA 19 digit
d38d2959-b427-47e0-b635-0c3c70b6cdd1,William Wilson,82065393,29,10,290,2024-08-13 12:34:44.926562,pending,31105,GA,Mastercard
faca56d6-69f0-4662-a5b0-562eb2baae1a,Jessica Velez,40120263,33,10,330,2024-03-13 10:23:08.074343,shipped,30635,GA,VISA 16 digit
570c8245-6fd2-4b19-8d9f-a63911cb5fc5,Kathleen Oconnell,05475049,84,1,84,2024-07-19 09:03:12.383002,delivered,31361,GA,Maestro
18ebac2c-b666-48ce-9757-9afd7d5bde5a,Kevin Davies,40383439,41,8,328,2024-06-10 22:52:24.310759,delivered,30019,GA,Discover
1f2dc884-2426-4d48-bce8-d8de6361ac1e,Holly Williams,02127798,81,6,486,2024-08-14 06:15:04.263380,shipped,30013,GA,Maestro
69864bef-ec58-40d4-9f7f-d55625a0acbb,Cameron Ray,52129674,86,2,172,2024-06-22 13:41:46.612273,shipped,31914,GA,American Express
a8d35fea-5c4c-49b1-b05b-931c94e07684,Kathleen Oconnell,83338090,66,1,66,2024-03-11 06:09:25.851617,pending,31361,GA,Maestro
63e4a679-7790-47d9-9b4c-1028a8262a0f,David Howard,52498817,33,6,198,2024-01-22 13:26:53.511695,shipped,31616,GA,Diners Club / Carte Blanche
8e6c394e-7cd2-4d61-922a-5e5c3a4b0288,Jerome Johnson,41678800,46,9,414,2024-08-12 09:20:07.507923,pending,30073,GA,Diners Club / Carte Blanche
87df4e66-e388-4aaf-bdd8-34a659a9ae19,George Baldwin,56149531,70,5,350,2024-04-14 23:31:19.041114,pending,30302,GA,Maestro
4dd23dca-3da2-448b-8237-0737a2465615,David Houston,22681478,39,9,351,2024-06-22 11:42:32.549356,delivered,31481,GA,JCB 16 digit
67344f57-2a4d-4213-98b2-70eaa854abf0,Colleen Ferguson,73693680,14,9,126,2024-01-19 22:46:40.917765,shipped,30441,GA,VISA 19 digit
2e067635-a826-4efd-9a6b-f37afe29de41,Stephanie Knox,84981592,54,8,432,2024-07-05 23:04:00.643114,shipped,31520,GA,Mastercard
27e6b0e4-554c-4536-a1d8-1475492f02e6,Amy Sexton,56149531,70,9,630,2024-03-02 08:05:47.862231,shipped,31417,GA,JCB 16 digit
a88acac7-b188-4cce-b899-c35bba604793,Michael Benton,52805509,57,1,57,2024-03-31 17:26:14.530944,pending,30453,GA,Maestro
3ebe37aa-a6f7-4db6-a56a-3961b0544cef,Steven Johnson,96949542,80,6,480,2024-08-24 10:02:05.826785,delivered,30721,GA,Mastercard
1935e631-d480-4bb0-8169-596eb9a33d4b,Nicholas Johnson,08944856,95,10,950,2024-03-20 06:35:35.365777,pending,30434,GA,JCB 15 digit
915b9b8d-87ee-40a5-8b63-fa2609ae119c,Kenneth Ramos,60787217,60,8,480,2024-01-25 01:18:08.852970,delivered,30923,GA,American Express
818abba5-8ba4-42b3-8d1c-73a7f249d163,Jason Brown,50528134,81,2,162,2024-03-11 06:01:07.825614,delivered,31384,GA,Mastercard
d622842a-e937-4b3b-b458-5d1e36e431c1,David Howard,80273073,41,1,41,2024-08-25 20:02:34.401855,pending,31616,GA,Diners Club / Carte Blanche
fedfaa4e-221e-400b-b965-5f7cc5b660c5,Cindy Vasquez,90515088,85,3,255,2024-08-11 18:29:12.785758,delivered,30216,GA,Mastercard
b1006f1d-1e34-41e9-9982-2f821e5c893c,Cindy Vasquez,96816684,73,8,584,2024-06-30 20:57:44.471800,pending,30216,GA,Mastercard
69deda88-5117-4fee-812a-6bf99247adb5,Erica Torres,61617346,13,1,13,2024-09-05 23:12:28.013963,pending,31059,GA,Discover
7e6941ca-dabc-4b17-9ea4-eda86cb2c67e,Christina Lawson,02138701,1,2,2,2024-04-16 19:50:30.419872,pending,31561,GA,JCB 15 digit
39445cff-c656-4182-aced-b70bcdd74f42,Arthur Morton,92641471,45,8,360,2024-01-26 21:40:08.167768,shipped,30373,GA,Diners Club / Carte Blanche
d223f6fc-951f-4985-b9a6-0ec9779c3836,James Miller,11567745,34,9,306,2024-03-31 19:37:13.159827,pending,30648,GA,VISA 19 digit
2401a841-8185-42f9-90d6-68acbee8c050,Amy Sexton,82065393,29,1,29,2024-03-31 17:49:12.290539,shipped,31417,GA,JCB 16 digit
280feac3-a9e2-4e23-a6cb-e82f2a1b71f6,Larry Jones,61238077,19,3,57,2024-01-18 04:09:50.775844,pending,30080,GA,Mastercard
3a4e8528-2f2f-4691-a9bb-14c5968e63b6,Angela Walker,07653193,96,1,96,2024-02-28 10:49:05.061500,delivered,31734,GA,JCB 15 digit
f7d03679-3f0c-449f-92d3-18a9e886273b,Corey Silva,04482017,71,3,213,2024-07-14 12:09:43.868088,shipped,30566,GA,VISA 13 digit
e3c91630-a4da-4632-b5b4-68b282e32c14,Stacey Miller,61103443,27,10,270,2024-08-21 03:57:03.837749,delivered,31099,GA,Maestro
d0cda2b9-28ce-413a-9c9b-659251d6b94d,Charles Obrien,05966127,30,7,210,2024-08-11 21:28:21.340467,delivered,31567,GA,JCB 16 digit
17c47aab-6bc8-42d7-a18b-0d351247a1d4,Sarah Avila,33652887,47,2,94,2024-05-03 05:01:14.304389,pending,30019,GA,VISA 16 digit
3ce4bde9-59d4-4f7e-bc0c-37b14e43d546,Mia Dillon,62490795,97,9,873,2024-05-26 03:33:05.943025,pending,30110,GA,Discover
e97733c3-5b85-4204-ade0-915138b11233,Arthur Morton,84535498,93,3,279,2024-06-30 08:11:46.565922,shipped,30373,GA,Diners Club / Carte Blanche
c5f768c1-30af-4c4a-ae4a-389b9fa83351,David Houston,10450475,91,8,728,2024-09-06 19:53:01.220793,delivered,31481,GA,JCB 16 digit
3dbb113d-baed-4564-ab43-289b852efd7a,Timothy Walker,03690390,46,9,414,2024-04-19 05:43:21.200074,pending,30365,GA,Diners Club / Carte Blanche
a55bbe04-da57-4e7f-ba0e-7745a09ea0d4,Kenneth Ramos,38231483,41,10,410,2024-07-10 23:31:37.187207,shipped,30923,GA,American Express
09a4995e-268a-4c3d-874e-bceb54b0c901,Michelle Lambert,55096133,62,10,620,2024-02-14 13:35:18.135059,shipped,30091,GA,Discover
cae30555-4b7d-4c77-afd0-4665f5b93013,Bethany Martinez,43409280,82,8,656,2024-08-31 23:29:05.900419,delivered,31451,GA,VISA 16 digit
957d9b7b-a0e8-4174-b995-1e438f8902d1,Alan Richardson,11149415,73,4,292,2024-02-11 03:50:47.808556,shipped,31552,GA,VISA 19 digit
ab627706-409a-49c7-bc1c-1279a3dfcc35,David Mendoza,20489977,11,10,110,2024-02-22 07:50:37.877333,delivered,30840,GA,Discover
6b93ed84-4890-40ff-be44-9df15ec8a2fc,Ernest Lewis,40299006,95,6,570,2024-02-11 22:11:06.159640,delivered,31927,GA,JCB 16 digit
76896e37-d6a2-4414-a9aa-83ecbcbf7b6d,Ashley Conway,03927601,12,6,72,2024-08-13 18:07:37.366761,pending,30490,GA,JCB 16 digit
132c1395-f17f-4ecb-baf3-708e7eadbaf1,Erica Torres,21411557,37,6,222,2024-01-03 02:25:06.324955,shipped,31059,GA,Discover
e244c37b-d95f-40ee-a6aa-687ae984c840,Sharon Ball,59102731,81,1,81,2024-08-26 12:10:40.157633,shipped,31293,GA,American Express
b23cb328-e9fd-4494-bea8-fdcdc426f4a4,Jason Brown,10143926,45,7,315,2024-03-29 21:06:25.878859,pending,31384,GA,Mastercard
1ff25024-26af-4f60-bb51-fe3abc1e3fec,Carmen Miller,42527558,67,4,268,2024-09-06 09:30:59.205107,shipped,31557,GA,VISA 13 digit
5a0e3feb-f57c-4495-be74-b45c4bb92eb8,Kathleen Oconnell,72492697,86,10,860,2024-06-19 03:57:13.743213,shipped,31361,GA,Maestro
848459b7-aa55-4efb-b61c-a5b475f7b723,Jessica Velez,00380829,47,4,188,2024-04-03 12:39:28.365653,delivered,30635,GA,VISA 16 digit
27705417-32ca-41f1-bf9b-6392716cc1cf,Andre Weeks,97466741,91,10,910,2024-09-07 12:29:56.330903,pending,31132,GA,Diners Club / Carte Blanche
d13a6bc9-39c2-450f-9079-83307be238c5,Stephen Moore,29209644,71,4,284,2024-05-22 17:02:50.954813,delivered,30816,GA,American Express
f24f9c60-cd27-49a2-8374-b81fd8bce657,Stephen Thompson,70328592,6,9,54,2024-07-12 11:16:06.508940,delivered,31296,GA,VISA 19 digit
deb64c0d-86ce-40fa-9ffc-898b968b3b15,Arthur Morton,72944042,94,10,940,2024-01-16 18:06:25.241673,delivered,30373,GA,Diners Club / Carte Blanche
093a0f68-6334-492d-aa2e-933dfe4672ab,Cindy Vasquez,80713432,71,10,710,2024-03-12 10:01:06.670866,delivered,30216,GA,Mastercard
6dc1d5da-0602-49c6-8241-b36f1ced6185,Sharon Ball,71807263,34,4,136,2024-06-22 15:47:02.398267,delivered,31293,GA,American Express
cd874440-f3f7-4868-ae3a-d8bcef676a40,David Houston,48693707,48,4,192,2024-06-15 08:18:57.156500,pending,31481,GA,JCB 16 digit
c63d2517-ea04-400c-9a69-2758679d7921,Kenneth Horne,38454936,82,1,82,2024-02-10 09:36:36.530175,shipped,31852,GA,VISA 19 digit
7e23808a-f7bd-48a9-aef6-bca628002c1c,Stephen Thompson,30277441,78,10,780,2024-04-28 18:13:41.631011,pending,31296,GA,VISA 19 digit
dcff9ce2-766f-439f-aba0-b968fdc97374,Megan Mcdonald,58994344,7,3,21,2024-09-02 15:27:24.247932,delivered,31118,GA,VISA 19 digit
daa3642e-e516-41a0-828e-87d1705213d0,Sarah Avila,61508521,50,5,250,2024-04-06 21:46:02.278032,delivered,30019,GA,VISA 16 digit
4b599b8c-e1d3-4727-b237-4edeac5694c1,Amy Sexton,75038083,73,1,73,2024-01-21 21:51:38.253942,delivered,31417,GA,JCB 16 digit
02a1ae2b-3760-40be-b94c-196d867d1e90,Thomas Moore,14958038,65,2,130,2024-01-10 14:20:39.184590,delivered,31562,GA,JCB 16 digit
2556808f-1649-4202-abc0-0445e882f777,Timothy Walker,52129674,86,7,602,2024-07-24 19:11:38.066155,shipped,30365,GA,Diners Club / Carte Blanche
2e8e1401-ed21-4035-a5fa-adaf3380f0f9,Christina Oneal,95496092,80,9,720,2024-08-14 11:45:44.677791,shipped,30768,GA,American Express
880aa580-4271-4fc7-83e5-8ab86339205c,Kevin Davies,46599193,49,4,196,2024-02-24 09:35:15.576382,shipped,30019,GA,Discover
957c92bf-bb5f-4d22-83c8-9451cdc30b9e,Misty Palmer,69527593,67,6,402,2024-04-01 14:08:02.077620,delivered,30790,GA,JCB 15 digit
54ee6a8d-088c-4cca-85fe-2480661f1b87,Cindy Vasquez,86900478,9,7,63,2024-02-27 17:52:20.410964,shipped,30216,GA,Mastercard
e776d0e3-6b31-4781-8045-b2b33815b5db,Jason Brown,74768998,21,2,42,2024-04-03 20:02:10.825029,pending,31384,GA,Mastercard
e1c69acb-dd0c-4da6-a509-8ab8eab58049,Kenneth Ramos,79486026,41,6,246,2024-01-22 01:01:04.079067,shipped,30923,GA,American Express
93ee3aea-f4f0-4662-a8cb-f2a51fcc3e42,Christina Lawson,53730589,24,8,192,2024-05-16 04:18:58.264238,delivered,31561,GA,JCB 15 digit
1b151638-329c-4122-b0a8-30d8ae673e28,Carmen Miller,83955846,38,4,152,2024-05-09 18:19:49.289521,shipped,31557,GA,VISA 13 digit
0890e437-3dd2-436d-bfa9-49b3c87305ea,John Mays,18078619,70,10,700,2024-01-15 02:32:57.726284,pending,30049,GA,VISA 16 digit
d15ff661-18d3-41d1-8a87-e3d7bba340e3,Kevin Davies,70512649,37,9,333,2024-06-16 06:33:17.368485,shipped,30019,GA,Discover
7b0eb51c-cba9-4b40-b7d9-609a397c0172,Nathan Wall,23960619,100,10,1000,2024-09-07 07:06:54.197298,shipped,31042,GA,VISA 13 digit
b7f566b2-4658-4fbc-b227-4f4da479208a,Tasha Taylor,06926359,51,1,51,2024-06-24 21:52:33.328982,delivered,31634,GA,VISA 13 digit
5c913c5b-ffe4-4d46-9d60-bf00170ea354,Sandra Santos,36055999,35,8,280,2024-06-05 14:33:57.490557,delivered,30663,GA,VISA 16 digit
