56474c9b-12d4-4514-9b98-a03f2b3c0ac0,Catherine Moore,66097181,68,1,68,2024-01-17 22:38:13.368758,shipped,76570,TX,Maestro
a8d1475b-539d-44a0-94d8-4d8df593e985,Christopher Donovan,91822451,10,4,40,2024-03-04 12:57:56.396289,shipped,79297,TX,Mastercard
5262898d-c9ec-43e7-a741-76f1b4bb7b8b,Cynthia Ortiz,69527593,67,4,268,2024-08-15 11:46:54.628222,pending,78795,TX,JCB 16 digit
8ba344db-fcd8-4be5-8170-a2d20fd769cf,Thomas Merritt,23713581,24,4,96,2024-09-03 23:41:08.577278,shipped,75842,TX,Discover
f09e3413-0266-426e-b410-16a37d31723d,Stephen Smith,05513697,34,2,68,2024-07-25 08:03:55.604965,shipped,75681,TX,Discover
e0e0a5ae-6524-4dbd-8dff-4667d316d6a1,Stephen Smith,46762818,54,6,324,2024-02-14 07:10:29.027949,delivered,75681,TX,Discover
c789be2f-15c5-4b82-828d-959f8233ad13,Joanne Curtis,65828045,22,8,176,2024-01-26 07:29:56.030735,shipped,77775,TX,Diners Club / Carte Blanche
da820780-0006-4eec-9b96-8cfcba89f509,Dennis Spears,41743492,8,7,56,2024-02-07 23:13:14.316792,shipped,76324,TX,JCB 16 digit
5ca0da4e-1ccd-41dd-bafd-5694d15629f1,Benjamin Brown,46201379,54,5,270,2024-06-18 01:46:04.201657,pending,78792,TX,VISA 19 digit
c6d394a9-315c-4fc4-a645-72ea4238a66d,Derek Wu,30848986,74,1,74,2024-02-16 09:49:58.699750,shipped,79200,TX,Diners Club / Carte Blanche
d560c8e8-9e79-4570-9786-91aec37ffa0b,Louis Estes,76741333,80,6,480,2024-04-27 04:44:04.961266,delivered,78873,TX,Discover
2f0577a7-01c0-4f3c-8266-1b872cc4007e,Jesse Porter,88881706,56,5,280,2024-05-19 00:03:36.691642,pending,78529,TX,Maestro
a7aa6585-c824-4760-ab55-cbc1847ad86c,Victoria Price,01437416,59,6,354,2024-06-09 03:51:13.598126,shipped,75542,TX,American Express
0f6d055b-e8f7-4ea3-b2b5-df7babad6880,Kristen Hale,92778177,55,1,55,2024-03-06 07:02:27.536407,pending,76923,TX,Discover
02166d6b-d941-4167-ab65-fbef65d25899,Kelsey Garrett,37079307,81,4,324,2024-05-28 20:12:07.860606,delivered,76438,TX,Maestro
d9ba70db-ca68-4706-a515-17ffb8228c9f,Molly Steele,64020846,33,8,264,2024-07-29 07:26:02.610895,delivered,78688,TX,JCB 15 digit
507f1133-65a8-40cd-8710-c7f079370b9e,Brandon Berry,73132257,58,7,406,2024-04-27 11:24:06.687793,delivered,78538,TX,American Express
50cf9937-1452-4c20-86a7-b558da410732,Alexander Jackson,92262560,88,5,440,2024-07-06 12:30:15.321608,shipped,79796,TX,Mastercard
5e8b4019-00ad-4eae-847c-a686653903a8,Meghan Snyder,07759826,67,9,603,2024-07-29 13:08:37.204790,shipped,76057,TX,Diners Club / Carte Blanche
6b806d18-e8e1-49f9-bf50-b10f087e852c,William Blake,86376501,14,3,42,2024-03-12 13:36:22.302153,delivered,77392,TX,JCB 16 digit
469b9ed1-e2c7-4df2-bf95-afc86b7fb0f5,Nicholas Ramos,53730589,24,10,240,2024-04-27 07:04:21.935665,shipped,77976,TX,JCB 16 digit
b1f04789-0793-4995-b580-3baa72e27668,Dylan Graham,83903830,52,1,52,2024-04-28 15:45:50.353354,shipped,77359,TX,Mastercard
c4ad1bbb-1a47-4df9-88c3-a47858d0abce,Samantha Mccarthy,28078845,73,5,365,2024-01-30 04:31:16.651428,shipped,77413,TX,VISA 13 digit
741af3e5-5b6d-4c02-b19f-637e30e3ea45,Stephen Smith,85353657,33,4,132,2024-08-03 07:10:51.332206,pending,75681,TX,Discover
e1128da9-a985-41d7-b236-e7a674a70a06,Matthew Andrews,64818986,12,8,96,2024-05-31 09:29:38.015645,delivered,76765,TX,Discover
fed16cbd-7984-4825-b152-69e81ba9c01a,Angela Wallace,73458609,67,1,67,2024-04-30 17:13:51.829982,delivered,75746,TX,JCB 16 digit
58d7d8f5-2f10-404b-a21f-56f71487218b,Jeffery Allen,16548947,13,5,65,2024-03-28 08:11:43.347888,pending,79782,TX,JCB 15 digit
0cf38faa-230c-46df-848c-03b1f66cf8e2,Victoria Price,24478960,99,8,792,2024-04-23 13:15:38.173378,pending,75542,TX,American Express
d2f443df-3347-4605-9ea2-85b90fb331b1,Dennis Spears,93821285,15,6,90,2024-03-12 05:07:58.162358,shipped,76324,TX,JCB 16 digit
2bdd9421-ac65-4eec-baab-9e316e218424,Emily Smith,52129674,86,7,602,2024-04-15 15:00:59.056412,pending,77852,TX,Mastercard
3b9fba2b-e594-439f-a415-a62ac7006b3e,Kathleen Wallace,26805344,56,5,280,2024-05-03 14:15:30.589280,shipped,77787,TX,VISA 16 digit
b06a8925-76be-4f71-a460-7191407ea809,Teresa Wilson,97162063,42,3,126,2024-08-28 16:58:51.062158,shipped,76470,TX,American Express
af8480e8-1969-4a55-ab4d-3e16feeb5c49,Ronald Ibarra,31194587,21,5,105,2024-06-12 11:11:43.671227,shipped,75942,TX,JCB 16 digit
73254067-7b47-4190-b4a9-4ff7e5e51048,Kelsey Garrett,14982026,67,6,402,2024-02-17 13:19:53.928728,shipped,76438,TX,Maestro
a5dcd382-c23f-4aad-bee6-5ce6f70618e5,Madeline Burns,88881706,56,6,336,2024-01-04 04:52:46.748450,delivered,78948,TX,Diners Club / Carte Blanche
811a08c1-1ad0-4d4a-8957-0db0f94d3f15,Michael Decker,04373315,80,4,320,2024-06-27 16:09:32.659929,delivered,77876,TX,VISA 13 digit
a0baf031-9b9a-4fc8-83ac-b407256fcb5e,Emily Barrett,74232345,72,8,576,2024-06-06 19:25:03.701284,pending,75977,TX,Diners Club / Carte Blanche
e0f309b0-1314-4088-8fbc-f79778414263,Louis Estes,29743599,50,3,150,2024-02-23 17:50:04.587984,delivered,78873,TX,Discover
d3bc1505-1830-42e7-83bc-b90c9020fa3d,Lisa Santana,75270933,85,8,680,2024-04-24 04:12:33.331894,pending,79153,TX,American Express
f1176408-8cfe-4c70-8b1d-4159e37e76e6,Charles Powell,07838804,97,2,194,2024-04-02 23:08:00.436477,pending,78560,TX,JCB 16 digit
5312c3d2-cfb1-471c-9706-9be4d15b26e3,Debbie Lee,45760099,30,7,210,2024-09-03 17:26:20.272767,delivered,77614,TX,Discover
77eedbb0-74c6-4d2e-b36c-12177ae45c27,Benjamin Brown,46201379,54,6,324,2024-06-12 07:55:03.875845,pending,78792,TX,VISA 19 digit
6790dd52-acf5-4cfe-8fa6-1ca845acf58c,Tabitha Smith,40837253,67,5,335,2024-04-29 23:03:18.826740,pending,77318,TX,Discover
76d9b9f3-27e5-4acc-9698-44c19d214093,Joanne Curtis,13151560,35,1,35,2024-06-30 01:44:43.891937,shipped,77775,TX,Diners Club / Carte Blanche
c8d4e407-366c-4b3f-b0c2-cc58b7b9c127,Victoria Price,38735677,25,1,25,2024-02-19 20:03:52.335019,pending,75542,TX,American Express
84ad4bfd-913a-4d84-b606-3a9f83d4f1cb,Julie Whitaker,05765690,35,4,140,2024-07-16 23:15:52.272212,shipped,78902,TX,VISA 16 digit
0d2f68cf-39a8-4ef2-953b-fc18452f7c79,Paul Smith,70930917,20,6,120,2024-06-22 12:08:12.767456,delivered,77551,TX,American Express
4e5a565e-51a4-47bf-9285-629dfa61cf55,Karen Bell,17663366,58,10,580,2024-06-24 02:04:17.116237,delivered,77417,TX,Maestro
72d472b3-e7b0-4bd2-b45e-8a37c25275ec,Emily Smith,17613477,18,6,108,2024-05-07 15:59:45.427928,pending,77852,TX,Mastercard
26bdd511-7610-4589-9ccc-bd17cf9af95e,Christopher Roberts,84381484,82,9,738,2024-06-04 20:01:57.335800,shipped,79558,TX,Mastercard
5c7328f2-8151-477d-8ffa-2c20745fcf12,Charles Powell,54019225,67,10,670,2024-06-04 06:43:19.856906,pending,78560,TX,JCB 16 digit
c3130705-4838-4ffa-b533-445ffe2725ae,Daniel Cook,24005821,77,3,231,2024-02-12 01:28:59.985744,shipped,79881,TX,VISA 19 digit
95284376-3195-4d5a-bae8-b1b09e11d97f,Emily Barrett,74981168,60,1,60,2024-08-08 09:09:19.261059,shipped,75977,TX,Diners Club / Carte Blanche
cb5f6105-0f28-4cb3-b06c-80b6af7ff08b,Jeffery Allen,18400908,31,1,31,2024-01-12 06:02:55.113480,delivered,79782,TX,JCB 15 digit
ff8534bf-291e-4472-bb52-65242dac8393,Victoria Price,12598595,7,4,28,2024-03-19 06:14:08.679003,delivered,75542,TX,American Express
f17635c1-c73e-439c-bde7-ec85bacbd8ba,Dennis Spears,65577660,82,2,164,2024-04-05 11:56:14.058484,pending,76324,TX,JCB 16 digit
a631b90f-ce4e-455c-bc38-5bbbcec77a10,Donald Ball,60301352,54,2,108,2024-07-22 14:19:08.057084,delivered,75535,TX,JCB 16 digit
9ff3ccfd-94dd-4e75-855a-dc378e7a9476,William Blake,09608115,65,4,260,2024-07-12 05:02:36.579247,pending,77392,TX,JCB 16 digit
bf1b161d-703f-47ef-aadd-3eaf61f3ec39,Angela Wallace,65717424,31,4,124,2024-05-09 06:42:00.224658,pending,75746,TX,JCB 16 digit
fe685554-340e-43ba-ac07-4e9d5560780b,Cody Myers,98823017,89,10,890,2024-01-26 19:54:21.308459,delivered,78925,TX,VISA 19 digit
54a83bce-8076-48dc-ab78-e4fc9f462d91,Jennifer Barrett,80323884,92,3,276,2024-03-15 05:13:32.507907,pending,76193,TX,VISA 13 digit
bf6195d5-a7d8-4033-b3fa-63e308371d30,Angela Wallace,10143926,45,6,270,2024-04-01 14:55:02.176064,delivered,75746,TX,JCB 16 digit
75b682b9-b011-47dc-8b76-9b4131ea2c62,Catherine Moore,96560686,21,1,21,2024-01-31 04:11:13.493924,shipped,76570,TX,Maestro
3bfc0c3e-9940-41dc-8c2b-bbfb5b7db9c2,Ryan Collier,63105667,61,5,305,2024-06-26 07:53:12.266514,delivered,79153,TX,JCB 16 digit
fec0057d-f6b7-48a5-acd8-befa8e6bd6c3,Heather Cruz,73839620,49,10,490,2024-06-18 13:07:38.838117,shipped,77889,TX,VISA 13 digit
6a427fd2-d9b4-43be-9197-c0b715fcc3a7,Julie Whitaker,58919057,77,4,308,2024-04-08 16:20:45.505050,pending,78902,TX,VISA 16 digit
378b5a6c-3ab6-4ac9-80d5-8a85dd847a96,Tammy Parker,63320763,42,9,378,2024-01-19 17:52:27.575148,shipped,76630,TX,Mastercard
dc446590-d608-4230-9ef8-a21a4af92f81,Mandy Mckay,93570381,19,3,57,2024-04-15 23:33:00.422974,pending,79437,TX,VISA 16 digit
2f09467a-5fdc-464c-8b28-7188ade4f324,Stephen Smith,39073396,24,8,192,2024-01-07 04:02:36.802877,pending,75681,TX,Discover
57b2c94e-cecb-4207-ae89-9ced1c67b4ca,Alexander Jackson,72492697,86,4,344,2024-02-19 12:12:32.706530,pending,79796,TX,Mastercard
14c92ee9-9b23-436e-aa0c-181cbf6ac99b,Jessica Stewart,84112033,12,2,24,2024-01-07 18:31:07.172072,shipped,76885,TX,Mastercard
fe100aa5-fccb-4634-beff-a400a37f2f4a,Kristen Hale,90515088,85,8,680,2024-05-22 01:16:35.644974,pending,76923,TX,Discover
8bd0e166-b767-4920-b0b7-d2b875f626be,Patricia Schultz,24005821,77,8,616,2024-06-10 16:01:45.327856,shipped,78312,TX,VISA 19 digit
49528c2e-f0c7-4f28-9722-45d0d0fb9c6e,Katie Green,95496092,80,3,240,2024-03-04 12:42:09.869202,pending,77249,TX,JCB 16 digit
f0e072ac-d7fc-4e21-9af4-18771ea77430,Jennifer Barrett,06325756,90,8,720,2024-04-13 08:04:54.005563,delivered,76193,TX,VISA 13 digit
dde8ee2c-f043-411d-83ff-e77ca001ef8b,Brian Reyes,87474695,93,10,930,2024-05-12 11:10:31.554334,shipped,78666,TX,VISA 19 digit
b50b5a39-ed1a-41db-b41e-e175e4564fa0,Christopher Elliott,11609391,76,7,532,2024-08-08 10:47:43.090726,pending,76870,TX,JCB 16 digit
fe69fc8a-e4dd-4ae2-8a63-d06611d9a7cb,Tony Perry,82270858,49,5,245,2024-04-07 09:51:13.243535,pending,76844,TX,JCB 15 digit
e309f851-4e96-451d-b6b9-c1c4b2d625da,Douglas Butler,61892651,83,9,747,2024-03-16 02:17:30.103715,pending,76446,TX,Discover
2ba1dd94-b549-47f8-9e5f-853b0d8c7ea8,Samantha Mccarthy,54303119,40,2,80,2024-02-02 10:00:18.476882,pending,77413,TX,VISA 13 digit
bc40875e-fb79-477e-96d9-3f85bea91195,Christopher Donovan,67986309,42,7,294,2024-04-09 04:36:08.458676,delivered,79297,TX,Mastercard
fa54f886-eb46-40fb-9fc3-005d4b946c8c,Julie Whitaker,43409280,82,9,738,2024-05-06 03:17:31.996325,delivered,78902,TX,VISA 16 digit
adeedfb4-85db-499a-a70e-5762b95c4881,Charles Powell,72379394,14,1,14,2024-03-16 09:02:26.784978,shipped,78560,TX,JCB 16 digit
b723f73f-e2b5-48ae-9eee-02083d29c0b4,Adam Herring,68511456,92,7,644,2024-02-08 15:17:51.815387,shipped,77325,TX,Maestro
b75f4a42-4042-4ab5-9f4e-8ae74a9e5051,Christopher Martin,16382374,2,7,14,2024-07-26 09:40:03.985196,shipped,77034,TX,VISA 19 digit
20f2a99f-ecde-40e1-a4a3-ae55af284135,Joanne Curtis,14048357,35,7,245,2024-09-01 07:18:30.773381,pending,77775,TX,Diners Club / Carte Blanche
7b01fc72-f73c-4032-be09-1a84b843df89,Rebekah Gay,14564741,95,7,665,2024-02-02 22:27:07.516698,shipped,77983,TX,Discover
6e99b105-5fad-4bad-aa46-42ad382ebfe8,Cynthia Ortiz,37774189,23,2,46,2024-04-30 22:08:09.848775,shipped,78795,TX,JCB 16 digit
4cbb41e0-53a1-4fd1-949c-1b6cd1ed4428,Janet White,56540246,77,3,231,2024-01-09 14:30:29.611785,shipped,77019,TX,JCB 16 digit
3c12a308-2a5a-4381-9d27-08c8f0b44c12,Tiffany Olsen,54001336,18,5,90,2024-05-12 05:15:35.413845,shipped,75721,TX,VISA 16 digit
b499baa0-dbc8-46cc-aed8-7a66cafcfda9,Tracy Carter,60623263,23,10,230,2024-09-04 07:42:52.241162,shipped,77187,TX,JCB 16 digit
d1aa9343-4bb4-4f77-bbef-31530ad69573,Tabitha Smith,88956565,33,5,165,2024-06-07 04:07:10.158231,delivered,77318,TX,Discover
8b4863b7-e59e-48fd-9493-209cc38c4470,Jason Daniels,35021506,98,10,980,2024-05-14 07:38:32.887445,delivered,79250,TX,VISA 16 digit
7c5d8521-9773-4077-99af-7af1aa7f07a9,Molly Steele,20331412,5,10,50,2024-01-17 23:12:14.860146,shipped,78688,TX,JCB 15 digit
f235ed1a-aee6-49d9-ab24-256a0290bcef,Joanne Curtis,18561173,68,4,272,2024-03-13 23:04:10.249928,shipped,77775,TX,Diners Club / Carte Blanche
bc1cbb58-7ccd-49f5-9739-94c225368956,Joshua Garcia,21702433,12,3,36,2024-08-22 17:50:42.366002,shipped,77530,TX,VISA 16 digit
107d5508-5408-40f8-beb7-5de5cb162fa0,Terry James,53941794,85,4,340,2024-08-02 05:38:09.483181,shipped,77653,TX,JCB 16 digit
fe9bbc13-fc11-4a9d-8816-3dbcd3ed8385,Benjamin Brown,96816684,73,5,365,2024-08-23 08:47:51.206876,pending,78792,TX,VISA 19 digit
d6d949b3-00a1-47de-9abc-e7bd1e953898,Tiffany Olsen,10934449,27,7,189,2024-03-16 14:34:43.207675,pending,75721,TX,VISA 16 digit
0123463e-103c-443e-9483-9f7a7cc00171,Christopher Martin,77941282,12,9,108,2024-08-22 23:46:18.650412,pending,77034,TX,VISA 19 digit
19e5df42-9b59-4033-923f-f51299c9908a,Frances Perkins,04373315,80,5,400,2024-04-08 10:31:43.341893,shipped,77947,TX,Diners Club / Carte Blanche
33f0dd66-c4dd-46c4-8e06-115ed5c914ab,Cynthia Ortiz,96945209,18,3,54,2024-05-26 03:06:15.507641,shipped,78795,TX,JCB 16 digit
f42bae11-2809-4ec4-8671-76d7ae27a178,Ronald Ibarra,58264171,25,6,150,2024-01-23 22:27:14.937638,delivered,75942,TX,JCB 16 digit
a6010b05-3c36-4f80-a508-a584ec7e1441,Timothy Robinson,54308336,24,9,216,2024-07-11 06:47:21.142401,delivered,78817,TX,Mastercard
bc3907a6-1dd1-4414-a73f-720da8e2c9c8,Joseph Barnes,88956947,64,6,384,2024-04-24 05:33:29.254112,pending,79349,TX,Mastercard
9db0d0f1-e6ae-45ae-a16e-6ee466d1fa8b,Stephen Smith,20679590,76,7,532,2024-08-25 08:28:04.152827,delivered,75681,TX,Discover
e8e557e0-8fc3-42c3-b230-a41ce46deb00,Alexander Jackson,81021239,8,5,40,2024-03-04 00:10:45.338217,shipped,79796,TX,Mastercard
509ddceb-ae31-4c7c-b8dd-f721fa100593,Catherine Moore,81132263,50,10,500,2024-05-19 01:35:44.094832,shipped,76570,TX,Maestro
ee97d44a-845e-4db1-ba02-5364c2f7f4ca,Mr. John Moreno,30277441,78,4,312,2024-07-01 08:46:21.893758,delivered,76578,TX,Discover
4c0379f2-2cb6-45d0-90e8-05c06c4810a4,Daniel Irwin,28582687,6,6,36,2024-07-03 02:35:00.458166,pending,76082,TX,VISA 16 digit
537ab95f-1965-4e6a-b415-7c529a8f83a7,Timothy Robinson,19562841,38,9,342,2024-04-08 14:14:55.496674,shipped,78817,TX,Mastercard
ee6bef58-d7ee-4e09-8856-4ac1f17f33a8,Tony Perry,03690390,46,6,276,2024-05-27 12:57:39.635253,delivered,76844,TX,JCB 15 digit
b7d373c5-e379-49bb-b92d-961e9b5e1aa0,Kelli Walker,16100480,69,6,414,2024-08-25 19:07:29.897717,pending,77567,TX,VISA 16 digit
da7b87b6-07e1-4478-a1e6-7cd33d7395ef,Paul Kaufman,71236131,68,3,204,2024-08-02 02:09:48.690578,shipped,79456,TX,VISA 16 digit
50267836-700e-4aa7-98e6-15feb0061c20,Joseph Barnes,75255718,43,1,43,2024-03-10 06:04:06.296446,shipped,79349,TX,Mastercard
68f9ca6a-3b64-4d48-af44-02d0f842f6eb,Kristen Hale,83672521,75,5,375,2024-06-24 18:09:24.382591,shipped,76923,TX,Discover
c36d701c-2ccc-4e27-a6de-bde3303f8016,Meghan Snyder,89244463,51,6,306,2024-02-29 21:52:43.447200,pending,76057,TX,Diners Club / Carte Blanche
4b0cbd48-843a-414f-8ee0-5bfdceea8714,Carmen Day,47842397,52,9,468,2024-07-26 17:17:21.821488,shipped,79237,TX,JCB 16 digit
c07a728b-8a57-4b31-beb0-1b850d39fa95,Jesse Porter,69421945,80,4,320,2024-04-17 05:56:37.966153,shipped,78529,TX,Maestro
50c787cc-7d8c-4f11-94f7-3dab46a4aeac,Alexander Jackson,27646076,2,2,4,2024-01-14 21:30:43.567722,delivered,79796,TX,Mastercard
5cbf79b4-e8a8-4228-9588-5d55748cf054,Christopher Martin,92641471,45,6,270,2024-06-07 00:27:59.042624,delivered,77034,TX,VISA 19 digit
cb2a27e4-fca2-47d9-a2ef-a2c05b01de10,Frank Vargas,42508571,41,8,328,2024-05-28 20:45:57.724850,shipped,78066,TX,Maestro
17f04923-6d83-4812-b03a-a7760fec85a8,Tiffany Becker,73151104,51,8,408,2024-01-28 16:54:16.438463,shipped,75577,TX,JCB 15 digit
6c111f77-d9ef-4be7-b28c-5f4ad4e5695c,Diana Palmer,26177786,4,10,40,2024-08-25 01:53:16.006777,pending,78500,TX,American Express
cd8e87cb-e00f-4810-97d5-c475c3300ff6,Robert Boone,78483156,54,1,54,2024-03-18 23:52:33.047310,shipped,76982,TX,VISA 19 digit
5986d700-962d-4742-8095-275d2fb96830,Lisa Santana,63320763,42,1,42,2024-06-01 07:01:51.112313,shipped,79153,TX,American Express
7789d789-bc3a-49ca-a1e6-d102eb03e4c9,Mandy Mckay,03648445,23,6,138,2024-02-01 23:56:32.884985,shipped,79437,TX,VISA 16 digit
703aaa03-6d27-416e-a5dd-a9b63c7449df,Debra Jenkins,93961325,45,7,315,2024-08-14 23:49:41.831100,delivered,75793,TX,American Express
3d2fcfaa-bf19-495b-b95f-17e6b25bff6d,Felicia Welch,47198074,14,8,112,2024-08-15 03:50:53.111427,pending,77076,TX,JCB 15 digit
a44de959-c610-4fe1-82fd-bb670e674992,Jeffery Allen,71977041,71,4,284,2024-05-31 06:40:40.873623,shipped,79782,TX,JCB 15 digit
6b522ec9-9acb-44fb-b0d9-6836f179ef7f,Karen Bell,00323802,55,9,495,2024-02-20 15:45:34.827899,delivered,77417,TX,Maestro
cca63481-2aa7-4f4d-b4b2-66fa20a3eeeb,George Mayo,28706434,68,8,544,2024-03-31 12:53:29.990872,shipped,75506,TX,Maestro
3afd628c-9f8f-4bc8-9b9f-5917cfc27194,Jennifer Barrett,84381484,82,9,738,2024-07-30 12:43:10.971147,delivered,76193,TX,VISA 13 digit
bab9c84a-5af7-4a20-9927-93e7a3a807aa,Madeline Burns,16446342,16,10,160,2024-07-10 08:44:32.964632,delivered,78948,TX,Diners Club / Carte Blanche
010ac58c-dc6e-4317-bb07-da93ff2219a8,Katie Green,06932480,82,1,82,2024-05-03 19:11:34.400279,delivered,77249,TX,JCB 16 digit
682a286f-927c-4293-a940-06ae36296461,Tracy Carter,12598595,7,8,56,2024-01-27 17:46:30.343280,pending,77187,TX,JCB 16 digit
8829cd83-f663-43bb-b2f0-f33c6db2613f,Brandon Berry,37895129,80,7,560,2024-06-25 04:02:42.779485,pending,78538,TX,American Express
13bc8d7d-be03-44e8-a58d-ff852f9179f9,Dennis Spears,54929814,6,9,54,2024-03-30 09:09:37.107901,pending,76324,TX,JCB 16 digit
c3ac962b-38c7-4db9-90ad-a66daa308992,Tony Perry,88588179,48,1,48,2024-07-08 06:02:40.875934,delivered,76844,TX,JCB 15 digit
e1c50ffb-c8a7-4fd5-847b-01c647cee902,Danielle Cortez,75255718,43,10,430,2024-07-22 14:51:09.334798,delivered,79298,TX,VISA 19 digit
568d5758-3dca-40e0-a9fe-c8a3a96b75c0,Grace Hammond,39046031,57,1,57,2024-05-17 00:19:44.437112,shipped,76209,TX,JCB 16 digit
62136f58-d870-47cc-b15b-6dbeaeefe5bd,Thomas Merritt,76422768,1,2,2,2024-04-26 13:39:41.552697,shipped,75842,TX,Discover
f028ba22-2cee-40f6-923b-cefdb11b4bf6,Donald Ball,96790861,73,2,146,2024-05-19 06:58:53.467270,delivered,75535,TX,JCB 16 digit
f7a16635-5f97-4ea1-a3c8-0f88031ce8e2,Adam Herring,45208539,63,4,252,2024-02-06 22:15:16.858964,shipped,77325,TX,Maestro
7d8f3df7-b262-4dc5-b98b-777e1a208418,Karen Bell,24220491,37,8,296,2024-03-20 23:04:19.750898,pending,77417,TX,Maestro
e054fe89-cde5-45e0-941b-0ee06ab1d9e7,George Mayo,31773683,11,6,66,2024-05-26 03:07:24.694884,pending,75506,TX,Maestro
2ab4e7b3-5989-46e1-8913-982626d03414,Larry Brown,21411557,37,2,74,2024-07-01 17:41:39.985991,delivered,76149,TX,VISA 19 digit
8deccab1-f1c4-42f7-af3e-5c529e852eab,Frances Perkins,01047004,78,2,156,2024-03-03 23:46:24.609176,shipped,77947,TX,Diners Club / Carte Blanche
7a0e128c-b88d-4a43-8c4a-2291cbf7e7fb,Peter Stephens,73472674,53,5,265,2024-04-05 21:55:08.837570,shipped,79846,TX,Diners Club / Carte Blanche
a3298ffd-6271-4e1a-930c-4c328398a55a,Julie Whitaker,96949542,80,8,640,2024-08-06 10:40:12.861479,pending,78902,TX,VISA 16 digit
2b72e3ac-5dc6-444c-a267-184b87ed0554,Nicholas Ramos,51020781,69,6,414,2024-06-16 23:46:20.847512,pending,77976,TX,JCB 16 digit
577ee922-ba7c-44bf-87a1-26f026cfca58,Debbie Lee,30848986,74,5,370,2024-04-23 20:53:16.985736,shipped,77614,TX,Discover
875a5888-9ab2-4830-833c-51b865e701f2,Tiffany Olsen,63105667,61,3,183,2024-07-01 15:15:18.148274,pending,75721,TX,VISA 16 digit
4d15d162-5ade-4034-b53a-495a636b81d1,Katie Green,21702433,12,10,120,2024-08-08 02:02:44.884139,pending,77249,TX,JCB 16 digit
f17729a8-44dd-430f-9175-eb9bb4fe6d5a,Joshua Garcia,32628913,49,1,49,2024-02-25 04:42:36.186148,shipped,77530,TX,VISA 16 digit
c82c6a66-b904-4d60-8b27-7f5b0212487e,Stephen Smith,46700087,70,2,140,2024-04-21 16:34:57.444690,shipped,75681,TX,Discover
a74657ea-3419-43a4-a6d2-23fe961b1ac9,Mr. John Moreno,09810693,97,6,582,2024-09-05 15:13:08.945846,pending,76578,TX,Discover
111b875d-7384-4de6-99a3-0352c5f775dc,Frances Perkins,87775990,54,5,270,2024-06-01 01:53:12.189117,pending,77947,TX,Diners Club / Carte Blanche
7916193a-6e6f-4d5f-a913-6db42abc21ac,Victoria Price,65252901,74,5,370,2024-01-10 04:30:12.461997,shipped,75542,TX,American Express
045a853b-1ec9-4918-b2ad-5fbb4f4fbd88,Adam Herring,54308336,24,5,120,2024-02-14 20:27:05.024621,pending,77325,TX,Maestro
8388dc59-bd3b-4392-b0a2-da2faf002c9d,Madeline Burns,25005219,31,3,93,2024-08-01 01:17:46.203402,shipped,78948,TX,Diners Club / Carte Blanche
deaee43e-f63c-4aea-80b2-eaf796aabd8a,Timothy Robinson,72492697,86,2,172,2024-02-16 13:16:23.751003,delivered,78817,TX,Mastercard
6edb7925-d1ca-4c79-a34f-3bd60dfe75a8,Emily Smith,64945460,71,9,639,2024-07-22 06:43:43.541505,pending,77852,TX,Mastercard
025d478b-50e2-4de0-917c-2b2389295ea3,Robert Boone,75438852,11,10,110,2024-04-26 16:39:10.462543,delivered,76982,TX,VISA 19 digit
d510013d-f163-4dbd-aa5e-2e07d0eef449,Derek Wu,60727800,65,4,260,2024-04-16 02:29:13.460502,pending,79200,TX,Diners Club / Carte Blanche
14ed7060-a4e6-4f24-8794-5d651223d0df,Matthew Andrews,46300195,41,3,123,2024-08-02 00:47:45.246999,delivered,76765,TX,Discover
d77af050-ad0e-4fc1-bfd0-81a343af9dea,Matthew Guzman,78953321,88,2,176,2024-06-03 12:43:26.943317,delivered,76000,TX,Discover
