00a2b69e-7099-46bf-a0c9-ec7c7bb65f27,Valerie Brennan MD,22086945,62,6,372,2024-05-18 03:47:14.979009,shipped,06050,CT,Discover
e4a3ae74-11eb-45e4-9031-de5936ab4b7d,Luis Young,43075881,41,4,164,2024-04-25 07:20:33.308066,shipped,06201,CT,VISA 13 digit
89ac19a7-9a80-4d1b-8d0b-ceb21310df2a,Christy Valdez,99663650,70,1,70,2024-01-09 14:54:04.004926,shipped,06221,CT,JCB 16 digit
b526c6e8-bd84-4d60-9ecc-4c2dcc1570ab,Chad Phillips,54203228,92,1,92,2024-08-30 12:58:08.160791,delivered,06114,CT,VISA 16 digit
19b936e1-04a8-4685-8199-e0e1406c8029,Annette Booth,89442487,59,7,413,2024-01-14 17:37:58.783612,delivered,06358,CT,Mastercard
30932ce8-a903-4360-8670-d81dad81a04c,Patrick Ryan,68699697,10,7,70,2024-03-04 00:28:33.201781,delivered,06125,CT,Diners Club / Carte Blanche
e9981ff8-1715-4764-a157-6109334924db,Christian Owen,28706434,68,4,272,2024-03-23 06:34:11.038709,shipped,06253,CT,JCB 16 digit
a169838d-df62-4ea4-9814-3ffe45605607,Mary Curry,40299006,95,10,950,2024-06-21 12:08:46.544543,delivered,06152,CT,Discover
f0e8cf77-e14a-4d67-a968-0e607f0dcfba,Chad Phillips,88956947,64,10,640,2024-06-07 18:45:12.604989,delivered,06114,CT,VISA 16 digit
4d397ffe-57ae-43fa-9563-edd65e940c5d,Erik Roach,28423782,72,10,720,2024-09-06 11:52:42.687260,shipped,06324,CT,Mastercard
fde1f2e6-bc5e-4e48-ac75-a09a61a94667,Denise Porter,79699181,23,5,115,2024-02-11 05:01:06.303641,delivered,06125,CT,VISA 16 digit
c5f3325b-951e-4a9d-a29f-4bc696bafcd3,Veronica Roberts,39737175,8,8,64,2024-02-06 00:33:54.177958,pending,06299,CT,Diners Club / Carte Blanche
d0d9026f-8c29-4762-82d4-0e342a288f54,Robert Mathis,05966127,30,4,120,2024-04-19 02:32:00.714316,delivered,06219,CT,VISA 16 digit
1a6d6cee-b6ba-48f7-9832-d15780b1f1d7,Anita Wagner,38140051,74,7,518,2024-08-15 14:39:12.443200,pending,06260,CT,American Express
d162406e-76f4-47c2-a9e8-4b06aea922d3,Mr. Jonathon Smith,10367605,8,3,24,2024-05-07 06:07:36.687881,shipped,06177,CT,Mastercard
d5757e5b-f3df-49f6-a02c-be7e6d42666d,Adriana Griffin,11609391,76,9,684,2024-03-02 05:21:04.436391,pending,06360,CT,Maestro
573acefa-f268-4618-a1d1-977a139ba0ab,Daniel Lowe,95211046,96,2,192,2024-08-10 04:46:55.953369,shipped,06309,CT,Mastercard
a865006b-ebb5-4ec3-8cee-6444fc90caf0,Annette Booth,47060104,45,2,90,2024-06-01 22:04:54.843547,shipped,06358,CT,Mastercard
ad7b6f55-c07f-4194-858f-cca03c4050b1,Shelby Smith,91990150,65,6,390,2024-05-19 22:30:46.751706,delivered,06201,CT,American Express
6c6cef12-0e3b-4068-9da7-b87420a163bd,Cynthia Rice,67754069,3,6,18,2024-02-15 19:05:44.397855,shipped,06151,CT,Diners Club / Carte Blanche
25e59319-9250-44c9-bea9-8c7576fb272c,Samantha Hernandez,84250360,88,10,880,2024-01-29 15:05:59.887205,pending,06208,CT,VISA 13 digit
8dca8b06-46d2-4592-a49f-338f0b5b675a,Lisa Gray,06932480,82,9,738,2024-01-22 05:11:33.930924,shipped,06338,CT,JCB 15 digit
eb3b0d72-9b1b-4a38-94b2-f7f9f232cbcc,Elizabeth Walker,56149531,70,5,350,2024-02-03 12:36:49.444939,pending,06293,CT,JCB 16 digit
66517beb-2953-4f82-9873-3f2ea13cdc19,Cheyenne Thomas,65828045,22,8,176,2024-01-09 13:10:47.121110,pending,06123,CT,VISA 16 digit
8ed76155-ef54-4616-b8f5-bee6fd2e20c2,Laurie Griffin,17900133,75,2,150,2024-08-14 16:50:02.983280,delivered,06217,CT,Discover
1585179e-5259-4536-90f8-ab94ba5ad52f,Jason Hunt,63059748,27,6,162,2024-06-23 09:47:34.216838,delivered,06366,CT,JCB 16 digit
439329c9-4d69-48f1-9708-e5054bc861ca,Diana Rodriguez,16382374,2,8,16,2024-05-06 10:11:37.273794,delivered,06123,CT,VISA 16 digit
b7eeb967-c59b-4f27-a18c-c6d2eda7ada8,Mrs. Rachel Thomas,73969778,30,8,240,2024-02-19 07:18:41.482893,delivered,06293,CT,Discover
ee2aad50-6329-4753-b3f1-ff50a71c53e6,William Silva,59337430,16,1,16,2024-05-01 05:14:28.533642,shipped,06052,CT,VISA 16 digit
4524b908-b3a0-4f46-8128-a2b34a08c699,Michael Johnson,22662309,16,2,32,2024-02-10 21:19:21.518340,pending,06066,CT,American Express
64678007-8173-47c7-8bca-38f0c223a732,Dana Valdez,38045592,35,5,175,2024-02-21 15:06:49.923298,shipped,06165,CT,VISA 16 digit
abd738cf-86e3-48f1-ae74-bbbbab3f1768,Christian Owen,63105667,61,6,366,2024-08-21 21:58:47.761257,delivered,06253,CT,JCB 16 digit
c6935f3b-de8a-4cfa-8bd9-e7a4b9c1a25b,John Pittman,28899518,9,2,18,2024-08-31 04:53:44.831140,shipped,06137,CT,JCB 15 digit
c5b1cfc2-e1fc-4e93-a163-8e8748811814,Thomas Michael,58084281,7,2,14,2024-02-26 09:07:36.359062,delivered,06019,CT,JCB 16 digit
185fe2fd-d975-426b-8060-0acbb31c36a5,Mr. Jonathon Smith,08986047,70,4,280,2024-06-26 07:41:36.691304,delivered,06177,CT,Mastercard
c79e7ff6-c237-4b6f-920f-2c403d737078,Carol Lopez,90134814,96,8,768,2024-01-02 05:07:29.963355,delivered,06386,CT,Mastercard
48e9c9a9-0275-4879-b835-1b55f0d0f8d8,Scott Blevins,21497834,39,9,351,2024-03-17 09:14:03.117744,delivered,06092,CT,VISA 16 digit
e877ec7e-9fc7-4ea4-b60d-c4801433a5e8,Cheyenne Thomas,42903833,51,2,102,2024-05-10 23:36:40.916376,delivered,06123,CT,VISA 16 digit
3368261f-dc3a-4e6a-af47-24a0626384cf,Thomas Michael,71008745,2,5,10,2024-08-14 06:16:21.619537,shipped,06019,CT,JCB 16 digit
a99bc5a4-41c5-44c1-8557-c6c2440bf07c,Lance Bray,72944042,94,8,752,2024-05-17 12:52:34.694780,shipped,06314,CT,JCB 15 digit
ac82ffe5-5b9e-405d-8c09-8e6e4d5ec86f,James Small,41838853,22,7,154,2024-01-10 10:35:12.145005,shipped,06150,CT,JCB 15 digit
9b2b3036-ed30-46c3-b730-c803f60b9f1a,Dana Valdez,45359187,47,3,141,2024-08-27 18:15:22.898702,shipped,06165,CT,VISA 16 digit
0c24ca98-6e70-414d-bab3-3f5fd8aa8254,Ryan Keller,52129674,86,9,774,2024-08-09 12:43:21.857411,shipped,06388,CT,Diners Club / Carte Blanche
609c55a9-f3fc-45a8-8eea-55b52948866d,Gregory White,48693707,48,10,480,2024-08-29 20:27:48.771431,shipped,06380,CT,Discover
5c1ecf60-ea8c-4778-8ba6-e20b6de98b25,Logan Kennedy,74217670,28,1,28,2024-07-15 02:27:42.914737,shipped,06026,CT,Maestro
803f8b08-a071-4022-948e-aa32ac4df379,Ian Harris,01181135,26,5,130,2024-04-09 10:42:20.669866,pending,06008,CT,JCB 16 digit
f0061639-faec-486f-b714-12977cc17698,Jeffrey Holmes,05891566,75,5,375,2024-08-11 13:14:11.247423,pending,06015,CT,American Express
4eb4c26e-c8f9-4dfb-a9b8-a8e048389b06,Donald Mitchell,71411989,2,5,10,2024-08-15 00:06:34.866205,shipped,06228,CT,VISA 16 digit
a657b62e-8402-4407-9382-372eb6a22a88,Cynthia Garcia,08986047,70,9,630,2024-05-17 09:16:22.579128,pending,06014,CT,JCB 16 digit
5386a396-ad7a-452f-ada7-bf8cbcf5eedb,Sandra Rich,12745470,92,7,644,2024-08-12 08:06:01.858214,delivered,06041,CT,VISA 16 digit
b78cb53c-0e5b-4eb9-ad37-cad68bdc4b54,Ernest Ellis,51460853,28,7,196,2024-08-06 20:33:24.972908,pending,06292,CT,JCB 16 digit
b1e43271-822b-4890-b8b2-8cb619b6dcbc,Anita Wagner,23505155,19,5,95,2024-04-24 17:34:00.946035,pending,06260,CT,American Express
a6374810-3d25-4078-8d79-ab90713056b6,Emily Beck,27884720,88,9,792,2024-04-01 01:24:35.079869,shipped,06164,CT,JCB 16 digit
4a853fd8-c651-4ed3-add0-b600fdb2c1d1,Brian Jordan,65828045,22,9,198,2024-01-13 12:57:44.298664,shipped,06199,CT,VISA 16 digit
59b6d7c8-3fc4-4a6e-a8ca-df60948c7422,Christy Valdez,60784728,4,10,40,2024-07-24 10:17:55.709378,delivered,06221,CT,JCB 16 digit
a0b8b01a-8808-4699-8061-33a27746472c,Jeffrey Holmes,40937342,82,9,738,2024-03-06 06:04:52.278644,delivered,06015,CT,American Express
feca8e65-7544-4766-b41e-48314a761b02,Vanessa Frye,26036328,74,6,444,2024-01-03 19:10:45.696575,pending,06087,CT,Mastercard
aed75e7e-ca1f-4a76-9f84-25d499b4acd7,Denise Porter,74102143,35,8,280,2024-05-01 10:39:46.929099,delivered,06125,CT,VISA 16 digit
3a372e4d-be49-4f7f-9960-9fd87d4d3a0e,Lance Bray,91316455,99,4,396,2024-03-20 09:37:45.931767,pending,06314,CT,JCB 15 digit
93eaa5f7-87e0-442e-82be-95b1bc646aa0,Jeffrey Holmes,37028183,63,10,630,2024-02-13 21:37:32.254051,delivered,06015,CT,American Express
31776f86-045b-4e78-8f5d-8c8ab437a4af,Tamara Anderson,71977041,71,9,639,2024-01-08 12:54:06.691632,pending,06272,CT,JCB 15 digit
f0ebb916-d59a-4ba4-a003-7a6ff3c0dcbf,Paul Gamble,90134814,96,6,576,2024-04-08 22:18:33.672388,pending,06140,CT,JCB 16 digit
6d26c6c8-bb22-45b0-bb62-27b40b28b11f,Adriana Griffin,63105667,61,4,244,2024-07-12 04:51:01.888392,shipped,06360,CT,Maestro
64041b61-1e5b-45b0-a2b1-da1840167e47,Nicholas Rodriguez,28899518,9,3,27,2024-04-12 05:38:31.634749,pending,06138,CT,VISA 16 digit
74335db1-bfea-47a2-95eb-7daab2a17d1d,Jason Hunt,38077852,51,2,102,2024-01-13 04:40:18.839712,shipped,06366,CT,JCB 16 digit
0370d272-aa95-40d8-88f7-b2fdef269b03,Kyle Perez,02127798,81,7,567,2024-05-18 22:24:30.288019,delivered,06221,CT,JCB 16 digit
78ed93ab-0ec5-4095-872f-c61b52c87fe3,Christian Owen,72494578,19,4,76,2024-06-08 23:19:28.761899,shipped,06253,CT,JCB 16 digit
0b50e183-f104-457f-8f3b-d25cf0abddfc,Carlos Rodriguez,54548565,9,10,90,2024-05-15 11:37:55.241221,delivered,06116,CT,JCB 15 digit
0c7f88ce-a1e0-45d9-9d9f-809c6a8d75e7,Cynthia Garcia,27939017,89,1,89,2024-03-10 21:15:12.666998,shipped,06014,CT,JCB 16 digit
af171fbb-f198-4953-8101-c7d86d89ee3d,Gregory Martin,82438999,37,7,259,2024-07-05 19:23:58.517994,shipped,06072,CT,VISA 16 digit
11dad948-255d-4fc2-a708-0b91b7b2a33c,Carlos Rodriguez,39208774,30,7,210,2024-03-11 03:49:00.436221,delivered,06116,CT,JCB 15 digit
bc397093-b96f-44aa-9222-2fa8cea7fadb,Diana Rodriguez,35381600,97,4,388,2024-04-02 22:26:16.011424,shipped,06123,CT,VISA 16 digit
1ddb18d3-3f16-4a25-a0cd-d8d203b7b5ae,Cynthia Peterson,00133319,53,10,530,2024-08-23 10:39:08.711034,pending,06109,CT,Maestro
29be7f92-cb60-4d82-beab-0ac84da99370,Vanessa Frye,88710105,1,4,4,2024-08-23 17:05:41.054694,pending,06087,CT,Mastercard
edd70ab2-ed7c-46e2-800f-a04f9ec53fdd,Laurie Griffin,85353657,33,2,66,2024-05-27 00:59:30.837820,pending,06217,CT,Discover
e352131d-495b-4b90-91f6-027732b3b595,Thomas Michael,40759296,97,2,194,2024-03-09 20:58:20.449474,shipped,06019,CT,JCB 16 digit
5d2bd85d-4a96-4da8-96b6-7eee24862ff0,Robert Mathis,90178559,61,1,61,2024-08-10 22:21:58.200423,pending,06219,CT,VISA 16 digit
7b069aaf-62bf-40ba-9f61-8f04b3e76875,Cheyenne Thomas,57452043,14,2,28,2024-03-27 10:05:55.741455,delivered,06123,CT,VISA 16 digit
5df0c3ca-f951-43f4-b0a2-f52258063e62,Ryan Keller,74627462,7,9,63,2024-07-03 22:31:33.704625,pending,06388,CT,Diners Club / Carte Blanche
b39fbd47-38a0-4650-b810-7c96cbd2e974,Elizabeth Walker,11636779,61,4,244,2024-06-14 00:09:53.523328,shipped,06293,CT,JCB 16 digit
10a2f2d8-e134-47d6-a378-60373c33789a,Lisa Gray,49317428,73,5,365,2024-02-12 13:42:13.163213,shipped,06338,CT,JCB 15 digit
dac7e860-94c3-44d5-8693-c58d0bb662d4,Cynthia Peterson,79186070,79,3,237,2024-02-19 05:53:27.664071,delivered,06109,CT,Maestro
daf5345c-7a16-4fb7-a1ab-a7e06cd3c583,Jeffrey Holmes,01448955,31,9,279,2024-04-09 23:55:23.749874,delivered,06015,CT,American Express
41b2359c-d8d5-423a-8310-bf67a306c49e,Gregory Lopez,46623232,21,2,42,2024-07-05 02:17:36.184609,shipped,06365,CT,JCB 16 digit
5ee0f2d0-0bd5-4fb4-84bf-0b41896e3723,Christian Owen,60784728,4,1,4,2024-04-15 20:34:52.309123,pending,06253,CT,JCB 16 digit
39d3b33f-dd85-4a71-9d27-bea6e0e9d8f2,Cynthia Rice,49165883,49,10,490,2024-04-23 02:49:50.008673,delivered,06151,CT,Diners Club / Carte Blanche
d971a1a1-6ceb-485e-b55a-43608fcab413,Dana Valdez,41914731,72,7,504,2024-08-26 02:37:09.076052,shipped,06165,CT,VISA 16 digit
f6da6e57-7d7f-49e5-bd24-222b21b476a4,Mary Curry,12049646,71,10,710,2024-04-09 06:17:56.381913,pending,06152,CT,Discover
af02680f-b282-41c8-9f26-19d72c3ff66c,Ryan Keller,22086945,62,6,372,2024-06-22 18:43:30.873524,pending,06388,CT,Diners Club / Carte Blanche
99ce9825-12c9-4813-84e9-ffae8f442fd2,Adrienne Bell,61789067,5,9,45,2024-02-07 06:06:51.095633,pending,06278,CT,VISA 16 digit
7d3b5327-a9e1-41fd-9924-76d2edae14b6,Donald Mitchell,27353332,12,6,72,2024-09-01 01:15:40.952874,pending,06228,CT,VISA 16 digit
b4b0beba-1d4e-4fb2-98eb-32d2a56d2a29,James Small,64573724,20,2,40,2024-08-30 14:35:38.682740,shipped,06150,CT,JCB 15 digit
291e39d3-867c-4e98-9d37-43d18d2874b3,Scott Blevins,16382374,2,7,14,2024-06-20 00:13:42.311356,delivered,06092,CT,VISA 16 digit
fc50889e-e2bd-4bf1-843e-4efafc356959,Robert Ortiz,18400908,31,7,217,2024-01-17 20:36:01.168627,pending,06323,CT,VISA 19 digit
012f669c-09d2-4e90-9743-45620b1493f4,Alisha Frazier,39478894,61,5,305,2024-03-27 11:55:15.882235,shipped,06198,CT,VISA 16 digit
c8cca068-86b8-4568-83b2-3afebf23bdc2,Ian Harris,67213733,37,4,148,2024-05-31 23:41:27.823543,shipped,06008,CT,JCB 16 digit
8a181888-73fc-4ff2-a3fe-4ee036bb9da6,Cynthia Garcia,77941282,12,10,120,2024-06-09 03:03:57.480932,pending,06014,CT,JCB 16 digit
8c693bfe-4875-4471-83db-d07fd7e03dae,Diana Rodriguez,23713581,24,8,192,2024-04-10 14:55:54.055712,pending,06123,CT,VISA 16 digit
4839f38c-ae5e-4531-8681-546d212f8542,Nicholas Rodriguez,02789897,9,6,54,2024-02-28 13:58:09.558572,shipped,06138,CT,VISA 16 digit
b0a514fb-0450-48f1-9c05-a7ea9bfd4d2a,Karla Phelps,05765690,35,7,245,2024-03-13 15:12:05.642275,pending,06246,CT,Maestro
ab0c20c4-9a02-4be6-a7e0-2f9167703f56,Brian Jordan,15896049,65,9,585,2024-01-14 22:07:27.229524,pending,06199,CT,VISA 16 digit
968f4ac2-7d5f-4c4b-afe0-053ec5bc8226,Lance Bray,71807263,34,8,272,2024-04-11 13:31:49.580437,delivered,06314,CT,JCB 15 digit
33fc561d-9d44-470f-a13b-7f7216780aa7,Lisa Gray,10450475,91,2,182,2024-07-15 12:52:58.517112,pending,06338,CT,JCB 15 digit
db4abb00-7d59-46c8-bd71-51dd1889624c,Carol Lopez,28078845,73,4,292,2024-05-15 08:11:53.961498,delivered,06386,CT,Mastercard
cc8fbe72-cbd9-45b9-9430-669ae11f25a4,Erik Roach,99519056,78,9,702,2024-06-21 05:26:34.175685,delivered,06324,CT,Mastercard
63e20e0f-7d01-4249-8c79-a7afa406c6a1,Paul Gamble,73851479,37,9,333,2024-07-24 10:47:05.135547,pending,06140,CT,JCB 16 digit
d97f4b1a-8055-428a-a2c9-a81b57f89b8a,Vanessa Frye,72176108,17,7,119,2024-08-22 22:40:04.112573,delivered,06087,CT,Mastercard
72ecd504-fdc0-4da0-8632-a6c7c5a1356c,Cheryl Lambert,33510491,9,1,9,2024-04-10 18:50:39.285861,pending,06027,CT,JCB 16 digit
47679545-4236-4cd4-bdf3-b2b526f1d281,Veronica Roberts,58477519,53,2,106,2024-02-09 03:45:51.198537,shipped,06299,CT,Diners Club / Carte Blanche
12b15504-b122-4044-9f2c-5b0ab8230fe7,Joel Johnson,88920542,90,10,900,2024-05-19 22:17:17.855383,shipped,06366,CT,VISA 16 digit
2189e8ee-44d4-4231-b12a-ef9a535de84a,Michael Johnson,87081923,9,9,81,2024-05-07 17:45:47.641238,pending,06066,CT,American Express
b4905678-f9e9-4d17-8405-b89c277cce4e,Luis Young,08841247,82,1,82,2024-07-31 13:50:39.304235,shipped,06201,CT,VISA 13 digit
e34b570a-785a-467b-acbe-2ca6beff936e,Andre Mann,94754957,5,9,45,2024-05-26 18:39:41.999044,delivered,06343,CT,Discover
048f20e9-66e1-4b2b-b5fd-ac96559188d5,Samantha Hernandez,45465970,79,8,632,2024-01-11 00:33:40.594918,pending,06208,CT,VISA 13 digit
ca869715-6061-49e8-b2f9-462a3a02c881,Kyle Perez,23199484,38,9,342,2024-04-24 00:25:49.364261,delivered,06221,CT,JCB 16 digit
0f754efd-78bc-4f04-974a-4695d35a5d47,Ernest Ellis,12859658,24,1,24,2024-04-03 05:43:47.501534,delivered,06292,CT,JCB 16 digit
94638db7-ef6b-4f17-841f-0ce38f70ff11,Laurie Griffin,20211868,36,9,324,2024-02-28 11:21:15.601754,delivered,06217,CT,Discover
fac632ba-5441-4377-8650-d44dd64b6dc7,Lance Bray,02492339,75,10,750,2024-09-07 00:11:58.566045,delivered,06314,CT,JCB 15 digit
ada726a4-f332-4a7a-8574-114da32708e8,Nicholas Rodriguez,23546233,87,9,783,2024-08-05 19:54:48.750156,pending,06138,CT,VISA 16 digit
77f01f47-ac07-48a8-af0f-87bf0a787d24,Paul Gamble,65767740,62,2,124,2024-03-13 06:44:02.916253,delivered,06140,CT,JCB 16 digit
86445cfc-50de-4795-aeaa-62240363811e,Joel Johnson,70963083,79,3,237,2024-08-02 00:29:53.313041,pending,06366,CT,VISA 16 digit
0bb2b8d5-0919-4142-b2d6-d1891da14683,Anita Wagner,84535498,93,10,930,2024-04-01 18:37:41.961766,pending,06260,CT,American Express
2616c384-d218-4297-a69b-394ff991ea16,Karla Phelps,68363130,85,9,765,2024-03-22 07:48:22.427882,pending,06246,CT,Maestro
c8a39303-d92b-442a-b82d-2e6dc9ad5a88,Kimberly Barnes MD,53030375,81,1,81,2024-02-14 15:05:21.657943,shipped,06192,CT,VISA 13 digit
042b4b76-6a79-47cf-b080-c07fb5af9a0f,Ian Harris,86995122,89,2,178,2024-05-25 02:21:27.074405,delivered,06008,CT,JCB 16 digit
