80c625c1-b918-4511-892c-d1135bb9424a,Michael Perez,68363130,85,8,680,2024-01-17 08:48:23.057555,pending,61358,IL,VISA 16 digit
30c45007-f181-48db-ab4b-21d12ddf3f38,Matthew Ellis,10450475,91,3,273,2024-07-07 03:43:33.916787,delivered,62523,IL,VISA 16 digit
0d7e3064-d994-4d3c-8a75-585629de5fbf,Juan Holland,78353077,73,6,438,2024-04-06 13:10:31.294625,pending,62896,IL,VISA 16 digit
b171cacc-9438-401d-a3cc-a760ab23891b,Sheryl Oliver,68988265,59,4,236,2024-09-05 23:15:55.414792,pending,62776,IL,Maestro
1887bd46-788c-4402-8e12-bf2110e71e5c,Patrick Larson,19061542,69,10,690,2024-06-03 13:58:04.651656,pending,62482,IL,JCB 15 digit
f687ca84-789d-4ba8-bec2-12b0d7a56840,David Buck,95450575,34,1,34,2024-04-02 15:26:40.404626,delivered,61648,IL,American Express
85f5757f-383a-45b1-a528-92bef021ccd0,Dr. Sherry Chan,67038640,80,2,160,2024-08-14 22:18:33.171158,shipped,62412,IL,American Express
a0ca1840-4751-4ae6-a0f4-1b5c00740070,Jamie Daniels,74812677,88,8,704,2024-01-13 10:29:49.396183,delivered,61134,IL,Mastercard
eab63a7b-49af-4c70-aec2-51a39097929d,Lori Day,91054203,42,3,126,2024-09-04 19:30:59.076616,shipped,62054,IL,JCB 16 digit
0023142c-aa3c-4afd-9621-3f3a54f971fb,Patrick Baker,39710987,12,5,60,2024-02-01 18:33:12.544696,pending,61076,IL,JCB 15 digit
3fe5b2cb-53b3-46e5-8c14-ead068c8559c,Richard White,70512649,37,3,111,2024-05-06 06:38:42.523810,delivered,62800,IL,JCB 16 digit
9a9fb81c-d9bd-44c8-b861-5bb772797f4a,Megan Torres,54609228,20,3,60,2024-02-01 09:09:18.777454,shipped,62627,IL,JCB 16 digit
4b4b84d7-eb48-4cd4-ab16-9148ec19f929,Christopher Matthews,63137255,57,3,171,2024-02-07 04:43:41.954086,delivered,62276,IL,JCB 16 digit
230e2c1b-eb8b-45c5-864c-eef3e87f5386,Janet Martin,41909515,98,2,196,2024-05-13 16:51:24.430203,pending,62543,IL,Mastercard
17b2d308-5194-47b9-88f8-1981ecc609ae,Lorraine Taylor,00963947,8,3,24,2024-03-20 14:01:50.407097,pending,61608,IL,Diners Club / Carte Blanche
4027071f-111f-4b0b-9a36-ee32f7a61ecd,Juan Mejia,80526988,11,5,55,2024-02-28 02:42:17.462710,shipped,60303,IL,Discover
bceb6e1e-2b14-495c-8706-aa3ba0acc0d6,Raymond Johnson,34339800,12,7,84,2024-01-27 21:17:01.255811,shipped,62490,IL,VISA 13 digit
fa1c8f61-b183-427c-848b-84dc29c0d579,Michael Perez,82765989,38,1,38,2024-03-30 10:25:02.960471,shipped,61358,IL,VISA 16 digit
5f0a2a4f-abe7-4db8-9c66-0ea3097b1d10,Brendan Whitney,54001336,18,7,126,2024-05-31 12:40:26.024482,pending,62951,IL,VISA 16 digit
b4b6a9a8-6bbf-4d81-b142-0f8fda5ba25f,Terri Black,73169963,6,6,36,2024-02-18 14:33:46.826530,shipped,60885,IL,Maestro
babded06-7519-44f2-9772-051ccbe9289c,Jacqueline Jones,55730501,78,5,390,2024-04-20 16:13:05.511780,delivered,61369,IL,Discover
30ab24f7-4ea4-4328-bc73-32790d22464a,Matthew Ellis,68511456,92,1,92,2024-01-15 10:20:38.781638,shipped,62523,IL,VISA 16 digit
caadc8df-c4a1-4215-a98f-33f0235d6967,Kelsey Coffey,07961809,18,7,126,2024-08-26 18:38:36.300320,pending,61264,IL,JCB 15 digit
fd085ac5-9317-4184-8578-274b6638b1cf,Destiny Burns MD,33761671,4,7,28,2024-01-05 12:29:55.450511,pending,62346,IL,American Express
5847c1ae-9728-4f17-b138-f30b182f9cd8,Lydia Miller,07444456,61,1,61,2024-05-01 05:13:17.055317,delivered,62053,IL,Mastercard
9528e1e2-144e-42d1-a0d8-d2d4feac9103,Brittney Munoz,35336228,80,5,400,2024-05-15 19:16:50.159572,pending,62720,IL,JCB 16 digit
1d6599d2-b8b6-4040-b1c9-aa4bf3ae72f1,Angela Holland,42670520,37,2,74,2024-09-07 03:58:43.975519,pending,60949,IL,Maestro
8f669691-e002-4071-a1b3-ddf3391a4533,Andrea Curry,82630683,65,2,130,2024-08-05 12:20:44.244537,delivered,60852,IL,JCB 16 digit
8a0918a1-e075-46b7-ab46-402bd3fd2a5a,Kaitlyn Potts,40759296,97,3,291,2024-07-24 16:41:33.350553,shipped,61595,IL,VISA 16 digit
56206d0c-a072-4ded-926c-a6ee2ace4fd7,Travis Chapman,98075218,6,4,24,2024-04-12 12:57:09.503752,delivered,60155,IL,American Express
ab92f430-1f9c-4a46-b194-b8c25709ba41,Bryan Morris,22521194,85,6,510,2024-03-27 23:23:11.602440,shipped,61771,IL,JCB 15 digit
e56482c5-4b03-4674-9a33-816dc4a0c6d8,Gerald Elliott,86165112,80,1,80,2024-08-01 10:46:52.993389,shipped,62562,IL,JCB 16 digit
2a875f94-17cf-4b35-a636-32d09185f14a,Stephanie Martinez,14048357,35,6,210,2024-05-04 18:41:10.105467,delivered,60771,IL,Diners Club / Carte Blanche
b08d2b7c-9d89-4f65-bea1-48b4f65ff9e2,Alyssa Guerrero,84535498,93,1,93,2024-01-18 03:46:36.079482,delivered,60363,IL,Mastercard
6d117cb6-71a8-4a71-838d-656ef595c1f6,Chase Dudley,49316414,25,5,125,2024-02-24 06:01:28.813915,pending,60724,IL,VISA 16 digit
0cd319f3-3224-434e-ad8a-1416a37ef7ab,Anthony Hamilton,24005821,77,1,77,2024-05-09 04:23:24.850382,pending,60921,IL,American Express
6f94fcac-b453-4041-9eaf-71fa7db7971a,Terri Black,55846998,46,6,276,2024-09-06 05:16:21.111972,pending,60885,IL,Maestro
8cbe6a01-7160-4db8-a030-6f271c8ae83d,Eric Anderson,13061838,38,9,342,2024-05-28 07:30:59.482713,pending,62382,IL,Maestro
9b6392cd-a5ef-40f8-b2d8-a3e6030d9e9b,Adam Walker,34339800,12,7,84,2024-08-29 20:33:06.204496,shipped,62473,IL,American Express
790aaf59-097b-4877-a647-7e8d5728473d,Brendan Whitney,64544106,7,9,63,2024-01-24 23:53:39.216012,pending,62951,IL,VISA 16 digit
9e9afab5-5f22-4728-84a7-40dcdb68186b,Raymond Johnson,31235044,92,9,828,2024-04-12 02:14:32.455693,delivered,62490,IL,VISA 13 digit
73b194a4-f9fb-432a-87d9-f604e7eff0f3,Connie Lowe,86124379,21,4,84,2024-05-26 13:47:27.581736,delivered,62560,IL,JCB 15 digit
2651789f-0d5c-45c6-9dbe-b5eeee010d78,Adam Walker,85153592,23,2,46,2024-07-15 23:19:15.404005,delivered,62473,IL,American Express
1c7f3d18-eba2-4b24-a31c-7120653f2510,James Carpenter,47163959,74,5,370,2024-06-21 14:58:24.983100,delivered,60419,IL,JCB 15 digit
11737523-139e-4915-bd7e-6bdce47182fb,Destiny Burns MD,18078312,30,7,210,2024-07-18 04:58:33.550007,shipped,62346,IL,American Express
65000de5-bf19-49fb-9826-ea684b78114b,Benjamin Parks,30848986,74,1,74,2024-08-02 21:13:32.907175,delivered,60787,IL,Maestro
657dd82a-156a-4af9-8292-c5d62e677dfe,Richard Caldwell,95842332,72,3,216,2024-06-19 03:25:05.103830,shipped,60651,IL,VISA 13 digit
27d8d3ac-f323-425a-919f-fa98120af417,Eric Anderson,12105137,16,8,128,2024-07-05 06:26:54.594217,delivered,62382,IL,Maestro
f1f05a5c-52ae-43ac-a753-e6bbbe5d9e25,Brenda Castaneda,75270933,85,6,510,2024-02-21 17:24:45.010448,pending,60322,IL,Diners Club / Carte Blanche
715363e3-42ad-4394-b9bf-55b6ca09ed46,Angela Holland,60727800,65,1,65,2024-05-09 13:42:28.137192,delivered,60949,IL,Maestro
dc915b39-9022-4f5c-beba-c3ecc5b02d48,Kara Stevens,28706434,68,10,680,2024-03-08 03:20:27.996115,shipped,61301,IL,JCB 15 digit
42625182-fcde-4012-9f03-ab1bf567d822,Matthew Ellis,45359187,47,9,423,2024-01-13 01:20:04.902931,delivered,62523,IL,VISA 16 digit
2d5aa80d-c480-44e3-b6bf-2ffb12f45eec,Whitney Johnson,55543330,86,8,688,2024-08-08 02:49:37.251241,pending,62080,IL,American Express
5d905cd8-fc8d-4376-8b41-31ffbff6f4a6,Aaron Krueger,89321447,91,8,728,2024-04-10 17:55:37.044538,delivered,60196,IL,Maestro
2f0db63a-0b9b-4c80-98fa-37e1c5e7269f,Jamie Daniels,38346316,46,7,322,2024-08-13 20:30:45.741012,delivered,61134,IL,Mastercard
6e0ebd67-9aee-43f9-86f3-033bbff45537,William Herring,11676263,85,3,255,2024-04-21 06:12:19.958066,delivered,62559,IL,JCB 16 digit
257c6a9e-5186-419b-b052-0b2a2eb0da51,Heather Lyons,57452043,14,2,28,2024-08-18 18:04:11.741568,shipped,62152,IL,VISA 13 digit
97a4bae5-3495-4bdb-b80d-5b40298a43f6,Lorraine Taylor,58084281,7,10,70,2024-07-31 20:20:51.147695,shipped,61608,IL,Diners Club / Carte Blanche
6efdf5f2-a2c9-4959-a56a-9f511022b052,Anthony Potter,61886865,39,6,234,2024-05-01 05:54:24.654669,pending,61080,IL,JCB 15 digit
b621c363-b3ff-4bdd-842d-4a7cb8633d7a,Alyssa Guerrero,45359187,47,10,470,2024-02-03 01:24:30.031379,shipped,60363,IL,Mastercard
86482711-9fe1-401c-926b-34f5b032f023,Karl Myers,00380829,47,7,329,2024-07-17 20:57:16.390586,delivered,61073,IL,VISA 13 digit
552d8319-6b8b-429f-8714-9178a5b70688,Michael Perez,42903833,51,9,459,2024-06-05 12:42:26.998605,delivered,61358,IL,VISA 16 digit
bc5b181b-d0d1-42dc-826c-c87d285dead0,Heather Reed,99788155,2,3,6,2024-07-29 11:20:50.207254,delivered,62188,IL,VISA 19 digit
393e4524-adc9-4cf4-b217-3506926563eb,James Carpenter,01832440,74,5,370,2024-06-19 02:54:32.689902,shipped,60419,IL,JCB 15 digit
e6b328bd-f4da-41c7-a90f-9b396bc73e93,Lori Day,55963985,43,5,215,2024-07-17 05:33:29.465634,pending,62054,IL,JCB 16 digit
b44d3894-1d97-4ac8-83fa-fdcd6fb52d6b,Maria Alvarez,77875242,85,4,340,2024-06-26 16:32:24.033327,pending,61046,IL,VISA 19 digit
d4831cdd-7ffa-44fc-ab9e-e19e6f17b8d3,Bryan Morris,65252901,74,1,74,2024-01-21 10:55:36.887479,delivered,61771,IL,JCB 15 digit
6e9d4b72-0062-477b-a23f-05dd95083777,Brian Pacheco,18986211,24,8,192,2024-05-25 10:04:16.291564,delivered,62569,IL,VISA 19 digit
ee83b8df-fa43-4993-a4e1-256dbcbce602,Richard Caldwell,70963083,79,7,553,2024-03-23 22:34:10.722942,pending,60651,IL,VISA 13 digit
a61d89bd-ff11-46ae-ad07-dbea7b5c437f,Thomas Petersen,79941105,75,2,150,2024-08-17 05:22:52.375292,shipped,61288,IL,Mastercard
7cd64291-8956-4693-80d6-d641172122bc,Tammy Clark,64818986,12,5,60,2024-03-12 07:37:58.716880,delivered,62642,IL,JCB 16 digit
7bf7a48e-666c-4a4f-9b1b-9aea0f4d02f8,Juan Holland,09534995,42,1,42,2024-07-09 10:35:35.175773,shipped,62896,IL,VISA 16 digit
0cd33362-f5bd-42eb-a97b-84c51e6dd32c,Brenda Castaneda,38140051,74,9,666,2024-03-24 10:52:58.756649,shipped,60322,IL,Diners Club / Carte Blanche
eefa21b4-23a1-4ee5-9582-d5d04530a1b5,Brenda Castaneda,19104171,94,10,940,2024-03-31 21:06:17.047168,shipped,60322,IL,Diners Club / Carte Blanche
70790560-43eb-4087-ab8e-8028914300e8,Kaitlyn Potts,22662309,16,9,144,2024-04-04 12:48:54.175200,shipped,61595,IL,VISA 16 digit
0a0cae12-dcd6-4ac4-b004-461bd00e4fa7,Juan Holland,13627560,18,1,18,2024-02-01 07:51:21.282851,delivered,62896,IL,VISA 16 digit
e8fec803-4f02-42ea-875d-9fe9ea18c4e1,Gerald Elliott,63465686,72,6,432,2024-02-01 09:11:04.121140,delivered,62562,IL,JCB 16 digit
c70067c7-d015-44fd-a5b9-769e1950439e,Daniel Palmer,89562956,76,7,532,2024-06-19 15:03:19.364030,shipped,61701,IL,JCB 16 digit
d2382607-b367-4e69-956c-941584b14782,Tina White,18986211,24,4,96,2024-02-22 13:19:59.980723,delivered,60295,IL,JCB 16 digit
e43fee17-4fff-454a-baff-0c35762ae78f,Anthony Potter,71581866,26,2,52,2024-02-28 00:29:50.159495,shipped,61080,IL,JCB 15 digit
5b992a75-0c7f-48d0-b136-e505f61993b2,Mrs. Kimberly Stuart,94637359,83,4,332,2024-04-10 17:36:23.941041,pending,60709,IL,VISA 16 digit
05807c5a-bcba-436e-ac9d-d95b2286b1ee,Shelley Peters,79699181,23,4,92,2024-02-10 17:21:18.703375,delivered,60087,IL,VISA 16 digit
1b7f0338-d51f-445b-9101-10b4135fdbb5,James Brady,45745249,26,7,182,2024-04-20 23:17:03.666204,shipped,61606,IL,Diners Club / Carte Blanche
1d49bb62-1014-4cd9-b272-f26434dd586f,Brendan Whitney,98352470,97,3,291,2024-08-23 22:00:39.275602,delivered,62951,IL,VISA 16 digit
67b5450f-ede1-4536-a4b6-16f6971d6901,Tracey Contreras,17174275,43,8,344,2024-09-05 12:49:23.425448,delivered,62131,IL,Diners Club / Carte Blanche
65a775a7-3698-473e-bcb2-abbb0115ea2f,Patrick Larson,02738536,2,10,20,2024-01-04 07:08:56.265785,delivered,62482,IL,JCB 15 digit
4450f573-4b67-4050-b1e8-8382ea5cb0b9,Christopher Matthews,38316531,2,10,20,2024-04-16 16:32:05.174975,shipped,62276,IL,JCB 16 digit
ec091211-6613-42e9-8117-9393fc43102f,Sharon James,26288567,77,3,231,2024-04-25 17:43:55.475301,shipped,62679,IL,JCB 15 digit
f1cebb87-33c5-465c-ad06-325d565aa1bb,Brian Pacheco,36975259,87,7,609,2024-03-09 02:27:55.141440,shipped,62569,IL,VISA 19 digit
c8cdd660-b797-4d6d-a49d-dbd60f4008d7,Brittany Osborne,22681478,39,9,351,2024-07-13 10:59:10.939100,pending,62069,IL,JCB 15 digit
aa1f5971-c6f2-4665-8ded-aba1aa6aedd0,Anthony Hamilton,57621654,74,6,444,2024-02-10 20:34:10.587278,delivered,60921,IL,American Express
a9ea4694-329c-4136-aa52-0b49f8a348d2,Francisco Peterson,93712323,42,6,252,2024-02-09 06:02:51.385829,pending,62825,IL,VISA 13 digit
74f513b0-dd4f-4b4e-9b8e-d9d3fd929979,Corey Vasquez,88149424,17,2,34,2024-02-27 20:10:33.353898,shipped,60524,IL,JCB 16 digit
31cf6b97-e883-4fa7-a59e-c3265714124e,Zachary Guzman,71977041,71,7,497,2024-06-05 03:48:59.273363,pending,62386,IL,VISA 19 digit
58f8176d-ab79-478b-bac7-3d576740dca5,Daniel Palmer,93570381,19,7,133,2024-08-21 20:48:55.036492,pending,61701,IL,JCB 16 digit
0a2745b2-3383-45a7-b95a-292fefb63f8d,Juan Holland,59830078,42,5,210,2024-07-25 08:25:47.664443,delivered,62896,IL,VISA 16 digit
1d27d925-12ad-4784-ab6b-a95c350e9322,Jamie Daniels,43808311,35,1,35,2024-05-01 14:35:23.300265,pending,61134,IL,Mastercard
ad710ff7-ac7e-441e-b7c4-23aed6336d15,Chase Dudley,24746403,31,4,124,2024-07-08 16:57:16.985036,delivered,60724,IL,VISA 16 digit
55f3ae3f-662b-44a9-994e-d13427ccf5d4,Ruben Cervantes,82065393,29,2,58,2024-03-04 19:17:09.443167,shipped,61367,IL,JCB 16 digit
1d418a52-67c7-4bb6-a471-02cfd26cf421,Marcus Hall,14178504,74,9,666,2024-06-01 02:46:30.057255,delivered,61393,IL,JCB 16 digit
f8c8775a-7ef8-441c-a86b-bcffce8cce7f,Wesley Alvarez MD,01624274,91,3,273,2024-05-27 21:57:43.507753,pending,61554,IL,JCB 16 digit
5245f675-c0a8-423c-8c36-b7eb771b6001,Maria Alvarez,60623263,23,1,23,2024-08-07 09:04:01.394112,pending,61046,IL,VISA 19 digit
962d502a-2fcf-4c28-b0ef-f7c7f5ce9a0f,Aaron Krueger,51103132,33,6,198,2024-08-27 15:55:16.480087,shipped,60196,IL,Maestro
682e1c95-b685-44c5-858c-96b19cbe3f99,Kevin Vargas,22086945,62,5,310,2024-05-11 18:51:31.030625,shipped,60639,IL,Mastercard
d96d6401-19b9-4237-9b91-dcd7c6cda781,Heather Reed,86066860,26,3,78,2024-08-25 12:28:14.618539,shipped,62188,IL,VISA 19 digit
6108b8ef-6b69-4a12-8496-1e7ca977f77a,Mrs. Kimberly Stuart,56877168,51,5,255,2024-02-25 11:01:29.645293,pending,60709,IL,VISA 16 digit
e03938b4-4e6b-443f-9ff6-b04821f76029,Dustin Parks,98414277,66,10,660,2024-06-10 21:56:03.792536,shipped,61482,IL,JCB 15 digit
8049a9dc-6fb8-4d17-ba41-652a68320d40,Francisco Peterson,66193265,6,9,54,2024-06-27 13:41:59.297204,delivered,62825,IL,VISA 13 digit
3c10b383-7982-4afd-8d6e-a3d7b383c2fd,Tina White,11567745,34,4,136,2024-05-26 01:19:10.574311,pending,60295,IL,JCB 16 digit
0a3aca00-f05a-4205-a937-4c646ae0148d,Maria Alvarez,17663366,58,9,522,2024-04-14 02:28:41.858200,delivered,61046,IL,VISA 19 digit
c0a47fbd-5a56-4b81-a83b-d01ee3abd645,Marcus Hall,19018935,60,10,600,2024-07-13 20:16:54.663294,pending,61393,IL,JCB 16 digit
7b314e02-36d2-4262-848a-792a25b85dbf,Terri Black,47198074,14,5,70,2024-03-06 05:48:46.694203,pending,60885,IL,Maestro
3a6e6558-d5e7-46ab-9ac0-2f72d02922bf,Ruben Cervantes,29251353,26,4,104,2024-02-15 19:09:54.925774,delivered,61367,IL,JCB 16 digit
ee5fce23-25ff-4e15-aa1f-ac9cd0dfd3bb,Jacqueline Jones,84507785,40,2,80,2024-05-21 05:44:32.484808,delivered,61369,IL,Discover
12afed74-f203-4c06-863d-2c879da1af4a,Whitney Johnson,83480300,10,7,70,2024-07-02 08:18:06.399155,pending,62080,IL,American Express
cacbafe6-1a6a-49e8-9410-ca7779283867,Jessica Jones PhD,00237512,92,8,736,2024-08-10 05:01:39.318378,pending,62983,IL,American Express
4a211932-8188-4e24-a26b-9e228b4d82c7,Adam Walker,53267887,63,9,567,2024-05-26 00:40:36.810781,delivered,62473,IL,American Express
28ea8d31-5e3e-4d06-b4e4-77f6b2e3847a,Chase Dudley,26747484,14,8,112,2024-02-11 01:47:04.012238,shipped,60724,IL,VISA 16 digit
90755abf-ec72-44bb-ab0a-1ae16454da2c,Jennifer Flores,82765989,38,5,190,2024-06-28 18:06:46.579720,delivered,62781,IL,VISA 19 digit
151bc93a-1d5f-4d3b-9948-56e86bd264aa,Anthony Potter,02008783,79,6,474,2024-05-27 06:17:56.776933,delivered,61080,IL,JCB 15 digit
560651ca-e0b8-414a-b9b8-c8b121b09f6a,Brian Pacheco,14564741,95,7,665,2024-03-18 16:51:37.069248,shipped,62569,IL,VISA 19 digit
1cc36f66-68a5-4ed1-a4e3-6ae2603d3307,Corey Vasquez,35021506,98,9,882,2024-02-24 14:26:03.600506,pending,60524,IL,JCB 16 digit
fc172810-3303-4151-b1a8-0d67e44c0c3c,Kevin Vargas,56540246,77,8,616,2024-02-19 05:46:53.787671,delivered,60639,IL,Mastercard
b9bd355f-eab4-4315-98ba-4f59cb142042,Heather Reed,42867289,12,6,72,2024-03-16 04:42:02.924293,shipped,62188,IL,VISA 19 digit
f153f2e6-abf6-439e-ba32-8007d6f7a253,Megan Torres,65828045,22,4,88,2024-01-28 22:38:36.738944,shipped,62627,IL,JCB 16 digit
7f9f0756-207e-4a16-9693-3fb79906b2c1,Ruben Cervantes,73855118,26,2,52,2024-08-06 16:01:09.632262,pending,61367,IL,JCB 16 digit
25e0b85f-9c08-444e-8154-4a97b5047b47,Richard White,36431311,52,7,364,2024-08-08 22:17:36.075857,pending,62800,IL,JCB 16 digit
dc8ced57-ae17-4992-9813-308b48e8a15a,Karl Myers,55963985,43,2,86,2024-05-25 11:10:32.949990,delivered,61073,IL,VISA 13 digit
f039bc1f-2c3c-4227-b367-0d69f506f9b4,James Brady,26036328,74,6,444,2024-03-24 22:32:17.787013,pending,61606,IL,Diners Club / Carte Blanche
0d0bf042-7ee2-494a-8475-d93abd2ada1c,Lydia Miller,28423782,72,2,144,2024-03-21 12:02:51.585790,shipped,62053,IL,Mastercard
744d14d6-4fa7-4b3f-a02c-de2dd2798ef5,Whitney Johnson,96620571,19,5,95,2024-05-26 01:00:32.728973,pending,62080,IL,American Express
3b39aae2-fbae-4eb9-a3a4-3844e0950e13,Tracey Contreras,22626073,81,6,486,2024-08-05 13:39:57.300713,delivered,62131,IL,Diners Club / Carte Blanche
2760e1cc-3e68-4937-80bb-831e1c7c47bc,Thomas Petersen,84507785,40,6,240,2024-01-20 16:41:42.732721,delivered,61288,IL,Mastercard
d5f2d57f-ef46-49e8-a594-62391e5cabf5,Kelsey Coffey,42386896,54,4,216,2024-02-27 18:09:01.554718,shipped,61264,IL,JCB 15 digit
b97070db-55ad-4244-8f11-ac3640cedd24,Jessica Jones PhD,10143926,45,5,225,2024-03-21 13:54:12.124611,shipped,62983,IL,American Express
c73cfc8e-8573-4dfe-883a-d4016445f8da,Lori Day,81282999,2,3,6,2024-02-11 21:51:29.984900,delivered,62054,IL,JCB 16 digit
d0b3a788-eed4-4dbb-8524-6b6baaa8b8ed,Juan Mejia,20152871,8,1,8,2024-04-02 22:45:50.275474,pending,60303,IL,Discover
b84e5f75-873b-4b30-9d38-d80c8cefaba2,Sharon James,04061168,46,8,368,2024-07-16 14:19:49.912039,pending,62679,IL,JCB 15 digit
ff7f41a1-1d74-4a7d-97f4-af622957c286,Wesley Alvarez MD,75257354,59,4,236,2024-05-14 15:19:22.539496,delivered,61554,IL,JCB 16 digit
5d54fb65-4e26-497f-9dbd-85165c5b4e8b,James Brady,24463393,88,5,440,2024-02-28 07:47:57.519105,delivered,61606,IL,Diners Club / Carte Blanche
078ffea6-7383-4f71-bd53-90a17f845f7d,Sara Ellison,00476058,83,9,747,2024-03-11 04:20:59.305288,pending,60598,IL,JCB 16 digit
1b084385-52be-413b-84f3-03f15c3ac075,Kevin Vargas,45359187,47,7,329,2024-03-04 06:16:43.675517,shipped,60639,IL,Mastercard
0639c520-f67e-4e25-b54c-9d8cca13aab2,Thomas Petersen,43808311,35,7,245,2024-07-26 05:19:24.343652,shipped,61288,IL,Mastercard
173f2cab-a8fe-433f-a219-5cf49114494f,Brittney Munoz,13702274,88,10,880,2024-01-29 22:03:52.078413,delivered,62720,IL,JCB 16 digit
6accfb87-f024-4811-a262-431957ada203,Benjamin Parks,02008783,79,7,553,2024-05-20 07:09:36.719136,shipped,60787,IL,Maestro
a38ae204-3e18-45b3-a0dd-34b6219da839,Tammy Clark,41909515,98,5,490,2024-04-14 04:10:17.317157,delivered,62642,IL,JCB 16 digit
9b3bcbd3-c524-4c54-9123-1da09406bda0,Andrea Curry,35381600,97,1,97,2024-07-31 09:10:54.661402,delivered,60852,IL,JCB 16 digit
4194e1d8-b4e7-46bd-863f-445bf3479255,Christopher Matthews,87363050,21,2,42,2024-08-06 03:24:14.899508,shipped,62276,IL,JCB 16 digit
a6739720-58d5-4a99-8f5e-23fc36a99622,Bryan Morris,49165883,49,10,490,2024-02-21 02:11:25.973747,shipped,61771,IL,JCB 15 digit
c430dd9d-071f-429f-8035-5535bce9e497,Richard White,72494578,19,2,38,2024-02-14 19:03:59.331016,shipped,62800,IL,JCB 16 digit
