11777308-2c25-4402-a20d-eaecd4aa2a30,Joyce Martinez,06599447,66,10,660,2024-01-07 23:50:18.251833,shipped,96754,HI,VISA 16 digit
f921f014-f03b-4abc-a7e6-8df5460e106c,Frances Davis,09362741,25,4,100,2024-06-13 15:31:46.915393,shipped,96888,HI,Diners Club / Carte Blanche
39950549-e3d4-4c91-8776-fae8ab90700b,Chelsea Nicholson,18279979,49,1,49,2024-08-10 14:37:41.924691,delivered,96755,HI,Diners Club / Carte Blanche
505c7d22-92f2-4319-986c-1a96d81397ae,Darren Smith,87865653,44,7,308,2024-02-11 23:53:07.054721,pending,96870,HI,Maestro
b464a3ae-dd6d-4f0b-9fc1-4fbfd1912c79,Sabrina Jordan,36139743,87,7,609,2024-07-29 14:54:54.733419,pending,96853,HI,VISA 19 digit
2ec40d09-c394-4864-81fd-08bcec992fba,Anne Dillon,16567214,30,7,210,2024-08-24 17:20:54.077740,shipped,96832,HI,American Express
23eace97-7aee-4eeb-b003-183593511e30,Robert Greene,67754069,3,1,3,2024-02-24 05:51:00.383036,pending,96857,HI,VISA 19 digit
e2acde29-0e36-4ab7-9041-c28c1abeaa08,Suzanne Curry,00476058,83,6,498,2024-08-17 04:12:59.303704,pending,96857,HI,Diners Club / Carte Blanche
2bba244a-60d3-4d2a-af50-96abdb2256f3,Katie Weaver,32628913,49,1,49,2024-01-30 16:12:58.493616,pending,96856,HI,Diners Club / Carte Blanche
017bcf27-334d-4dd0-8c50-c557365684b1,Leah Dyer,20916732,54,6,324,2024-02-10 04:11:02.757445,delivered,96853,HI,American Express
8d2dd73e-a66b-4a83-878b-8b9442e46f80,Melissa Mendoza,42600404,13,2,26,2024-05-15 07:12:20.924936,shipped,96778,HI,Discover
8a7ba817-1191-4d6e-a72c-bcc77437ab56,Rachel Lee,87491890,42,8,336,2024-07-27 12:34:57.738366,delivered,96809,HI,JCB 16 digit
5c8ef3e8-b79e-4c69-8eb6-d2753869b8c0,Amanda George,94754957,5,5,25,2024-08-01 22:46:00.363153,pending,96750,HI,JCB 15 digit
a17f479e-4661-4f30-8cae-7057e8207bc2,Phillip Jones,24915106,94,8,752,2024-04-24 09:26:48.988168,delivered,96814,HI,JCB 16 digit
8a621b90-0cc9-47a4-bffb-6c8523337aab,Laura Gentry,52568923,63,4,252,2024-05-29 10:17:42.963079,delivered,96830,HI,VISA 13 digit
9b9e2f40-9118-4ccf-9987-f87e97f7a66f,Timothy Stephens,27353332,12,6,72,2024-07-12 13:13:25.275167,shipped,96767,HI,Discover
fe6deb8c-e82e-49f1-ab4b-b3b8ee614e4b,John Peterson,17759854,32,8,256,2024-02-26 23:01:02.712339,pending,96851,HI,Diners Club / Carte Blanche
7011d0c1-49c1-48a1-8ac2-0fd0452e7968,Megan Bowers,07961809,18,6,108,2024-05-11 13:37:44.645792,delivered,96711,HI,VISA 16 digit
b049a828-6162-4b39-a8cd-dd479d4866b5,Jacob Kane,88956565,33,9,297,2024-05-19 06:13:06.574589,pending,96786,HI,VISA 19 digit
60d8018e-8385-4834-a90a-3ab95484d5ad,Sharon Gentry,13179731,93,5,465,2024-03-09 02:03:48.242773,shipped,96817,HI,VISA 13 digit
7f118fee-08db-45ed-a7ed-7dd7e06630a8,Timothy Rivera,16443280,33,9,297,2024-06-29 06:14:44.103423,shipped,96799,HI,JCB 16 digit
32fd02b7-90de-4405-850a-48b2b8475970,Michael Lynch,32479645,67,7,469,2024-09-01 20:45:06.446746,shipped,96808,HI,VISA 16 digit
e4933d30-8b27-40f4-9a25-9c82bb566d3e,James Moore,72944042,94,5,470,2024-01-02 07:11:12.755650,delivered,96727,HI,VISA 19 digit
68077b83-3627-4aee-acb8-1464217aa989,Juan Middleton,23316348,76,4,304,2024-04-06 05:15:53.707882,delivered,96769,HI,VISA 13 digit
7e633c9e-ec91-4b2e-9ef8-c169d54d680b,Michele Campbell,81282999,2,2,4,2024-06-09 18:25:03.540538,shipped,96799,HI,JCB 15 digit
1b875e18-67ee-4969-8d30-c70a1f7b7187,Phillip Harris,42990703,4,3,12,2024-05-06 23:32:14.368513,pending,96877,HI,VISA 16 digit
30c36cfb-e5da-4a03-9a58-268b6787e378,Joyce Martinez,15909879,28,6,168,2024-01-13 23:31:54.475045,pending,96754,HI,VISA 16 digit
1b603197-30a0-4622-a455-11ea032f09c4,Joann Ellis,77867261,57,1,57,2024-01-17 08:00:19.670372,pending,96839,HI,American Express
9f9bb07d-5e65-48c6-bff5-66e2f72b0823,Veronica Kim,22532916,47,10,470,2024-06-07 02:31:14.877274,pending,96863,HI,Mastercard
38f6d692-78bb-4f32-8271-cc6c61e7a516,John Peterson,14048357,35,10,350,2024-05-06 15:24:02.998136,pending,96851,HI,Diners Club / Carte Blanche
0b235f88-394e-4ee7-8c92-fa20512fb509,Alyssa Anderson,88149424,17,1,17,2024-03-21 18:54:02.027727,pending,96767,HI,VISA 19 digit
ffff863d-5b29-4130-8e42-c13af0d5cd27,Katherine Anderson,28138518,86,4,344,2024-01-17 00:46:26.737369,delivered,96718,HI,VISA 13 digit
a82811b4-2508-46e7-b986-af61eff700ed,Jeffery Williams,71413358,58,10,580,2024-04-02 23:39:12.871791,shipped,96763,HI,VISA 16 digit
d30af610-eac5-4b2b-8d15-dd451cb27ab5,Scott Johnson,36975310,29,1,29,2024-08-23 02:12:18.983484,delivered,96795,HI,Diners Club / Carte Blanche
af6f04dd-62dd-4dff-8d28-5a3e1e206a5d,Frank Harrison,36975259,87,6,522,2024-04-25 13:38:41.106271,pending,96716,HI,Diners Club / Carte Blanche
2c45ca35-b584-46c0-a611-fe6a4d743266,Phillip Jones,55543330,86,10,860,2024-03-14 07:03:24.799237,pending,96814,HI,JCB 16 digit
21c51901-09a1-46f5-826b-9deeb0afcd2a,John Hammond,25037012,82,7,574,2024-06-18 14:42:58.483745,pending,96814,HI,JCB 16 digit
60ff4f28-98c2-40b7-ae26-181c522f81c8,Melissa Mendoza,09042827,77,9,693,2024-02-08 05:22:06.274635,shipped,96778,HI,Discover
56908944-a736-4607-9876-2837e90e373a,Rachel Smith,36139743,87,1,87,2024-03-11 22:36:11.040137,pending,96880,HI,VISA 16 digit
2287dcfc-8384-4ece-bdf2-88b75d4d9a57,Kristen Morrow,26747484,14,7,98,2024-01-19 22:04:16.979307,pending,96807,HI,Discover
ff4e3ad4-f1ef-4097-af00-c9d1664216ca,David Baker,19947983,50,2,100,2024-01-17 16:32:18.635067,delivered,96872,HI,American Express
e13a22b9-e1a9-4af1-9162-88bc2ada9a1f,Patrick Powell,37079307,81,8,648,2024-07-30 09:49:33.570574,pending,96730,HI,VISA 19 digit
a21d17f5-73a1-4e4d-a4f7-5ac12d8c3e33,Dr. Christopher Wood,14282331,63,7,441,2024-09-05 02:37:33.447792,shipped,96788,HI,VISA 16 digit
dbc0113f-710c-41f0-bf69-217223e4cf11,James Moore,39046031,57,8,456,2024-03-05 08:54:28.898596,shipped,96727,HI,VISA 19 digit
5b0553fb-94eb-45c7-ab7a-ea06507a67e1,Jacob Kane,08845559,71,1,71,2024-01-29 08:32:16.743585,delivered,96786,HI,VISA 19 digit
1143832c-0aed-4c98-b71c-3855a48a0569,Brooke Smith,66642893,48,6,288,2024-03-24 18:17:20.230208,shipped,96725,HI,Discover
086542d5-a24c-4dc5-9cee-144134b21752,Matthew Duffy,67747283,5,5,25,2024-06-09 06:39:48.987196,pending,96846,HI,Maestro
cac187db-b5fb-40ac-a40a-3164c2e21e75,Kara Lin,45359187,47,1,47,2024-01-23 20:07:03.277621,delivered,96830,HI,Mastercard
115a29e7-fbef-44e2-9b37-6bb1de15547d,Suzanne Curry,13108496,81,10,810,2024-01-25 14:13:11.983474,delivered,96857,HI,Diners Club / Carte Blanche
89e263b0-c04a-433b-9d8b-33a4b0fe9399,Rachel Smith,56149531,70,8,560,2024-08-17 02:00:57.060824,delivered,96880,HI,VISA 16 digit
8c2dda70-f15e-43d6-bc96-256c805bef81,Frank Harrison,95450575,34,2,68,2024-07-30 04:43:21.480914,shipped,96716,HI,Diners Club / Carte Blanche
2a4ec15a-073f-4f18-b240-05a6bcdadf45,Catherine Martinez,64817033,45,2,90,2024-02-19 23:31:11.956127,shipped,96766,HI,Mastercard
60b47b5a-1d2f-4114-9d56-f39f8a42fbfc,Colleen Sullivan,29251353,26,3,78,2024-08-28 03:21:19.051470,pending,96862,HI,VISA 16 digit
3ea33e23-bbbc-4d4d-913c-51f177ce5792,Rachel Smith,09667280,91,5,455,2024-02-26 03:31:34.122001,pending,96880,HI,VISA 16 digit
1252246f-ee05-4fd5-b7c3-c263b0482330,Scott Johnson,19947983,50,1,50,2024-04-10 06:32:53.516370,pending,96795,HI,Diners Club / Carte Blanche
4ed1192b-76d2-4ac9-8673-0202aaa40fad,John Peterson,53730589,24,6,144,2024-03-20 16:57:41.423471,pending,96851,HI,Diners Club / Carte Blanche
00e839c6-2f3e-4411-9e67-9c560a27b31b,Randall Rivera,21897122,20,1,20,2024-06-11 17:57:59.902484,pending,96813,HI,Diners Club / Carte Blanche
44a37c6a-a3cd-43cc-9ed0-a378cb12aba7,Rachel Smith,90515088,85,10,850,2024-07-17 01:25:49.925529,shipped,96880,HI,VISA 16 digit
fb2e561c-ec56-40ce-b078-43df47924c91,Rachel Smith,40283647,25,4,100,2024-03-02 03:44:34.995100,delivered,96880,HI,VISA 16 digit
597d4fae-6fb0-422c-8fc5-1069cad69db5,Thomas Harrell,57473758,22,3,66,2024-08-24 13:48:12.228880,shipped,96811,HI,VISA 19 digit
4a40f7bb-99a2-4228-875c-bc5266014c87,Darren Smith,31749145,15,8,120,2024-06-29 04:30:00.280724,shipped,96870,HI,Maestro
d62e27a3-b7d4-4704-85f4-5827d9938aec,April Sloan,97946960,42,2,84,2024-08-11 20:02:57.572078,delivered,96848,HI,JCB 15 digit
5e26ce73-4416-4f09-89f7-487c7d560f56,Timothy Rivera,65577660,82,10,820,2024-05-25 12:29:08.703281,shipped,96799,HI,JCB 16 digit
ff89be26-9304-466a-a3a3-a6711dd93659,Karen Greene,40299006,95,8,760,2024-04-04 02:02:46.042918,shipped,96715,HI,VISA 16 digit
188ea6d9-91d3-4e61-8631-7efbf449155b,John Peterson,06606350,53,10,530,2024-03-29 17:24:53.914536,pending,96851,HI,Diners Club / Carte Blanche
b8852927-3421-4ce9-ba89-00e711af7aaa,Christopher Jensen,87081923,9,7,63,2024-08-07 21:05:07.102674,shipped,96789,HI,JCB 16 digit
429f2b3c-8c8c-446d-bbbe-fb2b10a203e4,Megan Bowers,11571834,9,9,81,2024-06-04 05:18:24.177017,pending,96711,HI,VISA 16 digit
41037e0d-e4c3-46e8-9968-1b97583af09f,Jeremy Salinas,18550597,91,4,364,2024-02-28 04:49:09.068805,shipped,96764,HI,Diners Club / Carte Blanche
a5960fc0-7779-460c-8822-2f536968598c,Dr. Christopher Wood,70257670,38,3,114,2024-02-24 17:16:48.297919,shipped,96788,HI,VISA 16 digit
eb15ac08-0c78-41fe-becb-d4c3fe4918f3,Sabrina Jordan,43409280,82,4,328,2024-02-22 13:04:38.656949,shipped,96853,HI,VISA 19 digit
194beed4-8342-410e-89d3-ce2911dca0fe,Scott Johnson,85575318,82,4,328,2024-08-24 17:40:22.862870,pending,96795,HI,Diners Club / Carte Blanche
28879538-8d46-4c90-a4a2-dae5244aeadf,Katherine Anderson,33594989,8,6,48,2024-01-29 18:17:04.282476,delivered,96718,HI,VISA 13 digit
e9264e17-d946-4c49-a1bf-f30be40482a7,James Herring,11571834,9,9,81,2024-03-26 22:06:47.183100,shipped,96716,HI,JCB 16 digit
4d6e0799-82a7-46ad-8f80-7416b17925d5,Phillip Jones,52412943,47,2,94,2024-08-12 10:42:10.786982,shipped,96814,HI,JCB 16 digit
7718a013-80c4-4a5d-976a-8f116cd2d542,Travis Preston,27939017,89,4,356,2024-07-07 18:12:53.598296,shipped,96874,HI,VISA 19 digit
a64920ec-6b09-4e1e-9259-bb6732145414,James Thomas,56543667,46,5,230,2024-07-28 00:57:28.378123,shipped,96774,HI,American Express
d6572823-43ad-4f49-8280-d1c5ba5f132b,Kristen Morrow,00963947,8,3,24,2024-08-06 14:23:05.185636,delivered,96807,HI,Discover
a172cf4f-cc8d-45e8-a538-509f62383bd7,Thomas Harrell,57683386,10,2,20,2024-04-10 18:50:38.683117,delivered,96811,HI,VISA 19 digit
202d30fe-908e-402b-a080-7916c2c1b650,Leah Dyer,05818778,61,4,244,2024-04-21 07:09:56.706367,delivered,96853,HI,American Express
b3a2f12c-fadf-4d2d-9556-f90a64970e75,Anne Dillon,47893047,51,1,51,2024-06-22 22:16:47.559630,pending,96832,HI,American Express
a1e496e7-c7e9-454a-a68d-3781d505174c,Charles Rhodes,07444456,61,4,244,2024-04-26 15:48:05.373828,shipped,96754,HI,Diners Club / Carte Blanche
666b7f85-29fd-4e0b-bfd3-a16bba84b54a,Brooke Smith,27523414,52,1,52,2024-08-16 03:14:13.297528,pending,96725,HI,Discover
0b61e7d5-26c3-4ebd-8842-52e649e18de0,Desiree Matthews,11604495,28,5,140,2024-05-21 15:27:29.826294,shipped,96748,HI,Mastercard
4fd2d670-bb91-49a9-9d32-246f2defacb5,Sharon Gentry,83672521,75,4,300,2024-04-18 05:58:09.212034,shipped,96817,HI,VISA 13 digit
8c8711e2-9b2f-4601-9d3b-9905850a52cb,Adrian Clark,01383133,23,6,138,2024-02-09 18:42:01.977607,pending,96763,HI,VISA 19 digit
4ef1b280-5c17-4004-92df-2768b316215d,Megan Bowers,39710987,12,5,60,2024-06-05 17:45:52.191481,shipped,96711,HI,VISA 16 digit
c85b8861-0202-4a23-9b96-6681ad60c9bd,William Gentry,34059036,71,7,497,2024-04-02 05:58:41.809254,pending,96741,HI,VISA 16 digit
08bbc9e4-8ee3-43ac-a618-d58d45b93e97,Katherine Anderson,24220491,37,5,185,2024-07-27 14:08:41.625182,pending,96718,HI,VISA 13 digit
de0884e5-da89-4db5-8caf-e31e026b03e7,Kristen Morrow,19644202,34,9,306,2024-05-24 15:18:31.722010,shipped,96807,HI,Discover
6235d7c9-48fa-47b8-a2d6-0ec5983c22cf,Scott Johnson,80273073,41,9,369,2024-01-30 14:20:33.969469,pending,96795,HI,Diners Club / Carte Blanche
6123d002-9a65-4747-8d23-c11da93b8f09,Rachel Brown,46201379,54,1,54,2024-07-03 19:05:44.446548,delivered,96796,HI,Mastercard
7f05aaca-6b6a-46fe-9dec-66b266ef38a3,Leah Dyer,04577096,37,10,370,2024-05-19 07:59:40.782294,delivered,96853,HI,American Express
95a6a189-5012-47aa-be9a-672eb2527a16,Timothy Stephens,42527558,67,5,335,2024-02-08 08:36:28.523250,delivered,96767,HI,Discover
047ec5d3-f3b3-4c65-87b8-b208306910f6,Randall Rivera,42600404,13,7,91,2024-08-13 16:55:51.802274,delivered,96813,HI,Diners Club / Carte Blanche
7eff838b-ef69-48ea-aaeb-1bb9ed13f075,Maria Daniels,50277711,45,3,135,2024-06-20 03:25:27.370775,shipped,96814,HI,Discover
2dea438d-1837-470c-9f7e-f6fba224b639,Rachel Smith,36355082,100,2,200,2024-03-19 12:24:56.108047,shipped,96880,HI,VISA 16 digit
116e6916-46ae-47ee-ba57-a2b106bb4714,Phillip Jones,16548947,13,7,91,2024-06-19 21:57:00.967064,delivered,96814,HI,JCB 16 digit
08b91b1e-d3d9-45d3-a432-9b3f0814ff17,John Rivas,95842332,72,3,216,2024-02-17 08:09:18.997155,shipped,96791,HI,Maestro
b4cd7a85-bd6f-472c-bce2-967134ca2e08,Steven Reynolds,08944856,95,8,760,2024-01-25 06:17:54.120241,pending,96879,HI,Maestro
8f8fa4d8-c073-44ec-aac2-ba0323f4236e,Carl Perkins,12835126,26,5,130,2024-01-29 02:14:42.539795,pending,96849,HI,VISA 19 digit
0d41e123-4481-4a19-aadf-6f3b154d9f12,Ruben Ayala,90134814,96,6,576,2024-07-03 03:14:37.032268,delivered,96836,HI,VISA 16 digit
0cf9db16-d416-4cc8-b03c-ad5b315c06c4,Joshua Cochran,33372204,69,1,69,2024-02-17 09:32:40.959568,delivered,96827,HI,American Express
9b05bbbf-b201-4088-955b-4204f21a8324,Jim Cruz,29075430,44,8,352,2024-09-03 04:53:26.341995,pending,96841,HI,VISA 16 digit
6ab5d51a-2c3b-449f-a690-565584dce327,John Rivas,68699697,10,2,20,2024-03-16 15:38:50.514318,delivered,96791,HI,Maestro
3c2eb2b6-9987-45b6-9b8b-c24a0f96cee5,Jessica Carlson,20489977,11,6,66,2024-05-22 09:51:29.449118,delivered,96884,HI,Maestro
4a43bde3-0c8e-4ffc-8cb0-efbf1ccd5b99,Jeffery Williams,68927004,25,4,100,2024-02-24 08:36:44.491336,pending,96763,HI,VISA 16 digit
76273701-4b94-427a-bf29-1225f3429547,Chelsea Nicholson,95450575,34,5,170,2024-05-04 12:34:21.907298,delivered,96755,HI,Diners Club / Carte Blanche
bcf10066-51cc-45f4-b31d-b9c00a0514b8,Frank Harrison,23665231,18,7,126,2024-09-01 13:29:58.215464,delivered,96716,HI,Diners Club / Carte Blanche
244a86fe-5057-406e-aebf-802235fb6c70,Adrian Clark,73754640,94,10,940,2024-07-05 21:03:55.653759,pending,96763,HI,VISA 19 digit
0007c7d5-8e60-4bee-9dab-ecfb0af69c83,Suzanne Flowers,84981592,54,10,540,2024-06-30 19:59:15.031601,delivered,96740,HI,VISA 13 digit
cd827b41-b2d2-4b82-bb89-4be0b1ace03d,Suzanne Curry,17613477,18,7,126,2024-07-13 09:43:44.772458,delivered,96857,HI,Diners Club / Carte Blanche
b9dcaf89-6dc3-4e9a-b007-668a078deb2f,Tracey Harris,05887194,47,2,94,2024-02-09 15:57:09.533697,pending,96738,HI,VISA 19 digit
9a6181a9-64cb-460b-ad25-6d2755c3da59,Patrick Powell,92778177,55,10,550,2024-06-02 11:37:37.986339,shipped,96730,HI,VISA 19 digit
3aab593e-cae3-43e7-a683-feb16eaf34a2,Desiree Matthews,82782665,62,6,372,2024-01-18 23:26:49.247127,pending,96748,HI,Mastercard
1516bca1-0a1f-45dc-98b9-c5ebd1882670,Katherine Anderson,04482017,71,2,142,2024-04-05 19:55:31.232353,delivered,96718,HI,VISA 13 digit
0df8fe5e-621c-4cf7-bf9c-c94b6c7a0b00,William Cisneros,37853990,46,6,276,2024-05-24 11:45:16.318305,delivered,96798,HI,JCB 16 digit
342b95c7-3b93-4c89-8fc0-f01c45da186b,Katherine Anderson,27523414,52,6,312,2024-08-01 04:47:24.581431,pending,96718,HI,VISA 13 digit
f9ab35c8-c204-4187-8195-b79739848218,Rachel Brown,52598463,61,6,366,2024-04-15 04:09:10.252519,pending,96796,HI,Mastercard
f37ab706-f5f3-40e5-91a0-01a5aea14ee1,Veronica Kim,88856070,67,5,335,2024-05-27 08:52:40.303514,shipped,96863,HI,Mastercard
243a1a8f-e91a-4177-95fe-982de72f2b82,Rachel Smith,18289022,89,4,356,2024-02-19 13:04:25.750447,pending,96880,HI,VISA 16 digit
3cb9d83a-a8fd-4b39-875c-a4fb576f7bc4,David Baker,54019225,67,7,469,2024-05-08 18:13:18.874008,delivered,96872,HI,American Express
f8a0a99a-1973-42ce-b17b-4449e3614a0e,Lisa Wood,86687287,99,4,396,2024-04-19 04:11:02.380649,pending,96845,HI,VISA 13 digit
f7b6a752-fa9d-496d-86d9-04bbfc9e7641,Leah Dyer,60419347,91,9,819,2024-07-27 04:13:49.308096,delivered,96853,HI,American Express
b99d61ab-eba6-463d-ab7b-65f9feaff2bc,Ruben Ayala,42670520,37,2,74,2024-03-26 13:45:06.389205,shipped,96836,HI,VISA 16 digit
c23c77dd-41eb-4561-a207-c9ff85a17e07,April Sloan,30471887,7,8,56,2024-06-15 07:50:24.343560,shipped,96848,HI,JCB 15 digit
74368dfd-bcec-4285-92dc-66ac1b68081b,Catherine Martinez,19398990,22,7,154,2024-01-21 03:41:44.230498,delivered,96766,HI,Mastercard
a63a4936-d6b5-4709-8d02-d9267f41e313,Phillip Jones,13762469,46,10,460,2024-06-05 16:40:42.822629,delivered,96814,HI,JCB 16 digit
2222fb25-6df5-4145-bea6-a6e4fe541bcb,William Campbell,27523414,52,1,52,2024-05-25 00:39:59.020465,delivered,96764,HI,Diners Club / Carte Blanche
3e8b7c83-2d63-465f-8b89-01c3b710e90a,Andre Newman,20711214,57,3,171,2024-01-30 22:37:48.733364,pending,96726,HI,Discover
caf640e3-eedd-4247-8458-6d849a27355b,Joann Ellis,32565164,13,1,13,2024-05-18 18:07:45.976835,shipped,96839,HI,American Express
1c2b281d-2ac0-42da-ae4d-cf2a9eb8b882,William Gentry,54627123,82,5,410,2024-08-24 15:19:05.723039,pending,96741,HI,VISA 16 digit
2654137b-4f05-43b7-91c4-ca6e0a4c915d,Katherine Anderson,63105667,61,8,488,2024-08-31 19:35:47.375950,delivered,96718,HI,VISA 13 digit
af48fab9-646a-4fff-b068-6bc577b1fa1a,Veronica Kim,01832440,74,6,444,2024-01-06 17:54:30.374377,pending,96863,HI,Mastercard
84bb95d4-1a84-4c40-8c27-1ba0bd59c7c1,Chelsea Nicholson,78953321,88,5,440,2024-03-13 23:21:11.300844,delivered,96755,HI,Diners Club / Carte Blanche
9c3f6f54-b27d-4b9c-8697-34efb628fbd0,Scott Johnson,73855118,26,4,104,2024-03-07 02:34:38.092486,delivered,96795,HI,Diners Club / Carte Blanche
7fee0ae8-279a-4ea2-95cf-65d65598a47e,Matthew Gardner,78179325,83,10,830,2024-02-28 01:22:19.529884,pending,96819,HI,Maestro
edaa27a0-6d12-4b58-89d8-eae3aa361969,Nathan Larson,95914008,70,6,420,2024-07-28 01:19:34.318093,shipped,96788,HI,VISA 19 digit
20d42168-499b-4fe3-bab4-b68b0290710b,Ruben Ayala,75438852,11,6,66,2024-01-18 01:59:22.418379,delivered,96836,HI,VISA 16 digit
0af4c520-2a7e-4c98-8ea9-3c36f74de720,Phillip Jones,18561173,68,4,272,2024-07-04 10:56:33.952495,shipped,96814,HI,JCB 16 digit
c24c4722-c4ca-4204-8889-22c79435dd97,Desiree Matthews,18986211,24,7,168,2024-03-07 19:09:49.233620,delivered,96748,HI,Mastercard
17bcdc47-1d5d-41aa-9fb1-f2377bcef8d2,Angela Mckenzie,37631833,94,2,188,2024-08-07 06:22:59.602564,delivered,96851,HI,Discover
51d09d70-5d30-4670-a513-0e4c5921110c,Andrea Walker,84992994,12,9,108,2024-04-14 01:52:35.244666,delivered,96725,HI,VISA 16 digit
4626f72d-bd13-49ae-891f-cfa7e0f0913a,Timothy Stephens,39529879,23,6,138,2024-05-02 01:43:13.166567,pending,96767,HI,Discover
88aa029e-bb46-4575-9033-a30a9f27dfab,William Gentry,90782480,27,7,189,2024-03-21 10:34:41.400900,shipped,96741,HI,VISA 16 digit
6699d7a4-23b0-4b6b-95a8-57a1f49cdb3b,Michele Campbell,98823017,89,9,801,2024-03-10 15:31:49.201896,delivered,96799,HI,JCB 15 digit
6faddc99-551d-452f-9bb9-40cfb5687f28,Rachel Brown,47350458,72,8,576,2024-08-11 16:06:55.025127,delivered,96796,HI,Mastercard
ca1ff6a1-7b10-444d-8bbc-f6e1fd470c47,Jeremy Salinas,31053280,22,4,88,2024-03-15 19:27:12.327262,pending,96764,HI,Diners Club / Carte Blanche
c4fc3dbe-038d-4068-b8d8-06436a77699a,Andre Newman,54609228,20,4,80,2024-07-29 06:25:57.926827,delivered,96726,HI,Discover
054778f9-9af2-4b4b-87c6-1e45de505401,Maria Daniels,68333256,85,9,765,2024-07-15 22:15:51.368191,shipped,96814,HI,Discover
98d214e9-c439-41c1-aa75-206967e7ca4e,Lisa Wood,29993581,71,2,142,2024-07-12 12:43:38.537958,pending,96845,HI,VISA 13 digit
52660d7a-94e2-437b-a562-6f17fcd0f387,Katherine Anderson,92499980,45,5,225,2024-01-04 08:25:39.876345,pending,96718,HI,VISA 13 digit
51565108-d594-4f89-9e59-5b7c0773d537,James Moore,81186051,29,6,174,2024-09-02 00:08:19.358845,pending,96727,HI,VISA 19 digit
bfbcd368-9bca-493c-a7f8-835d3c7b25fd,Angela Young,37901165,46,8,368,2024-02-08 18:55:40.239338,shipped,96890,HI,Mastercard
322d9f28-2608-4077-8425-28ab9690d864,Megan Ramsey,37888732,42,1,42,2024-05-25 09:31:34.168641,delivered,96813,HI,JCB 15 digit
c1f8e358-c867-4c10-bd41-85781310d2b6,Rachel Lee,84556066,23,9,207,2024-02-03 03:16:38.930190,shipped,96809,HI,JCB 16 digit
29f973e0-f109-450c-91f1-0b0b2d096724,Christopher Jensen,04206149,12,5,60,2024-05-08 16:36:49.071170,pending,96789,HI,JCB 16 digit
d3b3548d-f2fb-4f81-96e5-c6979bc932da,Andre Newman,85630918,58,4,232,2024-01-11 21:25:03.538622,pending,96726,HI,Discover
030478ea-d3ee-449c-a3ae-4ae0503ed339,Amanda George,52098833,61,4,244,2024-01-12 02:52:30.318460,shipped,96750,HI,JCB 15 digit
c739dbbf-36f5-42a8-9ef8-8d4ad98768ec,Brooke Smith,03057827,79,10,790,2024-01-29 17:37:32.553549,shipped,96725,HI,Discover
973ac138-7479-4545-8594-f01a2177f3b2,Rachel Smith,91822451,10,3,30,2024-04-12 12:51:50.407591,pending,96880,HI,VISA 16 digit
48daeab2-5104-4e90-97e7-c7b3ca05ecfd,Kara Lin,20331412,5,5,25,2024-02-28 01:07:16.723733,pending,96830,HI,Mastercard
70e2b3c9-12f9-4b58-9c7d-0abc9a0ecaf7,Jacob Kane,29743599,50,7,350,2024-06-25 01:27:06.416436,shipped,96786,HI,VISA 19 digit
e4e134ec-5899-44c3-89e3-06ecbb3a9764,Jim Cruz,71411989,2,1,2,2024-04-06 16:19:15.850177,delivered,96841,HI,VISA 16 digit
f3309180-cee2-4c02-b687-d2ddde7f3d6b,Alyssa Anderson,07302893,6,5,30,2024-07-20 11:35:54.874910,shipped,96767,HI,VISA 19 digit
b355bf1e-1231-47e4-b123-1fd8e1df8ca8,Juan Middleton,08845559,71,5,355,2024-05-13 15:58:01.131678,pending,96769,HI,VISA 13 digit
4fe17b77-1720-43ad-9663-a1ed48e1b4af,Suzanne Curry,45454479,15,1,15,2024-02-28 02:15:50.491592,pending,96857,HI,Diners Club / Carte Blanche
750a6b9f-013d-4ffb-ac16-4e37ec9f517e,Rachel Smith,87865653,44,3,132,2024-03-23 14:50:47.610642,pending,96880,HI,VISA 16 digit
10de5c4a-bcfd-4cba-8179-d31f3f69cc0c,Ruben Ayala,59102731,81,7,567,2024-03-30 05:59:32.623732,shipped,96836,HI,VISA 16 digit
be834fd0-8fcd-4ee0-acae-45f5e0036aaa,Carl Perkins,85153592,23,1,23,2024-04-28 13:44:31.823192,delivered,96849,HI,VISA 19 digit
2f91aae6-84fe-475f-ab6f-d0b8b1c31f70,Nathan Larson,18279979,49,5,245,2024-09-03 06:44:27.079858,pending,96788,HI,VISA 19 digit
00f1be16-7d48-4a9e-aeba-ddd48c289c8d,William Campbell,53089717,82,10,820,2024-09-05 08:54:25.613579,shipped,96764,HI,Diners Club / Carte Blanche
ee541a96-74e4-4990-9a78-89f022d24ff4,Leah Dyer,96351406,48,7,336,2024-06-03 13:17:27.832902,pending,96853,HI,American Express
13e1f1fb-6e31-44f1-b457-c0a6e20c4b81,Colleen Sullivan,11540359,38,6,228,2024-03-18 02:16:31.470922,delivered,96862,HI,VISA 16 digit
e39a3775-c54e-4cf5-bd94-2238dc9e300a,Rachel Smith,58477519,53,7,371,2024-01-31 23:17:00.939756,shipped,96880,HI,VISA 16 digit
e3de6381-5ae8-4d61-a1d1-171a191cef80,April Sloan,95126470,77,5,385,2024-02-11 01:45:20.707343,pending,96848,HI,JCB 15 digit
fdbb3333-4a7f-43dd-8a86-e73583bc8964,Benjamin Thompson,67792474,92,3,276,2024-01-21 20:06:22.890294,delivered,96874,HI,American Express
