fdbdd6bc-ca7d-4648-b7aa-75539c2a8493,Steven Scott,58994344,7,3,21,2024-06-27 00:51:17.678391,shipped,96942,FM,Diners Club / Carte Blanche
4bf1636a-1161-477c-bd6f-a9088cbeeb3d,Amber Davis,06926359,51,2,102,2024-01-02 17:33:57.398538,delivered,96942,FM,VISA 19 digit
c0fd6e22-37d7-40c6-a5b0-aa8a480dc66b,Carrie Ryan,28078845,73,10,730,2024-02-11 02:23:46.406071,delivered,96941,FM,American Express
8ddd128e-7c4c-4ad5-8c3a-50024521de8b,Daniel Jackson,24463393,88,9,792,2024-02-07 10:51:22.464255,delivered,96941,FM,VISA 19 digit
12cdea5c-1e6f-4751-9277-ad7e549b7d20,Jacqueline Velazquez,32479645,67,9,603,2024-07-07 13:01:00.211154,delivered,96942,FM,JCB 15 digit
addc229f-fff8-431c-9e9b-90449bb05386,Randy Zimmerman,41174647,46,8,368,2024-07-02 07:08:27.880354,shipped,96944,FM,JCB 16 digit
f3b4c161-c3bd-4d14-be68-532eb35721b5,Lisa Montgomery,02287669,75,4,300,2024-04-23 18:38:06.758587,delivered,96944,FM,Discover
92931a57-a0d6-4cf9-b6ae-c76d0973fb90,Tammy Miller,17912020,95,8,760,2024-06-17 08:46:22.865405,delivered,96941,FM,Discover
8e1bff96-e4f6-4619-b79a-b8e28d17fa7b,Melissa Roy,04061168,46,5,230,2024-01-12 22:41:13.234635,pending,96944,FM,JCB 16 digit
7c03731d-f13e-4180-a034-fdd30bf87653,Tamara Underwood,23722194,42,8,336,2024-03-10 14:12:52.381578,pending,96944,FM,JCB 16 digit
cf7ac397-194f-4599-8896-bed8d21aff02,Sean Coleman,04206149,12,6,72,2024-05-25 07:40:13.008513,delivered,96944,FM,Mastercard
8cdad00c-b76a-42d6-9fb4-62e0c8e8dd90,Steven Scott,74028917,49,1,49,2024-06-12 00:48:53.405355,delivered,96942,FM,Diners Club / Carte Blanche
563bac61-cb3c-411e-b4f0-253f644dac0c,Travis Wilson,83338090,66,2,132,2024-06-25 11:57:04.050591,delivered,96944,FM,Diners Club / Carte Blanche
d95ffa6d-f55c-458f-9312-b41db8d63ebc,Victoria Pierce,38045592,35,4,140,2024-06-15 19:06:50.875641,pending,96943,FM,JCB 16 digit
02090ab8-e06d-4101-9e89-a2b4dd7f25aa,Ashley Williams,13061838,38,5,190,2024-04-30 23:50:53.839735,delivered,96944,FM,JCB 16 digit
c78dab22-f29e-4908-ac6c-ab50e6b1998f,Pamela Smith,59830078,42,7,294,2024-03-03 05:17:31.113093,delivered,96942,FM,Diners Club / Carte Blanche
bc5220dd-dd25-419d-8a7e-3b25ca67c302,Benjamin Holmes,73855118,26,5,130,2024-02-11 02:56:14.651906,shipped,96943,FM,VISA 16 digit
846a5c4d-861c-4e84-b326-b69ad29355ac,Trevor Martinez,86467292,62,6,372,2024-05-04 00:57:55.399249,delivered,96942,FM,Maestro
431ebffd-eecf-436e-9b2c-48fa349bb554,Ashley Edwards,79340304,91,10,910,2024-08-22 21:52:50.355954,pending,96942,FM,JCB 16 digit
42329b69-50be-4490-a958-69a8973384f7,Melissa Roy,03648445,23,7,161,2024-09-01 06:23:11.658171,delivered,96944,FM,JCB 16 digit
a786c5a7-a489-49b4-a05f-287102071ec4,Gregory Shaffer,40120263,33,7,231,2024-07-21 10:48:07.910976,shipped,96943,FM,Discover
083e7da2-b498-41de-bfd0-8988344f6bca,Michael Hines,36975310,29,9,261,2024-07-06 16:08:39.076592,shipped,96942,FM,Discover
a6f5ba6b-4bf5-4b73-bae3-19a300e1662c,Jesus Thornton,65252901,74,2,148,2024-09-03 22:01:00.268613,delivered,96942,FM,VISA 16 digit
d3cfb524-24bb-4632-b5e2-d1897dad7039,Andrea Mcintyre,92641471,45,8,360,2024-06-08 04:44:11.566054,pending,96943,FM,Mastercard
b75d1d05-63f4-4a40-a8fe-bab752b1d670,Hayley Smith,88956565,33,7,231,2024-05-05 23:56:11.382313,delivered,96942,FM,VISA 16 digit
e6a6b4dc-9201-4585-ac23-8c7c6ef2ae75,Johnny Jackson,72379394,14,9,126,2024-04-13 13:02:41.655036,delivered,96941,FM,Mastercard
da0f4e1d-5cff-43a5-8376-01b9807f34a8,Amy Johnson,91054203,42,4,168,2024-04-25 12:28:56.152642,shipped,96942,FM,American Express
b2c49b14-56ae-46a7-830a-0e8ca5110f99,Tiffany Newman,65252901,74,1,74,2024-06-17 22:29:14.087141,shipped,96944,FM,Diners Club / Carte Blanche
7dc03d8f-20a2-426c-ba75-2f7033dc28ed,Lauren Johnson,08944856,95,6,570,2024-02-16 01:54:12.231970,delivered,96944,FM,VISA 16 digit
01457837-23bd-4b90-a956-26b465bf2de4,Cheryl Howard,68233839,56,8,448,2024-08-13 20:01:47.389122,pending,96941,FM,VISA 13 digit
7dc6f18f-7030-4af6-aae4-9cb3f92ed4a3,Ashley Williams,78953321,88,1,88,2024-08-06 02:29:31.355408,shipped,96944,FM,JCB 16 digit
074ca359-9932-43fa-8995-18fc5669a884,Robert Carter,38131752,26,4,104,2024-02-05 04:41:10.169839,delivered,96942,FM,Maestro
02ec672e-f90a-4e34-86f0-abbe42bff213,Deborah Gordon,84381484,82,3,246,2024-05-26 21:44:00.403744,shipped,96944,FM,VISA 16 digit
5b49d218-eb19-462a-bfdf-8c821b48ca74,Ashley Williams,35907411,30,7,210,2024-01-27 18:03:36.006444,delivered,96944,FM,JCB 16 digit
dffcf862-4aed-422d-ac3a-256535df1c9a,Brenda Rivera,99332211,93,4,372,2024-05-31 06:55:40.252105,delivered,96942,FM,Maestro
190ab42d-6b03-4bb4-9fc6-01493f5b77d8,Angela Vega,86124782,64,5,320,2024-06-08 07:11:08.949524,pending,96943,FM,Discover
0d153307-c9ad-4331-afc6-8d5b493bbcea,Shannon Johnson,43454358,59,7,413,2024-09-01 11:44:44.309883,shipped,96944,FM,VISA 16 digit
804db99f-67d3-4ce3-b98e-213123b4248d,Alyssa Barnes,26805344,56,7,392,2024-08-17 02:03:01.601387,pending,96942,FM,VISA 16 digit
18658924-dd0b-4211-bfd0-c86c172751d4,Daniel Rios,27353332,12,3,36,2024-07-05 05:23:18.517855,delivered,96944,FM,American Express
f5a03fe2-e863-4bc2-8fad-86f90b38a7dc,Todd Delgado,27646076,2,4,8,2024-06-24 08:31:43.249416,pending,96941,FM,Diners Club / Carte Blanche
ff625f49-1c21-478a-8a7d-d2f364d3c078,William Hayden,45303715,53,6,318,2024-04-11 23:38:51.734126,pending,96944,FM,VISA 16 digit
8cc6c81c-7174-468b-97ec-076f3e744e26,Brian Martinez,38735677,25,1,25,2024-07-24 13:36:01.545036,pending,96942,FM,JCB 15 digit
6fa49634-46c8-4385-834b-052f89fdf71b,Katrina Lopez,11149415,73,9,657,2024-08-28 18:48:54.372001,delivered,96943,FM,JCB 16 digit
c56565c0-60e1-438a-a6c8-b7a299497872,Michael Hines,54327139,22,4,88,2024-05-15 06:41:19.201594,delivered,96942,FM,Discover
351bffc3-ead1-4b30-9c70-899de9814db6,Tiffany Newman,70888416,93,2,186,2024-08-27 06:39:50.804399,delivered,96944,FM,Diners Club / Carte Blanche
fa6c99b4-c9df-4f0b-a34b-72d6a7d4cdf3,Ashley Williams,52204920,42,6,252,2024-07-30 04:11:02.466414,delivered,96944,FM,JCB 16 digit
125e3293-1a54-49e5-b6cd-cda21face200,Roy Miller,79941105,75,4,300,2024-09-04 04:24:59.773545,pending,96942,FM,VISA 19 digit
10441572-862f-400b-9c0e-722b4e407f99,Peter Ortega,42646518,100,5,500,2024-06-07 22:28:53.016253,delivered,96944,FM,Diners Club / Carte Blanche
56ea7290-e327-49e3-9f33-9bd955884eb6,Phyllis Vincent,99455262,40,3,120,2024-03-28 08:22:39.532069,delivered,96941,FM,Maestro
4dac20ef-8357-4ed3-a92e-94af71242332,Marissa Washington,20211868,36,1,36,2024-07-30 23:31:56.970713,pending,96941,FM,VISA 13 digit
053ac8e4-c551-4769-84ab-cada2bf6b60a,Amber Davis,58919057,77,7,539,2024-05-14 14:56:49.629653,shipped,96942,FM,VISA 19 digit
bcac0329-f7d8-4cfc-a312-46771843b084,Deborah Gordon,58766415,54,7,378,2024-03-26 15:32:27.257528,delivered,96944,FM,VISA 16 digit
24713289-65d2-4cec-bb65-f71eea6cb4d0,Sean Coleman,75415037,68,6,408,2024-05-24 15:11:30.524990,delivered,96944,FM,Mastercard
38f8807c-e0de-4993-b8d9-d2b885f148ca,Lisa Montgomery,40283647,25,5,125,2024-06-29 01:44:24.690260,pending,96944,FM,Discover
b7ee6305-73a9-42da-8e21-42aa4ea0eece,Stephanie Park,60640383,8,6,48,2024-02-22 04:32:30.024806,shipped,96941,FM,Maestro
dd49b81f-2a63-4aed-8274-fe3944b4504e,Tammy Miller,87865653,44,7,308,2024-08-01 10:29:17.229273,shipped,96941,FM,Discover
a0ae9f4e-bba3-4c2d-a245-7d38711d75c8,Lisa Montgomery,37853990,46,8,368,2024-05-31 01:45:14.751795,delivered,96944,FM,Discover
4a248423-dda5-4b63-8842-209cb78b68a3,Victoria James,94637359,83,1,83,2024-03-04 05:15:20.648095,pending,96943,FM,VISA 19 digit
dc1095d2-ea1f-4eec-b0e8-0df27cfa771d,Sean Coleman,73839620,49,6,294,2024-02-13 15:29:38.931718,shipped,96944,FM,Mastercard
303c7869-46a0-40b3-8a85-b049c87cb494,Melanie Allen,46700087,70,1,70,2024-03-15 22:49:20.027260,shipped,96941,FM,Discover
5ee5bcdf-8e63-4c2a-9a1e-7ac7dd82e5f9,Peter Ortega,93712323,42,6,252,2024-04-28 19:06:42.880254,shipped,96944,FM,Diners Club / Carte Blanche
5094095f-e84c-4b85-8d6e-11ee3e99320f,Brenda Rivera,11567745,34,3,102,2024-01-12 16:36:25.781463,pending,96942,FM,Maestro
e4037c87-9a91-44ff-9ccc-3dcba4f029ed,Larry Mercado,20916732,54,10,540,2024-05-04 03:21:05.563774,delivered,96942,FM,JCB 16 digit
1d93b988-5015-4d72-8c79-68dac50424df,Michael Beltran,42527558,67,4,268,2024-02-05 23:17:27.581661,delivered,96943,FM,Discover
0e825e13-fde0-4e1e-9917-ed01064820b9,Christine Zuniga,80515784,70,4,280,2024-05-29 02:13:22.180405,shipped,96942,FM,JCB 15 digit
5b4f6e89-fb6f-4b3f-9336-127a08bcc2c2,Robert Carter,73132257,58,4,232,2024-01-14 10:34:08.077705,shipped,96942,FM,Maestro
9ffb2ef5-5bf5-4a7a-94ae-69c316d5e001,Marissa Brown,42990703,4,10,40,2024-05-10 06:13:31.385901,pending,96942,FM,American Express
696af46c-1320-4ed4-b842-07af62194e5f,Tiffany Newman,02738536,2,2,4,2024-07-15 14:09:45.139520,pending,96944,FM,Diners Club / Carte Blanche
cb1daca8-1026-4a62-9b5d-03605750f910,Nicholas Morris,62635417,6,5,30,2024-06-19 09:45:48.108445,shipped,96944,FM,JCB 15 digit
fae5ef4b-b9fd-41c3-a3d6-e02f15dd4201,John Jackson,32413458,85,8,680,2024-02-06 00:41:04.143101,pending,96941,FM,JCB 15 digit
0b03bfc2-2f39-4ae8-8252-2cc69165e947,Ashley Edwards,38198151,46,2,92,2024-02-08 00:12:56.548169,pending,96942,FM,JCB 16 digit
8ce6b79b-c888-436b-bc58-b317cd36c7d3,Brian Martinez,12049646,71,7,497,2024-02-28 00:10:22.214237,delivered,96942,FM,JCB 15 digit
1d3d73e2-6a41-4991-8d3d-b008bd7dfd08,Katrina Lopez,19197111,9,4,36,2024-06-08 23:32:34.445019,pending,96943,FM,JCB 16 digit
fb832fce-7fed-48c9-90b8-9bb21bea02b6,Dan Kelly,05281770,2,3,6,2024-07-12 00:58:13.340818,delivered,96942,FM,JCB 16 digit
33bc8297-4802-435c-b221-83ba8fa20474,Amber Davis,22662309,16,1,16,2024-05-06 01:48:20.028957,delivered,96942,FM,VISA 19 digit
37bf2bd2-df82-4ae5-863b-23028d5d21df,Jesus Thornton,73851479,37,1,37,2024-03-11 15:45:57.823239,delivered,96942,FM,VISA 16 digit
8b65dc67-4f3f-4145-826c-3a78e98cb5e3,Nicole Lee,36355082,100,2,200,2024-04-08 18:19:33.245815,pending,96941,FM,Maestro
95d2fc7e-baed-401b-bdfc-637dd6a6ee01,Randy Zimmerman,14147876,98,2,196,2024-05-11 06:25:23.557520,pending,96944,FM,JCB 16 digit
5dd98d74-f4ae-4574-8590-229ce5c2f187,Roy Miller,37901165,46,8,368,2024-09-06 11:35:55.786811,pending,96942,FM,VISA 19 digit
b8c13fa5-cf8a-41b9-a025-202ea677a3f3,Jacob White,29075430,44,9,396,2024-07-29 02:33:28.961451,delivered,96941,FM,JCB 16 digit
f658be5a-2fcd-40c1-9381-d7e7b1f90ef5,Melissa Roy,57621654,74,6,444,2024-03-18 17:33:12.100617,shipped,96944,FM,JCB 16 digit
78596aaa-2ba0-4b1e-9bf1-b5d1076fcab4,Mathew Bishop,64795881,47,1,47,2024-07-28 17:06:30.906610,shipped,96942,FM,VISA 16 digit
e14c49cc-0e8b-4bae-9d8c-11e258eb7167,Michael Beltran,62566704,85,8,680,2024-07-03 03:17:19.432072,pending,96943,FM,Discover
4d61a45b-c6cb-4bf7-8bdc-764fa94acf17,Carrie Ryan,54223837,62,2,124,2024-02-10 01:45:02.896564,shipped,96941,FM,American Express
4b8346e0-483e-4543-8368-555945af8bea,Stephanie Park,61508521,50,9,450,2024-01-28 06:55:24.367647,delivered,96941,FM,Maestro
532da9e3-e960-4cdd-b23c-4eb050eaea27,Sean Coleman,42737117,45,8,360,2024-07-09 01:53:00.799646,delivered,96944,FM,Mastercard
6cdb0e31-d729-4169-bd16-8718b84954e7,Roy Miller,39571243,73,2,146,2024-05-21 23:26:20.542131,shipped,96942,FM,VISA 19 digit
57a44237-62c2-4411-899f-9f7a984640b1,Donna Carter,23546233,87,10,870,2024-08-29 16:45:50.780318,pending,96944,FM,American Express
865ab7d7-e562-4054-9ac9-236dda7fafb5,Daniel Rios,18545135,75,5,375,2024-08-04 12:39:51.579678,shipped,96944,FM,American Express
abd988bf-8d18-4bdf-a84b-f8c7646ea7ab,Jacqueline Velazquez,00546454,94,3,282,2024-02-05 05:53:26.289666,pending,96942,FM,JCB 15 digit
080fa412-23e5-4f4b-9303-3eb948cc05e9,Amber Davis,33367361,26,2,52,2024-07-10 08:23:27.278970,pending,96942,FM,VISA 19 digit
e98f21b9-9076-4996-9000-a5a4b2b3576b,Ashley Williams,72944042,94,3,282,2024-05-28 02:56:33.903590,delivered,96944,FM,JCB 16 digit
7cd641fb-43c0-412f-834a-d423cfeb7e6a,Joseph Ortiz,94754957,5,1,5,2024-08-03 02:55:24.612425,shipped,96942,FM,JCB 16 digit
99733a9b-ab90-4036-89f6-23615737b404,Victoria James,31745550,77,5,385,2024-03-23 08:51:03.125715,delivered,96943,FM,VISA 19 digit
5cb243fc-c1ef-4cfe-b601-ce6cdf3ad55d,Brett Chan,46623232,21,9,189,2024-06-27 03:58:05.169820,delivered,96943,FM,JCB 16 digit
19e7436c-ac56-4d5c-a696-a95f9006e35b,Jesus Thornton,66097181,68,5,340,2024-03-02 14:28:10.168452,pending,96942,FM,VISA 16 digit
c5df9d1e-6308-4b3d-b229-d1d7787ba8a7,Todd Delgado,40120263,33,3,99,2024-03-11 00:47:28.774687,pending,96941,FM,Diners Club / Carte Blanche
51eaa818-8f57-4bfe-840a-40a01bd4991b,Gregory Shaffer,47198074,14,10,140,2024-07-26 07:29:43.974667,shipped,96943,FM,Discover
dc84caaa-53ea-402c-a92b-b11dc2d5beb3,Joshua Wagner,02043258,84,4,336,2024-03-14 06:19:35.759953,delivered,96942,FM,Discover
1177842e-7dfb-48eb-9e1f-06a550af7d5d,Sheila Abbott,40937342,82,6,492,2024-09-02 14:57:16.673539,pending,96944,FM,VISA 13 digit
8ccec3e3-5950-462b-854b-ed545c444062,Melanie Allen,74812677,88,10,880,2024-04-21 00:57:13.044930,pending,96941,FM,Discover
ab1b835a-0e59-4b9c-9a9c-c32fa9df8adb,Jennifer Richardson,25590050,24,1,24,2024-07-15 14:44:21.175703,pending,96941,FM,JCB 16 digit
28e34d9c-d1e8-44f6-a4f3-193ab05a56af,Henry Richardson,71624204,18,10,180,2024-06-24 11:04:36.029244,shipped,96941,FM,VISA 16 digit
daa6c26f-72a4-4662-9732-6f8e565268de,Wayne Adams,66330752,82,3,246,2024-06-07 14:11:16.893798,pending,96941,FM,Mastercard
989dd1b5-87aa-48c8-ae8e-b1eae2075588,Christina Ortiz,90056994,39,3,117,2024-05-15 20:10:07.138053,pending,96943,FM,Discover
310b97c9-c0f6-4b5b-badb-b602289254e5,Amanda Barry,17174275,43,9,387,2024-05-07 13:38:46.759076,shipped,96942,FM,VISA 19 digit
1a076608-027f-4da1-8214-ff42683eb5b4,Hayley Smith,82765989,38,9,342,2024-07-02 19:42:53.610388,delivered,96942,FM,VISA 16 digit
754803e5-cca5-4c3e-b423-17da543e402b,Donna Carter,46599193,49,3,147,2024-07-31 16:25:41.017329,pending,96944,FM,American Express
61e61594-e9d9-4862-acc4-0891bbe0f5a3,Angela Vega,46264275,94,4,376,2024-01-05 03:08:57.996596,delivered,96943,FM,Discover
d0169e2f-6e72-43c1-b723-50615f17743c,Derek Carroll,67148738,90,4,360,2024-03-13 11:14:29.216834,pending,96941,FM,JCB 16 digit
aff486ac-512a-4fcb-b0c7-1c9db0d3119d,Alyssa Barnes,13894016,63,7,441,2024-08-07 20:55:55.544361,delivered,96942,FM,VISA 16 digit
6235a0b7-5d09-4dab-88ac-2beaf47b27ec,Steven Scott,03324752,64,6,384,2024-08-21 23:14:23.852573,pending,96942,FM,Diners Club / Carte Blanche
92254ae2-1e46-45f8-a6ca-707487468801,Amber Davis,32499124,30,5,150,2024-07-15 07:56:14.703227,shipped,96942,FM,VISA 19 digit
0b98b8c2-5797-489e-a75b-1787bf6910cd,Dan Kelly,06325756,90,9,810,2024-01-12 04:19:52.357678,shipped,96942,FM,JCB 16 digit
327b2e67-4c05-4e13-b6bc-217073e727e2,David Wilkinson,84992994,12,2,24,2024-04-10 13:17:49.984314,pending,96943,FM,VISA 16 digit
5c026b2f-c626-4b1c-b21f-3334988e7b18,Roy Miller,69863455,7,9,63,2024-06-20 12:54:57.706998,shipped,96942,FM,VISA 19 digit
ee2d8aab-8652-4b1f-afaf-6beac0b67f80,Megan Rodriguez,27646076,2,4,8,2024-05-25 16:12:54.691416,shipped,96942,FM,JCB 15 digit
f0ee75d7-adf4-46c5-9bd0-9d749b0490ea,Charles Davis,83856198,10,9,90,2024-08-07 23:23:49.271347,delivered,96944,FM,VISA 16 digit
926a503b-a975-4ccf-898c-3eda7b9e68d9,Tonya Lopez,42619710,43,2,86,2024-02-17 17:28:42.632615,shipped,96944,FM,American Express
69a222af-4161-48ec-a3fd-3c476e350f7d,Ashley Edwards,37034559,9,4,36,2024-08-05 23:26:06.735021,delivered,96942,FM,JCB 16 digit
5ace87fe-198a-4832-91c4-978ab17a1dbc,Victoria Pierce,51141462,10,9,90,2024-06-28 16:50:30.970160,shipped,96943,FM,JCB 16 digit
1b5e9918-a4fb-4880-b2f1-72714c6d8d25,Christina Ortiz,65828045,22,4,88,2024-06-10 09:46:25.143013,delivered,96943,FM,Discover
fdaf2bb4-959a-4f47-95c3-d2e2088bf033,Amber Davis,39938688,12,7,84,2024-01-03 19:22:18.699864,shipped,96942,FM,VISA 19 digit
338235c3-be40-4933-8bfc-1027b4ebbaa4,Todd Delgado,38735677,25,1,25,2024-07-20 13:55:09.232519,delivered,96941,FM,Diners Club / Carte Blanche
699abe71-fa65-4a8f-a736-4ea17f4db2e6,Steven Scott,42670520,37,7,259,2024-04-14 03:30:34.700245,delivered,96942,FM,Diners Club / Carte Blanche
a1bcf88d-6547-4731-b22c-02d45ce18e9c,Kimberly Friedman,93212564,62,8,496,2024-02-12 15:15:43.541868,pending,96942,FM,Maestro
dc4a9489-3aba-4385-a5f1-0e3a2653f16b,Tamara Underwood,89562956,76,3,228,2024-01-02 16:45:14.722377,pending,96944,FM,JCB 16 digit
6229f1c6-4372-4a44-9db9-dce7dc4abae5,Angela Vega,42903833,51,8,408,2024-04-02 07:06:11.918605,delivered,96943,FM,Discover
96192f3b-2a2d-40cc-b5d3-e0ecdbc15e93,Kevin Michael,86687287,99,9,891,2024-08-26 23:52:44.880087,shipped,96941,FM,American Express
14c8a9e5-c904-434d-a946-4e6fe3808689,Diana Quinn,02043258,84,10,840,2024-04-16 02:08:35.301967,pending,96943,FM,VISA 13 digit
3b9141b4-ab1f-403d-a0a3-a41b8bafc73a,Steven Scott,54308336,24,2,48,2024-04-18 01:30:11.681262,shipped,96942,FM,Diners Club / Carte Blanche
f7c6266c-7088-4886-8679-8e3c268c9a57,Jeffrey Holloway,33372204,69,3,207,2024-03-29 12:22:26.370245,pending,96944,FM,Discover
5351a5dd-3094-4ddd-b971-754a28c78ee9,Lisa Montgomery,69863455,7,8,56,2024-03-14 22:47:44.251879,pending,96944,FM,Discover
f72838ef-47c5-4768-9064-d43cb08a4f46,Lauren Johnson,00323802,55,8,440,2024-01-24 02:49:20.600162,pending,96944,FM,VISA 16 digit
91e215db-e902-45a5-8f55-48fad611299a,James Richardson,75415037,68,4,272,2024-06-02 08:27:08.934960,pending,96942,FM,VISA 19 digit
da375038-9d42-442f-894f-923621ed63ef,Charles Davis,03057827,79,4,316,2024-02-15 13:21:04.925611,pending,96944,FM,VISA 16 digit
ee8b01af-8b06-4d17-956b-988779903315,Derek Carroll,86124379,21,7,147,2024-01-20 16:17:25.981519,shipped,96941,FM,JCB 16 digit
7622966e-9a61-4e8c-9952-077f95ce48f1,Victoria James,33372204,69,9,621,2024-05-09 19:45:15.627915,shipped,96943,FM,VISA 19 digit
0aef257e-8174-4de8-bebf-2572f65b8e02,Kristen Williams,10050880,95,10,950,2024-04-24 14:14:31.051429,shipped,96944,FM,VISA 16 digit
681c05a3-b883-4f75-a506-c391ee4d9c33,Danielle Morris,42508571,41,1,41,2024-02-01 10:03:57.864597,shipped,96942,FM,JCB 16 digit
4e8b3672-ece1-45d6-9557-3f29a97f587b,John Decker,29555789,44,4,176,2024-02-25 19:34:45.907590,delivered,96944,FM,VISA 19 digit
2acd8046-7f69-48ae-b3b6-52d56f9782bb,Victoria Pierce,08845559,71,9,639,2024-04-01 04:59:48.286174,delivered,96943,FM,JCB 16 digit
0fe82431-3464-4905-8e00-c120f863a235,Ashley Williams,85059108,91,9,819,2024-03-01 15:18:22.748371,pending,96944,FM,JCB 16 digit
b27269ed-21d9-4349-900d-eafe2f6ea7c8,Michael Beltran,49725650,55,10,550,2024-02-13 00:18:25.310588,delivered,96943,FM,Discover
1cb6b3dc-0935-44d7-9e65-1ef45fc31759,Jacqueline Velazquez,37079307,81,3,243,2024-05-12 05:36:20.176290,delivered,96942,FM,JCB 15 digit
d1051b75-edff-4c0c-8f2c-725e2296aedb,Jesus Thornton,86124782,64,3,192,2024-03-16 12:13:28.271183,delivered,96942,FM,VISA 16 digit
9e31283b-1b9e-44e1-bb1e-2c30fdecca74,Angela Vega,18545135,75,1,75,2024-03-25 12:29:10.621184,delivered,96943,FM,Discover
f6eeabc4-fe83-45a1-a062-29e46cb7f33d,Randall Calhoun,27443316,63,2,126,2024-05-03 17:22:47.253883,shipped,96943,FM,JCB 15 digit
861740cb-434f-4947-ac10-44e90942cc1a,Peter Ortega,22714022,68,1,68,2024-03-19 03:54:44.197320,delivered,96944,FM,Diners Club / Carte Blanche
98e95f27-c92b-450e-b735-011ad5d486b3,Donna Carter,05887194,47,8,376,2024-01-09 11:32:47.321698,pending,96944,FM,American Express
3b0979f0-29ec-4139-bd46-f7b270fa9851,Marissa Washington,56543667,46,4,184,2024-08-28 16:21:45.463297,delivered,96941,FM,VISA 13 digit
439c0d34-34c8-4186-b9e9-22153cb537c2,John Jackson,92867284,97,7,679,2024-01-31 16:29:58.877713,pending,96941,FM,JCB 15 digit
b9dcea8a-7e98-41a1-b11b-b35be8a05b91,Thomas Harris,08310330,28,9,252,2024-07-21 19:25:44.809401,delivered,96942,FM,JCB 16 digit
aef53edf-09cd-41cc-8284-2ff12abfecd0,Hannah White,15721303,50,2,100,2024-02-15 00:26:51.206828,delivered,96943,FM,Discover
909d6b8d-bf07-451d-a2f6-2acf549664c5,Kristin Tyler,98823017,89,7,623,2024-02-09 18:09:48.021880,delivered,96944,FM,VISA 16 digit
f0143ae0-389a-4ce8-b4fb-0182f577e34b,Mathew Bishop,40383439,41,1,41,2024-03-14 06:17:31.733481,pending,96942,FM,VISA 16 digit
dee554d5-fb20-4d84-9757-f063445f77e2,Robert Cox,49317428,73,2,146,2024-07-13 12:52:22.288010,shipped,96942,FM,JCB 16 digit
5698b0a4-540b-457a-8f6d-a2b595e8d76a,Gregory Shaffer,91316455,99,3,297,2024-08-12 08:16:01.811185,delivered,96943,FM,Discover
cc56a512-0257-4e4b-a54b-3caea23a4647,Amy Johnson,04732259,14,2,28,2024-08-21 10:38:23.328698,pending,96942,FM,American Express
7529ef79-a03d-47ea-beaa-3507f4a34490,Brian Martinez,03324752,64,9,576,2024-07-23 20:08:16.150144,delivered,96942,FM,JCB 15 digit
226c696e-9cce-4b0f-95ba-7deb2220ca00,Derek Carroll,86687287,99,8,792,2024-07-21 12:07:56.928601,pending,96941,FM,JCB 16 digit
0959321f-394c-48d2-b793-7acb369fc7e1,David Torres,31773683,11,2,22,2024-03-25 05:26:51.424344,delivered,96944,FM,VISA 19 digit
75441a71-f14d-4eb6-bd77-e9a9a576bf7d,Tonya Lopez,05966127,30,2,60,2024-03-04 16:34:18.226489,pending,96944,FM,American Express
2446e8b1-0ab1-45d8-ae9d-5f04e3eb1709,Deborah Gordon,37774189,23,10,230,2024-03-02 04:31:54.196280,shipped,96944,FM,VISA 16 digit
e5bebf6e-0841-466e-a65d-b49dcd0fcba5,Hayley Smith,27939017,89,2,178,2024-08-02 17:39:03.722297,shipped,96942,FM,VISA 16 digit
3b6184fa-67ae-404f-841b-73f10c3bfadc,Jesus Thornton,61400313,89,7,623,2024-02-04 10:55:04.428498,pending,96942,FM,VISA 16 digit
18fceaa1-c99e-49d6-8bdd-1b03f65d77ad,Steven Scott,03714348,60,5,300,2024-01-17 17:40:36.371660,shipped,96942,FM,Diners Club / Carte Blanche
ee9e1620-56a5-44c6-815b-4c31c8f6d7da,Jeffrey White,23960619,100,1,100,2024-07-01 19:40:47.687811,shipped,96943,FM,VISA 19 digit
fc48dd34-76fd-47be-83ae-a688197e04a1,Dan Kelly,08944856,95,1,95,2024-03-09 14:18:38.412715,pending,96942,FM,JCB 16 digit
a77455b6-6821-468e-8116-f0f77554adea,Kevin Michael,84391049,58,9,522,2024-03-02 08:01:44.794112,pending,96941,FM,American Express
17659ee4-5a45-4aec-8aa3-69bca0f7d222,Diana Quinn,96790861,73,6,438,2024-05-24 17:53:01.899599,shipped,96943,FM,VISA 13 digit
cefad126-1dcb-4970-91f3-6503a465469b,Katrina Lopez,04206149,12,6,72,2024-04-17 10:00:34.732038,pending,96943,FM,JCB 16 digit
4d72f0f9-cc36-4a22-bf0e-8de10cacefce,Ashley Williams,54557642,60,5,300,2024-04-29 19:13:26.862850,shipped,96944,FM,JCB 16 digit
6a015d17-8c04-4acc-bdfc-0d716bec1f26,Wayne Adams,04590750,51,4,204,2024-05-04 23:54:26.189200,delivered,96941,FM,Mastercard
f96abea9-ea5a-4fe1-a510-2f701249a3b4,Mariah Hunt,40155463,95,3,285,2024-08-14 07:34:36.217445,delivered,96942,FM,American Express
e391150d-2464-4850-a42e-2d309ab34974,Tamara Underwood,43691128,46,8,368,2024-01-09 06:03:13.519562,delivered,96944,FM,JCB 16 digit
7271232f-a10e-4fb1-aad7-5059fc0b9829,James Richardson,42737117,45,4,180,2024-05-02 12:01:20.276015,pending,96942,FM,VISA 19 digit
c7999673-566d-453b-a1dc-dc9e23dc62d2,Jacqueline Velazquez,79968591,58,4,232,2024-08-23 11:40:44.139842,shipped,96942,FM,JCB 15 digit
0db9f31a-ca20-4f45-b0e5-debb5bfdbfb7,Amber Davis,91054203,42,3,126,2024-03-08 02:56:27.285119,pending,96942,FM,VISA 19 digit
ea7b4f0c-cea7-4482-8e4b-ddfd7e3866e3,William Hayden,40456362,67,7,469,2024-01-02 12:02:19.701711,delivered,96944,FM,VISA 16 digit
14f2fa2d-b16a-445d-baed-16b3e267843f,Ashley Edwards,74812677,88,8,704,2024-05-17 05:25:45.484386,delivered,96942,FM,JCB 16 digit
e929e29c-beaf-4478-87ee-c1b28391511d,Laura Walker,87069976,59,6,354,2024-01-24 01:58:41.406809,pending,96943,FM,VISA 13 digit
17baa810-167a-4eba-8cdd-deff201ffc82,Charles Davis,39042675,63,3,189,2024-01-12 14:34:51.746224,delivered,96944,FM,VISA 16 digit
7b49ac8a-68e6-4947-940f-f74f5426b1c2,Samuel Ramsey,05513697,34,9,306,2024-03-06 03:43:24.416088,shipped,96944,FM,JCB 16 digit
a9e4a3f4-23d9-4082-a15f-7d3dd383c0d0,Andrea Mcintyre,00312028,35,2,70,2024-02-06 05:18:37.160025,shipped,96943,FM,Mastercard
20a12de3-7db7-4121-b23a-56e26a00e731,Melissa Roy,46013538,55,8,440,2024-09-01 14:41:00.849033,delivered,96944,FM,JCB 16 digit
5de51982-90d4-4846-8aae-390406411d69,Samuel Bailey,58994344,7,7,49,2024-06-19 11:21:00.785171,pending,96943,FM,Mastercard
37394f67-648e-468f-8720-1ae0114a86ae,Jennifer Richardson,39930453,33,3,99,2024-02-24 21:08:03.063860,shipped,96941,FM,JCB 16 digit
10c9f517-839d-4012-9f16-b18f88f0a64a,Jesus Thornton,25421965,84,4,336,2024-05-16 23:09:00.787439,pending,96942,FM,VISA 16 digit
373f1824-2b09-4cbe-a185-28254ca670c5,Nathan Wright,72379394,14,1,14,2024-07-04 21:50:56.102801,delivered,96941,FM,Discover
f3d94ed2-b543-430c-85c2-2db7993f418e,Henry Richardson,54203228,92,1,92,2024-06-15 16:35:47.841235,delivered,96941,FM,VISA 16 digit
feabc704-1f47-4cfa-abc3-1bb33359395a,Megan Rodriguez,05241804,50,4,200,2024-03-10 08:36:21.560926,delivered,96942,FM,JCB 15 digit
6ed3d9a0-d4f5-4f55-a3bb-05a737ce6b3b,Travis Wilson,27353332,12,6,72,2024-03-19 02:01:46.140902,pending,96944,FM,Diners Club / Carte Blanche
c7d66b6d-28c3-4178-a916-2719a506dd63,Joseph Ortiz,57225654,4,7,28,2024-06-20 21:56:20.711067,pending,96942,FM,JCB 16 digit
5de3266e-5ec1-4e14-b49f-ef5e54cb3fcd,Lisa Montgomery,97212294,99,7,693,2024-08-19 01:07:20.253361,shipped,96944,FM,Discover
002ec28f-8e58-4a19-962c-1492af21311d,Timothy Lopez,20938611,81,8,648,2024-09-06 19:54:21.998589,pending,96943,FM,JCB 16 digit
e8ad3a21-faf5-485d-903e-7f0872f1cfda,Mathew Bishop,46131904,40,8,320,2024-06-14 17:13:48.665926,delivered,96942,FM,VISA 16 digit
