544d3e0e-e515-4f31-8450-f7a5c76f4511,Jacob Rojas III,49317428,73,9,657,2024-01-31 23:58:44.347718,pending,19073,PA,VISA 13 digit
f4bfd322-889b-4e89-9620-618746205be0,Jonathan Pollard,98772322,97,5,485,2024-05-10 07:03:02.632638,shipped,19022,PA,Diners Club / Carte Blanche
e4b6da2b-8534-4504-bc6d-9a6afe310bf9,Joseph Martin,18545135,75,7,525,2024-08-29 02:20:47.359324,pending,18330,PA,Discover
456d2376-de23-4824-b912-bcfb6a340252,Michelle Walker,03324752,64,1,64,2024-05-09 10:12:44.363433,pending,15096,PA,VISA 16 digit
13d3b207-ca80-43dc-b295-4aea41721ef6,Justin Collins,46013538,55,9,495,2024-08-15 22:26:45.246794,delivered,15686,PA,JCB 15 digit
18174de7-2101-4a50-8fd5-18d7cf8e5404,Evan Tanner,94204964,76,9,684,2024-06-27 05:41:00.762110,shipped,17497,PA,Diners Club / Carte Blanche
0b046be3-91e8-4cfa-b487-ad14c9aa56c6,Felicia Gutierrez,66469377,6,4,24,2024-02-14 06:31:54.452569,pending,16940,PA,Diners Club / Carte Blanche
da4d3736-ae93-4c6d-ab24-abb53ba9a704,David Castillo PhD,37034559,9,7,63,2024-07-09 00:57:35.569049,pending,17107,PA,Discover
702b7885-62d2-452c-aa76-c01f02680e2f,Drew Hall,22086945,62,4,248,2024-05-07 06:56:12.092355,pending,15871,PA,Discover
18994a85-f4f3-4a25-9e59-2a6eeac1bb7d,Jonathan Murray,43454358,59,8,472,2024-01-20 10:50:11.419372,delivered,17787,PA,VISA 16 digit
dc97031b-eacb-4957-9cd4-d3e2143939c6,Andrew Mendoza,19682693,70,7,490,2024-08-02 02:49:37.774849,shipped,16822,PA,JCB 16 digit
272d3c75-9b62-4e5b-8f04-007c7eab80e3,Jennifer Tran,29090228,62,5,310,2024-07-06 22:34:20.899690,pending,18694,PA,VISA 13 digit
1b067cb3-799b-4f89-a3d0-e4e710550702,Logan Jordan,81695935,90,2,180,2024-06-05 17:08:13.138144,shipped,15894,PA,American Express
b5a774cd-8e07-4622-8da5-ab656bc1efe0,Robert Lawson,10545225,49,3,147,2024-01-06 11:14:31.128256,shipped,19539,PA,VISA 16 digit
9c66bafe-584e-4f00-b502-28e2cb8421c5,Kyle Jordan,66541691,27,10,270,2024-08-22 14:40:03.593445,delivered,17436,PA,Diners Club / Carte Blanche
bd1928d0-fb79-4a1a-88a2-0443d4fafa7f,Kimberly Farrell,32433036,36,1,36,2024-03-09 03:25:26.512206,pending,15093,PA,JCB 15 digit
f4cdb94a-d625-4907-aa9c-e43f05f2238e,Logan Jordan,45745249,26,2,52,2024-08-27 22:18:23.808626,pending,15894,PA,American Express
5eff165c-402a-4ead-bfa4-6b71ed1659ad,Judith Williams,51020477,55,7,385,2024-06-17 02:58:21.795935,pending,15480,PA,VISA 19 digit
5e414978-447b-48f7-979e-a2c43af613bc,Krystal Ayala,24220491,37,1,37,2024-04-27 06:14:51.775790,delivered,19042,PA,Mastercard
af45bdf4-5c1b-4f6f-b063-7d4176480a43,Cynthia Salas,56543667,46,6,276,2024-06-29 04:42:39.020667,pending,19070,PA,VISA 16 digit
b2851f0e-50e5-4020-8681-dc1bf24743a3,Brandy Fowler,29075430,44,10,440,2024-08-04 13:07:06.348814,delivered,19181,PA,American Express
d3f2fc08-5e81-4e12-864d-7c70ebbd0d7b,Sarah Smith,01832440,74,3,222,2024-08-30 17:45:22.318624,pending,16623,PA,American Express
c15059ae-6537-48a1-bca9-388679671ee3,Albert Clark,42508571,41,5,205,2024-06-05 03:15:58.679757,pending,17295,PA,JCB 15 digit
8b64b94d-26d5-47ba-97f6-e3781af447c2,Felicia Gutierrez,06325756,90,2,180,2024-05-09 03:27:06.790980,delivered,16940,PA,Diners Club / Carte Blanche
fd260aa5-b7bd-4eef-a62e-71b512118957,Jonathan Pollard,88283210,31,1,31,2024-03-13 05:27:12.515480,delivered,19022,PA,Diners Club / Carte Blanche
d0c7ee1f-43b8-4ae1-8bcb-315d3f746b6f,Terrence Swanson,22532916,47,10,470,2024-06-21 01:30:42.847165,shipped,17833,PA,VISA 19 digit
ba988e17-25fb-4f76-a3d9-ec631ec903a6,Lisa Obrien,83955846,38,1,38,2024-03-30 10:23:37.613860,shipped,17790,PA,JCB 16 digit
1a93aa28-ea63-41cc-86b7-29776e29d46f,Frederick Adams,39073396,24,8,192,2024-06-18 08:58:53.665949,delivered,18885,PA,VISA 16 digit
1397832c-daa6-4b6a-9fdf-49e2d0a76150,Robert Lawson,33242811,96,2,192,2024-02-11 18:16:00.603291,pending,19539,PA,VISA 16 digit
20e38952-8099-4667-9aaf-e5a771d4eed4,Christopher Ward,08986047,70,2,140,2024-01-01 03:22:13.279996,delivered,15383,PA,American Express
fc79faf0-91b6-42e1-9a78-72765fb0a5c7,Penny Luna,80713432,71,4,284,2024-02-29 14:15:24.727407,delivered,17914,PA,JCB 16 digit
3515293a-6bc3-4a91-911c-6a443565243e,James Santos,94231854,20,1,20,2024-04-08 05:34:44.302627,pending,15555,PA,Diners Club / Carte Blanche
053dcbec-be27-4811-9843-2b9e1328ca1b,Kyle Jordan,99519056,78,10,780,2024-06-22 05:44:22.557111,delivered,17436,PA,Diners Club / Carte Blanche
b0324f11-bca9-4a35-9835-4f102dffb6d2,Hannah Hill,04025504,49,5,245,2024-08-30 00:44:57.480575,shipped,18533,PA,VISA 16 digit
8e2c8916-1069-4319-8bf4-160026058894,Johnathan Williams,83227981,66,3,198,2024-06-27 03:22:24.006081,shipped,19292,PA,VISA 16 digit
6e01dd07-caf5-405b-9545-08ab44a84043,Jacob Rojas III,73386353,29,9,261,2024-06-07 06:14:56.887160,delivered,19073,PA,VISA 13 digit
c3bd64f8-a685-42b3-9292-63f4dc11c823,David Barnes,68542153,87,8,696,2024-06-21 11:12:56.695503,pending,17673,PA,Diners Club / Carte Blanche
88da1c9f-b0d7-448a-b195-6e7dcf5dea66,Rick Atkins,40839967,14,7,98,2024-02-06 13:18:15.530616,delivered,19482,PA,Discover
7f183259-48ec-4c3b-a06b-a35388266c31,Kathleen Case,37034559,9,2,18,2024-06-29 16:50:33.497663,shipped,18810,PA,Maestro
5a88e4fd-9975-43b0-9807-ae0525fa80d7,Joseph Martin,06345297,93,5,465,2024-05-13 19:50:13.669485,pending,18330,PA,Discover
2d8371c6-6738-405c-8a91-24067757a999,Judith Williams,53030375,81,2,162,2024-01-13 20:37:13.374938,pending,15480,PA,VISA 19 digit
bb8f7ecc-4980-4180-84d1-d11fa45798b2,Christina Pace,30874664,47,6,282,2024-05-25 02:27:35.144007,shipped,19157,PA,VISA 16 digit
8ec8aa66-5088-473a-869e-e79e21ff0621,Micheal Medina,33026503,55,3,165,2024-05-27 14:34:07.765297,delivered,15872,PA,JCB 16 digit
c6417404-8555-4b5f-b543-731116c16000,Kathryn Mata,46762818,54,10,540,2024-01-21 17:07:16.318436,shipped,16976,PA,VISA 16 digit
d6e11745-7b0b-4f0c-841b-adca1646378b,Robert Garza,98075218,6,8,48,2024-02-07 23:28:28.431997,shipped,17247,PA,Mastercard
89246db7-3829-431d-8c1c-6e2c648075e5,Evan Tanner,70963083,79,10,790,2024-03-14 16:31:14.372463,delivered,17497,PA,Diners Club / Carte Blanche
3277199d-0b8c-4ca2-ac51-46d62ac752ec,Bobby Roberts,51312442,11,4,44,2024-07-18 21:25:50.523182,pending,16472,PA,Discover
d4687ca4-1d7f-4d8a-9f77-542fadc2198c,Xavier Smith,73839620,49,3,147,2024-06-18 13:33:02.653500,shipped,17093,PA,JCB 16 digit
65903d99-5c27-4f58-b5c2-d3300f9b0409,Logan Jordan,37774189,23,2,46,2024-06-06 13:12:23.807527,shipped,15894,PA,American Express
ce9de7a8-bd3e-49e2-a870-9fb90f0a0e65,Theresa Mcclure,59880158,64,7,448,2024-01-30 18:24:57.138618,pending,15595,PA,Discover
5fa30254-7ea7-454e-9b63-2d0ddad6f9c7,Matthew Huynh,58477519,53,7,371,2024-07-20 21:32:40.502591,shipped,17831,PA,JCB 16 digit
4c1db404-4c36-4c92-8f12-4000c46bdfa5,Brenda Walker,58919057,77,10,770,2024-07-15 06:56:28.245896,pending,17972,PA,JCB 16 digit
c7a69d53-01be-4e36-9f70-5c73d940a009,Mr. Robert Johnson,35491767,50,3,150,2024-05-25 21:16:00.032539,delivered,18804,PA,American Express
08b302ca-9368-41f2-a937-19a1918efafd,Victoria Smith,04061168,46,3,138,2024-08-11 14:10:32.273089,shipped,17500,PA,American Express
c57f2677-1597-43d8-801e-a55c5b5e6f63,Micheal Medina,30211889,59,9,531,2024-03-18 13:14:11.419357,delivered,15872,PA,JCB 16 digit
53e74ee0-0c7c-47f5-8b73-3f676a016e03,Jennifer Tran,08841247,82,1,82,2024-03-24 18:09:28.532256,delivered,18694,PA,VISA 13 digit
5a1b5ff7-74a6-4423-a80f-f57edefb30d5,Christian Mcdonald,49643077,93,7,651,2024-01-13 14:57:44.599754,pending,18065,PA,JCB 16 digit
d736a19f-9b70-4d74-8e33-0743b959bf33,Christopher Massey,19525204,80,5,400,2024-02-03 22:13:20.195886,shipped,19281,PA,VISA 13 digit
4665c411-1db4-4a2c-8790-9c5f3d5095ec,Judith Williams,64653501,86,6,516,2024-06-26 15:47:15.183792,pending,15480,PA,VISA 19 digit
ab20ab19-5fcc-4781-88a3-79dc74fbf37f,Kevin Martinez,09362741,25,7,175,2024-02-22 23:09:31.312509,pending,16906,PA,VISA 13 digit
0d948423-a1f3-471a-9fbf-ee7a45854d24,Penny Luna,96110577,78,5,390,2024-03-08 10:14:13.876663,delivered,17914,PA,JCB 16 digit
a72310db-e968-4d3d-9bb2-86d6aaaeb398,Samuel Archer,86165112,80,1,80,2024-01-05 23:00:29.562978,delivered,18209,PA,VISA 13 digit
98c325ea-d782-4f82-862a-f66e380d02ab,Brian Barton,37895129,80,9,720,2024-05-24 09:24:55.154673,delivered,17802,PA,VISA 16 digit
0bf41308-97d8-40a1-a001-893ddcbca283,Kyle Jordan,54327139,22,10,220,2024-04-12 01:27:41.202039,pending,17436,PA,Diners Club / Carte Blanche
03b90d56-019b-418e-a3ba-40dba38b5d5a,Dawn Sanchez,85153592,23,4,92,2024-08-28 19:08:24.715265,delivered,18585,PA,JCB 15 digit
0cbf6cd9-f7ff-46b1-b2b5-a328f9604a3b,Elizabeth Pearson,16395183,34,4,136,2024-06-18 23:30:18.414295,shipped,15589,PA,VISA 16 digit
9b68dbc6-f37b-4f33-969a-d0228a964ec9,Albert Clark,52206405,69,10,690,2024-03-19 23:17:28.119407,pending,17295,PA,JCB 15 digit
a4ae113a-c451-4a98-bc0f-655ec9a8caa5,Lucas Ward,29554256,38,5,190,2024-07-20 05:29:22.179181,pending,15558,PA,JCB 16 digit
03fa6b44-e0b6-4cb7-b8c5-7b5872d61eb5,Devon Coleman,87243000,9,3,27,2024-04-06 04:04:02.337839,shipped,17361,PA,VISA 16 digit
cfa37585-5130-4e17-8d0d-799a96d68340,Jeffrey Hayes,90087110,16,8,128,2024-01-16 12:02:35.686402,pending,17367,PA,Discover
4941e235-97f2-4b1a-b0e2-9c0d34f69a80,Christina Pace,99548780,50,10,500,2024-05-22 18:02:44.177516,pending,19157,PA,VISA 16 digit
3bf02575-a023-4692-9b61-a340b204b204,Christian Mcdonald,55846998,46,10,460,2024-06-29 00:13:45.455291,pending,18065,PA,JCB 16 digit
91ba7251-7cc3-4a9c-8d42-49ea0818e719,Ronald White,41174647,46,1,46,2024-07-01 05:21:02.500479,pending,18043,PA,JCB 16 digit
aba4d865-7502-47a8-90c9-aa56533b28ff,Xavier Smith,78179325,83,7,581,2024-03-05 13:07:26.283212,pending,17093,PA,JCB 16 digit
cab13cc3-dcf3-4678-8873-b66fca790650,Drew Hall,14147876,98,3,294,2024-02-04 22:09:23.472222,pending,15871,PA,Discover
2c63f68a-7f23-4540-a333-5173618ef5dd,Christopher Massey,15704122,15,10,150,2024-08-12 07:14:26.978904,delivered,19281,PA,VISA 13 digit
10a380ca-037e-4e6c-bf8e-43e7025aed09,Kevin Martinez,97611325,12,5,60,2024-07-18 08:52:27.242562,delivered,16906,PA,VISA 13 digit
c07d9b76-d11e-4ab4-8932-58eb8a322b5f,Matthew Huynh,18400908,31,3,93,2024-01-08 14:43:04.525249,delivered,17831,PA,JCB 16 digit
95e358d6-aadf-4f4e-aeb7-f797e11e7f94,Michael Jones,62609074,94,3,282,2024-03-14 22:15:56.408422,shipped,15930,PA,Diners Club / Carte Blanche
6741d74c-7025-4986-b1d6-1d703e5012bf,Evan Tanner,58766415,54,2,108,2024-02-03 09:58:17.704696,delivered,17497,PA,Diners Club / Carte Blanche
8d1ef620-6eee-48e5-b05f-a15b71b07f11,Drew Hall,25268904,24,7,168,2024-08-31 13:35:24.085795,delivered,15871,PA,Discover
532fb652-c8af-4544-8316-018260e22125,Erin Phillips,78125391,34,3,102,2024-01-29 17:31:41.831023,pending,16926,PA,Maestro
97893842-1de4-4326-b5da-5c881d18d45c,Victoria Smith,01448955,31,4,124,2024-03-02 14:14:51.633266,shipped,17500,PA,American Express
f5f48e55-1e4a-40f2-9b24-de48b3af5dac,Elizabeth Pearson,75507817,60,10,600,2024-06-16 23:55:48.710812,shipped,15589,PA,VISA 16 digit
9ccd5d1a-75a2-4348-b871-27c18867afee,Cynthia Salas,00963947,8,9,72,2024-01-30 00:27:38.439063,shipped,19070,PA,VISA 16 digit
40ce6b5e-b6a6-4dee-b85c-206c663a5380,Christopher Ward,79205986,19,5,95,2024-06-26 04:56:16.663355,pending,15383,PA,American Express
0cd57044-d59a-41e6-b32c-9074dfd2724e,Kevin Martinez,05887194,47,3,141,2024-08-06 19:56:15.109737,pending,16906,PA,VISA 13 digit
2158b9a5-ac2f-446f-bb3a-29448a817fe5,Brent Weaver,90286865,87,7,609,2024-08-11 01:53:28.932117,pending,15921,PA,JCB 16 digit
cba90c7b-ffb7-45c8-a0a1-202fa443fc58,Johnathan Williams,36431311,52,5,260,2024-06-24 07:22:57.827091,shipped,19292,PA,VISA 16 digit
bc77d8ae-4f03-4ac0-bdb6-aa84b8f4fe2b,Robert Garza,95212791,1,3,3,2024-07-24 16:41:43.620165,pending,17247,PA,Mastercard
e56e3501-3280-4632-aa98-d64c72898c63,Lucas Ward,78459496,55,3,165,2024-08-24 03:15:55.668891,delivered,15558,PA,JCB 16 digit
b4a8ac9f-2840-4e45-8095-69acf29173fa,Albert Clark,63482904,5,4,20,2024-08-27 05:24:40.900211,shipped,17295,PA,JCB 15 digit
c3ec4571-9f93-4df2-96c6-6010535d218d,Jonathan Pollard,71624204,18,8,144,2024-03-17 06:19:44.969012,delivered,19022,PA,Diners Club / Carte Blanche
aa43932d-0ea3-49f4-baaf-a47dea39209b,Joseph Johnson,97611325,12,10,120,2024-06-28 20:20:02.486949,delivered,15698,PA,American Express
0bad73f3-c27c-40b9-a71b-30f864da1260,Michael Jones,33242811,96,3,288,2024-01-30 14:54:50.383494,shipped,15930,PA,Diners Club / Carte Blanche
ba905d04-ac4f-4fd6-b0b3-59b7a712751a,Nicole Bennett,30471887,7,5,35,2024-02-28 22:27:44.088165,shipped,16446,PA,VISA 16 digit
c90c4b8b-d550-4e49-b260-a401b962ec82,Beth Harris,52741173,92,3,276,2024-05-24 08:10:46.243137,pending,18480,PA,Discover
ba695e20-8a1f-446a-a15f-5e116214a4e7,Michael Berg,65931882,13,6,78,2024-07-09 13:05:48.460098,pending,19227,PA,Mastercard
411e4956-052e-4da2-ab46-5ee9e14c757a,Bobby Roberts,84295569,81,1,81,2024-04-07 02:12:26.828399,pending,16472,PA,Discover
8db42bdd-a7e7-4e73-b991-77e50bf1d9b2,Tracy Hartman,01832440,74,2,148,2024-04-01 11:30:12.688241,shipped,16606,PA,JCB 16 digit
9b15f354-f193-4113-b641-53d234f93a65,Matthew Huynh,30874664,47,5,235,2024-01-11 02:06:12.112795,delivered,17831,PA,JCB 16 digit
b5ae16c5-d088-4e0f-889f-57f1831b7aaf,Kyle Jordan,24478960,99,1,99,2024-02-06 07:38:25.687902,shipped,17436,PA,Diners Club / Carte Blanche
dfa8f739-b895-4d0b-8014-c77cb5d86e29,Tina Mccarthy,40456362,67,8,536,2024-02-23 22:23:07.880625,pending,17011,PA,VISA 19 digit
2d1dcee3-3930-41e1-8802-a86dc1f2cd2a,Nicole Bennett,72379394,14,5,70,2024-05-24 08:18:59.908027,delivered,16446,PA,VISA 16 digit
2b310495-ed38-492e-b158-a0a0927808b1,April Flores,46252746,15,10,150,2024-04-07 07:08:39.093551,shipped,19083,PA,Mastercard
339c1f55-07f1-4578-a8ae-2c92ae1b2f97,Jonathan Pollard,45208539,63,5,315,2024-08-04 12:16:48.367337,delivered,19022,PA,Diners Club / Carte Blanche
b8ffc6a8-39ae-4497-baaa-1a0ff8fd298c,Heather Watkins,03324752,64,10,640,2024-05-27 17:12:44.533449,pending,15221,PA,American Express
21f16bd0-6f80-4411-91f9-ede30bc58695,Johnathan Williams,31194587,21,7,147,2024-04-19 04:42:32.671932,shipped,19292,PA,VISA 16 digit
2ce1c72c-d9f1-435d-9b64-21261c5d3b8b,Monica Archer,95126470,77,5,385,2024-06-23 04:35:24.883890,shipped,18338,PA,VISA 19 digit
a03e9c89-a34a-4171-8943-a78d2e734112,Timothy Carrillo,59880158,64,9,576,2024-06-26 16:23:14.920778,delivered,18199,PA,American Express
0a56b7ec-115a-4250-b630-c45d09e5daf2,Christopher Ward,82065393,29,8,232,2024-06-10 14:34:25.549359,shipped,15383,PA,American Express
2a39a955-a97e-455d-8d51-f051eee257b9,Michael Berg,27523414,52,5,260,2024-02-02 04:08:40.797961,pending,19227,PA,Mastercard
39c3f57f-d120-419e-98ef-f54853b2f8ee,Joseph Johnson,27939017,89,4,356,2024-05-22 16:30:26.715807,pending,15698,PA,American Express
3a15f77f-461c-41fa-967a-80c0ba3339ce,Victoria Smith,43075881,41,7,287,2024-06-20 10:48:19.962575,shipped,17500,PA,American Express
7b164578-9b0a-48ed-acac-01468f3def5c,Lisa Obrien,19947983,50,4,200,2024-05-08 20:41:00.861999,delivered,17790,PA,JCB 16 digit
41c98802-0d20-49d1-a2f1-fcd7ac2fe504,Micheal Medina,22963901,6,2,12,2024-06-27 07:35:04.526854,delivered,15872,PA,JCB 16 digit
c38b7430-e690-4272-a16e-005dfffef0b4,Samuel Archer,00963947,8,6,48,2024-04-24 09:32:16.725899,delivered,18209,PA,VISA 13 digit
7cbeceb3-171f-4a8f-a0ca-244df2f27fcc,Ronald Snyder,61435254,25,10,250,2024-06-05 23:57:25.891371,shipped,17470,PA,Maestro
e9725614-5e39-4882-999f-2bda281180ab,Christian Mcdonald,62276696,54,8,432,2024-01-03 21:03:51.701077,pending,18065,PA,JCB 16 digit
c8f6f4f6-ca4a-42ad-9a47-cd97186fd38f,Albert Beasley,86900478,9,5,45,2024-03-19 05:14:32.363226,pending,16112,PA,Mastercard
f8b1ac75-6a40-4197-b774-f2e90b8e0df2,Calvin Marshall,19585079,64,3,192,2024-04-01 15:06:44.245798,delivered,18974,PA,Maestro
f45ba801-79b2-48c0-84f6-ec009ab002b4,Christina Pace,61139398,83,4,332,2024-06-22 04:09:03.465253,pending,19157,PA,VISA 16 digit
41755a1a-04e8-4dc3-bc7a-e3fded9789cf,Erin Phillips,35336228,80,5,400,2024-02-29 13:29:09.551164,delivered,16926,PA,Maestro
08b735db-24f7-4e7f-92e9-ba46c993831a,Danielle Graves,98075218,6,10,60,2024-05-13 07:57:16.682084,pending,15164,PA,VISA 16 digit
434acd15-5cc4-4973-86c8-b2b5c41f7637,David Roth,29609239,59,10,590,2024-01-06 21:11:32.340677,delivered,19368,PA,Diners Club / Carte Blanche
1b408cb5-2107-4277-acc3-7fb6636c071e,Joseph Johnson,16567214,30,6,180,2024-08-19 20:11:19.771881,pending,15698,PA,American Express
2deda408-f0ab-4aa8-a7c7-21d4c4cd4265,Nicole Bennett,01383133,23,6,138,2024-05-08 23:53:53.516557,shipped,16446,PA,VISA 16 digit
edf21f68-0c2f-4a0e-8293-4ded68891b99,Frederick Adams,55963985,43,9,387,2024-03-27 06:36:58.567698,delivered,18885,PA,VISA 16 digit
60fb251f-43d3-4139-b8d3-1f56518d4658,Theresa Mcclure,33510491,9,9,81,2024-03-30 15:49:07.149478,delivered,15595,PA,Discover
b61a74d8-47d3-43b5-89fa-8d10bf3f56a7,Joseph Williams DVM,54557642,60,5,300,2024-08-03 23:32:13.185638,shipped,18266,PA,Discover
7acb7411-af23-46a1-b855-bef74762d62d,Kelli Mcknight,48878920,83,10,830,2024-04-11 15:40:17.624871,delivered,19267,PA,VISA 13 digit
3680c775-7235-47a2-88a7-db4c79f15465,James Santos,04314660,42,3,126,2024-05-07 10:37:26.438693,pending,15555,PA,Diners Club / Carte Blanche
15ee671a-3b9a-4cce-87c0-24c3ddef0917,Brent Weaver,68248239,62,3,186,2024-05-22 12:17:10.952416,pending,15921,PA,JCB 16 digit
0671de7b-6a8d-4f4b-a22d-bce8a094275c,Bobby Roberts,76571466,16,4,64,2024-06-01 23:11:10.278011,shipped,16472,PA,Discover
7aab9ab3-869e-4fff-a46c-32f30ae6a86c,Christina Pace,41838853,22,3,66,2024-03-13 08:23:14.135806,delivered,19157,PA,VISA 16 digit
ae314895-113c-47aa-aec3-1961278e42b7,Lisa Obrien,13894016,63,6,378,2024-01-25 05:52:19.759933,pending,17790,PA,JCB 16 digit
cbd3465d-f3d1-40ea-b8e6-dcd09880e979,Catherine James,26036328,74,9,666,2024-04-15 14:14:49.977198,pending,18569,PA,VISA 16 digit
d86ad13b-b13a-47d9-9884-cabd3a9492eb,Jill Woods,59102731,81,2,162,2024-04-07 21:39:37.713700,shipped,18818,PA,VISA 16 digit
896381cd-f1b9-4fa6-adcf-f70aa17084f9,Krystal Ayala,05765690,35,4,140,2024-06-25 17:18:03.577431,shipped,19042,PA,Mastercard
e4fefe13-a8f9-4b45-84b5-54e212ec73df,Amy Arias,51460853,28,7,196,2024-07-28 16:20:43.032553,delivered,18537,PA,Discover
c45bd211-a027-4dea-aa56-6975df0d608f,Anna Munoz,54223837,62,10,620,2024-04-11 19:48:57.323997,shipped,16101,PA,Maestro
ba1e9c34-630d-4c44-83bf-ebc2f3c20edf,Samantha Webb,80362616,21,8,168,2024-07-15 06:35:04.058530,delivered,15236,PA,VISA 19 digit
1f1276b6-206c-4810-84c5-268bbb47daff,Kathleen Case,86376501,14,9,126,2024-08-27 14:25:52.031592,delivered,18810,PA,Maestro
784e924d-4343-4d3c-b98a-d3d9ed427c9f,Terrence Swanson,49687545,40,8,320,2024-06-10 18:46:21.531479,pending,17833,PA,VISA 19 digit
9d20776f-ff30-48f2-b373-bfb0f9a4585b,Logan Jordan,40759296,97,5,485,2024-02-08 20:44:57.054787,pending,15894,PA,American Express
70b6d02c-3aef-4b7c-a205-ae02992aa8e6,Michael Jones,80362616,21,8,168,2024-07-06 07:22:38.005591,pending,15930,PA,Diners Club / Carte Blanche
a2f018c1-eca0-472f-8982-9ae79b22332c,Jonathan Murray,78376038,10,8,80,2024-02-03 18:13:22.941000,delivered,17787,PA,VISA 16 digit
f96f0a6b-70c6-45ea-a560-ea88ab863c99,Mr. Robert Johnson,39938688,12,1,12,2024-07-03 21:05:56.272281,shipped,18804,PA,American Express
5ae897c4-770b-4f15-a815-45ab009a8379,Albert Clark,37888732,42,3,126,2024-06-25 22:24:04.334113,delivered,17295,PA,JCB 15 digit
57a71403-c8ae-45c0-a64e-2bc2f7162bda,Michael Stewart,57313627,47,2,94,2024-05-17 18:03:53.315730,delivered,15189,PA,JCB 16 digit
e03f146e-cb61-45bc-bb6a-9b9a08d2d94e,Brandy Fowler,01047004,78,8,624,2024-04-03 22:35:55.000300,delivered,19181,PA,American Express
38506153-bc44-4b56-87f1-94f652fdf77a,Anna Jackson,41909515,98,5,490,2024-02-18 14:22:36.148792,pending,16590,PA,JCB 15 digit
d89ca105-0f02-4cdb-aecc-84533cfaafa0,Dawn Sanchez,17503594,48,7,336,2024-03-06 04:06:52.904849,shipped,18585,PA,JCB 15 digit
df070bb9-2717-4bfa-aee1-98809c986b74,Kelli Mcknight,01448955,31,4,124,2024-05-07 03:44:24.560813,pending,19267,PA,VISA 13 digit
649ca940-0dd3-49c8-9579-1d3dacef9fb4,Drew Hall,94204964,76,6,456,2024-06-03 13:01:36.042754,pending,15871,PA,Discover
280cd577-4b04-4c25-a8d3-95375e3c6546,Taylor Johnson,07838804,97,6,582,2024-05-27 17:11:49.679979,shipped,15944,PA,Discover
bf7c07fe-1cf4-4199-8569-569ba99d65fb,Nicole Howard,73132257,58,7,406,2024-03-19 13:02:25.409766,shipped,15045,PA,JCB 15 digit
dc84986a-008d-4867-94d0-2f53fc478018,Johnathan Williams,38231483,41,8,328,2024-06-29 20:09:41.620709,delivered,19292,PA,VISA 16 digit
105edf6c-4b50-4e2b-86d8-08655df99f5f,Brenda Walker,13762469,46,1,46,2024-06-06 12:08:17.755839,shipped,17972,PA,JCB 16 digit
8454beef-0032-444c-8a76-59b9c5aa0be5,James Santos,37028183,63,1,63,2024-08-18 01:41:57.816127,delivered,15555,PA,Diners Club / Carte Blanche
6dde4b9e-10ed-4a82-bf3a-f6c583e3a328,Christopher Massey,05583669,76,8,608,2024-05-15 13:58:21.669605,shipped,19281,PA,VISA 13 digit
691eaa2f-fbfe-4bb1-b306-6bc0ce346813,Felicia Gutierrez,31534475,86,1,86,2024-08-03 18:29:30.448139,shipped,16940,PA,Diners Club / Carte Blanche
3a5eccf7-b890-4f5f-8ca7-9b72f835db7d,Michael Berg,31996723,69,5,345,2024-06-29 03:51:25.594450,delivered,19227,PA,Mastercard
5c6ca877-81d5-4667-8e11-d108cff69d12,Logan Jordan,35792888,29,8,232,2024-04-11 22:30:20.132747,pending,15894,PA,American Express
4246b621-a189-4ad3-ad05-7f6346698af6,David Barnes,54223837,62,2,124,2024-08-10 09:08:37.654092,delivered,17673,PA,Diners Club / Carte Blanche
232753ab-e9d9-4999-9fb3-ca6842bb5fb4,Hannah Hill,25341973,79,10,790,2024-02-19 05:17:04.437523,pending,18533,PA,VISA 16 digit
33ec142d-06b7-4479-91d3-f95c78b146c8,Ashley Dean,88956565,33,4,132,2024-03-23 19:07:23.608863,pending,15538,PA,Discover
655b253b-4b2e-4551-9ec7-cd9da74abc80,Nicholas Freeman,55963985,43,2,86,2024-03-28 10:55:22.990131,delivered,15958,PA,VISA 19 digit
8826008c-f11d-46c7-8618-c217007b0195,Victoria Smith,62550376,44,9,396,2024-03-25 08:18:00.747800,pending,17500,PA,American Express
40329e0a-4fbb-445e-b814-34255a6913ba,Christopher Ward,12428557,14,1,14,2024-04-20 16:54:34.311532,delivered,15383,PA,American Express
8b4fbc39-5482-43b3-9ab7-18c3a0d38699,Timothy Carrillo,54609228,20,8,160,2024-06-17 18:34:52.692134,shipped,18199,PA,American Express
52eb29f4-6f93-4fbf-91e7-0d4f9648dea0,Jeffrey Hayes,82765989,38,4,152,2024-09-06 07:50:45.977927,delivered,17367,PA,Discover
cf700deb-94b1-46af-8228-529261cf26e0,Cynthia Salas,14915338,32,2,64,2024-05-23 02:43:00.628300,shipped,19070,PA,VISA 16 digit
bb169d3a-80f4-4c9c-b8f3-4e56f23e6b79,Leah Miller,82630683,65,2,130,2024-08-22 04:02:02.369881,delivered,18952,PA,American Express
61294e89-b51d-476f-aa0d-61803702e650,Michael Jones,09042827,77,3,231,2024-05-29 07:36:54.365484,pending,15930,PA,Diners Club / Carte Blanche
31d225e1-a183-4be3-839f-d5e2dc6c59fa,Terrence Swanson,02041308,68,4,272,2024-07-02 00:14:22.306517,pending,17833,PA,VISA 19 digit
0b61564e-d2f6-4080-a9a9-4e8d8f1a717a,Laura Castillo,97611325,12,3,36,2024-06-04 03:35:22.138409,shipped,16496,PA,American Express
738f05a4-52f3-4dfb-9ff2-542f49dc0a8e,Sarah Smith,95842332,72,8,576,2024-05-16 10:46:18.274233,delivered,16623,PA,American Express
19b760ea-e190-40eb-943d-c32bb9c740bf,Johnathan Williams,23433403,30,2,60,2024-02-10 03:10:23.760809,shipped,19292,PA,VISA 16 digit
3e3e5077-2499-4d13-b887-9534ce1a13c9,Kelli Mcknight,24672085,59,4,236,2024-04-24 15:44:43.280378,pending,19267,PA,VISA 13 digit
b261ff5b-5d03-43e6-bdc8-ab3fde27e9c4,Xavier Smith,18078619,70,8,560,2024-03-07 04:14:52.738370,pending,17093,PA,JCB 16 digit
6874e1f5-e94c-4a59-973a-8341aeeac7d8,Albert Clark,94147346,83,5,415,2024-03-01 03:38:02.079098,pending,17295,PA,JCB 15 digit
d4c79dba-a120-460b-9bad-4a458c50f5c8,Thomas Gross,86165112,80,6,480,2024-07-23 12:45:54.127911,shipped,15650,PA,JCB 15 digit
