2ff23b51-04f9-400e-9ff1-378a31a45062,Dr. Jerry Chambers,18699517,51,7,357,2024-01-13 09:30:14.141159,shipped,96968,MH,Mastercard
7ec29992-b080-47f9-b07f-a4fd92eedda2,Robert Anderson,35381600,97,3,291,2024-03-04 22:56:13.055179,delivered,96970,MH,JCB 16 digit
f8abc3ab-dc6c-4eb1-a81f-af5464640be9,Robert Beasley,73132257,58,6,348,2024-01-09 01:35:29.767607,pending,96961,MH,VISA 16 digit
216e0a69-199c-43ca-a94d-173af51eebf5,Tracy Alexander,57313627,47,10,470,2024-01-25 21:36:22.504277,pending,96965,MH,JCB 15 digit
a8215c50-b026-41b6-86a8-eda9b83c0480,Mr. Matthew Smith DDS,10143926,45,4,180,2024-04-07 00:21:06.067876,delivered,96962,MH,American Express
ee277224-daab-4859-a8e4-824a8000b366,Debra Williams,51020781,69,10,690,2024-03-13 18:35:42.617004,delivered,96968,MH,VISA 19 digit
1180ddd6-e07e-401f-a3f0-064d37d0dccd,Stacy Castillo,75257354,59,5,295,2024-07-24 02:06:32.944817,pending,96964,MH,VISA 16 digit
68710333-dd81-4750-879f-28d47b13c69b,Alicia Cook,54345232,26,6,156,2024-02-01 18:24:21.561310,delivered,96967,MH,VISA 16 digit
74ede4d4-4f4a-4325-91e8-47ac893b7c42,Nathan Patterson,67986309,42,3,126,2024-02-11 13:21:23.165768,shipped,96969,MH,Mastercard
8de88dac-216d-4697-aa68-6a906aacc034,Jeffrey Ward,56149531,70,3,210,2024-01-21 11:02:56.624209,delivered,96963,MH,JCB 16 digit
38b36049-a1cf-45d2-a87a-597a0141b37d,Ernest Marks,32628913,49,8,392,2024-03-28 13:20:09.124751,shipped,96969,MH,VISA 13 digit
88bbd3ab-2541-472c-bb34-94f7f995689a,Malik Jacobson,58766415,54,5,270,2024-07-08 07:32:46.907357,shipped,96964,MH,VISA 16 digit
b791ba16-6d34-4da3-a2f2-297df86ad324,Joseph Lee,50288472,86,10,860,2024-05-01 05:50:49.169480,pending,96970,MH,Diners Club / Carte Blanche
6ca0ca41-d9ea-4bc1-a06d-ea0ea78357b4,Steven Henry,40345093,70,3,210,2024-01-06 16:06:19.425572,delivered,96966,MH,Discover
8174bf8c-d6a9-439e-a38e-f70a2b01bb63,Anthony Maldonado,62413763,42,2,84,2024-02-09 01:48:58.702461,delivered,96961,MH,JCB 15 digit
d311e434-132e-4ea5-8474-c7cf8370f67d,Debra Williams,63059748,27,2,54,2024-08-19 06:44:22.990420,pending,96968,MH,VISA 19 digit
acd0be0f-d541-421b-b35c-c1b895be806b,John Dillon,42386896,54,10,540,2024-01-08 03:35:19.094762,shipped,96960,MH,Discover
b1fc4a77-7f5f-4030-aa69-2ee33153e026,Nathan Patterson,82270858,49,7,343,2024-02-23 03:13:09.695717,shipped,96969,MH,Mastercard
9c30f019-6930-4033-89d6-e7c1865aa3dd,Jonathan Bruce,61103443,27,1,27,2024-06-30 01:18:33.209920,shipped,96963,MH,VISA 16 digit
137168bb-8442-4a8a-9dd2-44480988f1a5,Jillian Solis,59830078,42,8,336,2024-03-07 14:58:17.875743,shipped,96964,MH,VISA 16 digit
0ba6f9e2-9431-48e3-abe0-53243b8ce954,Kelly Vaughn,52598463,61,2,122,2024-05-11 00:31:09.537924,delivered,96967,MH,Discover
3a75ceff-1dc9-4ff6-b1d9-c5500b4f6f22,Scott Hanson,04577096,37,5,185,2024-06-18 19:34:48.619842,delivered,96961,MH,VISA 16 digit
aef62130-3ba7-45e8-959a-a88c2659b69b,Leslie Wright,11676263,85,9,765,2024-02-10 16:06:54.426047,delivered,96965,MH,American Express
ee73238a-df5d-43c7-a54a-8ee90a4a3ea3,Brittany Cisneros,31996723,69,10,690,2024-01-25 01:17:22.507332,pending,96968,MH,VISA 16 digit
703d213e-4b0b-4017-8568-3ab286119a9f,Margaret Ruiz,19061542,69,2,138,2024-08-08 04:59:02.711159,pending,96961,MH,VISA 19 digit
83d7c08a-337a-40cb-844e-3f934e85e274,Kyle Graham,99937300,13,1,13,2024-05-06 04:07:06.068540,delivered,96968,MH,VISA 19 digit
6b491797-3211-4329-a513-e31499622b07,Jose Galvan,62566704,85,8,680,2024-02-15 11:45:52.270026,shipped,96970,MH,JCB 15 digit
a09c8ffb-e543-44a3-a0b0-9088e13b2115,Kirk Byrd,90286865,87,2,174,2024-07-10 04:29:35.422149,pending,96969,MH,VISA 13 digit
5ca624fd-10a4-41eb-abac-92e11b5a7816,Matthew Alvarado,75055035,87,1,87,2024-04-19 21:14:35.612458,pending,96967,MH,Maestro
97adf693-92bc-4b6d-b270-02dd5f9c864a,Alicia Cook,20489977,11,3,33,2024-08-09 22:21:51.169355,delivered,96967,MH,VISA 16 digit
cfcd5d97-b488-4824-8da9-ef809c08a8e4,Mark Shaw,67287970,75,7,525,2024-04-05 10:58:28.311314,shipped,96961,MH,American Express
1c1fe0b5-0261-4cff-92d2-1f4624a19ab9,Kyle Wall,34543184,5,3,15,2024-08-15 16:29:48.732445,delivered,96963,MH,JCB 15 digit
e2c68e93-2619-4566-8edb-ab4da82e5afd,Sandra Johnson,03837573,1,10,10,2024-06-09 19:00:16.130705,shipped,96960,MH,Diners Club / Carte Blanche
ce6819e3-b7c1-4939-929c-dc4dd6aa8abb,Derek Brooks,47350458,72,9,648,2024-06-06 06:54:21.291132,shipped,96966,MH,JCB 16 digit
79212717-b2be-481d-b79e-0658e9a0e141,Michael Soto,45134432,99,2,198,2024-06-02 11:44:14.929762,pending,96967,MH,Mastercard
ae401cf5-8019-4010-9d95-aacf27c79466,William Moore,49419498,23,8,184,2024-05-04 02:01:50.760456,shipped,96967,MH,JCB 16 digit
2dacd44d-f708-45a2-a1fa-2344f3d9d61d,Timothy Green,86908948,17,7,119,2024-09-05 03:12:43.496486,shipped,96960,MH,American Express
b7b533f8-228f-40de-b622-601bfdb9704d,Wendy Evans,58919057,77,8,616,2024-02-05 04:18:06.570455,shipped,96970,MH,Discover
f316050f-0ecd-4b12-9df8-06f478c066cc,Tricia Ho,31034425,53,1,53,2024-06-28 20:20:06.730019,pending,96962,MH,Diners Club / Carte Blanche
8093b4ba-5ccb-490e-9fc2-94abd0d02101,Kelly Ortiz,95549491,90,7,630,2024-06-04 05:41:45.981092,delivered,96963,MH,American Express
814fabee-205e-4d10-bed3-aec26344eb1e,Kelly Vaughn,12321377,32,5,160,2024-03-07 11:27:05.659386,shipped,96967,MH,Discover
a5d6e07c-1e8e-4294-a358-fa32bb32c64f,Colleen Arias,46264275,94,6,564,2024-05-02 19:39:03.879852,shipped,96967,MH,Diners Club / Carte Blanche
37717334-b4f8-4f96-b4ab-1eda1e8a5292,Jodi Ruiz,03648445,23,6,138,2024-03-13 06:09:01.212188,delivered,96962,MH,VISA 16 digit
6833c648-2ffc-47d1-a676-9bf2d5367eba,Joseph Lee,88283210,31,3,93,2024-06-15 20:26:37.345383,delivered,96970,MH,Diners Club / Carte Blanche
95d73c08-a2a3-4fc4-accd-bbe949e18580,Wesley Thomas,84992994,12,3,36,2024-04-25 15:57:34.904422,delivered,96965,MH,Maestro
5061e0d0-e485-44e2-be68-0d95cfeb8da0,Nathan Patterson,22020284,72,3,216,2024-03-21 19:38:16.121942,pending,96969,MH,Mastercard
77343a16-b948-4ce9-b96b-8d2a0acbe2ea,John Nicholson,87165999,45,9,405,2024-03-25 10:41:36.846117,shipped,96968,MH,JCB 16 digit
a11db054-bbc3-4a52-8322-1d665379ca6e,Kyle Edwards,33216805,28,3,84,2024-03-26 11:14:00.241070,shipped,96965,MH,Maestro
31b7ad17-d8e3-490d-a017-a8dbb40dd608,Tracie Grant,08189400,12,5,60,2024-01-28 13:51:56.032207,shipped,96963,MH,VISA 19 digit
a79edcf5-f7a2-4a70-84c7-0149f1322567,Brenda Taylor,35021506,98,7,686,2024-07-31 11:25:16.500421,pending,96969,MH,VISA 16 digit
e590d1bb-c876-42a6-844d-d09ebe50ea11,Jason Schneider,70963083,79,4,316,2024-08-28 01:57:56.354777,pending,96970,MH,VISA 16 digit
245c5119-20f2-4b1c-8472-dbfb066a680c,Courtney Olsen,33006932,55,6,330,2024-07-26 02:27:59.921506,shipped,96964,MH,JCB 16 digit
b5908ded-ea78-4919-9ce5-d45871307848,Suzanne Weaver,01448955,31,9,279,2024-05-30 21:32:19.705877,pending,96967,MH,American Express
641fa807-0ec7-48ba-b293-8f4b3c72624c,Laura Jones,66413905,100,9,900,2024-02-20 21:25:49.538392,delivered,96968,MH,JCB 16 digit
2a6bf1ed-8aa5-4165-81f9-4d87f2c7ad93,Crystal Garcia,18699517,51,5,255,2024-05-05 05:04:33.858114,delivered,96961,MH,Maestro
79960b81-eca4-4a5b-827a-0a610f168d19,Andrea Perez,66642893,48,9,432,2024-05-16 06:32:39.970539,delivered,96970,MH,VISA 16 digit
88c6f092-fa6a-4813-a7c5-a13562a01ea9,Chelsea Jacobs,36055999,35,7,245,2024-02-15 17:17:54.716811,shipped,96963,MH,JCB 15 digit
0c60438f-a8bf-4b0b-b18a-5679e595e4b1,Tracy Alexander,60784728,4,3,12,2024-02-09 20:20:38.492681,shipped,96965,MH,JCB 15 digit
48419cae-f377-44aa-839e-378c88af1acc,Bridget Porter,20711214,57,5,285,2024-07-10 07:32:49.159165,pending,96961,MH,VISA 19 digit
e6772db6-783e-417c-963f-c1d59a467c6b,Robert Anderson,27443316,63,4,252,2024-08-10 11:45:52.186086,delivered,96970,MH,JCB 16 digit
f450c3c6-41c4-4378-9b3f-fb1bcde07627,Maria Flores,88301730,76,1,76,2024-02-22 16:21:00.290766,pending,96964,MH,JCB 15 digit
0fd5cb89-9835-4a1b-9258-3045b48f56c0,William King,00532075,7,1,7,2024-05-06 15:04:46.175907,pending,96966,MH,VISA 19 digit
2c77f320-89c8-4b1c-a696-8d21119d2447,Scott Hanson,13061043,18,4,72,2024-05-21 00:57:25.745310,pending,96961,MH,VISA 16 digit
0b662945-d71a-4d5b-b2f7-ed62735d84cd,Jason Schneider,05583669,76,7,532,2024-07-27 04:46:09.237742,shipped,96970,MH,VISA 16 digit
f35dbffe-5631-4304-a1a7-a8d07782cf5c,Carl Hill,54890657,6,1,6,2024-06-26 06:22:42.208212,delivered,96967,MH,Discover
fd20ed13-81ce-4a8d-9020-de104df72a21,Shelby Hardin,04590750,51,9,459,2024-07-08 20:34:31.901455,delivered,96966,MH,Diners Club / Carte Blanche
0ba92709-c040-4be1-a952-38b9c22b2961,Brittany Cisneros,71411989,2,10,20,2024-09-06 23:01:45.728394,pending,96968,MH,VISA 16 digit
71027879-5003-444a-b84d-e925262b6397,Alicia Kemp,14178504,74,8,592,2024-02-08 03:24:07.193693,shipped,96965,MH,JCB 16 digit
3f7218d1-0b40-48f1-9017-3fd89a8ff940,Anthony Maldonado,13179731,93,4,372,2024-02-21 05:16:39.854497,pending,96961,MH,JCB 15 digit
2f3108d5-1d46-48b9-a3b4-8ac4511bcf8c,Kelly Ortiz,95211046,96,3,288,2024-05-06 10:34:17.363451,shipped,96963,MH,American Express
6af3f359-da0f-4291-83f5-83745e78518f,Kyle Graham,27974162,95,2,190,2024-01-17 07:21:31.863765,pending,96968,MH,VISA 19 digit
49b725bb-cf5c-42d5-9d29-59577f25679c,John Nicholson,06932480,82,1,82,2024-03-19 03:37:03.941324,shipped,96968,MH,JCB 16 digit
c33d9dd7-1f83-4224-bf0e-9f3e631c297b,Nathan Lawrence,83186523,96,4,384,2024-07-29 18:19:16.281387,pending,96963,MH,JCB 16 digit
8f543592-9b27-4e0b-bfcc-cb2b85c53174,Danielle Mullins,74563951,34,10,340,2024-07-02 18:01:58.886875,pending,96962,MH,Maestro
ec003eb5-d923-431f-a46a-cd747404094f,Amber Snyder,63918083,50,7,350,2024-01-10 00:20:33.935590,delivered,96963,MH,VISA 19 digit
6841dddb-419e-43fa-9f84-50d5428a373e,Joseph Lee,70323191,52,4,208,2024-04-17 17:59:13.793836,shipped,96970,MH,Diners Club / Carte Blanche
21840524-e641-4b02-acb3-26ad0895466b,Andrea Perez,63482904,5,3,15,2024-08-27 06:32:03.440908,shipped,96970,MH,VISA 16 digit
6c568313-38cc-4d31-a2a1-4c81f84a1120,Jonathan Bruce,30471887,7,8,56,2024-05-17 10:56:26.008048,pending,96963,MH,VISA 16 digit
03a51714-8bb6-4605-9bbf-ded69ab394a5,Kelly Ortiz,57665061,4,5,20,2024-03-15 06:43:48.845568,delivered,96963,MH,American Express
a3c9c55a-a41e-4a40-988b-74e6f809800a,Tracy Gibson,81695935,90,10,900,2024-04-06 23:13:00.647098,delivered,96962,MH,VISA 19 digit
26a8307b-87b2-48e5-9045-e4b3a131c52d,Malik Jacobson,93961325,45,1,45,2024-03-22 08:29:43.337504,pending,96964,MH,VISA 16 digit
e52f4bbc-fa03-4cca-af99-cc62bc165e77,Matthew Alvarado,34543184,5,2,10,2024-01-15 17:07:54.925692,pending,96967,MH,Maestro
67f64f43-70c7-4c35-80a5-8b44c799d98b,Bryan Burke,95914008,70,1,70,2024-05-27 23:22:39.488013,pending,96962,MH,VISA 16 digit
9c3b54a6-4b57-45b3-a25a-076f3e7d951f,Margaret Ruiz,91316455,99,10,990,2024-08-26 02:27:07.329927,pending,96961,MH,VISA 19 digit
c297b039-b71a-46a4-a0b5-0d85f8dc6326,Shelby Hardin,45454479,15,6,90,2024-02-08 04:53:04.323771,shipped,96966,MH,Diners Club / Carte Blanche
9170c90d-74ad-4220-8262-160a19161880,Judy Harris,49317428,73,10,730,2024-07-02 13:54:30.936052,shipped,96964,MH,VISA 16 digit
885d3949-4883-4271-92c6-5290eb7bd965,Kelly Foster,59880158,64,5,320,2024-01-26 15:43:54.189954,delivered,96969,MH,VISA 16 digit
47f42eb6-3c1e-4ab9-8c98-550b988a4f5b,Courtney Olsen,99937300,13,7,91,2024-07-13 09:26:09.499709,delivered,96964,MH,JCB 16 digit
f8735551-872a-4e1b-a0d3-2fa0089be33a,Andrea Perez,77867261,57,7,399,2024-05-03 04:25:45.881485,pending,96970,MH,VISA 16 digit
12f66581-13a4-4ff7-a041-7f9d64f98ca7,James Wang,40299006,95,3,285,2024-04-29 04:23:12.405787,shipped,96969,MH,Diners Club / Carte Blanche
293da6c2-5370-4416-95a8-31137cda5826,Ernest Marks,18561173,68,5,340,2024-02-02 19:25:40.841487,shipped,96969,MH,VISA 13 digit
a3c74bb2-6f02-408d-a537-89c10afd034e,Alicia Kemp,37028183,63,1,63,2024-03-13 07:11:26.388711,pending,96965,MH,JCB 16 digit
f64fbbb0-772b-47a8-bcd8-8831e0d07056,Andrea Perez,98649273,32,9,288,2024-08-06 01:54:20.781700,pending,96970,MH,VISA 16 digit
f5c6b9f5-9186-4d39-9b04-779403f322e1,Jonathan Bruce,16250130,86,8,688,2024-03-20 13:03:30.522922,delivered,96963,MH,VISA 16 digit
9692e10e-98bb-4a09-881a-7025ea6cd2b2,Robert Beasley,08189400,12,6,72,2024-09-05 20:34:51.535429,delivered,96961,MH,VISA 16 digit
7a70941e-3b3d-4897-afa5-adfb0bc4e354,William Moore,68988265,59,7,413,2024-08-28 19:34:34.940997,delivered,96967,MH,JCB 16 digit
b762f39a-93db-42fe-8ecd-5d3bec43689d,Alexis Harvey,49419498,23,5,115,2024-04-17 01:54:32.241369,pending,96964,MH,JCB 16 digit
b835abc4-603d-4a2c-8552-9cee0e28747e,Maria Rodriguez,05931316,61,1,61,2024-02-28 12:51:35.271976,shipped,96963,MH,VISA 16 digit
f971196e-6679-4506-a2f4-33899a6d62da,Colleen Arias,74768998,21,8,168,2024-02-07 14:06:50.920432,shipped,96967,MH,Diners Club / Carte Blanche
092f3221-e9cb-42b8-bebb-3c2014a8852e,Sandra Johnson,69527593,67,1,67,2024-05-14 03:57:52.451852,pending,96960,MH,Diners Club / Carte Blanche
0d55d35c-ab7e-48fa-9747-004de64997b2,Shelby Hardin,10886991,4,8,32,2024-01-30 03:44:40.143398,shipped,96966,MH,Diners Club / Carte Blanche
514616b2-ae25-4314-ba00-302da49dd250,Michael Soto,27385432,91,4,364,2024-05-21 07:28:00.912750,pending,96967,MH,Mastercard
4357c7e2-5a72-4921-8431-ae2ff2066c50,Scott Hanson,99548780,50,9,450,2024-04-29 21:38:52.251706,shipped,96961,MH,VISA 16 digit
5db1b428-3f6e-4cf4-9247-108a0c92e56f,Steven Kirby,93821285,15,7,105,2024-07-06 22:42:55.166527,shipped,96961,MH,VISA 19 digit
57fcddd1-8f1f-4bcd-b4f7-fec302f9f94f,Jillian Solis,04314660,42,8,336,2024-03-22 08:08:28.785526,shipped,96964,MH,VISA 16 digit
dbe85921-4d5b-4ad0-b399-62eb2e2c220f,Suzanne Weaver,46300195,41,2,82,2024-05-19 22:15:20.463913,pending,96967,MH,American Express
383b022d-c03b-40c5-947f-ce0581b3a121,Lacey Parrish,09362741,25,6,150,2024-02-11 08:14:14.497543,shipped,96963,MH,Discover
62f5ffc4-97a8-4382-882e-b3b9a74eeff7,Jeffrey Ward,22521194,85,8,680,2024-01-23 06:19:17.136418,delivered,96963,MH,JCB 16 digit
c5b79ac6-8ea2-4784-b5e8-6a48940907b0,Tricia Ho,48003827,34,3,102,2024-06-09 14:34:02.230946,shipped,96962,MH,Diners Club / Carte Blanche
1e48007e-e744-48fe-9fff-08c2db54ef7d,Laura Jones,42670520,37,2,74,2024-02-05 22:09:41.269156,delivered,96968,MH,JCB 16 digit
a167f192-1c82-4cec-a9a8-5cc264d3a779,Ernest Willis,72332986,45,7,315,2024-08-25 22:52:52.615350,shipped,96964,MH,American Express
3d3d0531-869f-49cd-a6e7-e988dc59c416,Tracy Alexander,64653501,86,9,774,2024-05-28 21:07:37.167471,delivered,96965,MH,JCB 15 digit
aab54005-9053-4598-a9a3-43dbf2fff8bd,Kelly Foster,70512649,37,1,37,2024-07-25 18:19:44.877956,delivered,96969,MH,VISA 16 digit
f2ba407b-6677-43e7-9fcf-eaa21395d311,Kelly Ortiz,55687379,1,5,5,2024-06-10 04:57:08.529284,pending,96963,MH,American Express
f147523b-fa38-47e8-915c-ce689e7765bf,Jason Schneider,10143926,45,8,360,2024-07-29 05:56:53.841144,shipped,96970,MH,VISA 16 digit
d75643f9-3304-4916-9478-b9cbe0215d99,Tricia Ho,94754957,5,5,25,2024-01-19 20:32:11.132920,shipped,96962,MH,Diners Club / Carte Blanche
1bc546b5-0cb0-45ae-b2d9-c0f04cf9f72b,Matthew Robbins,63091731,76,8,608,2024-07-03 01:31:23.896581,delivered,96968,MH,Maestro
2753e451-3269-48b5-9b3c-fc8ef95e5767,Brenda Taylor,20152871,8,1,8,2024-03-27 22:40:14.323845,delivered,96969,MH,VISA 16 digit
afa69bdf-c5ce-43e6-8962-3b2d3c9f7653,Joseph Lee,07253331,33,5,165,2024-06-23 16:37:03.904900,shipped,96970,MH,Diners Club / Carte Blanche
65d71b37-8f9a-4c91-893a-9c0152f644c5,Derek Brooks,60727800,65,8,520,2024-01-08 15:10:58.230389,pending,96966,MH,JCB 16 digit
1218b875-0810-4d75-9d49-2e17478b9f02,Johnny Saunders,46762818,54,9,486,2024-05-06 14:49:52.203179,shipped,96960,MH,Discover
7e47b39a-f66b-4c74-b731-b78b5d971063,Tracie Grant,72379394,14,4,56,2024-08-28 20:12:57.101538,delivered,96963,MH,VISA 19 digit
c545bea1-7a7c-4efb-b6d2-ae4d87b8443b,Andrea Perez,02287669,75,10,750,2024-06-28 03:23:02.271576,pending,96970,MH,VISA 16 digit
35007281-de25-4ce3-b7b8-a9c32c0e2f4c,William Moore,73754640,94,3,282,2024-03-12 21:08:56.898733,delivered,96967,MH,JCB 16 digit
63e1c4ce-531b-4683-a442-051906490acc,John Nicholson,51020781,69,4,276,2024-01-15 13:25:31.098659,delivered,96968,MH,JCB 16 digit
979f5671-437e-4ef8-8d03-d1bc71448c26,Brittany Cisneros,98772322,97,2,194,2024-07-13 02:28:42.696680,shipped,96968,MH,VISA 16 digit
c3cd8951-145b-49d1-8ea8-3fe8dd7dde70,Maria Lee,28423782,72,5,360,2024-02-24 11:27:38.642441,shipped,96967,MH,VISA 19 digit
f1afac64-0a8f-4fda-b49f-c9e3eb8d9b48,Alicia Cook,19947983,50,9,450,2024-08-31 02:48:40.107198,delivered,96967,MH,VISA 16 digit
ea08cb61-8f9f-4a5e-8d1a-8549a3370c02,Dr. Jerry Chambers,22626073,81,8,648,2024-03-10 05:15:16.212310,shipped,96968,MH,Mastercard
15a0e744-ae44-4e58-b1c2-d6e0bc4cce50,Steven Henry,51322502,71,2,142,2024-01-20 22:57:53.268980,delivered,96966,MH,Discover
39cd3d83-ce39-43a8-984c-f8558a0d0eb5,Laurie Anthony,79340304,91,4,364,2024-07-24 13:12:17.845084,delivered,96965,MH,VISA 13 digit
dfea43c8-6601-4892-94eb-59105675d6b9,Sandra Johnson,74102143,35,10,350,2024-03-02 19:38:31.243108,shipped,96960,MH,Diners Club / Carte Blanche
b2b2cbf9-012e-4f9d-bbad-20eb306496f7,Timothy Green,86124782,64,10,640,2024-01-21 02:07:36.608058,delivered,96960,MH,American Express
ed8d413b-e1b8-4430-8e96-3c3d01185c16,Wendy Evans,50288472,86,4,344,2024-08-26 19:27:37.494846,pending,96970,MH,Discover
b86b8829-d1eb-4256-ba0b-5a3041257231,Jason Schneider,55846998,46,3,138,2024-08-30 19:00:34.520517,delivered,96970,MH,VISA 16 digit
d35c7174-2530-46a2-bcf4-a4bb60182f29,Andrea Perez,27293959,94,9,846,2024-05-27 03:52:54.328496,shipped,96970,MH,VISA 16 digit
b50a760a-ab65-4ed5-ba67-ad90056b1fba,Nathan Patterson,29251353,26,4,104,2024-01-28 14:29:20.444419,delivered,96969,MH,Mastercard
0d658e5f-aa33-4ec2-80f9-e20a6c40ab7e,Malik Jacobson,63465686,72,6,432,2024-01-07 13:09:42.505270,pending,96964,MH,VISA 16 digit
0b4c8ad2-c5c9-45f0-91fd-3926b66ed80e,Kyle Graham,08869234,22,7,154,2024-01-09 16:37:17.927174,delivered,96968,MH,VISA 19 digit
6b758bcd-3a56-4316-8dcb-5d65fab4f096,William King,37853990,46,7,322,2024-02-04 10:33:51.760438,shipped,96966,MH,VISA 19 digit
2f7dffc4-b2b4-4f46-818f-baacaab342cd,Maria Flores,04314660,42,3,126,2024-05-26 14:02:50.595374,pending,96964,MH,JCB 15 digit
e8729893-d612-467f-9cdc-aad002a6f2cb,Laurie Anthony,14982026,67,8,536,2024-09-02 11:18:21.794615,delivered,96965,MH,VISA 13 digit
351e8f1b-90d9-41be-883d-0b5ffd8cb7d8,Ricky Freeman,11149415,73,6,438,2024-08-24 22:57:45.842081,shipped,96967,MH,VISA 19 digit
0129f8da-0923-4029-8c12-fb60610335f9,Jillian Solis,83232503,76,4,304,2024-01-26 12:40:25.735068,delivered,96964,MH,VISA 16 digit
faddba09-bb41-4b73-865c-561732394406,Sandra Johnson,13108496,81,9,729,2024-01-29 14:05:25.945609,delivered,96960,MH,Diners Club / Carte Blanche
29406853-e306-4ae9-90bb-78d980999d39,William King,63445572,71,2,142,2024-04-23 15:37:26.727959,shipped,96966,MH,VISA 19 digit
85e5e699-0342-412d-a0cf-5e3dec876ace,Amber Snyder,66469377,6,7,42,2024-05-11 16:29:18.918255,delivered,96963,MH,VISA 19 digit
81dfe36b-a7e2-40d1-90ac-6ff23e1b253f,Steven Henry,12837397,73,4,292,2024-05-11 10:52:15.006077,delivered,96966,MH,Discover
07ad4932-28ca-486f-8ed4-d23781013acb,James Wang,90134814,96,7,672,2024-02-16 18:05:26.458342,shipped,96969,MH,Diners Club / Carte Blanche
4abd4a01-4cf2-40ef-b2e4-bb8585def763,Tracy Gibson,62609074,94,10,940,2024-06-06 22:33:43.249447,shipped,96962,MH,VISA 19 digit
40bd6c2d-e277-4415-a515-e54c57da08cd,William King,59030669,27,2,54,2024-02-13 23:40:10.483572,pending,96966,MH,VISA 19 digit
da08be66-3b80-4444-84e0-f9782dae4e20,Robert Chambers,63059748,27,10,270,2024-02-14 14:02:53.815773,shipped,96968,MH,Mastercard
b157210b-c195-430a-906c-97c093a5480c,Alexis Harvey,40937342,82,7,574,2024-05-07 21:48:09.785857,delivered,96964,MH,JCB 16 digit
eb3567a9-569c-4332-9630-aea4c8bb7c3d,Jose Galvan,48260886,23,1,23,2024-05-09 22:29:30.975047,pending,96970,MH,JCB 15 digit
473432f3-3acd-4180-b456-66ab2dd22e0b,Dr. Tiffany Smith DDS,33186610,95,5,475,2024-08-21 18:34:23.500996,shipped,96964,MH,JCB 16 digit
6d5fb19d-b849-4714-98d2-acc76ff72f84,Carlos Wilson,89318805,80,2,160,2024-06-19 02:24:15.684301,pending,96967,MH,Mastercard
2f37f2d2-dc2e-4796-bc0e-0a76236b1404,Maria Flores,42990703,4,2,8,2024-03-31 21:40:13.530231,pending,96964,MH,JCB 15 digit
28884d21-1aed-49c2-99a6-3b6b441f1aaa,Steven Kirby,90178559,61,1,61,2024-06-24 07:38:43.964905,shipped,96961,MH,VISA 19 digit
5c7969cd-afbb-4220-a2d8-9b9206aa8613,Cory Ryan,65828045,22,1,22,2024-07-13 21:43:56.408736,pending,96961,MH,VISA 16 digit
2ef2b84e-0863-45a2-84d3-cc94ed4911b7,Yolanda Waller,98075218,6,7,42,2024-04-28 09:58:02.077261,shipped,96970,MH,VISA 16 digit
629036a6-9a61-497b-991b-b08304a8882f,Laura Jones,26980201,27,1,27,2024-09-02 05:10:48.443474,shipped,96968,MH,JCB 16 digit
970b6b2d-a7ba-4819-811e-a646e9ec10de,Scott Hanson,47842397,52,6,312,2024-03-14 16:24:53.926686,pending,96961,MH,VISA 16 digit
005c57ab-eb54-4b3f-8d2e-6732d0d9efbb,Shirley Clark,40120263,33,4,132,2024-04-19 20:10:03.967379,delivered,96968,MH,VISA 19 digit
