1e54648d-8daa-4788-b71d-bde19bc1a735,Rodney Howard,66920434,97,4,388,2024-02-11 03:42:39.297430,delivered,85743,AZ,VISA 13 digit
e3cd3896-5d51-4804-804d-c9df2c2cedb0,Melinda Compton,06713485,65,5,325,2024-07-24 03:36:49.331649,shipped,86258,AZ,JCB 15 digit
e94f4895-7502-4d2c-a46a-ff0d416a1700,Kayla Krause,35021506,98,6,588,2024-04-10 15:56:42.978574,pending,85214,AZ,Diners Club / Carte Blanche
f84c2bc6-59f9-4f20-aa1f-fa7637256e34,Kevin Huang,56543667,46,1,46,2024-08-19 17:24:16.779633,shipped,85326,AZ,VISA 19 digit
e81a307c-26d4-4611-b6e3-113373fc941b,Krystal Dunn,46300195,41,1,41,2024-03-23 17:51:40.155302,delivered,85004,AZ,Maestro
7a489426-864a-42b6-88a8-af195cda1562,Cole Lawrence,71076454,6,2,12,2024-04-25 12:57:04.165668,shipped,86224,AZ,Diners Club / Carte Blanche
8fda3871-5ea7-422f-9b75-13f69af55253,Yvonne Garcia,39571243,73,10,730,2024-03-19 21:42:38.738580,delivered,85876,AZ,VISA 19 digit
da3f21d7-0ffd-40d4-90d0-31dd830f7fce,Teresa Hill,25421965,84,9,756,2024-02-25 12:58:26.536528,shipped,85138,AZ,VISA 13 digit
d3ef25f3-e08f-4f38-a305-8f7f8a9a78e5,Jacob Ibarra,18561173,68,7,476,2024-06-21 07:45:32.150435,shipped,85339,AZ,VISA 19 digit
fba0d346-334a-48f3-8364-2b61b93d9fbe,Sara Barnes,08841247,82,6,492,2024-05-06 07:32:38.893943,pending,85326,AZ,Mastercard
2a8b86c4-b19e-4bdf-8d9b-b6af5be1df6c,Samuel Rice,54019225,67,2,134,2024-05-29 19:55:22.745444,shipped,86338,AZ,VISA 19 digit
87db33f0-b306-4926-a580-b7a115f44848,Danielle Pham,36355082,100,6,600,2024-01-28 00:11:39.002175,pending,85952,AZ,VISA 19 digit
ec135753-559d-4a24-93da-ff869b6c0dbe,Devin Wilcox,63105667,61,4,244,2024-03-16 01:11:01.597790,shipped,85307,AZ,JCB 15 digit
908d4dc5-63ed-47ed-a917-4f9531d106cf,Angela Tapia,56557497,70,8,560,2024-03-06 00:28:10.123479,pending,85043,AZ,Diners Club / Carte Blanche
39cfe335-eef7-4fb4-9b74-e0d00c6a45fb,Sheila Thompson,14915338,32,4,128,2024-01-05 13:38:14.694669,pending,86039,AZ,Maestro
718c8af0-f6bc-425f-ba87-f24c12a8af2d,Diane Castro,72853054,83,1,83,2024-07-10 13:43:00.476004,shipped,86263,AZ,VISA 16 digit
2266b4f4-539a-475f-8586-46098ed09823,Carla Le,62566704,85,7,595,2024-04-12 23:33:47.627856,delivered,86225,AZ,American Express
2a92ba51-59d6-4df5-b6af-078da8803262,William Klein,41174647,46,9,414,2024-07-30 12:28:10.906205,delivered,85429,AZ,VISA 16 digit
24b303cb-bc12-44a9-9c37-74cf6ffb40ac,Anna Douglas,34339800,12,6,72,2024-05-20 20:03:31.382730,pending,86368,AZ,Diners Club / Carte Blanche
113eca51-4677-459e-99c0-cffcd22dda7c,Anthony Delgado,45454479,15,4,60,2024-06-22 17:11:35.793622,delivered,85832,AZ,JCB 16 digit
2546b8d1-6a02-43f8-bc44-0cdc12496baa,Miss Brandy Roberts,71581866,26,8,208,2024-05-28 18:34:08.114639,delivered,86167,AZ,Discover
b0c111c7-0c44-4f2a-9526-bc92940e7c18,Melinda Compton,51103132,33,8,264,2024-04-07 02:43:38.756764,pending,86258,AZ,JCB 15 digit
2117372c-5d38-4ce3-9479-35574e49197e,Carlos King,65210345,55,10,550,2024-06-04 13:41:57.324373,delivered,85151,AZ,VISA 16 digit
16396323-f74f-4171-b784-97c55a1d13f6,Lisa Moyer,52609831,54,1,54,2024-07-30 17:11:21.246385,pending,86301,AZ,VISA 16 digit
cdcf0ea9-252c-463e-a014-80c5ed0f8b92,Patricia Jackson,86124782,64,8,512,2024-08-11 13:27:52.147778,delivered,86380,AZ,JCB 16 digit
6b7d5357-75b0-4a7d-a767-dca7b5188381,Lauren Maxwell,33242811,96,6,576,2024-05-03 03:25:36.487288,delivered,85401,AZ,VISA 13 digit
5cda6f39-a2db-416c-ad62-11409eb2f156,Patricia Mcbride,66642893,48,4,192,2024-05-29 01:20:45.182377,shipped,85860,AZ,VISA 19 digit
fd5a9a11-068e-4f69-8c25-7a2fe928899f,Sara Barnes,19615943,6,6,36,2024-03-10 20:16:35.129893,delivered,85326,AZ,Mastercard
6b70f4a0-8e88-48e9-8f40-260d3c2fcd48,Dr. Tammy Jones,36355082,100,9,900,2024-06-07 01:22:11.617142,shipped,85131,AZ,American Express
a724a7d7-8263-4ba9-a00e-8e747b7787db,Rodney Howard,80323884,92,1,92,2024-04-02 08:35:44.103255,shipped,85743,AZ,VISA 13 digit
c7925a2a-95c1-4748-a34f-3cc2d70b5e1d,Mary Brewer,07759826,67,2,134,2024-01-14 13:45:58.850521,delivered,85529,AZ,JCB 16 digit
a8a2504e-feb2-4c89-885d-54cce55de471,Michelle Watson,83186523,96,7,672,2024-03-12 23:47:21.854247,shipped,85241,AZ,Diners Club / Carte Blanche
f0aae991-db61-4d66-a412-ead5a43e54ef,Angela Tapia,99315894,15,4,60,2024-05-29 02:50:36.549044,shipped,85043,AZ,Diners Club / Carte Blanche
311381c9-b4b6-497a-82d7-9cb1a2813ed6,Jacob Rose,04577096,37,8,296,2024-01-05 00:24:39.170840,shipped,85777,AZ,Diners Club / Carte Blanche
aadfbe1d-e272-457f-8d7f-4e495276d752,Sara Barnes,46047755,51,10,510,2024-06-03 13:30:20.570484,shipped,85326,AZ,Mastercard
e31e68a4-2c14-4460-a285-40f5d13210a4,Caroline Andrews,02738536,2,5,10,2024-06-24 22:23:34.463541,delivered,85521,AZ,VISA 16 digit
002b527d-adda-4911-837b-e4d5ded4d14d,Anna Sanchez,25341973,79,10,790,2024-07-23 02:31:26.899750,shipped,85664,AZ,JCB 16 digit
88475f17-f8d1-46b6-891d-cc9a30df05c2,Christina Pugh,75415037,68,5,340,2024-02-12 05:55:23.537755,delivered,85647,AZ,VISA 16 digit
2849851d-f6d4-4707-b781-e9789a9cb8b2,Jimmy Parker,39073396,24,10,240,2024-05-30 08:28:39.704922,shipped,86073,AZ,American Express
d00df0a1-0705-4c21-9720-6f11129467df,David Pearson MD,64020846,33,8,264,2024-01-28 13:45:24.880167,delivered,86228,AZ,VISA 19 digit
323d06ca-3223-479e-a8cd-aa6acc1a7d07,Patricia Jackson,06606350,53,2,106,2024-08-17 23:02:45.711024,delivered,86380,AZ,JCB 16 digit
660ddaa3-08cb-41fd-a746-72faac79342a,Dana Vaughn,27974162,95,7,665,2024-01-01 08:54:56.935739,pending,85539,AZ,Mastercard
041e6907-f49c-4bd1-a1e5-13dbef3c8a94,Kathy Fitzpatrick PhD,63175912,19,1,19,2024-07-23 22:05:36.297437,pending,85773,AZ,VISA 19 digit
0d53c96f-bee7-4275-8caa-c9f585e3794b,Mary Brewer,40155463,95,10,950,2024-06-11 13:20:27.700444,shipped,85529,AZ,JCB 16 digit
2b91674b-18dd-47c2-bb05-f02a4fe7a8f4,Christine Marquez,84556066,23,1,23,2024-07-22 02:33:08.069564,pending,85320,AZ,VISA 16 digit
a574f3a0-5882-4535-b928-e33c6f184f75,Devin Wilcox,65536360,16,1,16,2024-02-09 22:03:05.101280,delivered,85307,AZ,JCB 15 digit
461a52aa-4219-4856-adf2-83918d8f2511,Tommy Myers,04703549,58,4,232,2024-03-21 07:43:27.673815,delivered,86193,AZ,VISA 19 digit
82256f3e-dfcc-4d5c-af23-57b1d07b2272,John Lewis,31421065,43,3,129,2024-03-27 19:46:30.551715,pending,86490,AZ,Maestro
94c10cc0-cb63-4c9d-9af8-b10f3c4b5328,Calvin Johnson,62609074,94,3,282,2024-06-28 14:21:14.527801,shipped,85228,AZ,VISA 16 digit
93e92461-9a87-4b6e-9061-62c0311f6fd7,Pamela Allison,88856070,67,10,670,2024-07-20 19:52:19.204747,shipped,85954,AZ,VISA 16 digit
b9e58e52-f2fc-4dd1-8cd1-06172efbf43f,Jonathan Allen,39073396,24,4,96,2024-07-26 04:35:42.375632,shipped,86316,AZ,JCB 16 digit
087a1257-2a82-43fd-abc5-0632384cfc50,Jacob Ibarra,10402085,92,2,184,2024-04-25 15:05:23.568357,shipped,85339,AZ,VISA 19 digit
f77183c6-9798-4af3-bf94-43daf3fc0896,Carla Le,39571243,73,5,365,2024-04-08 19:11:34.149010,delivered,86225,AZ,American Express
c58ac4b6-778b-4fa6-be10-19e1d725eba8,William Klein,37774189,23,3,69,2024-04-16 18:16:02.916145,shipped,85429,AZ,VISA 16 digit
f663d445-1b20-4264-9ef4-373ff7a97ae5,Patricia Jackson,43454358,59,5,295,2024-05-20 10:34:13.485910,delivered,86380,AZ,JCB 16 digit
810af5c7-4dca-426d-a5d4-eea48dd1736e,Teresa Hill,97190424,81,7,567,2024-02-07 16:46:52.835289,pending,85138,AZ,VISA 13 digit
914f9a4b-6ea5-4906-b72b-68fdd975ac85,Roy Key,46623232,21,9,189,2024-07-16 11:37:20.859887,shipped,85710,AZ,VISA 16 digit
8499aec4-18b8-4f91-9717-59f314daf46c,Kevin Huang,10143926,45,7,315,2024-04-17 00:30:19.164077,shipped,85326,AZ,VISA 19 digit
403d54d9-34f2-4f2f-bbd0-3e78b174cd39,Aaron Horn,69863455,7,7,49,2024-08-26 01:16:20.313413,delivered,85419,AZ,American Express
fd3ca762-7113-4b0f-b1ea-c4670804c6c5,Sara Barnes,80713432,71,9,639,2024-06-20 01:06:04.668858,shipped,85326,AZ,Mastercard
58e9e20b-561e-4a84-9a19-a46a9cc6511c,Calvin Johnson,15896049,65,7,455,2024-03-13 06:42:05.013710,pending,85228,AZ,VISA 16 digit
7902956d-cc48-4e98-b5f0-9682a0d542ee,Kayla Krause,01563894,33,6,198,2024-04-26 02:44:23.400417,pending,85214,AZ,Diners Club / Carte Blanche
5e8145c9-a1aa-44b4-800e-fa3c5ab72e5a,Jeremy Coleman,54609228,20,2,40,2024-04-23 21:23:23.593672,shipped,86553,AZ,VISA 13 digit
33488f57-6af4-4bd9-b136-7002d9d9d572,John Lewis,78125391,34,9,306,2024-07-29 09:28:51.621906,pending,86490,AZ,Maestro
d17958af-1888-4eea-b16c-25b369417ed4,Miss Brandy Roberts,66642893,48,7,336,2024-02-06 07:48:24.998281,pending,86167,AZ,Discover
1979a307-e8c2-421a-8d7c-93a9a4d0333f,Carlos King,22714022,68,8,544,2024-01-22 04:05:26.833304,delivered,85151,AZ,VISA 16 digit
9ce9f70c-5db8-4606-95a4-babfab6506bf,Christine Marquez,29075430,44,2,88,2024-02-07 17:34:22.801147,shipped,85320,AZ,VISA 16 digit
d9fd51e1-40bc-4033-8f59-2d45ba1bac38,Nicholas Fischer,32628913,49,1,49,2024-03-01 10:17:20.640437,shipped,86042,AZ,JCB 15 digit
0f5fdee4-cf77-40d7-847d-e82ced34531f,Wesley Baird,09529434,34,5,170,2024-07-29 19:08:16.893701,pending,86531,AZ,Diners Club / Carte Blanche
9697a9ea-8229-4031-afa8-f04090fd3a78,Joshua Mccarthy,50678587,99,5,495,2024-04-08 10:04:11.953385,shipped,86477,AZ,VISA 19 digit
5c058d7b-7e23-4158-8059-9a86802b8ede,Wanda Stevenson,61139398,83,9,747,2024-03-23 06:31:49.286983,pending,85971,AZ,VISA 19 digit
5dafeadf-bb2e-4356-a363-654fb4856487,Joyce George,02287669,75,2,150,2024-05-05 01:20:58.978012,delivered,86424,AZ,Discover
4f684c9f-672a-4112-b44e-3c38d7365e96,Lauren Maxwell,64945460,71,3,213,2024-02-14 20:38:43.888410,pending,85401,AZ,VISA 13 digit
1e46f700-4d4d-4628-be4e-72200c7e9c65,William Klein,27754672,35,9,315,2024-04-10 12:55:02.941746,pending,85429,AZ,VISA 16 digit
7529855d-4829-4bbf-9975-3a8f31990485,Dr. Tammy Jones,07505393,84,8,672,2024-08-25 01:15:43.527440,delivered,85131,AZ,American Express
b4fbf89f-8280-47a0-9f12-4b35bf32766f,Teresa Hill,61139398,83,2,166,2024-03-16 16:10:32.792403,pending,85138,AZ,VISA 13 digit
37215366-1b27-450b-8c73-c1d5658f21c7,Pamela Allison,08986047,70,8,560,2024-08-26 13:58:00.431558,delivered,85954,AZ,VISA 16 digit
591613cb-e73b-49c0-837d-4c3fdca257f4,Patricia Larson,60787217,60,8,480,2024-06-09 19:46:47.987537,delivered,85976,AZ,Mastercard
ed5b3d36-ae0d-4b5c-a55d-272cb843786d,Melanie Young,21702433,12,8,96,2024-05-18 15:24:24.882363,delivered,85317,AZ,JCB 15 digit
d22ed3cc-b309-4990-b4fe-887d41c1a372,Jacob Norris,56801491,57,6,342,2024-04-13 11:03:48.428224,delivered,85933,AZ,JCB 15 digit
a5babed0-31b1-4c6a-b7cc-ca196735404b,Brandy Davis,37901165,46,4,184,2024-07-07 10:32:54.280820,shipped,85854,AZ,Discover
0195a53e-1479-4fd1-a84c-e7176ba539fe,Christine Marquez,06354794,85,10,850,2024-07-19 09:57:02.241555,shipped,85320,AZ,VISA 16 digit
9ca8616f-1e56-415d-9024-73f3d1f76f61,Mary Martin,74768998,21,7,147,2024-03-19 15:26:20.032213,pending,85074,AZ,Mastercard
ee85ced0-45de-4d94-ae5d-aa3b6882c7ee,Tina Jones,92972964,36,7,252,2024-02-16 14:00:22.544978,pending,85216,AZ,Diners Club / Carte Blanche
79571c2c-800f-4c93-bf6b-6d12b01a4426,Miguel Williams,11676263,85,7,595,2024-01-16 22:26:10.090243,delivered,85665,AZ,JCB 16 digit
8e2baeed-5163-4f09-8f59-1aadfb3dc623,Jacob Rose,21128110,38,6,228,2024-02-02 19:50:57.299857,delivered,85777,AZ,Diners Club / Carte Blanche
4d6db0c4-977f-4358-9a5c-f31cfb300c4e,Roy Key,37853990,46,3,138,2024-03-12 08:18:19.374997,delivered,85710,AZ,VISA 16 digit
61abf101-4e3b-4a8d-8888-e957def914d2,Carlos King,47350458,72,7,504,2024-08-13 01:12:28.776708,delivered,85151,AZ,VISA 16 digit
668e63c8-1328-4e00-87c6-b8531e2f71b3,Rodney Howard,56801491,57,6,342,2024-06-08 06:16:39.467793,shipped,85743,AZ,VISA 13 digit
346ff5a4-c502-4450-82c4-5db61007af52,Devin Wilcox,18400908,31,4,124,2024-01-05 08:02:32.403053,shipped,85307,AZ,JCB 15 digit
738e5f8c-a09d-4e57-a00c-c831e577c478,Pamela Arias,17139823,40,8,320,2024-08-05 20:55:23.442244,shipped,85334,AZ,VISA 13 digit
45c09458-07bd-4b6b-b40b-fdaf36dc312b,Rodney Howard,37251017,58,8,464,2024-05-20 16:28:03.795005,shipped,85743,AZ,VISA 13 digit
0fea21d2-8f10-4d4d-8a3f-a304e704b2a6,Danielle Pham,68097943,22,6,132,2024-09-03 03:52:18.100272,delivered,85952,AZ,VISA 19 digit
0ca55b86-245e-4736-9605-48486644515e,Anna Douglas,18986211,24,6,144,2024-06-05 12:46:46.067667,delivered,86368,AZ,Diners Club / Carte Blanche
98921084-9924-47c6-a15b-db3bb9ae82b9,Mary Brewer,53089717,82,10,820,2024-06-07 16:26:58.774263,delivered,85529,AZ,JCB 16 digit
36b8013f-d94e-4364-8735-f560dc036729,Joshua Mccarthy,61084681,100,8,800,2024-05-26 02:26:41.408252,pending,86477,AZ,VISA 19 digit
d1d32cc9-7e77-493e-9544-c5ec57e163b4,Joe Myers,00532075,7,7,49,2024-06-07 03:26:30.812104,shipped,85332,AZ,VISA 16 digit
139272db-8b41-4bb5-af2d-3e8d4d490cfc,Kathy Fitzpatrick PhD,68511456,92,2,184,2024-08-11 10:02:33.222940,shipped,85773,AZ,VISA 19 digit
d9ad4e49-e814-4f29-be9e-e4bd1ca66048,Sheila Thompson,52204920,42,4,168,2024-04-24 14:22:40.007817,delivered,86039,AZ,Maestro
50e9fc5d-b984-498e-90fb-bbedf573be66,Miss Brandy Roberts,50034284,94,8,752,2024-02-05 10:04:56.843296,pending,86167,AZ,Discover
d6ca3c12-2013-4f80-8625-eae0369be85d,Tommy Myers,76571466,16,3,48,2024-07-25 12:25:36.591302,shipped,86193,AZ,VISA 19 digit
6bcddb0b-601b-43b0-87f4-789099d572d6,Rodney Howard,81853779,72,4,288,2024-05-01 13:20:09.750328,delivered,85743,AZ,VISA 13 digit
cf30bcad-d5e4-4e05-9535-071008486f7d,Isabella Walker,47893047,51,9,459,2024-06-10 02:58:06.664684,pending,86305,AZ,VISA 16 digit
45932d5b-c390-4f24-a64d-75f486f043b7,Shelley Henry,35124047,77,3,231,2024-09-02 13:17:31.156299,pending,85836,AZ,JCB 16 digit
263eec9d-b2f9-4eba-b30b-009321ba2367,Joyce George,03927601,12,6,72,2024-02-09 00:56:31.763818,shipped,86424,AZ,Discover
adb43551-c4df-4580-838f-9afba81b1e9f,Trevor Garcia,69527593,67,8,536,2024-08-10 17:36:05.990638,pending,85166,AZ,VISA 13 digit
3a17d5db-9448-4d4b-ad65-3be33072951d,Miss Brandy Roberts,97190424,81,3,243,2024-03-11 02:27:04.029075,shipped,86167,AZ,Discover
88f4fd44-efcb-4f0c-a8e3-75482f215210,Miguel Williams,93712323,42,10,420,2024-08-09 08:01:55.302522,shipped,85665,AZ,JCB 16 digit
5c17da23-c9ab-4a07-8196-8828bca4dc8b,Brandy Davis,82270858,49,3,147,2024-06-18 15:32:18.994590,shipped,85854,AZ,Discover
7d0b0a67-2a65-407a-945a-498ad6a04ab9,Angela Tapia,78353077,73,8,584,2024-06-22 20:42:44.942632,pending,85043,AZ,Diners Club / Carte Blanche
11b424f9-1655-477b-a73f-5d18782ed814,Kayla Krause,03837573,1,1,1,2024-02-29 10:30:58.208702,delivered,85214,AZ,Diners Club / Carte Blanche
b7c97710-71e9-4893-8bb5-2f04f96440de,Michelle Watson,92972964,36,9,324,2024-08-21 16:56:23.861825,pending,85241,AZ,Diners Club / Carte Blanche
34820bb4-a0c4-4a03-92bf-41ac971e9e23,Jacob Norris,68988265,59,5,295,2024-08-28 20:04:14.110555,pending,85933,AZ,JCB 15 digit
7c4ff602-ae0c-47d1-a7ed-e3c178a273c2,Kevin Huang,98352470,97,5,485,2024-08-15 05:05:43.186165,shipped,85326,AZ,VISA 19 digit
2b1549f2-7b5f-4c2b-b46e-0836b1ed70cf,Carla Le,95842332,72,3,216,2024-08-01 14:15:39.390538,delivered,86225,AZ,American Express
704d71fc-8508-414d-b276-d9e2cbade34d,Christopher Wyatt,72036570,55,4,220,2024-03-01 18:02:40.253381,shipped,85125,AZ,Diners Club / Carte Blanche
d7050890-b15d-4856-b4c4-357658705f9b,Teresa Hill,07858789,80,9,720,2024-07-25 07:08:45.397662,pending,85138,AZ,VISA 13 digit
3e7f8a32-cab4-4f4a-b05f-f01e9492b7d2,Calvin Johnson,89562956,76,4,304,2024-02-25 23:44:40.431560,delivered,85228,AZ,VISA 16 digit
982397f1-f389-4788-a71f-95686a6a7372,Christine Marquez,88833811,96,5,480,2024-06-18 14:26:50.171643,pending,85320,AZ,VISA 16 digit
7533ce30-e4c0-49f8-bb80-6c11220667d6,Devin Wilcox,97946960,42,4,168,2024-05-31 00:03:47.076149,delivered,85307,AZ,JCB 15 digit
dd440ba7-3f02-42be-8af5-ff4df0d1b3be,Samantha Clark,22559784,4,3,12,2024-08-29 18:57:17.920604,delivered,85289,AZ,VISA 19 digit
c290dc1c-ef0b-4e8d-a659-6c2e80a8b609,Wanda Stevenson,36975310,29,7,203,2024-03-02 02:00:50.694082,shipped,85971,AZ,VISA 19 digit
925f5cab-1fa8-48a8-a8a1-5e64a91fbab6,Kathy Fitzpatrick PhD,04482017,71,3,213,2024-02-27 20:05:38.234741,delivered,85773,AZ,VISA 19 digit
e6df9b3f-cbb3-4884-a6d7-9e010026b4b4,Kathleen Gibson,12835126,26,8,208,2024-01-09 17:13:11.506269,pending,85722,AZ,Mastercard
2a55bfa9-a039-45e2-ad3c-6562338268f0,Daniel Robertson,57518336,61,1,61,2024-05-21 13:12:33.611089,shipped,85217,AZ,VISA 16 digit
1504c1cb-bce8-4736-aa7b-e50285cc0921,Terry Dickerson,15116055,38,9,342,2024-07-25 09:08:32.273164,shipped,86487,AZ,VISA 16 digit
1cf63969-0821-4da5-b9d7-f832502afeb5,Christopher Wyatt,00237512,92,1,92,2024-01-27 00:32:21.223241,delivered,85125,AZ,Diners Club / Carte Blanche
be6dc895-1953-4f04-8487-df52089cc036,Wanda Stevenson,67792474,92,5,460,2024-04-20 04:13:07.349583,pending,85971,AZ,VISA 19 digit
025c3350-5af7-403f-b9e5-7e617bafaf82,Diane Castro,41937266,87,8,696,2024-06-15 10:04:52.742103,delivered,86263,AZ,VISA 16 digit
0c87f84f-1864-4110-a1d5-3c6f275ab1c6,Lauren Maxwell,39208774,30,8,240,2024-01-25 01:13:34.235208,pending,85401,AZ,VISA 13 digit
27e26812-e729-48bd-87af-9ffce0b4af2e,Caroline Andrews,87474695,93,6,558,2024-02-20 10:50:33.804578,delivered,85521,AZ,VISA 16 digit
251db1e8-1e0a-406a-8954-6f574202a6dd,Joe Myers,71977041,71,7,497,2024-08-18 17:50:28.441663,delivered,85332,AZ,VISA 16 digit
17d6ec89-0fc5-4d2b-a2e7-eb5e47264d64,Tommy Myers,17139823,40,4,160,2024-08-08 19:06:35.909665,delivered,86193,AZ,VISA 19 digit
cca71950-ef89-48be-bd80-1b44445cb52e,Sara Barnes,85678569,58,5,290,2024-07-05 02:47:33.669711,delivered,85326,AZ,Mastercard
b5a0af99-1526-4338-86b1-979ad96daf9d,Sara Barnes,39484147,45,8,360,2024-07-19 02:18:51.608777,shipped,85326,AZ,Mastercard
4ef31c95-80de-471d-b3ca-abe37cb65bb0,Shelley Henry,64818986,12,9,108,2024-01-09 13:28:29.790725,pending,85836,AZ,JCB 16 digit
b8dba7d9-f516-45b2-bd54-aa1060a71bbe,Mary Martin,16378971,82,5,410,2024-07-01 06:16:55.798614,delivered,85074,AZ,Mastercard
09dca33d-02ac-4adb-9201-026163a682cc,Dr. Tammy Jones,04482017,71,2,142,2024-03-04 15:25:36.618742,delivered,85131,AZ,American Express
2d444fcb-bf78-4512-8d27-74c1606d9ee8,Anthony Delgado,69536960,28,6,168,2024-08-05 21:15:05.632734,delivered,85832,AZ,JCB 16 digit
0f99dd11-40bd-4e49-950d-188ab11632df,Anna Sanchez,61617346,13,5,65,2024-05-24 17:11:20.656662,delivered,85664,AZ,JCB 16 digit
dca9b2b6-8a92-4cc2-bfa7-60169f029245,Jacob Ibarra,67287970,75,5,375,2024-07-08 13:48:44.230718,pending,85339,AZ,VISA 19 digit
844b4517-0b27-43ac-ab05-c3a224cb0c42,Sara Barnes,41174647,46,7,322,2024-01-06 15:28:48.133777,pending,85326,AZ,Mastercard
fc20135d-3508-4f7a-afba-5afeead74678,Nicholas Campbell,93374897,60,1,60,2024-03-14 16:35:22.875317,delivered,86547,AZ,JCB 15 digit
ae2001a2-39fb-440d-9a21-bc22241eae10,Miss Brandy Roberts,86124379,21,3,63,2024-08-23 09:48:38.268016,shipped,86167,AZ,Discover
564eeec6-2ae2-4cff-a1e1-8aae3aa1bfb3,Jennifer Bass,68333256,85,6,510,2024-08-29 23:06:18.821855,pending,86397,AZ,VISA 19 digit
