d896c206-2978-4acf-9400-d712a86516f4,Glen Burns,95496092,80,10,800,2024-02-29 17:37:44.752121,delivered,89580,NV,JCB 15 digit
0f6769e9-f0d2-45ce-b961-65deae17dab2,Isabel Bowen,80328117,59,6,354,2024-05-07 00:20:35.529639,shipped,89140,NV,VISA 16 digit
4c7f003e-f90c-4cf2-b68a-12e498ac43d0,James Green,32499124,30,4,120,2024-03-21 04:56:23.459134,pending,89861,NV,VISA 13 digit
1e80fbf1-6239-420f-a104-eb953da6f909,Sarah Ford,96949542,80,2,160,2024-04-27 18:41:54.128644,pending,89303,NV,VISA 13 digit
3700e227-6d70-4d2e-8f49-c187a4b39540,Shelley Fuller MD,85630918,58,7,406,2024-02-02 03:24:21.430008,shipped,89417,NV,VISA 16 digit
dbf01729-59c5-465b-a19c-81b7b3f2b606,Aaron Brown,51794682,74,6,444,2024-06-20 18:56:21.249290,shipped,89598,NV,JCB 15 digit
a2d59116-6b58-4ba0-9994-dedb0c93d0aa,Jared Thomas DDS,16446342,16,1,16,2024-05-15 21:54:24.949858,delivered,89260,NV,VISA 19 digit
5556e2c7-3b39-46db-953b-dd89696e0a6f,Todd Mueller,31345132,57,3,171,2024-02-22 13:22:16.594831,delivered,89472,NV,VISA 16 digit
45d798ac-7548-4fae-8772-9c4a773a6d1c,Sandra Holmes,04593560,29,3,87,2024-05-13 23:41:37.827278,shipped,89181,NV,VISA 16 digit
90a51511-7c5c-453d-bb7e-3bf929bb56b5,Lisa Mullins,54203228,92,7,644,2024-05-20 20:17:00.279876,shipped,88935,NV,Discover
5603bcd0-c9c3-41bf-8f06-a29a9c850a68,Ashley Johns,88291727,69,8,552,2024-05-22 22:59:02.613144,delivered,89574,NV,JCB 16 digit
ee3323cd-08fd-4621-985d-7f6d44f0aaa3,Diana Murphy,79186070,79,1,79,2024-05-05 04:03:33.828521,pending,89588,NV,Mastercard
791af404-82e6-488c-9f93-801115c373ff,Vanessa Martinez,66469377,6,8,48,2024-07-11 14:36:56.329765,delivered,89535,NV,Discover
8224e9e2-e128-4757-a4a5-869c2ffe5e52,Lisa Salazar,97212294,99,9,891,2024-01-18 22:14:12.401978,delivered,89453,NV,VISA 16 digit
b97e8fb7-916a-46b4-8d0a-8d5e5476e53e,David Dominguez,53267887,63,4,252,2024-05-06 23:34:59.950335,pending,89643,NV,Mastercard
4fb88155-76e7-424f-bfa4-84e5517a752a,Christopher Hicks,61084681,100,4,400,2024-01-17 21:31:56.878154,shipped,89040,NV,VISA 16 digit
ef2f172f-00c8-4de8-8a8d-d0dcd9091504,Sean Gordon,50288472,86,1,86,2024-06-20 21:54:34.839040,pending,89883,NV,Maestro
68796855-ada2-417f-a8cb-3417f95a2c08,Garrett Parker,38045592,35,7,245,2024-09-03 23:40:25.114457,shipped,89544,NV,Diners Club / Carte Blanche
cb2b07f7-0d73-457e-8991-a022b83a25c7,Scott Fitzgerald,46300195,41,1,41,2024-04-30 23:23:25.440980,pending,89428,NV,JCB 16 digit
3d8c4e9c-fc3e-447f-9384-a15065240f68,Kyle Thompson,31745550,77,6,462,2024-04-15 05:59:12.536191,delivered,89270,NV,Diners Club / Carte Blanche
521318c2-91f2-4083-af85-76ea031bb943,Judy Bush,06926359,51,1,51,2024-01-13 03:15:28.983162,pending,88978,NV,Discover
a11f15d4-7e89-46c9-a85f-5035830670b9,Beth Walters,98414277,66,10,660,2024-09-05 15:23:33.357845,delivered,89342,NV,JCB 15 digit
b7bd0c48-0a46-425a-99ae-ba5d471b82f9,Sarah Wong,55963985,43,7,301,2024-08-31 05:55:51.047755,shipped,89405,NV,VISA 19 digit
fed08fec-848e-4f63-ba5f-948c2a41c6cb,Susan Salas,42600404,13,9,117,2024-08-17 09:33:03.279360,pending,89350,NV,VISA 16 digit
f3b4a1da-71ac-4e61-9ffa-83fd816c2540,Lisa Jennings,90725067,10,10,100,2024-04-01 03:05:03.395601,pending,89149,NV,Diners Club / Carte Blanche
58cd5632-c472-4e2a-95dd-5af5b84a7e12,Mary Jefferson,42841654,90,6,540,2024-03-15 00:47:34.926190,delivered,89601,NV,JCB 15 digit
7a161e97-6cd8-4dc3-b902-7b3c843568c9,Maria Wilson,40660721,48,10,480,2024-06-13 06:53:34.890760,pending,89392,NV,VISA 13 digit
3290fa65-0581-4b06-83a8-ad774ed77a7f,Amanda Callahan,43075881,41,1,41,2024-07-21 02:38:54.939747,delivered,89538,NV,Maestro
7b61a871-d201-4d75-adb7-84a143186935,Terri Walker,04732259,14,1,14,2024-04-12 00:41:47.780439,pending,89576,NV,Diners Club / Carte Blanche
d11ca746-8fc4-4743-9993-d8a963af7575,Bobby Burke,08841247,82,2,164,2024-01-04 04:01:07.073443,shipped,89274,NV,JCB 16 digit
cac0593e-34f8-4661-886e-3f885b3fd3ed,Matthew Newman,92778177,55,8,440,2024-03-18 16:09:54.492892,delivered,89342,NV,Mastercard
ef7678a5-d07c-40a1-871e-457923d6ba8a,Charles Ross,02856612,92,10,920,2024-07-11 15:11:07.308538,pending,89426,NV,VISA 13 digit
e8b3c39b-503f-459c-87fd-b1f483f1a504,Diana Frey,40837253,67,8,536,2024-05-17 18:28:14.525568,shipped,89106,NV,VISA 16 digit
b681c7c0-9d57-47c1-9f02-1c3d9b4bb3e7,Thomas Shah,19682693,70,7,490,2024-03-21 09:31:40.247408,delivered,89380,NV,VISA 19 digit
84e03831-7c08-40dd-8fb1-fb8b4c9c5b4b,Jesus Weeks,12598595,7,3,21,2024-04-23 21:39:42.623970,pending,89709,NV,VISA 19 digit
20c78a12-e9bd-4066-aa25-84a7c1bd7668,Jonathan Vaughn,68233839,56,1,56,2024-06-05 09:28:22.246549,delivered,89006,NV,VISA 16 digit
2d38cec7-7083-4626-bf4b-0d225a366e7b,Sandra Parsons,90134814,96,4,384,2024-04-16 11:52:50.099060,pending,89011,NV,Maestro
926cc97c-d05c-4832-880d-1effc21b2347,Shawn Rivera,73151104,51,9,459,2024-08-24 14:14:49.990328,delivered,89628,NV,JCB 16 digit
a7ee042e-a5d7-4239-9dc4-04140c7e4b3f,Vanessa Martinez,29090228,62,3,186,2024-03-02 02:47:04.077950,delivered,89535,NV,Discover
ec93e861-b1e2-48d0-aa6a-74aeef5044db,Scott Fitzgerald,81132263,50,4,200,2024-07-26 20:55:48.590328,delivered,89428,NV,JCB 16 digit
7ecfb0f3-d5f7-4c94-80a6-83bcce9e44d5,Christopher Hicks,84507785,40,8,320,2024-02-07 23:09:39.999261,shipped,89040,NV,VISA 16 digit
f84456ec-8879-4c0a-af94-db8ac4d0b114,Michael Hale,28423782,72,1,72,2024-04-27 18:15:55.568748,shipped,89795,NV,JCB 16 digit
0f7a9725-0693-4244-9e49-e67abfcf9c8b,Brianna Leonard,97162063,42,4,168,2024-02-23 05:17:14.464414,delivered,89697,NV,American Express
afc32337-a132-4a40-b3ea-76437a72b246,Kelsey Acosta,66920434,97,2,194,2024-07-25 22:27:01.066883,shipped,89409,NV,American Express
2c654b59-baa2-436c-8b4f-6c30bd8d7beb,Danny Baker,00237512,92,3,276,2024-05-24 04:50:33.677799,shipped,89304,NV,VISA 16 digit
58b2298f-6c7d-4fa1-bf64-16288e07d9a1,Robert Williams,00532075,7,8,56,2024-07-09 14:19:45.429120,pending,89517,NV,JCB 15 digit
86feb725-6715-4d54-adbd-72f4e09ca8a2,Judy Bush,21411557,37,8,296,2024-03-23 16:41:37.687130,pending,88978,NV,Discover
4d6cb112-52ae-48e1-bd22-a2101f22f066,John Gonzales,54815759,72,7,504,2024-09-03 04:02:35.732012,delivered,89421,NV,American Express
596fb576-121a-4c0e-92ab-1151a1e89853,Virginia Gomez,02738536,2,5,10,2024-05-31 09:36:25.188645,delivered,89435,NV,Discover
2b9f51c2-b4cc-4879-8abf-b16c326f8795,Rebecca Williams,92867284,97,1,97,2024-09-04 03:54:32.977765,delivered,89062,NV,VISA 16 digit
4c69e8db-b7c5-43c8-b1ca-8a7a5f66c93d,Jessica Franklin,87081923,9,2,18,2024-08-07 02:08:42.667475,delivered,89285,NV,VISA 13 digit
82829642-4d6d-4698-9d6a-ffeaa2aea9c2,Brett Gray,03690390,46,9,414,2024-08-21 18:45:59.796711,pending,89401,NV,Discover
001e0c81-5cc6-4a47-aad5-8a2dad0312ce,Thomas Shah,54609228,20,7,140,2024-05-23 20:23:11.504951,pending,89380,NV,VISA 19 digit
9cee07e1-09a3-4dbf-969d-9980b1b36143,Sarah Wong,12835126,26,10,260,2024-03-16 09:00:12.357134,shipped,89405,NV,VISA 19 digit
0f44be03-c06d-4356-b60a-5c897a0974cf,Cynthia Greene,85353657,33,10,330,2024-02-11 01:42:58.557964,delivered,89285,NV,Diners Club / Carte Blanche
e463b83f-17d2-4378-bdb5-8247ec6ce625,Brianna Leonard,41311363,77,6,462,2024-02-07 16:48:35.926461,pending,89697,NV,American Express
095519f2-da51-4ee7-9f6e-453220e5e9a6,Brandon Lucas,27646076,2,1,2,2024-05-08 20:22:07.820869,pending,89063,NV,JCB 15 digit
4653d255-a398-4876-9e00-30365fd85730,Sandra Parsons,91348210,35,5,175,2024-06-29 00:53:42.271631,pending,89011,NV,Maestro
aebc7970-044d-44da-ad9b-2fc9d9779f81,Bobby Burke,62609074,94,1,94,2024-01-07 22:05:15.123305,shipped,89274,NV,JCB 16 digit
b88557c7-3951-4c8a-bf19-17081088180b,Diana Frey,26805344,56,3,168,2024-04-02 15:41:33.346709,pending,89106,NV,VISA 16 digit
fcad4ed0-ed0c-4d39-9026-49ba51aea329,Melissa Johnson,23546233,87,3,261,2024-01-12 04:03:28.560282,delivered,89582,NV,Discover
dab337bd-8c65-4c17-84d0-519600e0b4c1,Brandon Lucas,68206659,42,7,294,2024-01-27 19:32:11.177031,delivered,89063,NV,JCB 15 digit
17e8c965-e449-4844-98b7-5f1e0b24be14,Brett Gray,60727800,65,5,325,2024-04-29 15:31:23.001690,pending,89401,NV,Discover
dc0a1aef-30e8-4bfd-b730-71be340ceaea,Michael Wise,51141462,10,8,80,2024-06-17 04:11:57.815008,pending,89373,NV,JCB 16 digit
66afe6ce-559f-4c1e-8684-773e622be556,Margaret Price,68699697,10,4,40,2024-01-22 23:25:07.550599,delivered,89421,NV,Mastercard
f3675709-c1cd-4b63-88a2-74668038cc58,Tammy Joseph,01060171,27,7,189,2024-06-07 10:37:02.756770,shipped,89016,NV,VISA 16 digit
1b2e6a83-bf41-4f76-8402-d15092440905,Mrs. Kim Smith DDS,65973905,80,8,640,2024-06-03 11:46:03.560570,shipped,89869,NV,American Express
45dd93f1-27d0-4602-ac62-2cfdd97dc2c5,James Bush,40759296,97,9,873,2024-06-25 11:20:15.539564,delivered,89621,NV,VISA 16 digit
5dff2087-7969-4024-8b3e-fd4106a2ddeb,James Green,04703549,58,10,580,2024-01-17 22:53:52.734991,shipped,89861,NV,VISA 13 digit
e709487e-266b-4481-8797-38e584f0c4fc,Janice Davis,23713581,24,1,24,2024-03-26 19:58:08.879347,delivered,89312,NV,JCB 15 digit
ccafd47d-6301-404c-b176-e436d6240280,Leah Simon,19061542,69,5,345,2024-08-12 07:32:55.680820,shipped,89881,NV,JCB 15 digit
c7f9d512-5d1f-4ef6-a915-3aae372bbf5a,Tracy Schaefer,43008452,32,1,32,2024-02-18 13:07:44.651992,delivered,89335,NV,JCB 16 digit
9cc97ccb-b7c2-426c-8723-0476927970e4,Diana Frey,36725847,49,3,147,2024-06-14 17:25:14.861712,shipped,89106,NV,VISA 16 digit
eed537fe-a670-414e-8667-62bb63a77b90,Kayla Jackson,42386896,54,9,486,2024-02-14 16:04:46.996943,delivered,89310,NV,American Express
8547f0d6-c8a7-4e89-b858-d25ebad0e3bf,Brandon Moon,00476058,83,3,249,2024-02-15 12:24:38.638975,pending,89202,NV,Discover
6db8fac2-f338-4a86-819b-85e9c0f37c3a,Melissa Johnson,71807263,34,9,306,2024-03-03 14:13:05.470345,shipped,89582,NV,Discover
95b3803a-5171-45ec-b963-8022ba8b6c03,Aaron Brown,39484147,45,4,180,2024-05-24 15:14:10.035358,pending,89598,NV,JCB 15 digit
483178aa-48b3-44f6-b472-0eb63b6dd4e7,Joseph Reed,37016272,14,9,126,2024-02-16 18:06:00.132033,shipped,89172,NV,VISA 19 digit
e709178e-bd79-4a27-8615-11613f8bf0ff,Roger Hill,39001337,52,1,52,2024-04-29 00:56:09.262375,pending,89313,NV,VISA 16 digit
bfd41599-9428-4107-8afb-321b568c20a7,Monica Hernandez,19682693,70,6,420,2024-02-21 13:22:12.470039,shipped,89426,NV,VISA 16 digit
566c9c4a-ae22-4076-b0cc-9a43ce82a733,Margaret Thompson,67792474,92,7,644,2024-05-11 15:13:00.000504,delivered,89269,NV,VISA 16 digit
a4415944-ff4d-4c48-8e3c-bf8c8dd5d777,Cynthia Greene,54627123,82,7,574,2024-05-11 01:20:55.563726,pending,89285,NV,Diners Club / Carte Blanche
cf12ff09-a433-4795-a77f-912c1dcab90d,Matthew Newman,05966127,30,1,30,2024-06-06 05:35:29.602264,pending,89342,NV,Mastercard
da19d3ac-a185-4b1e-b1fe-346ed0c3e366,Robert Williams,66413905,100,6,600,2024-03-05 17:35:08.860363,delivered,89517,NV,JCB 15 digit
2deba611-ae45-44e0-8dba-d844a9272e45,Jesus Weeks,43428038,79,2,158,2024-03-31 19:27:08.750999,pending,89709,NV,VISA 19 digit
893cb75a-7349-4750-9e0b-ae33493a59a3,Monica Hernandez,86066860,26,1,26,2024-05-28 21:39:54.267432,delivered,89426,NV,VISA 16 digit
07ba2de4-81a6-4cd0-bf5a-c2069464d793,Virginia Gomez,36538829,5,8,40,2024-04-23 23:43:31.348331,pending,89435,NV,Discover
d9d2f48b-7981-4bbc-bea3-402c6b5f5eeb,Sarah Ford,88149424,17,3,51,2024-05-23 13:24:04.553173,shipped,89303,NV,VISA 13 digit
10bcb6ba-db9d-4a59-9207-7082b690e48b,Jennifer Baird,01437416,59,10,590,2024-02-18 07:46:55.377096,pending,89122,NV,JCB 15 digit
38ad28e7-8152-449d-9d64-95deb3747170,Mary Sanchez,93888738,64,2,128,2024-08-11 14:58:34.282801,pending,89778,NV,Discover
6d4ed704-16d4-4772-8f67-57cffffadbdf,Monica Cox,61084681,100,5,500,2024-08-09 08:06:40.611012,delivered,89708,NV,Diners Club / Carte Blanche
80ecc521-f90b-462e-9df0-c5c92ccaafb6,Monica Williams,95126470,77,6,462,2024-07-04 05:43:28.974388,shipped,89674,NV,JCB 16 digit
46537d3e-9236-46eb-9564-4c5320270d7b,Catherine Smith,41914731,72,10,720,2024-08-30 23:39:37.717929,pending,89254,NV,VISA 19 digit
d2785ff3-2b54-4937-b7ce-307505f44ad1,Mrs. Kim Smith DDS,34543184,5,4,20,2024-06-05 21:26:25.331270,delivered,89869,NV,American Express
17dff179-13a6-4168-8ac9-b740c0f0ee12,Brett Gray,23433403,30,9,270,2024-06-01 19:39:03.680928,pending,89401,NV,Discover
a532bd94-34b8-43e4-a58a-ccbcf02e9c72,Chloe Miller,63320763,42,6,252,2024-08-15 13:55:43.290769,pending,89003,NV,Mastercard
1034287e-85d2-4e4b-b889-0df1b235ca25,Jesus Weeks,13627560,18,5,90,2024-06-03 13:18:26.169566,pending,89709,NV,VISA 19 digit
40f52eec-c98d-4511-b60e-da091ba2f51e,Sharon Bowman,99788155,2,4,8,2024-07-04 06:35:22.622376,delivered,89619,NV,Maestro
6dc05450-1901-48cb-8972-6f838888340e,Cynthia Greene,09042827,77,1,77,2024-02-17 17:24:52.529172,delivered,89285,NV,Diners Club / Carte Blanche
3edaa7e0-305c-4bcc-af89-469ea99a7e64,Stephanie Randall,57383071,12,4,48,2024-08-07 07:14:35.249038,delivered,89006,NV,VISA 13 digit
60cfd9e1-e304-4293-af27-73e8f25cf860,Kelsey Acosta,40345093,70,8,560,2024-04-26 18:31:15.627342,delivered,89409,NV,American Express
f43dde82-8cf6-4323-896b-0815bf287602,Ellen Hall,96560686,21,5,105,2024-06-25 06:53:25.617100,shipped,89042,NV,Maestro
3f3a9e76-1265-4fbc-999a-dfbe2bb661fa,Adrian Calderon,29555789,44,9,396,2024-02-07 03:24:52.863565,pending,89847,NV,Diners Club / Carte Blanche
323241ad-4741-4677-aa16-25fa54c40bd8,Scott Fitzgerald,81138647,11,8,88,2024-03-27 07:14:15.505921,pending,89428,NV,JCB 16 digit
940fb5ca-9ce9-4b26-af34-b15a72b611f1,Beth Walters,72727256,49,9,441,2024-02-17 17:28:39.998757,pending,89342,NV,JCB 15 digit
bad311d5-ffd0-4a0a-9db0-a4e13060b4d0,Kevin Johnson,92972964,36,7,252,2024-06-28 17:17:57.467043,delivered,88975,NV,VISA 19 digit
b83b7cfb-41be-4f7e-ba5e-f3f95ec87ceb,Thomas Shah,86376501,14,1,14,2024-02-23 03:34:22.120219,shipped,89380,NV,VISA 19 digit
9fdff682-97a8-41d3-a583-085609782566,Tracy Schaefer,45303715,53,2,106,2024-01-18 00:59:43.821820,pending,89335,NV,JCB 16 digit
c3d9fbd7-94f1-4836-a0ee-1c4cf2370f5c,Joseph Reed,87491890,42,3,126,2024-06-07 05:17:04.483874,delivered,89172,NV,VISA 19 digit
70bf8a9d-5aeb-4e12-aa23-8d1033fb6125,Brandon Lucas,95211046,96,9,864,2024-02-19 00:46:46.092580,shipped,89063,NV,JCB 15 digit
ae1baca6-bb37-49e6-8a4d-5a692999cd1a,Bobby Burke,66920434,97,8,776,2024-07-09 08:51:47.093235,delivered,89274,NV,JCB 16 digit
26af5def-271a-42a2-ac9e-24e362a8cdf6,Aaron Brown,07827402,11,7,77,2024-08-25 15:22:31.305959,shipped,89598,NV,JCB 15 digit
598aa44e-66cf-4473-b4f3-9591391180a5,Ryan Davis,33761671,4,6,24,2024-06-28 15:16:45.616504,pending,89138,NV,VISA 19 digit
a951d86e-67e5-4979-bebb-a511a846062f,Mrs. Pamela Griffin,02738536,2,3,6,2024-08-01 12:04:22.998132,shipped,89235,NV,VISA 16 digit
4c819e87-2bb2-4a43-bba8-7c79b9094ec8,Judy Bush,26177786,4,2,8,2024-01-16 05:46:08.555657,delivered,88978,NV,Discover
4c30c5ed-a6ef-42a7-a2b9-58f743b599f3,Michael Wise,88833811,96,7,672,2024-07-21 07:55:22.947149,delivered,89373,NV,JCB 16 digit
58c9c94b-5b0d-4056-b67c-1e2db31d7b1f,Melissa Johnson,66003335,22,6,132,2024-04-12 13:41:22.000375,shipped,89582,NV,Discover
5e4c3c72-8b47-4802-a3fb-dee86b2a3d94,Brandon Moon,07164019,63,9,567,2024-04-10 20:04:47.407700,pending,89202,NV,Discover
d59441d9-594b-4231-9d82-3eeb6d077b91,Nicole Moody,61915213,92,3,276,2024-08-11 22:32:04.764918,pending,89695,NV,VISA 13 digit
e74a941b-6f93-41fe-b05f-f374f708bd3a,Roger Hill,85153660,91,8,728,2024-08-30 09:03:32.295819,shipped,89313,NV,VISA 16 digit
092243d3-a05a-4271-b7d3-e9d5b980eb3e,Brandon Lucas,81695935,90,2,180,2024-09-04 15:04:53.308872,shipped,89063,NV,JCB 15 digit
81bb4a49-e5d4-4bab-99c4-3bc014d47667,Mary Wagner,69536960,28,9,252,2024-03-27 16:16:19.301349,delivered,89417,NV,VISA 16 digit
8b15bf83-bc8f-4c01-a479-76dd090f30ff,Monica Hernandez,45303715,53,4,212,2024-04-27 05:40:40.653631,delivered,89426,NV,VISA 16 digit
07bcc663-d486-4f25-8a8b-10ed6de53f78,Megan Adams,14958038,65,7,455,2024-01-31 15:58:26.375312,pending,89223,NV,VISA 13 digit
a52522ef-0318-4111-9153-b7dcf1ea8906,Leah Simon,61238077,19,2,38,2024-03-08 11:50:04.018925,shipped,89881,NV,JCB 15 digit
9005ca79-0d3c-4c3c-9b0b-7a23daca81df,Tina Reed,50528134,81,10,810,2024-02-21 08:37:19.547409,delivered,89333,NV,VISA 16 digit
4cd0a5dc-4651-4af3-b5d2-011f5ca177c7,Ashley Johns,79205986,19,1,19,2024-01-17 20:21:19.815603,pending,89574,NV,JCB 16 digit
1ce0eccb-41a8-4e0f-95c8-a7616a1db22f,John Berger,34059036,71,3,213,2024-08-28 04:23:15.220699,delivered,89122,NV,VISA 16 digit
b25b8cbd-c1ab-40d2-be30-ca0cfb1524ee,Daniel Brewer,55687379,1,10,10,2024-08-15 08:07:17.648610,shipped,89790,NV,Diners Club / Carte Blanche
8a48f9fa-0655-4a14-98c0-abe85cb47b73,Bill Sutton,29090228,62,3,186,2024-04-03 12:21:26.558013,delivered,88932,NV,American Express
88d07ec9-fa04-401c-bcfc-3b2849cee1b9,Shawn Wilson,22524683,84,1,84,2024-09-02 19:48:39.776895,delivered,89593,NV,JCB 16 digit
1a88bc63-c33d-4748-8068-57685d984930,Susan Salas,66920434,97,2,194,2024-02-09 22:24:24.821508,pending,89350,NV,VISA 16 digit
6338767b-3322-449d-936e-92f0dfe5f8df,Aaron Brown,27443316,63,3,189,2024-01-20 18:33:48.939118,delivered,89598,NV,JCB 15 digit
6c8a6469-d424-4fcc-9991-a5af42dc93a3,Nicole Moody,44048341,77,3,231,2024-07-24 23:48:46.457745,pending,89695,NV,VISA 13 digit
a47b0f51-5a43-4538-b8c1-689baee30e31,Robert Williams,37038250,65,10,650,2024-02-13 14:59:00.768668,delivered,89517,NV,JCB 15 digit
3d668fb9-8489-4392-849c-af7cec6c758f,Kayla Jackson,32628913,49,2,98,2024-01-10 23:43:00.237596,shipped,89310,NV,American Express
ffd98653-c26a-4f4c-b8b6-3d5c897b5d32,Tracy Schaefer,54345232,26,3,78,2024-01-26 05:52:04.445110,pending,89335,NV,JCB 16 digit
b0ce501b-c81d-4116-8e78-0a8e714bd0eb,Bobby Burke,04787235,93,2,186,2024-06-06 08:22:16.202726,shipped,89274,NV,JCB 16 digit
c5d2a2d9-39d2-4946-b9f7-d87874517785,Vanessa Martinez,66920434,97,3,291,2024-08-16 03:04:04.316205,delivered,89535,NV,Discover
60fc5579-18b3-4303-88b6-c0474d34cf73,Robert Williams,72332986,45,5,225,2024-07-10 19:16:06.691833,pending,89517,NV,JCB 15 digit
37091ff0-7db0-4ef2-a3fd-fc8bf87d805c,Catherine Smith,88833811,96,10,960,2024-06-13 07:25:36.733743,pending,89254,NV,VISA 19 digit
158dfa2d-cd2d-4664-b27f-9ecbe1117ad7,Chloe Miller,32499124,30,2,60,2024-06-20 12:22:53.573712,pending,89003,NV,Mastercard
ce40d48e-9906-4765-be91-eea6e837c7c3,John Gonzales,16567214,30,10,300,2024-02-23 17:51:47.883389,pending,89421,NV,American Express
39699932-d68c-4008-9dda-7fe863c78b09,Danny Baker,83227981,66,10,660,2024-02-15 18:12:30.408919,pending,89304,NV,VISA 16 digit
99f46000-5fa5-443e-b1d8-462250d06210,Maria Harper,27693919,11,1,11,2024-04-15 00:04:33.809109,pending,89645,NV,Discover
12498e12-d6e7-41cc-af75-3b567512966c,Julie Guzman,67792474,92,9,828,2024-07-23 16:45:57.157528,delivered,89573,NV,VISA 16 digit
0685c8a8-666c-4b02-9b57-95b03e36d7b9,Isabel Bowen,31745550,77,4,308,2024-03-25 04:39:57.947516,delivered,89140,NV,VISA 16 digit
2220e311-f2b8-4cd2-ad2e-e2188c5e6e6d,Wayne Wilson,38140051,74,6,444,2024-01-19 20:48:20.088352,delivered,89807,NV,Maestro
adf9775c-6ce1-46f2-bc55-2d708c26a84f,Christopher Hicks,01383133,23,9,207,2024-05-19 21:34:00.243033,pending,89040,NV,VISA 16 digit
edfcfc82-a72a-4e4c-939d-ab3a5153c1de,Jonathan Vaughn,22524683,84,10,840,2024-04-28 10:27:23.561156,shipped,89006,NV,VISA 16 digit
908f9f27-2abc-4f47-9696-5b9438326b17,Cynthia Greene,45303715,53,1,53,2024-08-03 10:40:09.005302,shipped,89285,NV,Diners Club / Carte Blanche
c55d3b32-e828-49ef-9b81-9f685791e597,Ellen Hall,54557642,60,4,240,2024-02-16 10:14:04.877581,shipped,89042,NV,Maestro
5f397584-81ac-4018-ac61-6e5b7cef093f,Janice Davis,05903856,78,1,78,2024-06-09 16:48:23.653620,delivered,89312,NV,JCB 15 digit
66dd91bf-9a6d-4571-ac57-f4ead5279242,Monica Cox,71411989,2,2,4,2024-08-02 18:26:05.447039,delivered,89708,NV,Diners Club / Carte Blanche
b682dd87-272d-4e32-a2b1-b4405e68ffac,Michael Hale,06606350,53,1,53,2024-05-13 15:25:55.035744,delivered,89795,NV,JCB 16 digit
b786d465-db67-48ea-9474-9ce5cac5480c,Ronald Farrell,71073415,96,4,384,2024-07-09 18:02:16.123260,pending,89082,NV,Discover
375d5ee8-d57a-4c8f-945f-8d390950043e,Michael Glenn,86066860,26,7,182,2024-01-27 07:11:14.315068,shipped,88987,NV,JCB 16 digit
db123b42-1f54-44ff-82d1-f7beb5e21ece,Bill Sutton,82630683,65,6,390,2024-07-10 02:15:50.389772,shipped,88932,NV,American Express
4eaa1378-6264-4620-ad94-cff08c3d94e9,Sean Gordon,07444456,61,5,305,2024-06-01 11:28:24.029873,delivered,89883,NV,Maestro
7c324fce-9df1-4033-8f21-101bfbc7e349,Jessica Franklin,51103132,33,5,165,2024-02-13 23:30:36.772985,shipped,89285,NV,VISA 13 digit
285f2fc3-9efd-4e14-af9d-8b4d217949c2,Kathleen Rodriguez,13061043,18,2,36,2024-03-02 09:43:24.536922,pending,89018,NV,Discover
f697d3c4-b5fd-474e-8dc9-44a15819e73a,Maria Harper,14564741,95,9,855,2024-03-21 02:34:46.132380,pending,89645,NV,Discover
17ea3fad-be30-4b6a-b932-e9cfe42e7bd3,Rebecca Williams,13702274,88,2,176,2024-09-05 07:11:08.025184,shipped,89062,NV,VISA 16 digit
2f088fe0-3e82-49f8-9c54-c5ef3af5fa5e,Leah Simon,99937300,13,5,65,2024-09-04 07:56:12.872063,pending,89881,NV,JCB 15 digit
88ad853c-6c87-46ee-97aa-87a83ad9f2ea,David Dominguez,91348210,35,10,350,2024-03-15 08:38:17.925485,delivered,89643,NV,Mastercard
9173de95-497f-4610-be87-fabd5e4d3d30,Misty Pineda,38316531,2,4,8,2024-02-29 12:20:21.673342,shipped,89591,NV,Mastercard
410bf429-3cf5-4750-bedb-c0925937ba4a,Jennifer Baird,06354794,85,5,425,2024-07-21 12:05:54.716537,pending,89122,NV,JCB 15 digit
7135d1f8-d921-426a-990f-97dbfd4c0390,Janice Davis,29911714,25,9,225,2024-04-10 09:18:47.595298,delivered,89312,NV,JCB 15 digit
7a3246d1-bc6c-4a15-8156-4a042671adc5,Margaret Thompson,74563951,34,4,136,2024-06-25 00:28:24.204379,shipped,89269,NV,VISA 16 digit
c3a8c195-d1cd-4e53-bc12-21718f7163c7,Lisa Mullins,17759854,32,4,128,2024-06-08 03:45:00.095012,shipped,88935,NV,Discover
c9089a28-6591-4ec8-b57b-668917668448,Kyle Thompson,27580707,43,3,129,2024-05-07 12:33:16.830338,shipped,89270,NV,Diners Club / Carte Blanche
88eb2879-b1e8-4bb8-85c7-c0a5335b8e66,Garrett Parker,45418761,44,4,176,2024-04-03 02:01:16.817617,delivered,89544,NV,Diners Club / Carte Blanche
761eaa0b-1d9a-4d79-b881-a9a58060d025,Derek Wilson,70328592,6,1,6,2024-02-05 16:28:37.776069,delivered,89833,NV,JCB 16 digit
ee92a363-157c-4e25-bf00-3e52a834b362,Thomas Shah,54308336,24,3,72,2024-07-18 08:45:54.685884,shipped,89380,NV,VISA 19 digit
