a4fccb48-f661-44e0-bba5-459149f2829b,Sara Johnston,33372204,69,3,207,2024-06-29 05:59:47.380026,delivered,11965,NY,JCB 15 digit
511cb1ce-06a4-400b-8e65-edb77cc0fef2,Joshua Rose,68248239,62,9,558,2024-04-19 04:43:44.804306,shipped,12019,NY,Diners Club / Carte Blanche
8d74959b-ccfd-44e4-8a55-0cd4cb0620d4,Erica Martin,07250989,60,9,540,2024-07-26 01:58:45.291245,shipped,11501,NY,Diners Club / Carte Blanche
8c00d14f-db8d-4283-80b4-e5da041e5e00,Andre Miller,09042827,77,3,231,2024-05-26 07:01:23.429103,shipped,10138,NY,Maestro
41dcd8ce-bc2f-4a1d-bed1-b9b0993e171d,Shannon Malone,39529879,23,10,230,2024-01-08 04:55:51.645317,delivered,10327,NY,VISA 13 digit
ee7c3088-4be6-44e0-a21b-1f50c91e5c22,Cesar Ramirez,82270858,49,5,245,2024-07-03 07:27:34.099379,pending,12670,NY,JCB 16 digit
2ba558f9-5dc4-4e1e-bcf3-fda1beaf1106,Chad Choi,13151560,35,8,280,2024-06-14 04:35:25.779295,shipped,10427,NY,Mastercard
a320b60b-10bb-499b-82fd-ee67c3e8b72a,Dr. Shannon Cole MD,22662309,16,1,16,2024-05-20 06:18:24.897580,shipped,11720,NY,VISA 19 digit
18b483a8-3e53-45cd-91a1-f796d7ce2002,Larry Graham,44083274,23,8,184,2024-07-20 04:42:35.097198,delivered,12854,NY,VISA 19 digit
5dde9676-097b-41da-a2b1-8deff3f68469,Jessica Peterson,65931882,13,9,117,2024-06-05 17:04:55.725233,pending,10122,NY,American Express
5b2e8886-d690-4957-9f71-b4de027b3aca,Barbara Torres,78225206,31,5,155,2024-07-23 19:12:39.670595,delivered,13521,NY,VISA 16 digit
5d6478fa-ed81-4222-b3f0-562e6d1cfc73,Jennifer Adams,20916732,54,7,378,2024-07-14 09:51:30.552431,shipped,10271,NY,JCB 15 digit
762b658c-ba92-4ff7-bc7d-8aeacd8c6288,Travis Hall,99455262,40,3,120,2024-01-26 08:42:50.476856,delivered,10299,NY,Mastercard
900aa0ad-5ee9-46f6-b699-7ceaae1ecdb4,Tiffany Jackson,70257670,38,10,380,2024-01-20 20:42:22.690953,shipped,10513,NY,VISA 13 digit
bc147de7-3419-451f-b582-3af0c92cb296,Jessica Peterson,18545135,75,8,600,2024-08-06 13:45:40.002029,shipped,10122,NY,American Express
48abe3d2-faf8-4c39-af77-3bff1bf02215,Kirk Gilmore,50277711,45,8,360,2024-06-01 10:10:14.533948,delivered,10983,NY,Maestro
bb13e439-b89e-4fd3-942a-afb3218b457d,Jasmine Jones,72332986,45,2,90,2024-04-05 09:51:50.350092,delivered,10344,NY,Discover
a0f19fff-b9c5-4655-b89d-381c5bf49f6f,Christopher Fowler,45760099,30,7,210,2024-06-08 21:26:02.201781,delivered,10606,NY,Diners Club / Carte Blanche
bdc3dfe0-bdb2-49dd-8566-87ede72cfa08,Kelly Ford,25590050,24,1,24,2024-01-19 12:12:04.850533,pending,12633,NY,JCB 16 digit
95b9ad1b-a162-4718-b375-639ac376e7ae,Margaret Moore,50678587,99,10,990,2024-01-30 10:47:31.475812,pending,12531,NY,JCB 16 digit
fa5d4efc-9c00-481a-8264-bec159216712,Fernando Nelson,32433036,36,1,36,2024-04-03 01:46:18.031042,pending,13603,NY,Maestro
6fa0657a-9b19-4c54-946f-8a5d88c0d355,Madeline Mckinney,59156048,22,7,154,2024-01-25 23:10:54.230440,pending,10658,NY,JCB 16 digit
bd19c7d4-6573-4f4d-88fc-000346aa92df,Phillip Williams,39478894,61,7,427,2024-01-14 16:47:20.962972,delivered,14153,NY,Discover
8354f736-82c9-4af0-bdc7-4ddaf2ff68f6,Michael Ingram,46700087,70,1,70,2024-02-13 14:16:12.945761,shipped,14890,NY,Maestro
5a0e4b98-5154-45a4-bc57-5ce669fc6383,Joshua Washington,94231854,20,3,60,2024-07-27 09:56:06.196126,shipped,13636,NY,VISA 16 digit
e81984a2-a10e-4b2e-a7dc-217cb69f14c4,Brooke Harris,80526988,11,5,55,2024-06-29 17:04:50.721004,pending,13767,NY,JCB 15 digit
fecf3883-5150-48b5-b9e6-9952fcc17540,Nancy Moore,77484284,11,6,66,2024-08-13 05:46:28.428771,shipped,12192,NY,VISA 16 digit
99a3acbc-373d-4024-bd05-c95814183c4a,Warren Davis,51505653,9,9,81,2024-07-13 05:02:51.028474,delivered,11316,NY,VISA 13 digit
aceffdfc-8c1e-469c-b285-337660418ba7,Andre Miller,95450575,34,10,340,2024-04-26 13:01:17.010710,pending,10138,NY,Maestro
3af6c9bd-93d4-47f1-886b-027d4977fd69,Anthony Barnes,31034425,53,3,159,2024-02-11 10:33:12.189893,delivered,10112,NY,JCB 16 digit
ec63ab2e-1dd9-43e2-a169-a1bbc97b94a5,Tiffany Shepard,17759854,32,10,320,2024-06-24 17:41:58.628273,delivered,11387,NY,Discover
f71f4333-0a06-431b-9179-8808dae06e87,Isaac White,39867230,12,5,60,2024-08-30 18:15:29.522048,pending,11419,NY,VISA 13 digit
60b4aeb1-9b7c-4be9-a27d-e4c7ca12cc99,Kimberly Potter,63175912,19,5,95,2024-07-31 15:59:05.481266,delivered,11764,NY,JCB 15 digit
33cf7c05-a888-4138-8a7e-270a4652dfe0,Christine Flores,06918538,61,8,488,2024-09-07 05:11:12.705530,pending,14114,NY,VISA 16 digit
2af69427-c1aa-46bb-8da5-af8729a9c78d,Jason Ballard,90725067,10,2,20,2024-02-04 09:08:23.764762,delivered,13523,NY,VISA 16 digit
1e4049d2-9bb0-4113-aec6-6892cc3db940,Cody Morris,15909879,28,6,168,2024-06-28 20:03:58.155341,delivered,10715,NY,JCB 16 digit
0a5c6920-8618-4172-aa85-cbbab9717c71,Joshua Landry,40283647,25,10,250,2024-01-03 15:11:39.206200,pending,13097,NY,Mastercard
bc3f84b2-302e-4096-b2d2-b3f54a6eea7d,Heidi Johnson,07827402,11,7,77,2024-07-04 14:50:12.645949,pending,13462,NY,VISA 13 digit
726a7dab-1bf9-4150-bfe4-9f7cde28dbe7,Andre Miller,09529434,34,1,34,2024-05-20 11:29:22.837091,shipped,10138,NY,Maestro
cf894ba3-cb2d-47cc-9bd0-4e20815b5a7e,Brianna White,51794682,74,5,370,2024-03-19 03:09:26.196434,shipped,12263,NY,JCB 16 digit
616310a8-0c7f-494e-ab6d-e6fc4fb1b09c,Kelly Ford,02328003,85,2,170,2024-06-11 14:34:23.561811,delivered,12633,NY,JCB 16 digit
c05e5a95-4666-484e-adae-684a73efea00,Erica Ali,37888732,42,2,84,2024-02-08 09:20:35.149314,pending,11297,NY,Discover
6b1697cb-b196-4008-9ee9-19c2dbfb9777,Christopher Woodard,58994344,7,5,35,2024-04-08 18:26:26.053029,delivered,12591,NY,JCB 15 digit
e35dee08-f6a4-4e97-8215-7e9a709ae816,Phillip Williams,35336228,80,9,720,2024-07-02 17:27:22.556129,pending,14153,NY,Discover
029a8f20-4e98-4e94-b505-6600466e5201,Dr. Kristen Wood,39737175,8,4,32,2024-01-19 00:46:46.183128,delivered,10589,NY,JCB 16 digit
65e84f8d-cc30-4e43-b902-2c0303abdf71,Kirk Gilmore,51794682,74,6,444,2024-02-24 23:53:49.574276,shipped,10983,NY,Maestro
e5e4cabf-4d50-41ec-9bd8-9b5d8e558cba,Rachel Crane,80328117,59,10,590,2024-05-19 12:56:32.183484,shipped,14688,NY,Maestro
3d7b6fe1-5ed4-4259-91db-aa9db88e36f1,John Pierce,98649273,32,5,160,2024-07-25 02:41:44.776470,pending,10032,NY,VISA 16 digit
1b447b7b-5b81-45c9-a699-bfc208a0d36d,Warren Davis,61789067,5,7,35,2024-08-30 06:13:38.224428,delivered,11316,NY,VISA 13 digit
9e0d4acd-e80e-4032-884b-7bec5f953a1d,Brooke Harris,93374897,60,2,120,2024-04-19 20:31:37.556599,pending,13767,NY,JCB 15 digit
d88111e6-d9dc-4c7c-83f7-dfee37c4e5d6,Kristen Franklin,03690390,46,3,138,2024-04-02 19:05:16.022077,pending,10427,NY,JCB 15 digit
744c251c-d7b2-484c-a908-22ae8db8332e,Joshua Washington,32565164,13,6,78,2024-07-21 11:03:30.543173,shipped,13636,NY,VISA 16 digit
6cc29b78-e183-43d6-8344-ac8c41211431,Joshua Johnson,11609391,76,2,152,2024-01-08 13:39:18.300110,delivered,14350,NY,JCB 15 digit
91a0f135-378f-4c5e-8e16-c0ae35b2eca6,Michelle Parsons,33242811,96,3,288,2024-06-25 09:24:45.241569,pending,14731,NY,JCB 16 digit
fa4e53b1-9176-45e9-bc6f-84e03426865e,Erica Martin,97212294,99,2,198,2024-04-06 02:51:56.254773,pending,11501,NY,Diners Club / Carte Blanche
3c43d3a3-8b76-4f9c-a805-35d70bb41ddc,Loretta Mcdowell,40383439,41,10,410,2024-08-31 09:05:54.234071,delivered,12246,NY,Diners Club / Carte Blanche
d0ade03c-5764-4b43-98f5-0dfad9b5b9b8,Jennifer Adams,57642840,15,5,75,2024-01-14 08:31:28.954146,shipped,10271,NY,JCB 15 digit
b4e6eacd-57f4-4096-9a06-4de3e52e1875,Kelly Ford,97466741,91,8,728,2024-08-29 13:11:44.679171,pending,12633,NY,JCB 16 digit
fb124b45-3c38-4e5c-b4e3-9a476fdeeb7e,Laura Heath,94231854,20,3,60,2024-02-04 12:39:03.356284,shipped,10502,NY,JCB 16 digit
64d29eeb-c0f9-4bc5-8d5f-9988dc489a2c,Brian Parker,73386353,29,1,29,2024-03-28 18:52:40.842613,delivered,10288,NY,Discover
7b5b4ed8-c53f-4733-8d02-1e42f3907e3a,John Pierce,56877168,51,4,204,2024-07-26 07:53:50.369574,delivered,10032,NY,VISA 16 digit
d65dea7d-76e1-43a3-87ae-2039b2d9eb68,Sabrina Velazquez,22559784,4,5,20,2024-07-19 19:14:06.530872,pending,12537,NY,VISA 16 digit
0d8f72e6-94e7-4721-96fd-f87df711ff02,Ryan Bass,22963901,6,7,42,2024-07-13 08:46:51.984084,pending,12792,NY,VISA 19 digit
be4e8474-b964-4d17-9022-84d2f3fa894b,Denise Robinson,72034040,84,10,840,2024-03-21 15:05:58.641892,delivered,13170,NY,VISA 16 digit
47ad63fe-9590-49b5-987d-3983a417aa6d,Timothy Lee,64818986,12,7,84,2024-04-01 19:36:10.670822,pending,14480,NY,VISA 16 digit
312cabc6-7417-4759-9494-d421977e2cc3,Joshua Rose,00312028,35,8,280,2024-03-25 23:00:58.656999,delivered,12019,NY,Diners Club / Carte Blanche
354e4351-0e71-4092-ad36-d91ba54c2788,Craig Smith,05818778,61,7,427,2024-06-14 22:54:48.634745,pending,12217,NY,JCB 16 digit
22c097a3-3669-4d3a-968d-97b93c22faef,Kirk Gilmore,03927601,12,5,60,2024-02-25 16:42:53.152159,delivered,10983,NY,Maestro
b6f356b6-73e9-468b-aee0-629a41a7f8e5,Christian Berg,54548565,9,6,54,2024-02-25 19:47:37.736304,shipped,12273,NY,Diners Club / Carte Blanche
11de5a19-3b4c-42e0-b8a0-419d720c8ce1,Madeline Mckinney,19585079,64,2,128,2024-08-07 21:26:11.126391,shipped,10658,NY,JCB 16 digit
d447633c-5854-4f7c-ac25-07a54a53f6d4,Timothy Humphrey,55543330,86,7,602,2024-04-08 02:24:45.816054,delivered,13482,NY,Discover
3388ae90-868a-4006-8fb3-1580135761d8,Kristen Franklin,41174647,46,2,92,2024-03-10 01:06:08.325564,pending,10427,NY,JCB 15 digit
0e4fb68f-0d10-4b5e-b369-9ce5cd7e1e90,Christopher Galloway,81132263,50,2,100,2024-02-29 08:28:49.814453,shipped,12670,NY,VISA 19 digit
82b95d97-d8c1-4dbb-aaef-7c84a657b633,Warren Davis,76571466,16,9,144,2024-05-03 20:41:43.213677,shipped,11316,NY,VISA 13 digit
ec16c2dc-602f-42c8-8988-5b385af66ba4,Randy Lang,83903830,52,1,52,2024-04-15 13:01:22.289428,delivered,10917,NY,VISA 16 digit
b973c93f-d322-43fc-ad85-95a77ff0bf4d,Ashley Baker,34339800,12,2,24,2024-01-29 20:32:27.528205,shipped,11809,NY,JCB 15 digit
9f73e280-2919-4812-a70c-bca5ac485220,Joshua Landry,83040504,72,9,648,2024-06-11 01:44:55.860355,pending,13097,NY,Mastercard
480ca08a-ca96-4895-96aa-bbcd9a3ab35f,John Pierce,01448955,31,1,31,2024-03-03 08:06:15.437279,shipped,10032,NY,VISA 16 digit
ef35ebe2-298f-4d39-8f58-57239c52aac8,Shannon Malone,29209644,71,5,355,2024-05-13 20:02:26.411820,pending,10327,NY,VISA 13 digit
294d09c2-b04e-47a8-a888-8d14de48526d,Brooke Harris,46762818,54,7,378,2024-05-10 18:11:37.143143,pending,13767,NY,JCB 15 digit
d8af0496-1410-4ed1-8523-f475111f6ca5,Travis Hall,34542743,72,4,288,2024-09-02 23:35:15.132697,delivered,10299,NY,Mastercard
dba8f6aa-8386-43d6-a6d7-3b26f128696b,Becky Rodriguez,69441578,72,1,72,2024-01-15 21:07:29.030625,pending,11825,NY,Mastercard
ed560f82-212d-45ef-963e-e538e8655843,Julie Phelps,36881925,30,2,60,2024-04-11 17:42:27.726589,shipped,12955,NY,JCB 15 digit
d4b14984-3fc1-4879-8d64-384f8d6eb4ec,Kristen Franklin,04577096,37,5,185,2024-08-05 19:01:46.942409,pending,10427,NY,JCB 15 digit
ef3f28e2-e33d-45f1-a719-1451490ee779,Rachel Crane,03648445,23,8,184,2024-02-09 23:33:49.147412,delivered,14688,NY,Maestro
627e9b96-6998-44b4-aab6-dfe4a0f06a59,Jennifer Calhoun,77484284,11,1,11,2024-04-29 06:34:09.855655,pending,10440,NY,American Express
3b101c73-20a6-4a9f-a579-b6722b12411a,Christopher Fowler,89112533,66,4,264,2024-07-17 15:13:27.905209,pending,10606,NY,Diners Club / Carte Blanche
01e36da9-9a9e-449b-80ad-f09daf769fee,Adam Perry,39484147,45,9,405,2024-04-10 11:21:11.739029,shipped,10691,NY,Discover
e3fec9b7-1636-4678-b63d-51d612205f63,Hannah Scott,96841693,98,3,294,2024-08-29 06:23:29.914402,pending,13782,NY,VISA 13 digit
e70e7d9e-77fb-4352-b58c-e9e5f65fe865,Patricia Ramos,27580707,43,8,344,2024-06-29 03:56:27.290747,shipped,14850,NY,Diners Club / Carte Blanche
0a7373e3-c2bc-4c13-a1d6-d32d356292c9,Dr. Kristen Wood,56877168,51,2,102,2024-04-30 06:08:41.527152,shipped,10589,NY,JCB 16 digit
c35682de-6fa9-4862-9531-d6824f3c80e8,Brian Parker,70888416,93,1,93,2024-05-07 00:51:07.907158,pending,10288,NY,Discover
b451c392-ab10-4a26-b45e-608000644ffe,Christian Berg,42527558,67,3,201,2024-04-22 09:30:05.349370,delivered,12273,NY,Diners Club / Carte Blanche
5178725e-b1f5-42ed-8b70-77820902fd04,Denise Robinson,99663650,70,2,140,2024-08-07 20:57:27.368868,shipped,13170,NY,VISA 16 digit
2322df3a-c003-4d9a-bd00-02b32512b685,Madeline Mckinney,93374897,60,5,300,2024-07-27 19:43:56.649478,shipped,10658,NY,JCB 16 digit
4306d5d3-245a-4adb-b2c1-f64166dd9448,Kirk Gilmore,00963947,8,1,8,2024-02-02 08:49:59.698283,delivered,10983,NY,Maestro
28e3ad7a-6ccd-4185-a577-3c252acc18a7,Joshua Rose,10545225,49,2,98,2024-04-14 19:18:42.676361,shipped,12019,NY,Diners Club / Carte Blanche
f6d1704d-ebdc-413d-a265-5e674f18b6d5,Heidi Johnson,92867284,97,4,388,2024-03-11 21:37:51.299265,delivered,13462,NY,VISA 13 digit
4ed93699-42d2-4f46-a022-60988002c6d8,Jennifer Calhoun,01633719,41,1,41,2024-01-16 09:39:58.218899,shipped,10440,NY,American Express
c611e00b-0944-4f95-acb0-e72c3e25592d,Denise Robinson,32433036,36,2,72,2024-06-20 14:37:36.013436,delivered,13170,NY,VISA 16 digit
5b001dc4-3aeb-4330-8fda-bac323ec6692,Deborah Bell,56130959,27,9,243,2024-02-27 14:10:39.524524,delivered,12527,NY,Discover
bb7a06f8-5196-4889-91f7-891a7de0cbf4,Shirley Meyers,87491890,42,10,420,2024-05-25 20:49:32.256424,delivered,11254,NY,American Express
e7d0741d-9a37-4548-b201-35e1c016d5b5,Sean Mccullough,27523414,52,2,104,2024-08-01 06:10:49.351044,shipped,13963,NY,Discover
ac1ec57a-d044-4fdd-8452-8965fa69ca27,Laura Heath,27653852,16,1,16,2024-09-03 22:58:58.389187,pending,10502,NY,JCB 16 digit
9ba2a7f4-4506-41a9-be25-3d4ff70911a8,Cesar Ramirez,99663650,70,3,210,2024-07-20 03:04:13.805480,delivered,12670,NY,JCB 16 digit
24da2afd-b2df-4bf3-83fd-39d9b4b00f98,Dan Allen,74812677,88,7,616,2024-02-01 21:00:29.172439,delivered,11080,NY,Mastercard
aa595131-c17c-41b0-a205-56080e88ad3b,Catherine Anderson DVM,54303119,40,4,160,2024-04-21 14:41:08.042998,delivered,14889,NY,Discover
fccec32d-d352-4284-8867-893e2c8bf4c7,Jessica Peterson,64653501,86,10,860,2024-06-11 21:35:20.943941,pending,10122,NY,American Express
0b7d4807-6815-46aa-af18-f08b9d965035,Austin Stewart,30047976,44,7,308,2024-04-06 14:42:51.833878,delivered,13720,NY,American Express
b2529a3f-f867-4c6c-b097-db933f2df3d6,Joshua Johnson,74217670,28,5,140,2024-06-13 20:47:01.237489,pending,14350,NY,JCB 15 digit
b46963c1-965a-4e98-8311-7efe0f480f45,Joshua Washington,87491890,42,1,42,2024-03-08 14:59:19.411142,pending,13636,NY,VISA 16 digit
eff9c7e3-db1e-4a6f-bda4-74be35907377,Christopher Woodard,23955486,93,1,93,2024-02-03 06:07:32.006301,shipped,12591,NY,JCB 15 digit
789a0b71-958f-436e-b190-28eeffc29141,Warren Davis,86124379,21,4,84,2024-07-15 16:21:18.935710,pending,11316,NY,VISA 13 digit
e06fb9dd-ce6c-4f97-a376-ef98b4cfe257,Christopher Fowler,66469377,6,5,30,2024-01-17 20:33:12.924140,pending,10606,NY,Diners Club / Carte Blanche
3102487f-ae18-40ef-9993-72df51fb9f7f,Allen Hernandez,49643077,93,7,651,2024-04-12 03:54:21.930828,pending,11399,NY,Maestro
bdc1476f-a7db-4845-b078-320275d2aa1d,Jason Ballard,18699517,51,8,408,2024-06-27 07:46:49.449902,pending,13523,NY,VISA 16 digit
f7c89e59-1eb5-4c68-8c6b-c0d844c9601c,Jon Ochoa,25494013,43,7,301,2024-07-20 16:46:17.203143,pending,13675,NY,VISA 13 digit
06534877-05c2-4cb5-8e5a-83b3c4c9c589,Becky Rodriguez,47893047,51,3,153,2024-04-03 20:39:27.205283,delivered,11825,NY,Mastercard
287b0308-1f84-4dfd-8d5b-eef8ceda0b4e,Kristen Franklin,36308446,52,7,364,2024-02-27 03:21:12.984944,delivered,10427,NY,JCB 15 digit
6a7e6023-c0ba-4135-865f-5bbfa7dc88a3,Kelly Allen,40937342,82,4,328,2024-06-08 14:56:39.277518,pending,10095,NY,JCB 16 digit
85936964-409a-45e2-b282-06d4d0cce6b8,Barbara Torres,54548565,9,9,81,2024-06-06 05:23:16.735234,shipped,13521,NY,VISA 16 digit
123f2f4d-3712-4f50-b12b-aaaf26407272,Tiffany Shepard,11540359,38,4,152,2024-01-30 02:06:03.687035,pending,11387,NY,Discover
4cdd6fa8-6666-4855-aaf4-67989af3d0f9,Stephen Bailey,31745550,77,3,231,2024-05-08 20:22:05.343417,pending,14107,NY,American Express
6760d211-8e4d-441d-825a-15aac11afd7f,Shirley Meyers,07827402,11,4,44,2024-04-17 16:55:08.796097,shipped,11254,NY,American Express
0e5eb1b1-7a53-4b8e-b3a4-bdb908f6379a,Dr. Shannon Cole MD,19061542,69,7,483,2024-01-14 23:09:36.481161,shipped,11720,NY,VISA 19 digit
04287baa-3c5d-47ce-970c-eab432a8d2d5,Marc Contreras,74627462,7,5,35,2024-07-13 15:53:03.882767,shipped,14131,NY,Discover
e5b9d7ab-6511-443f-9ef6-10ff28f52a32,Travis Hall,28582687,6,8,48,2024-08-30 18:57:14.701983,shipped,10299,NY,Mastercard
28757cda-f258-4cca-ba68-e52600519e6b,Isaac White,75257354,59,7,413,2024-03-05 23:51:22.990090,delivered,11419,NY,VISA 13 digit
7e375bec-a0e6-40a2-8833-cb695ddf813b,Cesar Ramirez,73969778,30,9,270,2024-07-28 04:55:11.052416,shipped,12670,NY,JCB 16 digit
af3737db-de2d-4ec2-b201-c7889e8c5264,Beth Fischer,55730501,78,8,624,2024-01-25 04:15:12.314418,pending,13754,NY,VISA 13 digit
f8700d56-318d-41dd-971e-45450149389a,Erica Martin,84437860,7,5,35,2024-01-09 16:25:25.176253,pending,11501,NY,Diners Club / Carte Blanche
ad347daa-4bb7-4a83-90d4-12a67fefe2a7,Sean Mccullough,92262560,88,4,352,2024-02-18 05:20:55.498263,shipped,13963,NY,Discover
ab08a596-3660-4f1c-a5a8-740408ac404c,Anthony Barnes,50034284,94,6,564,2024-03-29 21:43:25.765420,shipped,10112,NY,JCB 16 digit
eef710bf-1942-467e-bbf1-bf870e9f1cb6,Tiffany Shepard,73386353,29,6,174,2024-08-11 11:30:02.749034,delivered,11387,NY,Discover
fe1bb1b8-461b-4b35-b0f9-3ef9c96eff63,Erica Ali,72034040,84,6,504,2024-06-09 14:23:10.171504,pending,11297,NY,Discover
4f3bd1ca-f4ed-4ce4-8f73-dd6d3cbd6523,Christopher Woodard,33372204,69,9,621,2024-04-16 18:07:57.331140,shipped,12591,NY,JCB 15 digit
9c467555-c2e0-4eed-849a-25634987da6f,Fernando Nelson,01047004,78,4,312,2024-02-29 14:21:44.003577,delivered,13603,NY,Maestro
c7313e39-8970-4a38-9c24-6f33119d28b0,Patricia Ramos,94147346,83,6,498,2024-03-27 06:01:27.322424,pending,14850,NY,Diners Club / Carte Blanche
827dfb5c-f021-42f7-84bb-7b1c870a78df,Charles Bradford,34656150,90,7,630,2024-05-14 23:25:07.871941,delivered,11257,NY,VISA 16 digit
9cdb62b3-f33b-4032-8895-4f91a9839b2b,Mario Holland,31714778,24,8,192,2024-06-23 10:15:08.618903,pending,14174,NY,VISA 13 digit
ca277a83-8420-415c-bf51-29cc15e47215,Jessica Peterson,47350458,72,4,288,2024-08-24 06:13:05.804175,delivered,10122,NY,American Express
ae74c191-32e6-430d-8ad8-fcae72a31b70,Michelle Parsons,14282331,63,1,63,2024-08-16 22:34:02.893393,delivered,14731,NY,JCB 16 digit
b3f7b179-0ac7-44a2-8b79-40fefef877e1,Rachel Crane,40660721,48,9,432,2024-01-25 06:23:50.790709,delivered,14688,NY,Maestro
6dcebf83-84f1-4b3f-bc0b-4105b9d9824e,Madeline Mckinney,40456362,67,2,134,2024-04-02 03:12:48.900372,delivered,10658,NY,JCB 16 digit
cb455b5d-070c-4613-92d3-167f02d09f6a,Chad Choi,80323884,92,2,184,2024-02-10 16:18:38.262866,shipped,10427,NY,Mastercard
a8993d09-ec2f-4c61-b80f-473633035cf9,Sabrina Velazquez,87491890,42,9,378,2024-06-01 02:29:59.750747,shipped,12537,NY,VISA 16 digit
0e3fa189-10e0-4346-9361-96f6400a86ba,Michelle Page,27385432,91,4,364,2024-06-07 06:31:52.139939,pending,13440,NY,VISA 16 digit
03adc0dd-608e-4104-89a2-576411b18246,Emily Andersen,49643077,93,4,372,2024-05-30 08:06:35.977167,shipped,12367,NY,Maestro
ea08e9c3-89aa-485a-866d-60426c88fc30,Heidi Johnson,05281770,2,8,16,2024-01-17 15:42:24.151154,shipped,13462,NY,VISA 13 digit
7022f456-ae0e-4e4a-8fcf-c08979d99683,Becky Rodriguez,17663366,58,1,58,2024-04-01 17:37:58.613668,pending,11825,NY,Mastercard
7779e1f9-5864-452b-ac9f-86978e8d0b92,Jon Ochoa,53267887,63,8,504,2024-06-25 06:23:03.943814,shipped,13675,NY,VISA 13 digit
bf861cf5-5757-447e-88e7-caee9aa64af1,Crystal Gomez,10143926,45,1,45,2024-04-27 19:12:07.617335,shipped,11333,NY,JCB 16 digit
d6b166cb-cc78-4166-a3af-d08c24c7f019,Christopher Fowler,58994382,29,7,203,2024-05-20 01:11:08.981659,shipped,10606,NY,Diners Club / Carte Blanche
6b1ebc03-da97-41df-810e-af4bbc055c75,Kelly Allen,11501145,15,10,150,2024-04-01 01:37:54.300462,pending,10095,NY,JCB 16 digit
5f61458b-4267-4cdb-a124-8991058ee9c3,Christopher Galloway,09810693,97,10,970,2024-02-09 15:06:22.317002,shipped,12670,NY,VISA 19 digit
ed853292-ce78-4f9f-b910-34977af58614,Beth Fischer,24463393,88,6,528,2024-01-30 06:30:52.983270,shipped,13754,NY,VISA 13 digit
f5855197-de3b-4c1a-9df5-472eb1cf9edc,Jennifer Douglas,63445572,71,3,213,2024-08-10 20:53:28.039185,delivered,13774,NY,JCB 16 digit
74d95a3c-dd2b-4d03-8ec0-2eb8df2fc538,Travis Hall,90134814,96,7,672,2024-05-02 22:07:13.033581,delivered,10299,NY,Mastercard
9c011fe0-3d91-45c7-a135-de6c24020c38,Hannah Scott,13702274,88,2,176,2024-09-05 16:44:48.054883,pending,13782,NY,VISA 13 digit
e8249e06-8a30-4e06-82cd-98f855e3d5fa,Dr. Kristen Wood,04482017,71,5,355,2024-03-22 10:38:31.270096,shipped,10589,NY,JCB 16 digit
b9883481-1249-47af-93c0-290388857840,Christopher Woodard,75846817,61,1,61,2024-06-28 17:09:24.244199,delivered,12591,NY,JCB 15 digit
5d292704-58d9-45d2-bd76-21b39a7c42c5,Tiffany Shepard,61617346,13,2,26,2024-07-14 02:42:36.013602,shipped,11387,NY,Discover
b109fd68-d0cd-4c03-bde4-c37314a209e2,Michael Ingram,84535498,93,6,558,2024-03-26 02:39:54.755036,delivered,14890,NY,Maestro
3c64f1d3-152b-4af9-b8c2-6de695a926ff,Brianna White,58084281,7,7,49,2024-04-08 13:12:06.989423,pending,12263,NY,JCB 16 digit
b1ecb927-5e96-4a79-b539-4b3de9790ba9,Madeline Mckinney,80323884,92,7,644,2024-03-15 15:28:52.483799,delivered,10658,NY,JCB 16 digit
65e1676f-0c3e-4384-8d14-471fe04f07bd,Nathan Pearson,40937342,82,6,492,2024-06-24 16:13:59.497339,pending,13598,NY,Discover
a5ee56e2-1d6f-4050-a87f-0b3d0af04358,Brian Parker,16382374,2,6,12,2024-01-26 19:42:02.373688,shipped,10288,NY,Discover
0bcd1af6-61d6-4125-b87c-a1b1a328f19b,Rachel Crane,15116055,38,5,190,2024-06-13 06:00:07.674099,delivered,14688,NY,Maestro
0245a718-d6e2-43f7-8287-d96a9a2ea126,Cody Morris,53730589,24,7,168,2024-07-08 03:22:40.523852,delivered,10715,NY,JCB 16 digit
1e33c465-dea7-4cb8-8cc8-2bfaa6fd1dcc,Kent Ellison,72379394,14,10,140,2024-06-30 22:46:30.238381,pending,10966,NY,VISA 16 digit
42226c3b-492c-4e07-890c-06a37d65bcb2,Joshua Johnson,31235044,92,8,736,2024-07-07 23:33:07.364852,shipped,14350,NY,JCB 15 digit
db6a4a62-3468-406f-82c7-a5ae24a32def,John Pierce,62566704,85,1,85,2024-08-25 14:58:54.825974,shipped,10032,NY,VISA 16 digit
708b7670-ab53-464e-9a63-fddf3c11d91d,Christopher Fowler,61435254,25,7,175,2024-02-29 07:00:27.754236,delivered,10606,NY,Diners Club / Carte Blanche
9e8a9016-81b8-46bc-add8-d7e458356eef,Denise Robinson,57777573,27,1,27,2024-05-17 12:34:59.746628,delivered,13170,NY,VISA 16 digit
db151ee4-cd4b-49c0-bb1a-d58ad4ab5985,Joshua Landry,88856070,67,2,134,2024-07-01 20:46:24.522861,delivered,13097,NY,Mastercard
c63bf55c-258a-4a97-92e4-9bb95100ab57,Chad Choi,40839967,14,2,28,2024-01-29 11:57:06.332644,pending,10427,NY,Mastercard
dd9354be-e119-4f88-af04-5130757cb178,Adam Perry,46264275,94,9,846,2024-03-16 01:18:13.918627,shipped,10691,NY,Discover
452a0a43-f77c-4317-8509-23e7355b4148,Allen Hernandez,54929814,6,8,48,2024-06-16 10:12:56.483802,shipped,11399,NY,Maestro
4ed8fd91-3dfc-4478-8d44-5f746fffa5dc,Joshua Landry,29554256,38,9,342,2024-04-12 11:27:35.911349,shipped,13097,NY,Mastercard
d4443b95-1214-4858-9455-9c7fbc20fb40,Dr. Kristen Wood,74892365,85,2,170,2024-02-11 08:11:50.184773,delivered,10589,NY,JCB 16 digit
cdbf096e-2d01-4887-b239-4ebbfdb22f7c,John Pierce,31034425,53,8,424,2024-03-25 15:05:21.665725,pending,10032,NY,VISA 16 digit
9f52df82-506a-4fb6-b570-1b969f42ff73,Sara Johnston,57970998,70,6,420,2024-08-27 15:02:36.780911,delivered,11965,NY,JCB 15 digit
07fb6a65-95d6-42af-a52f-261164b6691f,Denise Robinson,23722194,42,1,42,2024-03-24 09:44:17.248554,shipped,13170,NY,VISA 16 digit
ee8a5145-0143-4de6-8123-42c9147ee02f,Christopher Woodard,62489164,52,7,364,2024-05-02 20:56:54.765640,pending,12591,NY,JCB 15 digit
59f37b71-a0b4-4846-b070-5b216e7bb6d7,Brooke Harris,13762469,46,8,368,2024-06-18 00:46:05.058447,delivered,13767,NY,JCB 15 digit
7703a69e-3f0f-4a79-958a-8e48de24e40d,Kent Ellison,25037012,82,1,82,2024-03-18 08:23:58.170888,delivered,10966,NY,VISA 16 digit
6d8ae56a-72f1-4069-af82-a5ffe730fc30,Joshua Washington,75270933,85,2,170,2024-04-23 02:02:17.590643,pending,13636,NY,VISA 16 digit
b97aef80-04de-4799-88a3-7c9cc0641961,Kyle Mcdonald,36975310,29,1,29,2024-07-08 05:38:09.651211,delivered,11629,NY,Maestro
ad8693e2-8b53-4d92-b996-ea9b7ff35b05,Andre Smith,33761671,4,2,8,2024-06-23 00:53:16.655063,delivered,14815,NY,VISA 16 digit
6d2a070a-22bf-4bfe-8020-1734efcd51a9,Brian Hansen,40283647,25,8,200,2024-05-18 15:18:11.788936,shipped,10678,NY,JCB 15 digit
0de99691-db0a-40a9-a237-3df77e2dc2f4,Catherine Anderson DVM,24478960,99,1,99,2024-06-09 07:00:00.522247,pending,14889,NY,Discover
4dd1b2ee-d705-400a-81ba-2ba5c7422858,Mario Holland,66193265,6,7,42,2024-03-24 06:32:03.531053,shipped,14174,NY,VISA 13 digit
1c9816aa-6467-4c59-a00c-6fd1537468d9,Jasmine Jones,72036570,55,1,55,2024-02-14 20:41:31.302321,delivered,10344,NY,Discover
59b61f2e-56fe-4197-8829-93ff5c8c42c6,Jessica Peterson,38231483,41,5,205,2024-01-18 08:46:09.261466,shipped,10122,NY,American Express
2415ce66-7b52-4f5d-a159-e1e1d96517a1,Becky Rodriguez,17139823,40,2,80,2024-08-27 15:48:54.119322,delivered,11825,NY,Mastercard
6bc40646-63e5-4a08-b2bb-e029b964c807,Christopher Fowler,72332986,45,2,90,2024-07-18 01:23:16.560180,pending,10606,NY,Diners Club / Carte Blanche
